Date,CBOE,IHG,hedge_leg,spread,rolling_mean,rolling_std,z_score
2015-01-02,54.53349685668945,34.75008773803711,62.35368993660495,-0.3856903591928785,,,
2015-01-05,56.27207946777344,34.17251968383789,61.317332859169255,-0.32446116217611704,,,
2015-01-06,56.85736846923828,33.5337028503418,60.17107426372695,-0.2906669293745955,,,
2015-01-07,57.82135009765625,34.33003616333008,61.59997196489475,-0.29386157101703514,,,
2015-01-08,57.23608016967773,34.77634048461914,62.40079645422587,-0.32108360916492135,,,
2015-01-09,56.80572509765625,34.41754913330078,61.757000535185576,-0.3197587270840686,,,
2015-01-12,56.92621994018555,34.881343841552734,62.589208834934,-0.33158428269726586,,,
2015-01-13,56.26348876953125,34.70633316040039,62.27517907390342,-0.34168768477733885,,,
2015-01-14,55.96224594116211,35.02135467529297,62.84043675069112,-0.3590106398059364,,,
2015-01-15,55.99666976928711,34.2337760925293,61.42724806695139,-0.33293817802491077,,,
2015-01-16,57.22746276855469,34.58381271362305,62.05533496856361,-0.3152459018453409,,,
2015-01-20,56.71104049682617,34.81134033203125,62.463598299499324,-0.33442180829884993,,,
2015-01-21,55.00686264038086,34.94260787963867,62.69913773249168,-0.3800457797342001,,,
2015-01-22,56.70243835449219,35.82646179199219,64.28507769372584,-0.36674772467471706,,,
2015-01-23,56.69384002685547,35.975223541259766,64.55200778202327,-0.3716632822185157,,,
2015-01-26,57.1672248840332,36.37775802612305,65.27429402910178,-0.3729395663179724,,,
2015-01-27,56.54750442504883,36.25525665283203,65.05448414820081,-0.3840988360985127,,,
2015-01-28,56.2032356262207,34.78508758544922,62.416491781878406,-0.345640368387964,,,
2015-01-29,56.47865676879883,35.205135345458984,63.170202908700844,-0.35242334342630477,,,
2015-01-30,55.48887634277344,34.79384231567383,62.43220079930648,-0.36324713520609675,,,
2015-02-02,55.07572937011719,34.33878326416016,61.6156672925473,-0.3586477938489596,,,
2015-02-03,54.989654541015625,34.56631088256836,62.023930623483004,-0.3681988396226465,,,
2015-02-04,55.50607299804688,34.68882751464844,62.24376788393505,-0.35942996358929846,,,
2015-02-05,56.06553649902344,35.003868103027344,62.80905978516158,-0.3559472617776611,,,
2015-02-06,53.75888442993164,34.680084228515625,62.22807940117028,-0.40332023463551203,,,
2015-02-09,52.78628921508789,34.627567291259766,62.13384583126514,-0.42739142800955937,,,
2015-02-10,53.01007080078125,35.75645065307617,64.15945346851562,-0.45957745783957893,,,
2015-02-11,53.39738845825195,35.78269577026367,64.20654629636101,-0.44987235223451266,,,
2015-02-12,53.50927734375,36.20274353027344,64.96025742318344,-0.46092625829675854,,,
2015-02-13,54.23226165771485,35.3014030456543,63.342940496419736,-0.4116282276845447,,,
2015-02-17,53.88799285888672,34.11126708984375,61.20742449627488,-0.381017764048841,,,
2015-02-18,53.48345184326172,35.03886413574219,62.87185478554727,-0.422584053088148,,,
2015-02-19,53.32851791381836,34.40003967285156,61.72558250032943,-0.4052225027558159,,,
2015-02-20,53.88799285888672,34.4088020324707,61.74130520753304,-0.3909249935249174,,,
2015-02-23,54.22364044189453,34.78508758544922,62.416491781878406,-0.3947669702056755,,,
2015-02-24,53.956825256347656,34.627567291259766,62.13384583126514,-0.3964256863534772,,,
2015-02-25,53.4213981628418,34.79384231567383,62.43220079930648,-0.41600658746343905,,,
2015-02-26,52.5491943359375,35.03011703491211,62.856159457894734,-0.44757710046673727,,,
2015-02-27,51.841041564941406,35.79145431518555,64.22226215867684,-0.4937028796471699,,,
2015-03-02,51.3660774230957,36.39527130126953,65.30571890884569,-0.5286074732334183,,,
2015-03-03,50.93428421020508,36.10647201538086,64.78751299057677,-0.531392167590991,,,
2015-03-04,50.56294631958008,35.808956146240234,64.25366650375746,-0.5320807637458413,,,
2015-03-05,50.90836715698242,35.76519012451172,64.17513510639263,-0.5201427651085666,,,
2015-03-06,51.72014999389648,35.02135467529297,62.84043675069112,-0.4704769354004382,,,
2015-03-09,52.195106506347656,35.345149993896484,63.42143766934573,-0.46822745865669785,,,
2015-03-10,52.32464218139648,34.58381271362305,62.05533496856361,-0.43848448343731355,,,
2015-03-11,52.436920166015625,34.268775939941406,61.49004991222485,-0.42462411191389104,,,
2015-03-12,51.56469345092773,34.741336822509766,62.33798776406465,-0.46516605876360817,,,
2015-03-13,51.30562973022461,34.29503631591797,61.5371701196213,-0.4569555314583763,,,
2015-03-16,51.81514358520508,34.94260787963867,62.69913773249168,-0.4650541017694257,,,
2015-03-17,51.7028694152832,34.820091247558594,62.47930047203963,-0.463983570715517,,,
2015-03-18,50.76156997680664,35.43265914916992,63.57845939474878,-0.5127843827647589,,,
2015-03-19,51.65968704223633,35.05636978149414,62.903265975515644,-0.4734142083375148,,,
2015-03-20,51.3919792175293,35.42391586303711,63.56277091198402,-0.4939222616392516,,,
2015-03-23,51.34016036987305,34.890106201171875,62.604931542137614,-0.4767733857218931,,,
2015-03-24,50.30387115478516,34.56631088256836,62.023930623483004,-0.49564595740085227,,,
2015-03-25,49.31939315795898,33.822479248046875,60.68923911266926,-0.4984387538338555,,,
2015-03-26,49.854793548583984,33.603702545166016,60.29667795427386,-0.4744726360850912,,,
2015-03-27,49.630279541015625,34.671321868896484,62.21235669396667,-0.5197417444005786,,,
2015-03-30,50.28658676147461,34.66257095336914,62.19665452142636,-0.4995948281378207,-0.41500614707887495,0.06737683621602877,-1.2554564121670988
2015-03-31,49.57845306396485,34.268775939941406,61.49004991222485,-0.506761429741058,-0.4170239982546779,0.06829074912229767,-1.3140495988069318
2015-04-01,48.98257827758789,34.47004318237305,61.851193035764105,-0.5324641247170655,-0.42049071429702706,0.0687899548605212,-1.6277581610145873
2015-04-02,48.37807846069336,34.49666213989258,61.89895666261077,-0.5526000610880614,-0.4248562664922515,0.06872280320154939,-1.858826890707069
2015-04-06,48.516258239746094,34.69175720214844,62.24902475774104,-0.5553935609713815,-0.4292151329914906,0.06856729826503986,-1.840212917419629
2015-04-07,48.94804000854492,35.2947883605957,63.33107146102964,-0.5637791085904978,-0.4332600579819169,0.06923557685985704,-1.885144264382611
2015-04-08,48.85304641723633,35.365726470947266,63.45835899396753,-0.5694253588595278,-0.43742116851150786,0.06979872852042997,-1.891211962541446
2015-04-09,49.35392379760742,35.729305267333984,64.11074524715694,-0.5667162853157016,-0.44134003522181514,0.07035433533604413,-1.7820685746661211
2015-04-10,49.42298889160156,35.995361328125,64.58814194455172,-0.5741863169379704,-0.44521501242449235,0.07117069886647906,-1.8121404815124373
2015-04-13,49.4575424194336,35.995361328125,64.58814194455172,-0.5730865111640839,-0.4487829436137948,0.07213534273338289,-1.7231992368806448
2015-04-14,50.19158554077149,36.48310089111328,65.46331560482129,-0.5675170582466667,-0.45269259161749076,0.07210721913328913,-1.5924129096827955
2015-04-15,50.43341064453125,36.23479461669922,65.01776817021205,-0.5511665398239284,-0.4566246022504672,0.07090761421976555,-1.3333115013635244
2015-04-16,50.5197639465332,36.00422286987305,64.6040426188373,-0.5403257547279585,-0.4600563346909523,0.06986806553685829,-1.148871368059572
2015-04-17,50.08797073364258,36.270263671875,65.08141193668101,-0.5631350541993085,-0.4631078225987041,0.07031118327687044,-1.4226361574192052
2015-04-20,49.78572082519531,36.90876388549805,66.22710240643855,-0.5956373032369702,-0.466922648908075,0.07119818459810857,-1.8078361836814947
2015-04-21,49.50937271118164,38.04387283325195,68.26388090052677,-0.6456829757592566,-0.47148964380042074,0.07372775951775387,-2.362655980572549
2015-04-22,49.492095947265625,37.972923278808594,68.13657283292558,-0.6436851619779662,-0.47600207039475395,0.07584871516843485,-2.2107571790879215
2015-04-23,49.77707290649414,37.75122833251953,67.73877533538747,-0.6262833774545012,-0.4800384794173537,0.07730517763691805,-1.8917865854214977
2015-04-24,49.44028472900391,38.02614212036133,68.23206586218006,-0.6473391530689456,-0.48506679249537016,0.07822165009705141,-2.0745197828509165
2015-04-27,48.83575820922852,38.035003662109375,68.24796653646565,-0.6680567771313258,-0.49032734972378716,0.07974850386411803,-2.228623971558996
2015-04-28,49.31073760986328,38.105953216552734,68.37527460406685,-0.6545711840767945,-0.49518275053829874,0.08074250444534553,-1.974033808257527
2015-04-29,49.12939453125,38.5316162109375,69.1390614056841,-0.6762248568743676,-0.5004757015887222,0.08203919065965704,-2.1422585214760104
2015-04-30,48.59395217895508,37.78670120239258,67.8024259467442,-0.6671884715031434,-0.5054588621200639,0.0829438615079839,-1.9498683379663004
2015-05-01,47.93764877319336,38.11481094360352,68.39116843346467,-0.7022949901097829,-0.5111732792287386,0.08450876134018041,-2.261560906232025
2015-05-04,47.95491027832031,38.00839614868164,68.20022344428229,-0.6977004832781987,-0.5168691662537476,0.08538177548055771,-2.1179146955737433
2015-05-05,47.92900848388672,37.10385513305664,66.57716365668105,-0.6647541247236622,-0.5212263977552167,0.08615617279764198,-1.6659018420601632
2015-05-06,48.20534896850586,37.148197174072266,66.65672863209888,-0.6568613494544986,-0.5250508964459657,0.08700910839893282,-1.514904076527114
2015-05-07,49.086212158203125,37.19253921508789,66.73629360751671,-0.6287495205502559,-0.527870430824477,0.08759054963629812,-1.1517120299468229
2015-05-08,49.4575424194336,38.13254928588867,68.4229971615869,-0.6506248405964888,-0.5312163056305099,0.08839121542665028,-1.3509095263552264
2015-05-11,50.16569137573242,38.07047271728516,68.31161030293461,-0.6251039102225293,-0.5339525998292728,0.0887189777814696,-1.027416147848076
2015-05-12,50.7529182434082,37.99953079223633,68.18431592510893,-0.6037928389756303,-0.537155343350791,0.08769083954982983,-0.7599139883587607
2015-05-13,50.82201766967773,37.87537384033203,67.96153536291655,-0.59722872085287,-0.5407588592975247,0.08558295257341479,-0.6598260501342764
2015-05-14,51.29698181152344,38.549354553222656,69.17089013380634,-0.6060153665041612,-0.5438160478544581,0.08456011874998136,-0.7355632840773036
2015-05-15,50.6838493347168,38.593692779541016,69.25044826433641,-0.627013343649818,-0.5475125618693583,0.08323625489731899,-0.9551220424144816
2015-05-18,50.35567855834961,38.62029647827149,69.29818451163202,-0.6385646621126786,-0.5516398896791543,0.0814609089924066,-1.0670734406072853
2015-05-19,50.476593017578125,38.36312103271485,68.83672271296167,-0.625497457706253,-0.555485397804164,0.0793485609606095,-0.8823355969473053
2015-05-20,50.2175178527832,38.37198257446289,68.85262338724723,-0.6342001318865204,-0.5594483052297146,0.07717789190155576,-0.9685652822981414
2015-05-21,50.13980102539063,38.38086318969727,68.86855828597167,-0.6370509558901257,-0.5631323780368261,0.07547156770179393,-0.9794228489511364
2015-05-22,51.08971786499024,37.9551887512207,68.1047509496911,-0.5916627700972212,-0.5655338058640008,0.0740105860626517,-0.35304360664164497
2015-05-26,50.78747177124024,37.219146728515625,66.78403669970008,-0.5751303386553929,-0.5668909301808045,0.07341527440095298,-0.1122301665671009
2015-05-27,50.59680938720703,37.72462844848633,67.69104593297965,-0.5989920673579127,-0.5680640067495462,0.07335548941606089,-0.42161889797977314
2015-05-28,50.64013671875,38.017276763916016,68.21615834300671,-0.6079934717798975,-0.5693406951526945,0.07337301774117205,-0.5267982402407533
2015-05-29,50.7181396484375,37.10385513305664,66.57716365668105,-0.5732046782580273,-0.5700260937278976,0.07321095891603495,-0.04341678591828377
2015-06-01,50.319461822509766,37.29009246826172,66.91133792241351,-0.5923101307366476,-0.5712288831550324,0.07296995614702398,-0.28890311430555804
2015-06-02,49.7041244506836,37.05064392089844,66.4816843172021,-0.603378715725286,-0.573443912827113,0.07186858662639661,-0.4165213802490198
2015-06-03,49.76478958129883,37.23688125610352,66.81585858293457,-0.6081392118212315,-0.5757757753798554,0.0706564303025779,-0.4580395061395481
2015-06-04,49.8081283569336,36.91763305664063,66.24301677049968,-0.595238976094224,-0.5783883502574706,0.06835449992408182,-0.24651816420965206
2015-06-05,49.48744201660156,36.68706130981445,65.82929121912491,-0.5972161604835706,-0.5812648844002984,0.06533907653916286,-0.24413072434091296
2015-06-08,49.73877334594727,36.50083541870117,65.49513748805576,-0.582427211290559,-0.5832192369424144,0.06353642282714203,0.01246569474032599
2015-06-09,49.91211700439453,36.44762802124024,65.39966499346458,-0.5750186652537275,-0.5851869558390035,0.061350363018637125,0.16574132710815545
2015-06-10,50.302127838134766,37.51179504394531,67.30914910972714,-0.6007672732974733,-0.5874488420311378,0.05931416377352914,-0.22454048778614413
2015-06-11,50.76145935058594,37.55612564086914,67.38869355048166,-0.5878492362599116,-0.5895132697902109,0.0570567375663466,0.029164540442999314
2015-06-12,50.53614044189453,37.27235412597656,66.87950919429126,-0.5848531250059481,-0.5907144154942308,0.0561657107209068,0.1043570964036761
2015-06-15,51.541481018066406,36.89102935791016,66.19528052320408,-0.5406645262318824,-0.5918352541258035,0.05442938398966566,0.9401305718182793
2015-06-16,51.3074836730957,37.18367385864258,66.72038608834336,-0.5579254969590921,-0.5929019747144675,0.05308859825445475,0.6588321957142736
2015-06-17,51.359474182128906,37.219146728515625,66.78403669970008,-0.5575877456767391,-0.594248880713715,0.0510795247143559,0.7177266280763233
2015-06-18,50.830810546875,37.75122833251953,67.73877533538747,-0.5925700451209709,-0.5958642821757169,0.049413794743759315,0.06666634432406159
2015-06-19,50.64013671875,38.06160354614258,68.29569593887348,-0.609564115167148,-0.5977163715312718,0.047754989321406066,-0.24809436258350367
2015-06-22,50.614139556884766,38.18575286865234,68.5184628112903,-0.6147921200995228,-0.600055029598179,0.04497196958810486,-0.3276950206166139
2015-06-23,50.1807975769043,38.26557540893555,68.66169208784041,-0.6315911056046649,-0.6019191856182471,0.04389162317669198,-0.6760269463484931
2015-06-24,49.504791259765625,37.89311599731445,67.99337093592656,-0.640370957643258,-0.6042654544433378,0.04205322827933233,-0.8585667421320137
2015-06-25,49.88613128662109,37.72462844848633,67.69104593297965,-0.6217713171408413,-0.6061822859000008,0.04010979261209913,-0.3886589838945742
2015-06-26,49.660770416259766,37.733489990234375,67.70694660726524,-0.6294511108018476,-0.6077987356680804,0.039028288018296366,-0.5547867004470344
2015-06-29,49.45278549194336,36.22593307495117,65.00186749592648,-0.5816039001373069,-0.608282132985568,0.038509185351075725,0.6927758301050598
2015-06-30,49.59145736694336,35.88007736206055,64.38128259130822,-0.5646673363105403,-0.6084366959078873,0.038311413550341844,1.142462664287583
2015-07-01,50.68346405029297,36.55403900146485,65.59060313775919,-0.5548158659863431,-0.6082873085311513,0.03850548153503688,1.3886709219868731
2015-07-02,51.506813049316406,36.0929069519043,64.76317256967297,-0.5138972664800241,-0.6073618403248262,0.040090045640616793,2.331366112242823
2015-07-06,52.33881759643555,35.95988464355469,64.52448448830724,-0.4852711423191605,-0.606004421274884,0.04277830434144328,2.822301650670104
2015-07-07,52.20016098022461,35.61402893066406,63.90389958368899,-0.4773278290020694,-0.6043901131426189,0.045725401872559156,2.7788117531407086
2015-07-08,52.28683471679688,34.94893264770508,62.71048655641139,-0.45205457317167,-0.6023729141760786,0.04963254569694291,3.0286244417575254
2015-07-09,52.77217483520508,35.31251525878906,63.36287965448857,-0.4510626254157819,-0.6004320069622306,0.05316967268184457,2.809296616141343
2015-07-10,53.60419464111328,37.03292083740234,66.44988296863092,-0.48612873325991646,-0.599348043519497,0.05482815758945225,2.0649847676326347
2015-07-13,52.33881759643555,36.98857879638672,66.37031799321309,-0.5205381504342151,-0.5990182501146013,0.05524710712069109,1.420528671464028
2015-07-14,52.65949249267578,37.27235412597656,66.87950919429126,-0.5209481959252794,-0.5983151358100343,0.05597517538380454,1.3821652072418456
2015-07-15,53.23150634765625,37.502925872802734,67.29323474566601,-0.5123766201667034,-0.596927457758863,0.057064149741408034,1.4816804942386825
2015-07-16,53.36150741577149,37.78670120239258,67.8024259467442,-0.5182344124256156,-0.5948033150366357,0.05758817702739121,1.3295941383003134
2015-07-17,53.66484069824219,37.84878158569336,67.91381965028427,-0.5117285266389763,-0.5926040377809859,0.058206130806892804,1.3894672265766257
2015-07-20,53.378849029541016,37.82217025756836,67.86606971321314,-0.5189334745514476,-0.5908148727326016,0.05880018641422797,1.2224688825775691
2015-07-21,52.99751663208008,37.201416015625,66.75222166135337,-0.508845652660907,-0.5885066477258011,0.05926020444618695,1.3442578507678407
2015-07-22,53.77752304077149,37.281227111816406,66.89543040324016,-0.4896238574114084,-0.5855327657304691,0.05967617170802615,1.6071558475350625
2015-07-23,53.23150634765625,36.44762802124024,65.39966499346458,-0.47680427059172653,-0.5825699838390511,0.06059624374008084,1.7454169882376194
2015-07-24,53.67351913452149,36.02195739746094,64.63586450207177,-0.45041198468363797,-0.5788064359692058,0.06168358632767959,2.0815010755616963
2015-07-27,52.68549728393555,35.3391227722168,63.41062274667193,-0.45435608673319167,-0.5752592295563732,0.06262730348037317,1.9305180984052985
2015-07-28,52.304161071777344,35.968746185302734,64.54038516259283,-0.4865592809466214,-0.5716636344036539,0.06139100407322384,1.3862674954057546
2015-07-29,52.76349639892578,36.403282165527344,65.32009317315897,-0.4883953764205549,-0.5681752159560265,0.060039625220909165,1.3287864346576195
2015-07-30,53.44818115234375,36.16385269165039,64.8904737923864,-0.46129059996546334,-0.5647841572100564,0.0602378784423595,1.71808104668932
2015-07-31,53.71684646606445,37.09498977661133,66.5612561375077,-0.4850854489138645,-0.5619212255343792,0.05986841645778978,1.283410872821193
2015-08-03,54.03752136230469,36.66933059692383,65.7974761807782,-0.4621382531930624,-0.5591443710784261,0.060575960910697106,1.6013962705168308
2015-08-04,54.20218276977539,36.95310974121094,66.30667422674415,-0.4670908268637322,-0.5560854708495468,0.060512100181983615,1.4706917082397213
2015-08-05,54.61819839477539,36.50970077514648,65.5110450072291,-0.44134918821387475,-0.5530228921494025,0.06160002863188951,1.8128839615135461
2015-08-06,54.51420211791992,35.90668487548828,64.42902568349159,-0.4242504444315053,-0.5500305189070004,0.06342575347824944,1.983107295976055
2015-08-07,54.93886566162109,35.93327713012695,64.47674139612387,-0.4141098723336153,-0.5469785380983462,0.0654883380405331,2.0288904824931375
2015-08-10,55.38087844848633,35.92441177368164,64.46083387695052,-0.4025361634518866,-0.543587218047475,0.0676134090756952,2.0861402571445202
2015-08-11,54.90421295166016,35.25931167602539,63.26741400478516,-0.39297625453453217,-0.5396865998955536,0.06944497476696182,2.1126128399260113
2015-08-12,54.86087417602539,34.85137939453125,62.5354422415146,-0.3807343446488852,-0.5353894279378236,0.07117830008218488,2.1727841647014383
2015-08-13,54.990867614746094,34.8868522644043,62.599092852871316,-0.3786278895393661,-0.5312749351350422,0.07299334234600667,2.091246142313788
2015-08-14,55.82289505004883,34.83364486694336,62.50362035828013,-0.3563694824709502,-0.5266444243114493,0.07513439675851535,2.266271497297954
2015-08-17,55.7882194519043,34.89571762084961,62.61500037204467,-0.3592090234785419,-0.5220137254379229,0.07675891003468956,2.1209876727770745
2015-08-18,55.640872955322266,34.789302825927734,62.42405538286229,-0.35937670054855053,-0.5181422909454451,0.07901130771403576,2.009403400479233
2015-08-19,55.259544372558594,34.35477066040039,61.64435421718392,-0.35464752700968916,-0.5144675774180167,0.08140681551614894,1.9632269042218407
2015-08-20,54.626861572265625,33.290611267089844,59.734883790696884,-0.3353821288997067,-0.5100740784437133,0.08384470568506654,2.0835179528231174
2015-08-21,53.23150634765625,32.73190689086914,58.73237468327505,-0.35155344138082084,-0.5058000779370619,0.08529219027347547,1.8084497075485395
2015-08-24,52.32149124145508,31.818510055541992,57.093424488719876,-0.34373607730430966,-0.5019756012545,0.08733866175771592,1.8117924040233044
2015-08-25,52.45150375366211,32.244171142578125,57.85720786789325,-0.35496703988617256,-0.49801988307365874,0.08854442492564174,1.6156053112053048
2015-08-26,54.34952926635742,32.686485290527344,58.65087260461881,-0.32225107531681074,-0.49333442240018416,0.09029553863995841,1.8947043193966178
2015-08-27,54.93020248413086,33.4638786315918,60.04578543801738,-0.333667691648621,-0.488759897063974,0.09132745349122467,1.698199166696959
2015-08-28,55.311553955078125,33.83918762207031,60.719219721094085,-0.3366478673140078,-0.48445004525097046,0.09231369767017039,1.6010860973747174
2015-08-31,54.82619857788086,33.42815399169922,59.981683064067965,-0.3350284330014157,-0.4800802497929345,0.09308754969607524,1.5582300454260907
2015-09-01,54.23686599731445,32.391605377197266,58.121755935247336,-0.31524205048212495,-0.47562716377946057,0.09448873625979094,1.6973992842529575
2015-09-02,55.47208786010742,32.80265045166016,58.859313126936776,-0.2992509713980319,-0.47103103554853226,0.09626249269655648,1.784496321864365
2015-09-03,55.46338653564453,33.08859634399414,59.37239906915505,-0.30870569782628793,-0.4661633426240126,0.096972645131664,1.6237325957638626
2015-09-04,55.24592590332031,32.37374496459961,58.08970817071651,-0.29063922661518743,-0.4612098424632672,0.09823415204795194,1.736367773244661
2015-09-08,56.063602447509766,33.2315559387207,59.62891808315701,-0.29927021835852907,-0.4564501273524769,0.09905694786909791,1.5867630931013386
2015-09-09,55.985313415527344,32.75798034667969,58.77915949117086,-0.28590885733951926,-0.45220419953760416,0.10083003335583557,1.6492639808143086
2015-09-10,56.889984130859375,33.52643585205078,60.158034752528486,-0.2896977699017143,-0.4477337374199812,0.1020025994199858,1.5493327465858897
2015-09-11,57.4032096862793,33.535369873046875,60.174065479681666,-0.2784462191494427,-0.4430813786445263,0.10326524849023097,1.594293936267033
2015-09-14,57.351016998291016,32.9188232421875,59.067767339030254,-0.26031972984836327,-0.43754387338998274,0.10401874848920267,1.7037711577544663
2015-09-15,57.3597297668457,32.740108489990234,58.74709119197673,-0.2545376764371511,-0.43162676607781614,0.10416525960481587,1.7000782248564348
2015-09-16,57.70767593383789,33.24943161010742,59.660993227238905,-0.26281024073078013,-0.42576040142167043,0.10358475572218005,1.57310947498811
2015-09-17,56.65511322021485,33.177940368652344,59.53271318557462,-0.2840070376984681,-0.4199673336232338,0.10157842880697579,1.3384760674249452
2015-09-18,56.22887420654297,32.33800506591797,58.025578417216025,-0.26693678885200345,-0.4137434308100462,0.09925901973384244,1.4790257082096585
2015-09-21,56.88128662109375,32.16822814941406,57.72093984220345,-0.24704968833604518,-0.4074980703299663,0.09772494759376454,1.6418364598249091
2015-09-22,56.66381454467773,31.02446746826172,55.66863714265689,-0.21561685542950274,-0.4006008327404273,0.09638910312075681,1.919137862286939
2015-09-23,57.43799591064453,31.113826751708984,55.82897863862754,-0.20202365097869526,-0.39427449525445035,0.096763745730076,1.9868065547198004
2015-09-24,57.55108642578125,31.14063262939453,55.87707766497485,-0.2004973818323835,-0.38820499601314773,0.09731441676564187,1.9288777595288107
2015-09-25,57.75986862182617,31.256792068481445,56.085507919961145,-0.19976655910466531,-0.3822875075651198,0.09780510794389667,1.8661698994816593
2015-09-28,57.10744857788086,30.18451499938965,54.161471572303334,-0.1797816950481633,-0.3767189147079221,0.09967841776603559,1.9757257796969485
2015-09-29,57.22053909301758,29.95219993591309,53.74461790721851,-0.17016494215752442,-0.3714671447052282,0.10213297441424886,1.9709814944899864
2015-09-30,58.35137939453125,30.94404602050781,55.52433321872719,-0.17798730454612147,-0.3664781359642957,0.10416512924398638,1.8095386890623582
2015-10-01,58.49925994873047,31.19424819946289,55.97328256255723,-0.182683909744801,-0.36198862490718126,0.1061993427226911,1.6883787654937066
2015-10-02,58.56013870239258,32.08781051635742,57.57664276316152,-0.20883411895084977,-0.3579514831327657,0.1073536794972961,1.389028907813744
2015-10-05,57.64677810668945,32.33800506591797,58.025578417216025,-0.23577468971737964,-0.3537789157403901,0.10715244011041551,1.1012742771085073
2015-10-06,57.07265472412109,32.75798034667969,58.77915949117086,-0.2614098774614921,-0.3494601111908447,0.10552703504420428,0.8343855552510235
2015-10-07,56.62031555175781,32.99923324584961,59.21205072829664,-0.27913278005093933,-0.3454298542596057,0.10346411352239206,0.6407736165865678
2015-10-08,57.272735595703125,33.49962615966797,60.109928881293406,-0.28023882619602336,-0.341560891026761,0.1014358826737875,0.6045401608811963
2015-10-09,56.91607666015625,33.21368789672852,59.59685662885067,-0.27924677546520743,-0.3375777637440876,0.09904481582721426,0.5889352995581292
2015-10-12,57.351016998291016,32.70436477661133,58.68295459358848,-0.25360994917519325,-0.3332757874530245,0.09693561926531295,0.8218427744272796
2015-10-13,56.70732498168945,32.32906723022461,58.009540845175074,-0.2559645826876376,-0.3288929725886277,0.09430836944490437,0.7732971138218585
2015-10-14,57.21183395385742,31.944843292236328,57.320110059384035,-0.23283866458563726,-0.3242928561207065,0.0920872691309411,0.9931252430238575
2015-10-15,57.72506332397461,32.33800506591797,58.025578417216025,-0.23409876448613193,-0.3200341045719519,0.09020093006740111,0.9527101330508041
2015-10-16,56.73340606689453,31.75719451904297,56.98340318517733,-0.23730018982455384,-0.316042369892499,0.08842772000646075,0.8904694145929813
2015-10-19,57.14225387573242,32.00738525390625,57.43233199434406,-0.23630375271443269,-0.31247389935967895,0.08722533190600533,0.8732571717506078
2015-10-20,57.23792266845703,34.01789855957031,61.03988902325984,-0.2972647586136837,-0.3098557105576871,0.08522917471693112,0.14773053928800045
2015-10-21,56.66381454467773,33.580055236816406,60.25424649499864,-0.296543446573947,-0.3066887799848092,0.08202190889435836,0.12369053034268054
2015-10-22,57.55108642578125,33.91067123413086,60.84748607298283,-0.28686253524122307,-0.303329899298487,0.0785058441963878,0.20975972204145343
2015-10-23,58.255706787109375,34.2144775390625,61.392619779731945,-0.280655146167159,-0.3003193084018486,0.07576118017039059,0.2595545923448392
2015-10-26,58.6036376953125,34.33957290649414,61.61708418431531,-0.27688208510451323,-0.2968492523383594,0.07182062498712934,0.278014389841698
2015-10-27,59.108158111572266,34.60764694213867,62.09810182733948,-0.2741211220956617,-0.29371563348673607,0.06851213777324153,0.28600058366194075
2015-10-28,59.84757614135742,34.91146469116211,62.643256068751896,-0.26748837413845755,-0.2903889259413149,0.0646903656125664,0.35400251004932937
2015-10-29,60.16071319580078,35.07229232788086,62.931836537060214,-0.2656879116446359,-0.2874612379984942,0.06164587477127336,0.35320005490464
2015-10-30,58.31658172607422,35.6352424621582,63.94196400456808,-0.3230339061669619,-0.28577429569408513,0.059174547890743834,-0.6296560227493515
2015-11-02,59.43003082275391,35.885440826416016,64.39090650351035,-0.30580038980196944,-0.283969137651891,0.0567975155291475,-0.3843698434111083
2015-11-03,59.85624694824219,36.10883331298828,64.79174997610531,-0.3031989953252633,-0.28231351818311395,0.05469153742927648,-0.38187767475282747
2015-11-04,59.064674377441406,35.83182907104492,64.29470845081573,-0.31224899110259025,-0.28096806379258166,0.052886185467907396,-0.5914763379746986
2015-11-05,59.48221969604492,35.617366790771484,63.909888860486184,-0.2965679519925343,-0.2795652905816424,0.051287152311718695,-0.3315189212992604
2015-11-06,59.85624694824219,35.75141143798828,64.1504113717738,-0.29248434753108943,-0.2781295648815045,0.04964650849954402,-0.2891398223848268
2015-11-09,60.19551849365234,35.581634521484375,63.84577279676123,-0.28013888136326776,-0.27685905486304313,0.04857415673900542,-0.06752204712163123
2015-11-10,60.94363021850586,35.259944915771484,63.26855025615468,-0.2549531574132495,-0.27512145709528824,0.04742963918561489,0.4252256611759273
2015-11-11,61.43944549560547,35.3671760559082,63.460960051319454,-0.24795740494741947,-0.2732644688352694,0.046241207149371126,0.5472838069754867
2015-11-12,60.47387313842773,34.49148941040039,61.88967499479706,-0.24190037793128255,-0.2713853496839626,0.045156102838959045,0.6529565196941994
2015-11-13,60.50867462158203,33.9017333984375,60.83144850094188,-0.2236972611744627,-0.26952393522187523,0.0447736336607957,1.023519207634445
2015-11-16,60.89143753051758,33.624725341796875,60.334400130764536,-0.20784225211777738,-0.2671287487341578,0.04415066520632414,1.3428222732165822
2015-11-17,61.413368225097656,33.544307708740234,60.19010305172261,-0.19522762036865396,-0.2646536077852302,0.043945479156245464,1.5798209224147133
2015-11-18,62.1092414855957,33.6783447265625,60.430611873234696,-0.18570861634333052,-0.26183263405951623,0.04347986583491069,1.7507877785368993
2015-11-19,62.39632034301758,34.08045196533203,61.15213149288317,-0.19181679295916537,-0.25965872935355544,0.04366818325700612,1.553578173726875
2015-11-20,62.61377334594727,33.83918762207031,60.719219721094085,-0.18076369912090862,-0.25711032947809354,0.04373749550868908,1.7455647487181238
2015-11-23,62.23975372314453,33.37452697753906,59.88545763182227,-0.17446333203315093,-0.25440725389007934,0.043750264210839385,1.8272786073168865
2015-11-24,62.04836654663086,33.06178283691406,59.32428635303221,-0.16904185075208303,-0.25164081085259044,0.043813808016095884,1.885226686303163
2015-11-25,62.48329544067383,33.285179138183594,59.725136670514935,-0.16731979430490054,-0.24917543991630334,0.04433301740800694,1.8463811036832094
2015-11-27,62.9791374206543,33.57112121582031,60.23821576784546,-0.16627616202538864,-0.24695919309342595,0.04510432275504459,1.7888092790177965
2015-11-30,62.813846588134766,34.187679290771484,61.34453444316018,-0.1869578031546388,-0.24493006151556515,0.045017904044782134,1.2877600499405237
2015-12-01,61.274169921875,35.03656005859375,62.86772047333526,-0.24164181222076603,-0.2441134379423248,0.04461731095153756,0.05539611574178895
2015-12-02,60.95998001098633,34.75955581665039,62.370678948045686,-0.23988770739768356,-0.2431237294263107,0.044027798759377755,0.07349951893604204
2015-12-03,59.450191497802734,34.35745620727539,61.649173018172746,-0.25923940769348736,-0.24267923859887683,0.043722094314186936,-0.3787597404554586
2015-12-04,60.62834548950195,34.96506881713867,62.73944043167098,-0.2527521694552459,-0.2420634785914357,0.043306875480446747,-0.24681279231599637
2015-12-07,60.44506454467773,34.679134368896484,62.22637502411599,-0.24806262518158376,-0.24155708535863807,0.04305112102553918,-0.15111197264959517
2015-12-08,57.80943298339844,33.68727493286133,60.446635755500104,-0.2741776361556463,-0.24178805046375942,0.04319043465293296,-0.7499249764944738
2015-12-09,56.08144760131836,33.68727493286133,60.446635755500104,-0.3134376842396858,-0.24276971726046834,0.04414396746717253,-1.6008521896399415
2015-12-10,56.29962539672852,34.16980743408203,61.31246614396605,-0.3237266949751562,-0.24378499149787464,0.04529812072165952,-1.7647907287036095
2015-12-11,57.02396774291992,33.92854309082031,60.87955437217696,-0.29932041237451457,-0.24404021440914203,0.04557090328775348,-1.2130590788668498
2015-12-14,58.33307266235352,34.37532424926758,61.681234472479105,-0.28390434388343727,-0.24432300699299928,0.045767619328339115,-0.8648327676054017
2015-12-15,58.81307601928711,34.3485107421875,61.63312175635626,-0.2726076874910624,-0.2447489736455829,0.0459121351825873,-0.6067832335544533
2015-12-16,57.60872268676758,34.822105407714844,62.482914572781254,-0.3139636144189835,-0.2463880862954076,0.04660477716717723,-1.449969986578285
2015-12-17,56.76216125488281,34.08045196533203,61.15213149288317,-0.31011541420598904,-0.24818961568252915,0.046948682540859994,-1.3190103570971377
2015-12-18,56.308349609375,33.51750183105469,60.1420040253753,-0.3027349486362308,-0.24989357512925992,0.04704361197951515,-1.1232422699596352
2015-12-21,56.91053771972656,34.44681167602539,61.80950766925562,-0.31825074205959986,-0.2518683115118422,0.04738929897175752,-1.4007894606611386
2015-12-22,57.27707290649414,34.73274230957031,62.32256623192284,-0.3187722994507863,-0.2541848215852192,0.04720253583370353,-1.368305255741162
2015-12-23,56.4654426574707,35.3671760559082,63.460960051319454,-0.3578891327784505,-0.257313558095568,0.04775725846877309,-2.1059746289382506
2015-12-24,57.11126327514648,35.25101089477539,63.2525195290015,-0.3388842419996383,-0.2599951737197933,0.04774477461510088,-1.6523078999915037
2015-12-28,57.11126327514648,35.10805130004883,62.996000514999544,-0.3343926759005639,-0.2625236531557226,0.047598000773001393,-1.5099168363728188
2015-12-29,57.5650749206543,35.28675079345703,63.31664928250199,-0.3294432483371622,-0.2645338053121612,0.04783832844073266,-1.3568501480025146
2015-12-30,57.32072067260742,34.96506881713867,62.73944043167098,-0.3250407610236489,-0.26602157316726566,0.048314476930050455,-1.2215632167938206
2015-12-31,56.63999938964844,34.616580963134766,62.114132554492656,-0.32992556986228055,-0.26716350137394546,0.049008343328941946,-1.2806404833372702
2016-01-04,55.845802307128906,34.08045196533203,61.15213149288317,-0.33161275031364346,-0.2680381675449906,0.049689166850787204,-1.2794455370838176
2016-01-05,55.0690803527832,33.892799377441406,60.8154177737887,-0.34428009711319,-0.26910552206027666,0.05063451724313621,-1.4846507707764054
2016-01-06,54.510528564453125,33.2315559387207,59.62891808315701,-0.3362880697040726,-0.2700562102975911,0.051358465552427957,-1.2895996540019374
2016-01-07,54.85962677001953,32.49884414672852,58.314179420187656,-0.3038191205861709,-0.2708930298211074,0.05149481883456049,-0.639405895782379
2016-01-08,54.58908081054688,32.81159210205078,58.875357543865476,-0.320560950729957,-0.271969635955146,0.05185144435641997,-0.9371255782346335
2016-01-11,55.19998550415039,33.2315559387207,59.62891808315701,-0.3195976109172154,-0.2734156183940057,0.05195133051506157,-0.8889472524639338
2016-01-12,55.55780029296875,32.84732437133789,58.93947360759043,-0.29868936743175206,-0.27449212844309934,0.05179177978603226,-0.4672023067872729
2016-01-13,54.72871017456055,31.462312698364254,56.45428309336197,-0.2729540634511426,-0.27508635967020917,0.05156185317236191,0.041354142411032
2016-01-14,55.19998550415039,30.425779342651367,54.59438334409242,-0.2283922474903346,-0.27495450124980747,0.051672709212288025,0.9010995256350937
2016-01-15,55.69744110107422,29.201595306396484,52.39777329817228,-0.17798273873827283,-0.2729664675852173,0.05307537049421312,1.7896008631216374
2016-01-19,55.69744110107422,28.80843544006348,51.69230836278418,-0.1653167181556056,-0.27077935544491166,0.05476425428187596,1.9257568403375218
2016-01-20,55.40071105957031,28.692272186279297,51.48387126291011,-0.1677958808891263,-0.26879491120571003,0.056307108185237716,1.7937172334320497
2016-01-21,54.370906829833984,28.86205101013184,51.78851326036657,-0.19551738165022275,-0.2673759484637611,0.05707073507937201,1.2591140926010491
2016-01-22,56.47416687011719,29.71092796325684,53.31169244565389,-0.17796413906266123,-0.2657273160297302,0.05820887069678187,1.5077285629580346
2016-01-25,55.28725814819336,28.996082305908203,52.02901181454699,-0.18005241913888778,-0.264159504313784,0.0592367177420562,1.4198471552920433
2016-01-26,55.75853729248047,29.639448165893555,53.1834329386529,-0.19078238191861235,-0.26288107111011993,0.05998663583250357,1.2019125291977306
2016-01-27,56.09890365600586,29.469667434692383,52.87878751875256,-0.1781270955811569,-0.26142172417572856,0.060974149654221065,1.3660646202846292
2016-01-28,56.29962539672852,29.407114028930664,52.76654504912923,-0.17193312557543142,-0.2589033778325364,0.06150438772397111,1.4140495576904777
2016-01-29,58.14108657836914,29.612638473510746,53.13532706741783,-0.14115820468492643,-0.256159341413919,0.06303044795090745,1.8245330704069174
2016-02-01,57.72217178344727,30.43471336364746,54.6104140712456,-0.17499503027153493,-0.25402260866302356,0.06357944230123456,1.2429737589874095
2016-02-02,57.31197738647461,29.82708740234375,53.52012270064018,-0.1643809314311611,-0.2515581410018331,0.06414751090334411,1.3590115710339639
2016-02-03,56.10762786865234,29.97899436950684,53.792696398902514,-0.19423240395311164,-0.2498525485345094,0.06429079862116305,0.8651338259016257
2016-02-04,53.80363082885742,30.22025680541992,54.225604748247704,-0.25341830319120495,-0.2492014477955113,0.06404909515810098,-0.06583786055501072
2016-02-05,52.93088912963867,29.66625022888184,53.23152512011245,-0.25530436241418936,-0.24878753914635998,0.06392590392865075,-0.10194338863167206
2016-02-08,52.25016021728516,28.844179153442383,51.756444961172434,-0.24342768714543295,-0.2485954479752297,0.0639243792671038,0.0808417835111641
2016-02-09,53.92582321166992,29.058631896972656,52.14124743928256,-0.21192583548588734,-0.24799492181753752,0.06409948109174614,0.5627048100440031
2016-02-10,54.00435256958008,29.58583068847656,53.08722461862663,-0.22768022158934895,-0.24775791921183862,0.06414866716764195,0.31298698022859817
2016-02-11,54.3447151184082,28.82630157470703,51.72436639464665,-0.1949131974276412,-0.24727818481605826,0.06443862920739199,0.8126334782802933
2016-02-12,54.431976318359375,29.81815528869629,53.50409539593088,-0.22569399127645995,-0.2475757138020363,0.06429450939030473,0.3403357881268163
2016-02-16,54.21380615234375,29.880699157714844,53.6163207533348,-0.23269654737625228,-0.2482001959188296,0.06395853004416663,0.24240157695730757
2016-02-17,53.93453598022461,31.73930549621582,56.95130408398825,-0.3009132964544106,-0.2501202739206809,0.06377970452353615,-0.7963822177160749
2016-02-18,53.92582321166992,31.462312698364254,56.45428309336197,-0.291906731413055,-0.2517884395615791,0.0635373955520429,-0.6314122809553218
2016-02-19,54.7548828125,31.676773071289062,56.83909926124764,-0.27937357499083604,-0.25343193749274456,0.06294164612434174,-0.412153782041918
2016-02-22,54.35342788696289,31.3193359375,56.19773327736506,-0.27702312230427917,-0.25514126733059667,0.06214834536114685,-0.352090708876094
2016-02-23,55.04290008544922,32.06099319458008,57.528523202150915,-0.28520434067093076,-0.2570773088292441,0.06122317835134721,-0.45941802760175876
2016-02-24,55.78471374511719,31.71250343322754,56.9032119025287,-0.25690459099022805,-0.2585703887739996,0.060078795384117034,0.02772688388842026
2016-02-25,55.1214485168457,33.11540603637695,59.42050494039013,-0.3176967914581811,-0.2610940659312128,0.059311560032123484,-0.9543287260748479
2016-02-26,54.9469108581543,33.47281646728516,60.06182301005834,-0.33355402108049376,-0.26353733622997705,0.059225208431252986,-1.1822108643448705
2016-02-29,54.545448303222656,33.7677001953125,60.590946524317566,-0.3530697744900898,-0.2653944689344658,0.06026489555316991,-1.4548321166220346
2016-03-01,55.25234603881836,34.59870910644531,62.082064255298526,-0.36274602915835874,-0.26744210763047704,0.0614589242001024,-1.5506929671854377
2016-03-02,55.16476440429688,34.143001556396484,61.26436711761874,-0.3500867597759983,-0.2689562301651856,0.062365796618696616,-1.3008817975475133
2016-03-03,55.86549758911133,34.59870910644531,62.082064255298526,-0.3477892154451861,-0.2705401809316845,0.06314921751169424,-1.2232777785282338
2016-03-04,56.06694793701172,34.9293327331543,62.675317523058254,-0.35352772401842536,-0.27229793257896523,0.06397535370404214,-1.2697044523620633
2016-03-07,55.33993911743164,34.42000961303711,61.76141548779608,-0.3547948840255328,-0.2736415533767967,0.0648560076165367,-1.251284709483782
2016-03-08,57.42461395263672,34.0357666015625,61.0719504775662,-0.2936055860927575,-0.2733110184076812,0.06470010047435405,-0.3136713472820759
2016-03-09,57.0830192565918,34.45573806762695,61.82552470663327,-0.314548119469921,-0.27315804214926065,0.06458963434680991,-0.6408160959453492
2016-03-10,57.04795455932617,34.3485107421875,61.63312175635626,-0.3119834575191661,-0.2733690929016715,0.06469716963340726,-0.5968478194068566
2016-03-11,57.03045272827149,35.295692443847656,63.332693699430706,-0.3421872166248794,-0.27434047411402884,0.06529282535244774,-1.0391148207267318
2016-03-14,57.68737411499024,36.50199890136719,65.49722517882506,-0.36442466479258195,-0.2758707570690542,0.06631942252171247,-1.3352635526121464
2016-03-15,58.32679748535156,35.340362548828125,63.41284733519661,-0.3137305929615881,-0.27586687337809757,0.06631716076461865,-0.5709490446655476
2016-03-16,57.8975944519043,35.91225051879883,64.43901237474543,-0.3411932571747144,-0.27638483742757636,0.06670939500914042,-0.9715036351065405
2016-03-17,57.70490264892578,35.9479866027832,64.50313528335815,-0.34678307434229166,-0.27711897285601067,0.06724452037117352,-1.0359818331925332
2016-03-18,56.80270004272461,36.31434631347656,65.1605114597306,-0.37974713018159717,-0.27814391265804406,0.06834178708041742,-1.4866924302695967
2016-03-21,56.6888427734375,36.38584518432617,65.28880519117041,-0.38478141837706437,-0.2792440646401486,0.06952790728188814,-1.5179135668363197
2016-03-22,56.68008041381836,35.4118537902832,63.54112737686089,-0.3541614219187552,-0.27918193612582043,0.06945807120198803,-1.0794927716159892
2016-03-23,57.32825469970703,35.20633316040039,63.172352203460065,-0.33241808100317394,-0.2790741667758793,0.06936882763401098,-0.7689897039739003
2016-03-24,56.6888427734375,35.313560485839844,63.364755153737065,-0.3508408765825705,-0.2793483034539127,0.06962317882124346,-1.0268501717253387
2016-03-28,56.97789001464844,35.5012092590332,63.70146202794377,-0.34989752900563087,-0.27968920813172055,0.06992205727062609,-1.0040940386261274
2016-03-29,57.24941253662109,36.05522537231445,64.69555876829845,-0.3608595481961857,-0.2802861879179295,0.07046660816963136,-1.1434261187127852
2016-03-30,57.09177017211914,36.52204895019531,65.53320190893484,-0.37928903907371525,-0.28110891240478675,0.07133876129358584,-1.3762521928980564
2016-03-31,57.223140716552734,37.410400390625,67.12721199284775,-0.40397856352531225,-0.28231500929164793,0.07280376995409704,-1.6711161291561343
2016-04-01,58.58955001831055,37.02968215942383,66.4440716589157,-0.3595755991436339,-0.28256993432548866,0.0730507803043498,-1.05413884009614
2016-04-04,57.993953704833984,37.04780960083008,66.47659856559031,-0.37409927045089014,-0.2832001210046023,0.07368240675753199,-1.2336615136013582
2016-04-05,57.33702087402344,36.7124137878418,65.87478234323252,-0.37934674750162994,-0.2844589147865266,0.07467905156375433,-1.2706084333984422
2016-04-06,57.310733795166016,37.15658950805664,66.67178738518898,-0.3938861537088148,-0.28568100150284087,0.07587032175481992,-1.4261854926046869
2016-04-07,56.92533874511719,36.15946578979492,64.88260217145294,-0.3718926369838494,-0.2865525852706181,0.07656376182577233,-1.1146272032378735
2016-04-08,56.17204666137695,36.5673713684082,65.61452602050912,-0.4033203633560034,-0.28829643520268894,0.07802254342116399,-1.4742396634318597
2016-04-11,56.18080520629883,37.02968215942383,66.4440716589157,-0.41786722844566077,-0.2907116546192643,0.07976307338074409,-1.594165927125541
2016-04-12,56.12825393676758,37.65514373779297,67.56636630228145,-0.4391899185759401,-0.2942249491373577,0.08159305976362216,-1.776682598477748
2016-04-13,56.59249114990234,37.7639274597168,67.7615619667679,-0.43083315882079537,-0.29843912280539975,0.08201614274610251,-1.6142436303697922
2016-04-14,56.35600280761719,37.065948486328125,66.5091460069282,-0.414614112889809,-0.3025940793843031,0.0814707440925892,-1.3749725101098655
2016-04-15,56.46987533569336,36.98435974121094,66.36274754734143,-0.4091690124172847,-0.30661696490977247,0.08065705723148994,-1.271457836766627
2016-04-18,56.74140548706055,37.69141387939453,67.63144749518173,-0.42478491168856286,-0.3104380904104114,0.08073524194607218,-1.4163185558362532
2016-04-19,57.34576034545898,37.94523239135742,68.08688579261603,-0.4177113741912161,-0.31443387766255404,0.07999711953658883,-1.2910151906335245
2016-04-20,57.62605667114258,37.410400390625,67.12721199284775,-0.3941620777925698,-0.3180023719734487,0.07866545440814283,-0.9681467728385437
2016-04-21,57.05672836303711,36.97529220581055,66.34647724911636,-0.3943899421236674,-0.3213958313101996,0.07746690603908393,-0.9422618579428033
2016-04-22,57.39832305908203,36.47673034667969,65.45188464224834,-0.3705058155106874,-0.3246021433090252,0.07538996966705538,-0.6088830172552996
2016-04-25,57.004173278808594,36.53112411499024,65.54948589693547,-0.38169422127204633,-0.3280981615706354,0.07301654697846408,-0.7340262162386129
2016-04-26,57.354522705078125,36.75773620605469,65.95610645480679,-0.38034375724273956,-0.3320845874465989,0.0690594329076033,-0.6988063435259894
2016-04-27,56.93410873413086,36.73054504394531,65.9073160947949,-0.3896795570306118,-0.33566266289258356,0.06628840495430402,-0.8148769634035521
2016-04-28,56.10198593139648,36.75773620605469,65.95610645480679,-0.411161406343123,-0.3397756708077829,0.06305803406323954,-1.1320640834401663
2016-04-29,54.27132034301758,36.38607406616211,65.28921588443652,-0.4464742390466123,-0.34397970139267464,0.061581410011777964,-1.6643746486859383
2016-05-02,55.24360275268555,36.63082885742188,65.72839072853354,-0.4289662097659036,-0.3469054998355862,0.061375705381405306,-1.3370226773015454
2016-05-03,54.71805191040039,35.896583557128906,64.41090042068133,-0.4186132112044721,-0.34962731398209096,0.060863613383381414,-1.1334505690261478
2016-05-04,54.88446044921875,35.60650634765625,63.89040146501005,-0.4048284659213105,-0.35231732696168894,0.05964485612329837,-0.8803967747205237
2016-05-05,54.89323425292969,35.524925231933594,63.744016695198816,-0.40193720871668887,-0.35548418318220226,0.05705240617089897,-0.8142167640631632
2016-05-06,55.26987075805664,35.579307556152344,63.841597415222616,-0.3941492402490415,-0.35825866682653046,0.05473246401515752,-0.6557456176753085
2016-05-09,55.34869003295898,35.35807037353516,63.44462130421672,-0.38499162616773003,-0.3614266406388653,0.0504511274958447,-0.4670854091577159
2016-05-10,55.95307922363281,36.033016204833984,64.65570783171185,-0.39167602253438444,-0.36419300782649733,0.047336903837018204,-0.5805832760526886
2016-05-11,55.4362907409668,35.232086181640625,63.21856204078334,-0.37872523449852946,-0.3666268192785353,0.044105156629546234,-0.2743084061941497
2016-05-12,56.34723663330078,34.9801025390625,62.76641613436555,-0.34841159185164294,-0.36741845753515584,0.04332505275910751,0.4387038092992835
2016-05-13,55.69906997680664,33.99018478393555,60.99016091362369,-0.33221276145736267,-0.368090224702561,0.04243777011045824,0.8454134878391447
2016-05-16,55.72533416748047,34.197166442871094,61.36155767903975,-0.33824964361261317,-0.3690714925129239,0.041008254385645634,0.7516010950005108
2016-05-17,54.96330261230469,33.936187744140625,60.89327152726448,-0.34828365319989046,-0.37025916802785086,0.03929323402214475,0.5592696904402298
2016-05-18,54.998348236083984,34.38615417480469,61.7006671088531,-0.36210487082387854,-0.3715408435303999,0.03769348807127195,0.2503342935172129
2016-05-19,55.4362907409668,33.44122314453125,60.0051336495619,-0.32075908365635647,-0.37260508507483536,0.03522241766678776,1.471960326771265
2016-05-20,55.82169723510742,33.522220611572266,60.15047115154459,-0.3142438459608435,-0.37254753598321316,0.035316347220869494,1.6508980857430315
2016-05-23,55.56767272949219,33.837196350097656,60.71564668967907,-0.3304227794522472,-0.3724953486227423,0.03537720610059748,1.189256411341781
2016-05-24,56.27716827392578,34.53914260864258,61.97518133279771,-0.3360308371879904,-0.37221136633437396,0.03560344795837315,1.0162085758852653
2016-05-25,56.21584701538086,34.93510055541992,62.68566699336381,-0.3501267335415664,-0.3720010447407608,0.035697459714094264,0.612769406405628
2016-05-26,55.75160217285156,34.93510055541992,62.68566699336381,-0.36136926915272805,-0.37218908656370625,0.03560967454606666,0.30384488341731647
2016-05-27,55.97935485839844,35.22308349609375,63.202408105650335,-0.36506144470099616,-0.3724769570513031,0.03547865525851373,0.209013343270035
2016-05-31,55.75160217285156,34.836116790771484,62.50805584555394,-0.3581835105218064,-0.3725545534930262,0.03544158040314588,0.4054853877211459
2016-06-01,55.584590911865234,34.52113723754883,61.94287346253169,-0.35209638391480036,-0.3725095784911806,0.03546620285322398,0.5755675244079484
2016-06-02,55.26811218261719,34.93510055541992,62.68566699336381,-0.37327863946871015,-0.37383746271411317,0.033919694792094536,0.016474890143565176
2016-06-03,55.37361907958984,35.30406951904297,63.34772507296973,-0.3826182441446014,-0.3749719647920245,0.0330297365237461,-0.23149683156206055
2016-06-06,55.23295593261719,35.529048919677734,63.75141601887626,-0.3934482706946826,-0.37632971167828316,0.0320566393423948,-0.5340097829206999
2016-06-07,54.88131713867188,35.87102508544922,64.36503967263423,-0.4135573748603433,-0.37751921431554086,0.03209238606988561,-1.122950486334183
2016-06-08,55.38240432739258,34.92611312866211,62.669540437781876,-0.3701534317648721,-0.377614693765079,0.03206127447103468,0.23271882117311618
2016-06-09,55.602169036865234,34.55713653564453,62.00746866840042,-0.35283066977679894,-0.3782663617119992,0.031124458518062396,0.817225203144954
2016-06-10,56.62190628051758,33.99917984008789,61.00630115898116,-0.31078511737255293,-0.37775955938196315,0.03197432113377393,2.094632180905516
2016-06-13,56.7889404296875,33.70220184326172,60.473419801337165,-0.2975461446292636,-0.37693894388674604,0.03338357461727239,2.378199463888605
2016-06-14,57.281227111816406,32.71228790283203,58.69717142548308,-0.25538550694619633,-0.374866250166156,0.03688344186980272,3.23941414257711
2016-06-15,56.639495849609375,32.982269287109375,59.18161151239135,-0.278162196489173,-0.37308926313469115,0.03891032960058302,2.4396366625508046
2016-06-16,56.96476364135742,33.018272399902344,59.24621356314785,-0.2719979833520464,-0.3717198724919127,0.040978597361032584,2.4335115294769447
2016-06-17,55.88348007202149,33.51321792602539,60.13431721641159,-0.3125017989693558,-0.37138793445801566,0.041381036249728186,1.4230222542831232
2016-06-20,55.5494270324707,35.376068115234375,63.476915484707185,-0.3805680903002642,-0.3718833880199773,0.041308755735604254,-0.21023877687997022
2016-06-21,55.5758056640625,35.58305740356445,63.84832593989878,-0.3865957664472389,-0.37249502531067075,0.041249348181161626,-0.34184155043225417
2016-06-22,56.04171371459961,35.67304611206055,64.00979684235118,-0.3779494350655166,-0.37277985675849296,0.04122663967563695,-0.12539412253088916
2016-06-23,56.84168243408203,36.79795455932617,66.02827210654718,-0.39406716381461826,-0.373026158837508,0.04131024689687894,-0.5093410608180108
2016-06-24,56.95596694946289,33.75620651245117,60.57032287747191,-0.2954423871641858,-0.37121722256482254,0.04229647352110428,1.7915166228415724
2016-06-27,55.87469482421875,31.62337875366211,56.743291367155805,-0.2520183331295486,-0.3694246014645878,0.04499162767485776,2.609513689602482
2016-06-28,56.18235778808594,32.4513053894043,58.22887842882004,-0.2716043283387224,-0.367716352429385,0.04672356744046546,2.057035225598457
2016-06-29,57.79989242553711,33.396240234375,59.924418732999,-0.26535304089026834,-0.3658164573191956,0.04852551641922469,2.0703214276175324
2016-06-30,58.564697265625,33.75620651245117,60.57032287747191,-0.25985751200261525,-0.3635826466240923,0.05026519746664658,2.063557687012047
2016-07-01,57.90537643432617,34.55713653564453,62.00746866840042,-0.2990213381048803,-0.36236812497610943,0.0509368863969657,1.2436328828101022
2016-07-05,59.25917053222656,33.45022964477539,60.021294429582674,-0.23582805298533419,-0.3595765864699317,0.053194105718847015,2.3263580017428995
2016-07-06,58.81084442138672,33.12625503540039,59.43997180120296,-0.23536438605474835,-0.3565348724300831,0.054991973288322483,2.203421320054089
2016-07-07,58.79325866699219,33.26124954223633,59.68219868954487,-0.2398538753092538,-0.35321260504230506,0.05592720165952638,2.0268979382011016
2016-07-08,59.46136093139648,33.522220611572266,60.15047115154459,-0.23379823322530857,-0.34992868961571355,0.057065388755963065,2.0350418865458075
2016-07-11,59.795406341552734,34.21516418457031,61.39385185953023,-0.24769956983250183,-0.34714678056475845,0.057920650705054186,1.7169560341900443
2016-07-12,60.06792831420898,34.845115661621094,62.52420293579918,-0.2608567661999501,-0.3446749097944695,0.058391708480426935,1.4354459866954488
2016-07-13,59.55807113647461,34.63813400268555,62.15280617038312,-0.2654146724878131,-0.3420187391411237,0.05831056010976852,1.313725447142077
2016-07-14,60.09429168701172,34.73712539672852,62.33043100796854,-0.25707916339549114,-0.33934153562786157,0.05846373281229779,1.4070667108526915
2016-07-15,60.27011489868164,34.61113357543945,62.10435805475963,-0.24966094874977415,-0.33693318347714835,0.059139562229507836,1.4756997082374324
2016-07-18,59.94486618041992,35.07008743286133,62.92788019193018,-0.27017934902964474,-0.33486300692558135,0.05926805508545982,1.091374734714475
2016-07-19,60.33164978027344,34.899112701416016,62.62109232215839,-0.256951260393653,-0.33297043100696405,0.05992005389818609,1.2686766060404413
2016-07-20,59.7602424621582,35.21408462524414,63.186261015405094,-0.27842707423029345,-0.33124931188960155,0.05997988273766696,0.8806659041054793
2016-07-21,59.35586929321289,35.39406204223633,63.509202820309895,-0.29257737515551013,-0.3297865388548144,0.05983231731042502,0.621890733501994
2016-07-22,59.65477752685547,35.48406982421875,63.67070794720114,-0.2888080728048036,-0.32810534745105085,0.05953733229490296,0.6600442635151716
2016-07-25,60.14704895019531,35.85303497314453,64.33275918191929,-0.28926707870432006,-0.3260737753237375,0.05872940062274116,0.6267167079713933
2016-07-26,59.95364761352539,36.31199645996094,65.15629500886537,-0.3071622668371266,-0.3237519091202461,0.05660408398175792,0.29308207316747525
2016-07-27,60.51625442504883,36.2130012512207,64.9786633263922,-0.29207458359835314,-0.3214703820174536,0.05502825145262079,0.534194666250847
2016-07-28,60.07671356201172,36.2130012512207,64.9786633263922,-0.30152782336315687,-0.31951895888676496,0.05358201258188023,0.33576819265822305
2016-07-29,60.48110580444336,36.44699096679688,65.39852189720729,-0.29976745237050084,-0.3177679419942515,0.052451646607246084,0.34318254598443704
2016-08-01,60.14704895019531,36.2760009765625,65.09170664788441,-0.301885278253787,-0.3161004098198698,0.0513083553526473,0.27705295693812065
2016-08-02,60.234981536865234,37.796875,67.82068126242204,-0.34529023012337723,-0.31528609298444205,0.05042882740515909,-0.5949798693091489
2016-08-03,60.47231674194336,37.50889587402344,67.30394699502328,-0.33146540836861826,-0.3143939893544569,0.04964212422059334,-0.34388977672070553
2016-08-04,60.4107666015625,37.45489883422852,67.20705760866409,-0.3312181427833234,-0.31338635802527254,0.048650554295669585,-0.36652788475296116
2016-08-05,60.419578552246094,37.83286285400391,67.88525593362748,-0.34224880059838525,-0.3127784174602701,0.04804436612625452,-0.6133993538528687
2016-08-08,60.2964973449707,38.6068000793457,69.27396729870803,-0.36802006487318745,-0.3131052253439625,0.04835653500085719,-1.1356239550301006
2016-08-09,60.04155731201172,38.77778625488281,69.58077570314313,-0.3789386938064059,-0.31388399088311325,0.049040881121226676,-1.326540254496663
2016-08-10,60.03276443481445,39.00277328491211,69.9844803388252,-0.385865402549442,-0.31467758686539377,0.0498209206899373,-1.4288739488996753
2016-08-11,59.01302337646485,39.07476043701172,70.11365021589936,-0.41200189990462,-0.31573955764380585,0.05120916090304033,-1.8797875333883665
2016-08-12,58.98666763305664,39.22774887084961,70.38816443984398,-0.4172866294243414,-0.3166592536204803,0.05253435139978336,-1.9154586117965486
2016-08-15,59.90091323852539,39.29973983764648,70.51734116180587,-0.39781161163899253,-0.3179434624201909,0.053567883689276855,-1.4909707779773562
2016-08-16,59.09214401245117,39.29074478149414,70.50120091644843,-0.4166697320982971,-0.31965056052248175,0.05505927618403532,-1.7620858518286604
2016-08-17,59.98881530761719,39.39874267578125,70.6949865340546,-0.3987246958381761,-0.3207889257955806,0.05598408299614517,-1.3921058606597492
2016-08-18,60.33164978027344,39.81269454956055,71.43775953022342,-0.4030879438786089,-0.32190654424042425,0.05695444263879896,-1.4253743145733397
2016-08-19,59.95364761352539,40.12767791748047,72.00294875813343,-0.42136138602005135,-0.3230937884483989,0.05827971958538777,-1.6861371034511747
2016-08-22,60.129486083984375,39.97468948364258,71.7284345341888,-0.41263947152872604,-0.3239482918213323,0.05921873036785299,-1.4976879638665803
2016-08-23,59.98002243041992,40.19966506958008,72.13211863520758,-0.42288992380749996,-0.32491209980644065,0.060358820175665066,-1.6232561159398067
2016-08-24,60.4107666015625,39.92068862915039,71.63153830294183,-0.40445807902613395,-0.32568334261484616,0.06108245751077138,-1.2896458266662982
2016-08-25,60.31406021118164,39.71371078491211,71.26014838241355,-0.4005523587274239,-0.32649094219505653,0.06175423105188843,-1.199292992088881
2016-08-26,60.56900405883789,39.38973617553711,70.67882575403382,-0.38505953611726235,-0.32668729047253237,0.06192400981942801,-0.9426431817794897
2016-08-29,60.70088577270508,39.41673278808594,70.72726702476955,-0.38284832036667,-0.3266911250762335,0.0619275390333273,-0.9068210390245703
2016-08-30,60.72722625732422,39.15576553344727,70.25900140765759,-0.37453754210245926,-0.32637594626636307,0.061629426746210574,-0.7814707742524559
2016-08-31,60.603736877441406,39.01982498168945,70.01507698714916,-0.37331346524464804,-0.3257052144394349,0.06087894692568695,-0.7820150184812996
2016-09-01,60.83311462402344,39.39136505126953,70.68174852111086,-0.37909426387918405,-0.32585422830800675,0.061000408281037796,-0.8727816267375239
2016-09-02,60.46257400512695,39.79913711547852,71.41343279909516,-0.39964738687281165,-0.32663450692627366,0.061647317094229,-1.184364273873209
2016-09-06,60.444915771484375,39.82632446289063,71.46221631421929,-0.4008633504449443,-0.3281358108108135,0.062347657568130446,-1.1664839140854288
2016-09-07,60.55078125,39.527286529541016,70.92563871718045,-0.38955250272621733,-0.32966925011242937,0.0627129308501285,-0.9548788711039051
2016-09-08,60.47139739990234,39.17388534545898,70.29151462455664,-0.380890290712486,-0.33176099650853424,0.062284854972148876,-0.7887839543966226
2016-09-09,59.99497222900391,38.08647155761719,68.34031776223452,-0.3593333848330927,-0.33311384964759955,0.06198173308167161,-0.42302036232101453
2016-09-12,61.247779846191406,38.70267105102539,69.44599301809903,-0.34958106459468347,-0.3344069010016435,0.06149246613072362,-0.2467645965081642
2016-09-13,60.26844787597656,38.28583526611328,68.69804528677744,-0.35910080787417265,-0.3351835511500571,0.061505386903920406,-0.3888644219323013
2016-09-14,59.774391174316406,38.48519134521485,69.05575912154484,-0.3763186611539828,-0.33511272733095243,0.06145466627264015,-0.6705094392706097
2016-09-15,60.1273078918457,39.2373046875,70.40531088370336,-0.3906852763954894,-0.33518088583008987,0.06151497138319379,-0.9022907646278058
2016-09-16,60.82430267333984,38.79327774047852,69.6085727923699,-0.3616501967634802,-0.3349092318583893,0.061358692340302085,-0.4358138005416181
2016-09-19,61.23015594482422,38.738914489746094,69.51102629678492,-0.3510316269995117,-0.33419197291147085,0.06090529763283816,-0.2764891518888406
2016-09-20,61.424259185791016,38.7661018371582,69.55980981190906,-0.34755651626713047,-0.3350605417298533,0.060714625247946255,-0.2058149002196119
2016-09-21,61.53011322021485,38.738914489746094,69.51102629678492,-0.34444539231551297,-0.33660099271628596,0.05973662038378604,-0.13131642782650896
2016-09-22,61.23895263671875,39.1648063659668,70.27522379166828,-0.36331650212439737,-0.33812952894604725,0.0592163988624688,-0.4253378061176488
2016-09-23,62.024200439453125,39.06513977050781,70.09638740894789,-0.3431731119380989,-0.33942653013017776,0.0584425575652763,-0.06410708162004157
2016-09-26,58.75092697143555,36.84501647949219,66.11271748694375,-0.3502011370185916,-0.34093225721377735,0.05751422082307871,-0.1611580522550513
2016-09-27,59.03326797485352,37.37059783935547,67.0557924338741,-0.35971878397196316,-0.3419438813115621,0.05729795092979464,-0.3102188188575901
2016-09-28,58.50389862060547,37.33434677124024,66.99074546541269,-0.37091028576254925,-0.344195251857849,0.05568900008075895,-0.4797183261678017
2016-09-29,57.58632278442383,36.908451080322266,66.22654112564155,-0.37948367243052006,-0.34659723996411185,0.053997734028570624,-0.6090335651678965
2016-09-30,57.215782165527344,37.7239990234375,67.6899165264979,-0.413993908240702,-0.34949957384630265,0.05283044737362061,-1.220779637512643
2016-10-03,58.018646240234375,38.458003997802734,69.00697560642068,-0.41712762784506685,-0.352555063756632,0.05130482290785144,-1.2586061198264658
2016-10-04,58.97151565551758,38.48519134521485,69.05575912154484,-0.3950567340494032,-0.3550110164935803,0.049702286804735096,-0.8057117716363867
2016-10-05,59.47441482543945,37.97772979736328,68.14519739151353,-0.3679503790174055,-0.3567959100405379,0.0481628549218765,-0.23159899875040507
2016-10-06,59.60673522949219,37.74211502075195,67.7224228985092,-0.3578209492213365,-0.3583360146527633,0.046644740989191406,0.011042304459278094
2016-10-07,59.86260986328125,37.044376373291016,66.4704381665989,-0.33110282460738644,-0.35956974233962824,0.04486619495377271,0.6344847777167713
2016-10-10,59.01564025878906,36.881256103515625,66.17774392074188,-0.3452466919513456,-0.36116283805965443,0.04253383123135473,0.3741996817012782
2016-10-11,59.20089340209961,36.10195159912109,64.77940179857141,-0.3174168197027601,-0.36195012923753966,0.04123866261371599,1.0798921864155648
2016-10-12,58.94502639770508,36.37380599975586,65.2672027253739,-0.33141095071617704,-0.36319112407624843,0.039089745768559815,0.8130053735379478
2016-10-13,58.13334655761719,36.39192962646485,65.29972278716075,-0.35056002014489296,-0.3643933398414917,0.037516181030177266,0.3687294206590881
2016-10-14,58.309818267822266,36.33755493164063,65.20215575691249,-0.34479936650685555,-0.3652637063640142,0.03641132838258956,0.5620322236566313
2016-10-17,56.977577209472656,35.77573013305664,64.19404753129623,-0.35855019172721025,-0.36642607501272095,0.03501569782685853,0.2249243560546596
2016-10-18,57.35694122314453,36.52785110473633,65.54361298323032,-0.37309386125764094,-0.36782318805527636,0.033525522717313586,-0.15721375164846094
2016-10-19,57.215782165527344,36.82688903808594,66.08019058026916,-0.38585960883408477,-0.3691348104218922,0.032639796768486155,-0.5124051026059205
2016-10-20,56.27174758911133,36.346622467041016,65.21842605513754,-0.39379493842304064,-0.3708301496689704,0.031178386825495428,-0.7365611595815895
2016-10-21,56.39525604248047,35.603553771972656,63.88510352187745,-0.36709999817337763,-0.37192301924914073,0.02982799738756438,0.16169443134569508
2016-10-24,56.756980895996094,35.33171081542969,63.397323129738275,-0.3497929740291645,-0.37275677794345174,0.028443956230716556,0.8073350882704815
2016-10-25,56.39525604248047,35.33171081542969,63.397323129738275,-0.35845068214275716,-0.37369953467493466,0.02695351541826345,0.5657463338472363
2016-10-26,56.03350830078125,35.26827621459961,63.28349949104048,-0.3651893790265974,-0.37403118715665495,0.026719434358130827,0.3309129980652802
2016-10-27,54.84245681762695,35.17766189575195,63.12090602699409,-0.3918734018721855,-0.37503798704838104,0.026221818613802208,-0.6420384135729974
2016-10-28,55.7952995300293,35.16859817504883,63.1046425736568,-0.36781223736180724,-0.3756478886246892,0.025603613497835333,0.3060369296523089
2016-10-31,55.76884460449219,35.748538970947266,64.14525717128433,-0.3871205084251986,-0.3763957504218027,0.025264606620184957,-0.42449732800618534
2016-11-01,55.680606842041016,35.15046691894531,63.07210882209443,-0.37004540825659776,-0.37642950614485954,0.025254577327337092,0.25278973413470035
2016-11-02,55.49533462524414,34.88768005371094,62.60057819351702,-0.36612256897384665,-0.3762159040643169,0.025287173094366285,0.3991484161872927
2016-11-03,55.574737548828125,35.03266525268555,62.860731842923904,-0.36885185803837944,-0.37593234498913247,0.02527252084140395,0.28016544115983366
2016-11-04,55.93647766113281,34.5795783996582,62.047737143140886,-0.3454652706210728,-0.37482340116774004,0.02512233212613016,1.1686068952225723
2016-11-07,56.20115280151367,35.141414642333984,63.05586590342043,-0.35706676842669755,-0.3738197368177793,0.024594506221527666,0.68116709643139
2016-11-08,56.10409927368164,35.48576354980469,63.67374707737023,-0.3704274550972499,-0.37336333420875023,0.02439501677298814,0.12034749304829946
2016-11-09,58.39802932739258,35.72135925292969,64.09648734593573,-0.32383471064249164,-0.37181608385115356,0.02454532134366521,1.9548072945089068
2016-11-10,59.67732620239258,35.84822082519531,64.32412093355579,-0.29927020492469636,-0.37015850900259556,0.02601169003149929,2.7252479170732786
2016-11-11,59.942020416259766,35.44044494628906,63.59242981068373,-0.2813261913446353,-0.3681291464603626,0.028067596166372423,3.0926394480381347
2016-11-14,60.67432022094727,35.802913665771484,64.2428242015326,-0.2765808472226851,-0.36571613748040654,0.029595484751667733,3.011786798075628
2016-11-15,60.46257400512695,36.17444610595703,64.90948204571876,-0.29207752468294035,-0.36370677169964344,0.030436447628292167,2.3534036524722484
2016-11-16,60.52430725097656,36.19256591796875,64.94199526261782,-0.2912968313592975,-0.3615135534921734,0.030838069393145963,2.2769493523638733
2016-11-17,60.76255416870117,36.33755493164063,65.20215575691249,-0.2905153139215611,-0.35961450740709716,0.03164644197653756,2.1834743234884253
2016-11-18,60.59488677978516,36.78158187866211,65.99889384824596,-0.3072348009643655,-0.35805921477771285,0.0318925446798474,1.5936142544769347
2016-11-21,60.40079498291016,36.926570892333984,66.25905434254061,-0.3157427029861313,-0.35690393422552735,0.032152317414362294,1.280194852176022
2016-11-22,60.224342346191406,37.27997970581055,66.89319212493994,-0.33012731920335575,-0.3560252508728055,0.03215167187720405,0.8054925345207856
2016-11-23,59.942020416259766,37.071556091308594,66.5192079919475,-0.3301530103430462,-0.3552855086768153,0.0322290281457441,0.7798093761970252
2016-11-25,60.37433242797852,38.004913330078125,68.1939740617499,-0.3483681176871997,-0.35486975288419115,0.03215333416174047,0.20220718524201392
2016-11-28,60.55078125,37.46121597290039,67.21839274280826,-0.3283270998851568,-0.3540236334842906,0.03217302464620238,0.7986980982270492
2016-11-29,60.70079040527344,37.93241882324219,68.06389381460258,-0.33897341670078734,-0.35301240064809025,0.03166421656216808,0.44337063952741124
2016-11-30,61.01071548461914,37.43403244018555,67.1696160725719,-0.31751392103607046,-0.3516232434912757,0.03135617616052456,1.0878023608678005
2016-12-01,61.52430725097656,37.51558303833008,67.31594608328098,-0.3088940061618902,-0.35027893521520354,0.03143141749888231,1.3166739633929954
2016-12-02,63.80886459350586,37.27997970581055,66.89319212493994,-0.2554061813517599,-0.3481875333925248,0.03346879472456066,2.7721748812388047
2016-12-05,64.32245635986328,37.75118255615234,67.73869319673425,-0.25852693893748985,-0.34650742596093137,0.035375678596441563,2.4870331966519923
2016-12-06,65.12825775146484,37.48839569091797,67.26716256815685,-0.23571574394113876,-0.3446096706167056,0.038153157135041076,2.8541262336467352
2016-12-07,66.27054595947266,38.729862213134766,69.49478337811092,-0.24803007265814642,-0.3427584916964386,0.0400838431549207,2.363256903091223
2016-12-08,66.6601791381836,38.32208251953125,68.76308541035111,-0.22975871623752164,-0.34031582594783083,0.042402594612851986,2.607319451079061
2016-12-09,67.89985656738281,38.50331497192383,69.08827918333165,-0.2120957871603454,-0.3373393344605785,0.04499577164278582,2.7834514828309076
2016-12-12,67.88217163085938,39.110443115234375,70.17767729608332,-0.22845993584799487,-0.3351194967786537,0.04701615177468914,2.2685727543545657
2016-12-13,67.82017517089844,39.60884475708008,71.07198241766507,-0.24276932514642582,-0.33331512508110234,0.04845067490273434,1.868824327348359
2016-12-14,67.53681182861328,39.436668395996094,70.76303840824629,-0.24340914303350397,-0.3315793355272085,0.0497791897973239,1.7712259450724221
2016-12-15,66.9169692993164,39.77195739746094,71.36466297374655,-0.2639172809249644,-0.33023720033736603,0.0505066928069515,1.3130917058040605
2016-12-16,67.04981994628906,39.70852279663086,71.25083933504875,-0.25971539242751157,-0.3285105151757513,0.051123783606559114,1.3456578894409805
2016-12-19,66.78414916992188,39.61790466308594,71.0882390261146,-0.2622918908857904,-0.32716249482487947,0.051792565183972204,1.252508032932186
2016-12-20,66.32369232177734,39.72664642333984,71.28335939683558,-0.27399738087072795,-0.3258924322224151,0.052151130682869445,0.995089668664338
2016-12-21,65.6418228149414,39.50916290283203,70.89311865539361,-0.2812863195967519,-0.32458522448282817,0.05227172180790618,0.8283428092381542
2016-12-22,65.26110076904297,39.554473876953125,70.97442223230458,-0.2900069436619759,-0.3232368354478187,0.052099676007905826,0.6378137894907523
2016-12-23,64.99542999267578,39.59978103637695,71.05571896432777,-0.2965306927673008,-0.321854285786765,0.05168073813228866,0.4900006063118267
2016-12-27,65.29650115966797,39.672271728515625,71.18579236658732,-0.2925446506083704,-0.3198301314928928,0.05037260077005241,0.5416730616923829
2016-12-28,64.91573333740234,39.500099182128906,70.87685520205632,-0.2953671134820458,-0.31780078958684244,0.04881495296256431,0.45956566058766435
2016-12-29,65.2345199584961,39.81726837158203,71.44596655065752,-0.2977610246124971,-0.3161791944295607,0.04781078796525967,0.38523041767156513
2016-12-30,65.42930603027344,40.17066192626953,72.08007695350578,-0.30358906488823867,-0.31510650586074124,0.04734933848946038,0.2432439679187127
2017-01-03,64.65009307861328,40.91373443603516,73.41340633165365,-0.33992471034964383,-0.3148082352128797,0.047131570826830005,-0.5329012951646921
2017-01-04,67.19145965576172,41.44837188720703,74.37273104214574,-0.30352253696604997,-0.3143485637521908,0.04710444374624416,0.2298302649419146
2017-01-05,66.49193572998047,41.64773178100586,74.73045172180089,-0.3226160686570749,-0.3139713866972863,0.04694316978480159,-0.18415207152430912
2017-01-06,66.85496520996094,40.74155426025391,73.1044554773471,-0.2911128757160908,-0.31353298763084175,0.04703318681714882,0.47668706783390535
2017-01-09,65.99605560302734,40.79593276977539,73.20202935248311,-0.30939462174924115,-0.31316604881472615,0.04697719333616021,0.0802820857878281
2017-01-10,65.24339294433594,41.4393196105957,74.35648812347175,-0.34219474313619047,-0.3130266275312478,0.04687663843651291,-0.6222313838575756
2017-01-11,65.47359466552734,41.53898620605469,74.53532450619214,-0.3402070844779415,-0.3129500894974325,0.04682760547719249,-0.5820710818490298
2017-01-12,65.376220703125,41.4393196105957,74.35648812347175,-0.33946774671957564,-0.3126320487473053,0.04657678211061236,-0.5761604120383381
2017-01-13,66.4299545288086,41.56617736816406,74.58411486620403,-0.32164723579502075,-0.311774604989595,0.04591368680259497,-0.2150258777491114
2017-01-17,66.19970703125,41.41212463378906,74.30769091857208,-0.3220684162248967,-0.3107114184461085,0.044896393787107636,-0.25296013378360543
2017-01-18,66.66902160644531,41.87427520751953,75.1369490716924,-0.32520018823758823,-0.30956817260968433,0.043599509565329514,-0.3585365015283229
2017-01-19,67.07634735107422,41.89240264892578,75.169475978367,-0.31763774235593256,-0.3087438016793936,0.04295613619733865,-0.2070470359736406
2017-01-20,67.86443328857422,41.94676971435547,75.26702931883973,-0.3037739496532587,-0.30797681793979514,0.042620301842262065,0.09861188459179071
2017-01-23,67.34201049804688,41.98301315307617,75.33206259752562,-0.3148540243074338,-0.307250206975873,0.042113833793152,-0.18055390940915061
2017-01-24,67.99726867675781,42.1098861694336,75.55971671980899,-0.30553137439382416,-0.3062559068986602,0.04142127791397646,0.01749179507065832
2017-01-25,69.02445220947266,42.49952697753906,76.2588672462309,-0.2962322089205499,-0.30466188701613295,0.039882301135956255,0.21136388461755995
2017-01-26,69.04216003417969,42.67171096801758,76.56782494542522,-0.30037466689575737,-0.30353792750836545,0.039013230067812446,0.0810817409148057
2017-01-27,68.91817474365234,42.97980880737305,77.1206591509136,-0.3107356716526864,-0.3022648468954902,0.03745469822588966,-0.22616187443584657
2017-01-30,68.95360565185547,42.1098861694336,75.55971671980899,-0.28742459210622845,-0.3008878332929841,0.03642514251067346,0.3696139605441644
2017-01-31,70.50323486328125,42.07363128662109,75.49466290645977,-0.2582048751275701,-0.2990892050622128,0.03580853741968839,1.1417481103867568
2017-02-01,69.46719360351562,42.209564208984375,75.73857363719267,-0.2804810434068802,-0.2976163581516878,0.03469042485600155,0.4939494058068059
2017-02-02,69.01559448242188,42.09175491333008,75.5271829682466,-0.2857968484446406,-0.29662188444874726,0.03414648224509612,0.3170176045194607
2017-02-03,69.19268035888672,42.28205490112305,75.86864703945223,-0.28744106295913807,-0.29546145602428797,0.033228245226620136,0.24137275412679707
2017-02-06,68.88277435302734,42.29111862182617,75.88491049278953,-0.2934694085773059,-0.2941788219156222,0.03173732732283376,0.022352649014837377
2017-02-07,70.12244415283203,42.753265380859375,76.71416180102209,-0.28242838364006134,-0.29348871646558167,0.031531056823973336,0.35077583625776404
2017-02-08,68.15666198730469,42.66265106201172,76.55156833697569,-0.31703074403028386,-0.29378472545067486,0.03166931608485382,-0.7340233845696041
2017-02-09,69.18382263183594,42.78950881958008,76.77919507970797,-0.3007671817931841,-0.2941087419581507,0.0316391277061444,-0.21044953883922535
2017-02-10,68.77650451660156,42.970741271972656,77.10438885268852,-0.3131990408391884,-0.2947190451850924,0.031648464748187305,-0.5839144426477902
2017-02-13,70.04277038574219,43.39665603637695,77.86862741689848,-0.30036944321413744,-0.29485724382727896,0.03165483800267473,-0.17413449995835462
2017-02-14,70.50323486328125,43.38759231567383,77.85236396356119,-0.29164590888543157,-0.2948630617860479,0.031654204602984085,0.10163429917025997
2017-02-15,70.98139953613281,43.29697036743164,77.68975680973925,-0.2806539222187411,-0.29469870525766756,0.03170272602978369,0.44301499579978887
2017-02-16,71.19392395019531,43.79536437988281,78.58404824154547,-0.28939232534152803,-0.29440133066395363,0.03166680492056757,0.15817842485183123
2017-02-17,71.67208099365234,43.67756271362305,78.37267126237495,-0.27784097940830005,-0.29376963527098976,0.031611855268024985,0.5038823481771839
2017-02-21,71.31790161132812,44.05815505981445,79.05558571501065,-0.29376263940917063,-0.29316355727442,0.031249497148889215,-0.019170936796079705
2017-02-22,71.31790161132812,42.65357971191406,76.53529119386286,-0.2584237628549638,-0.29196806981628526,0.031182409076675837,1.0757445609426077
2017-02-23,71.06993865966797,42.78044891357422,76.76293847125844,-0.26601754664387045,-0.29059556029889644,0.030461883051692756,0.8068448563510652
2017-02-24,70.57405853271484,42.65357971191406,76.53529119386286,-0.2716874156110006,-0.28965156556099386,0.030148793189531405,0.5958497189940904
2017-02-27,69.91879272460938,42.68076705932617,76.58407470898699,-0.28430314827455333,-0.2887403944205566,0.029450959154795047,0.1506655903015241
2017-02-28,69.11299133300781,42.62639999389648,76.48652136851425,-0.29786557562093696,-0.28841292199697105,0.02923403505199658,-0.32334412978410687
2017-03-01,70.44550323486328,42.970741271972656,77.10438885268852,-0.2820866572896527,-0.28796613284910044,0.029120343260187517,0.2019026873040326
2017-03-02,69.51274108886719,42.88918685913086,76.95805199709166,-0.2971852569099414,-0.28866245077507013,0.028826605940115723,-0.2956576349146521
2017-03-03,69.530517578125,42.753265380859375,76.71416180102209,-0.2933459413812676,-0.28924276748246647,0.028558889308409323,-0.14367414133269385
2017-03-06,69.2817611694336,42.38172912597656,76.04749711194815,-0.288367190961561,-0.2901202915994735,0.02768173258751754,0.06333059653581907
2017-03-07,69.2640151977539,42.0283317565918,75.41337986421212,-0.2795422056021791,-0.29064549381520727,0.027163715814609656,0.40875439460519
2017-03-08,69.63715362548828,42.22768783569336,75.7710936989795,-0.2778228284332799,-0.2914465623518033,0.02602244740578974,0.5235377636114368
2017-03-09,69.80589294433594,42.36360549926758,76.01497705016132,-0.27822772831080944,-0.2925487613709777,0.02392013542968167,0.5987020057753422
2017-03-10,70.73867797851562,42.50859832763672,76.27514438934374,-0.2650504343226109,-0.2931586030122213,0.022693486664823338,1.2386007097437457
2017-03-13,71.2894287109375,42.70795822143555,76.63286506899888,-0.2602950760636292,-0.29345069886084135,0.022139954972150405,1.4975469841252254
2017-03-14,71.40492248535156,42.43610000610352,76.14505729730865,-0.2514250432303857,-0.29358429719745605,0.0218552271506478,1.929023829240809
2017-03-15,71.2983169555664,43.11573791503906,77.36456303675871,-0.2704004500413654,-0.29369235001606275,0.02172168512063717,1.072287893197031
2017-03-16,71.46709442138672,43.36039733886719,77.80356675866152,-0.2735429977437194,-0.2939228101046662,0.021426437298545244,0.9511526380697234
2017-03-17,71.5737075805664,43.70475769042969,78.42146846727462,-0.28027906441638367,-0.29422259633017606,0.021099716899906626,0.6608397629190034
2017-03-20,71.52040100097656,43.4600830078125,77.98243736582074,-0.275094756185166,-0.29424088591875003,0.021082356668754097,0.9081588948715721
2017-03-21,70.74754333496094,43.49633026123047,78.04747748939441,-0.2899434255702494,-0.29438517101830836,0.0210217314052781,0.21129303587923065
2017-03-22,70.82749938964844,42.95262908935547,77.071889325565,-0.27471308480989565,-0.2941302733707737,0.021167933062282884,0.9172926097104716
2017-03-23,70.9341049194336,43.52350997924805,78.096247314743,-0.28723832251405623,-0.29397540053321963,0.021184060147328192,0.31802581621791254
2017-03-24,70.56986999511719,43.49633026123047,78.04747748939441,-0.2931911084219595,-0.29398617483011275,0.021183484516285767,0.03753237138781398
2017-03-27,70.3388900756836,43.63225173950195,78.29136768546398,-0.30090506827434405,-0.29407847407665105,0.021201660434147545,-0.3219839417245845
2017-03-28,70.30337524414062,43.559757232666016,78.16128743831666,-0.2997119701833509,-0.29411098983616524,0.02120889866333576,-0.26408633640501905
2017-03-29,70.36555480957031,43.40571212768555,77.88487718046025,-0.2946352563805118,-0.2939617596943699,0.021172547919493093,-0.031809902554139145
2017-03-30,71.06734466552734,44.45686721801758,79.7710133845454,-0.3083908612732209,-0.29343619554309613,0.020389164377852407,-0.7334614333861165
2017-03-31,72.01786804199219,44.33906173706055,79.55962956048711,-0.2881869873901028,-0.2931806030501637,0.02035667702444835,0.24530603172922447
2017-04-03,71.66252136230469,44.02190017700195,78.99053190166144,-0.28663325068194223,-0.29258088941724475,0.020001739530381344,0.297356073768906
2017-04-04,71.85794830322266,43.75912094116211,78.51901496285957,-0.2765722935277625,-0.29233854638077267,0.02010763483445788,0.7840928574051864
2017-04-05,71.4404525756836,43.83160781860352,78.64908152023138,-0.28585317028469487,-0.2919461888563636,0.0199985658257114,0.3046727762765445
2017-04-06,71.35162353515625,44.0400276184082,79.02305880833605,-0.29269531861001724,-0.291121198447594,0.018880275290534092,-0.0833737929241139
2017-04-07,72.0267562866211,44.09439086914063,79.12060530392101,-0.2819327285443317,-0.29014995918203385,0.017779167173139345,0.4621831021487145
2017-04-10,72.05340576171875,44.11251831054688,79.15313221059561,-0.2819100241678444,-0.28919066380617164,0.01658581476882805,0.4389678613806023
2017-04-11,71.59147644042969,44.52936172485352,79.90109363169275,-0.30062891802429,-0.2888403585099928,0.01610364081765873,-0.7320431229048675
2017-04-12,72.426513671875,44.49311828613281,79.83606035300683,-0.2847354725003805,-0.28821814278125085,0.01550823987233063,0.2245690232767183
2017-04-13,72.21329498291016,44.40250778198242,79.67347373384821,-0.28627733531083516,-0.2875694285658049,0.014729579355742777,0.08772098807193701
2017-04-17,72.98616790771484,44.63810348510742,80.09621400241372,-0.2784486100322504,-0.28691627636041034,0.014234214771890498,0.5948811693414758
2017-04-18,72.78182983398438,44.62904357910156,80.0799573939642,-0.28181454791051835,-0.28655028633136465,0.014074841662963682,0.33646832655374304
2017-04-19,73.03947448730469,44.60186004638672,80.03118072372783,-0.27662517137523696,-0.2859131387824947,0.013630112355099111,0.6814299959738078
2017-04-20,73.73239135742188,45.17274475097656,81.0555455577936,-0.2785208065693551,-0.2854629626520868,0.0134155422766948,0.5174711494735111
2017-04-21,73.72347259521484,45.3992919921875,81.46204975257288,-0.28418938135454425,-0.28526224885932006,0.013341573791382639,0.08041536340103878
2017-04-24,74.47859954833984,45.87049865722656,82.30755766925496,-0.28252154523988915,-0.2849646968317223,0.013197118282963634,0.18512765737555545
2017-04-25,74.76284790039062,46.2963981628418,83.07176885391385,-0.2878672023433653,-0.2845835556765669,0.012763319535074603,-0.25727215069517806
2017-04-26,74.29204559326172,47.06664276123047,84.45385436763476,-0.31463206455682635,-0.28503701355074357,0.01333641704927781,-2.2191155912963447
2017-04-27,73.19934844970703,47.60129165649414,85.41319961279018,-0.34736240980802996,-0.2865229724620846,0.015141002864105177,-4.018190729636386
2017-04-28,73.208251953125,47.83689498901367,85.83595357113123,-0.352973221452366,-0.2877311754295093,0.01737780267148357,-3.7543323086477907
2017-05-01,73.43033599853516,47.89126586914063,85.93351375649173,-0.3502098733315662,-0.2888047258442914,0.01915502720079105,-3.2056935677303016
2017-05-02,73.71460723876953,48.36248016357422,86.77903536294934,-0.356473160738002,-0.28995526080727246,0.021051076955886684,-3.159833583342091
2017-05-03,73.75901794433594,48.74769592285156,87.47024581956012,-0.36502762016609097,-0.29114789766708554,0.02317358576802915,-3.1881005917060845
2017-05-04,73.71460723876953,49.554805755615234,88.91848032867316,-0.38549651236210986,-0.2928656998124531,0.026145768066974343,-3.54286063856973
2017-05-05,74.40752410888672,49.06869888305664,88.04623628036839,-0.3608716108195229,-0.29359638092560697,0.027414363103361355,-2.45401396487913
2017-05-08,73.07502746582031,47.45905303955078,85.15797428257642,-0.3461620009567917,-0.2943529612450005,0.028229888642951267,-1.8352548381280087
2017-05-09,75.50017547607422,48.134910583496094,86.37069673824817,-0.3189843205144691,-0.29444938257292186,0.028305129640466945,-0.8668018219026434
2017-05-10,75.36692810058594,48.31923675537109,86.70144171520874,-0.3257047241284169,-0.29487163725482646,0.028582557437563785,-1.078737861051893
2017-05-11,74.94051361083984,48.25779342651367,86.59119110792597,-0.33177686153827585,-0.29554048646570724,0.02897267604944857,-1.2507085990511493
2017-05-12,74.68290710449219,48.28412628173828,86.63844136819002,-0.3370032869672358,-0.2964796425448488,0.029392197359740527,-1.3787211594425932
2017-05-15,75.5090560913086,48.073463439941406,86.26043928607763,-0.3173690063954088,-0.2969459205624135,0.029499573457980103,-0.6923180046005234
2017-05-16,74.55851745605469,48.53865814208984,87.09515965963698,-0.34535951079692523,-0.2980712294188905,0.030041260597663825,-1.574111087126354
2017-05-17,74.75395965576172,47.8715934753418,85.89821467027099,-0.32583031102910537,-0.2986056906125561,0.03024785374020098,-0.9000513110907544
2017-05-18,74.98490905761719,48.56499862670898,87.14242360967656,-0.3383396176869396,-0.2999376215264224,0.030207974573540387,-1.2712535912339546
2017-05-19,75.5445785522461,48.81953811645508,87.59915559089907,-0.3344704336653751,-0.30107850297678085,0.030197830471927197,-1.1057725063936756
2017-05-22,75.5534896850586,48.98630905151367,87.89840039435029,-0.3382737412475965,-0.30218827507072404,0.03032266675666625,-1.190049228402357
2017-05-23,76.15755462646484,48.907318115234375,87.75666330333368,-0.32579774533663164,-0.3028798516884254,0.030380975221051532,-0.7543501642543063
2017-05-24,76.42402648925781,49.14430618286133,88.18190195593459,-0.32673921441408793,-0.3033610790016446,0.030528521565384634,-0.7657801365314423
2017-05-25,76.64613342285156,49.5305061340332,88.87487839358957,-0.3319358034822605,-0.3041918981048547,0.030617914703359318,-0.9061330807862561
2017-05-26,76.95704650878906,49.10041046142578,88.10313783238563,-0.31652646949749247,-0.30451425164798057,0.030644699618658,-0.391983540350915
2017-05-30,76.97480773925781,49.19697189331055,88.27640247646268,-0.3184736197202225,-0.3049330462869631,0.03066117976605475,-0.44161945289040233
2017-05-31,76.94810485839844,49.62705993652344,89.04812934789108,-0.3289603486253327,-0.30560959891469264,0.030737210106199137,-0.7596899533159202
2017-06-01,77.34901428222656,50.267799377441406,90.19783776676857,-0.3369360894533764,-0.306566163645546,0.030805218595959853,-0.9858695114669122
2017-06-02,77.28666687011719,50.6101188659668,90.81207746042567,-0.3459621508329216,-0.30770181901887333,0.030983103588802217,-1.2348773164182345
2017-06-05,77.42028045654297,50.10103225708008,89.89859980820513,-0.3318403151079739,-0.3085953621321594,0.030891622907126687,-0.7524678468884172
2017-06-06,77.3044662475586,50.19758224487305,90.07184391761888,-0.33607668278371366,-0.3097791329398445,0.03055371292359719,-0.8606989896654784
2017-06-07,79.18429565429688,50.36435317993164,90.37108872107008,-0.30813741255061533,-0.31057650521462754,0.029856750717176663,0.08169317174252971
2017-06-08,79.27335357666016,49.89037704467773,89.52061141586826,-0.29593940071307956,-0.3113184111726725,0.028899719119552063,0.5321508626424089
2017-06-09,79.95936584472656,49.34618377685547,88.54414026151676,-0.2726087819393649,-0.31135521670430577,0.02884808448229456,1.3431198452265145
2017-06-12,79.96829986572266,48.67033004760742,87.33142465073277,-0.2573016524090754,-0.311084527615395,0.029281837453599583,1.836731567530376
2017-06-13,80.11976623535156,49.4251708984375,88.6858705076456,-0.2718299891078463,-0.31094370969358603,0.02945231328838438,1.3280356012363115
2017-06-14,80.18213653564453,49.44272613525391,88.71737068115497,-0.2712335439780557,-0.3108793561568009,0.029536070460048393,1.3422845883433145
2017-06-15,79.77230834960938,48.37189865112305,86.79593539084908,-0.25367797887126786,-0.3102749320451512,0.03033210323097811,1.8659092890097055
2017-06-16,78.90808868408203,49.75871276855469,89.28436011454802,-0.2989442873935602,-0.31067878542154564,0.030010197525295396,0.3910170207341854
2017-06-19,79.84356689453125,49.34618377685547,88.54414026151676,-0.2744544755461219,-0.3104657213054134,0.030224057911186302,1.1914762030006327
2017-06-20,79.25555419921875,48.810768127441406,87.58341919391994,-0.27178809262175707,-0.31010900437541,0.030555877909039183,1.254125699406485
2017-06-21,79.13082885742188,48.98630905151367,87.89840039435029,-0.27777318606528895,-0.30972347300525904,0.03081877411868271,1.036715049629487
2017-06-22,78.90808868408203,48.93364334106445,87.80389987382219,-0.2801824561869645,-0.3093979811053193,0.031028717764331783,0.9415640420674645
2017-06-23,79.08627319335938,49.1618537902832,88.21338843966842,-0.28247589948352286,-0.3091953251570362,0.031166174218964154,0.8573213216928931
2017-06-26,79.84356689453125,49.27595901489258,88.41813272259152,-0.27287629531412294,-0.30860341572438454,0.0315169843561292,1.1335830867115828
2017-06-27,80.19100952148438,48.74055099487305,87.45742534477023,-0.2553810814488364,-0.3080566506253634,0.032155276622833066,1.6381625259949628
2017-06-28,80.67210388183594,48.89854049682617,87.74091321657899,-0.25140859441617236,-0.307469573020934,0.03286673339182025,1.7057058252924477
2017-06-29,81.07300567626953,48.47722625732422,86.98492958701752,-0.2358957172242927,-0.3067916300825428,0.03391757362178095,2.090241290512675
2017-06-30,81.42938232421875,48.74055099487305,87.45742534477023,-0.23628932680253933,-0.3059655660245068,0.03502176538309094,1.9895124777350106
2017-07-03,81.88375854492188,48.33679962158203,86.73295557849366,-0.22058156910869708,-0.30476367019948486,0.036682922926341024,2.2948580531552696
2017-07-05,82.88155364990234,48.57377624511719,87.15817369643126,-0.2110176533513171,-0.30358175227960127,0.03852708077084028,2.4025723484957755
2017-07-06,82.12430572509766,48.24023818969727,86.55969093441662,-0.21489662486985664,-0.3024648622913015,0.040105023701594744,2.183473025050544
2017-07-07,82.83702087402344,48.31045913696289,86.68569162845407,-0.20596493554689937,-0.30088712925001165,0.04199593872970759,2.2602707922317515
2017-07-10,82.57865905761719,48.56499862670898,87.14242360967656,-0.2152688801890201,-0.29972935271148893,0.0433834020989936,1.9468383860201717
2017-07-11,82.66775512695312,47.77504348754883,85.72497056085724,-0.19681272728046012,-0.2982382759109827,0.04534659957721449,2.236673743481447
2017-07-12,81.91046905517578,48.70543670654297,87.39441815286374,-0.22825897866459968,-0.2974017820548552,0.04617322199764469,1.4974654225729036
2017-07-13,82.44501495361328,48.84587860107422,87.64641954093867,-0.22335195776810418,-0.2964274055524816,0.047114981852641354,1.551002354472533
2017-07-14,81.94612884521484,49.232078552246094,88.33939597859364,-0.23925618354952277,-0.2958045890887197,0.047625412584993025,1.1873578089907315
2017-07-17,81.98174285888672,49.3286247253418,88.51263324311962,-0.24083095341120178,-0.2951764248694172,0.04810340408226545,1.1297635270317858
2017-07-18,82.96174621582031,49.55683898925781,88.92212865385362,-0.23110932717038027,-0.2942917572996811,0.048792058129396965,1.294932670430513
2017-07-19,82.77465057373047,49.39885330200195,88.63864762693262,-0.2304672726705679,-0.29342418609019233,0.04946306572973691,1.272806537379164
2017-07-20,82.98849487304688,49.39006423950195,88.62287700551464,-0.2271065775091405,-0.29241150900962204,0.050195332293467995,1.3010160211446546
2017-07-21,83.69229125976562,49.43395233154297,88.70162743928806,-0.21772838114503107,-0.2907964476194254,0.05102043837060856,1.4321332549836892
2017-07-24,83.61210632324219,49.43395233154297,88.70162743928806,-0.2188961961569794,-0.28865534405857457,0.051301187975599204,1.3597959551107333
2017-07-25,83.21121978759766,49.820159912109375,89.39461756671858,-0.23309655524117956,-0.28665739962172143,0.05108772516985477,1.048409264700367
2017-07-26,83.78140258789062,50.08347702026367,89.86709963469576,-0.2303440544259786,-0.284659635973295,0.050903730420990945,1.0670255617438706
2017-07-27,83.11322021484375,49.83771896362305,89.4261245851157,-0.23492959640576508,-0.28263390990109105,0.05041352337480907,0.9462602552227712
2017-07-28,83.29137420654297,49.6972770690918,89.17412319704079,-0.2292626347349006,-0.28037116014390456,0.04969439560845641,1.0284565247898276
2017-07-31,84.21793365478516,49.820159912109375,89.39461756671858,-0.2183565189107833,-0.27758549358638246,0.04836852248868828,1.2245355373311382
2017-08-01,84.82376098632812,49.96936798095703,89.66234850688488,-0.21281110648054205,-0.2751178185140661,0.04782118932907713,1.302910130585965
2017-08-02,84.44957733154297,49.81137466430664,89.37885379018836,-0.2148279238652133,-0.2729289172292065,0.04751899191950663,1.222689939685834
2017-08-03,84.62776184082031,49.53927993774414,88.89062163545648,-0.20650092032791426,-0.2710541938927638,0.0478886286235087,1.34798751645939
2017-08-04,83.30030822753906,49.978145599365234,89.67809859363956,-0.23518089781099516,-0.26954546345414016,0.0475625477927155,0.7225131377089127
2017-08-07,84.31591796875,50.0659294128418,89.83561315096193,-0.22217093218316786,-0.26771869796488834,0.047235604241586876,0.9642676644669574
2017-08-08,85.0464859008789,48.12613677978516,86.35495349638127,-0.17074566165157756,-0.2649477375429607,0.047973095986807386,1.963643870666357
2017-08-09,86.2403335571289,47.511714935302734,85.25246795821676,-0.1417548472696284,-0.2620208348908644,0.050033573747138856,2.4037057242610693
2017-08-10,86.1244888305664,45.74747085571289,82.08680319384197,-0.10653375594612506,-0.25804040564335107,0.052719021654787195,2.873851694162999
2017-08-11,85.73249816894531,45.5806999206543,81.78755839039076,-0.10810266037001248,-0.2544116114656995,0.055399043429980505,2.6410013970838433
2017-08-14,86.4808578491211,45.63336944580078,81.88206575580662,-0.09960653758197938,-0.2504327267972835,0.0577905329241903,2.6098771127990488
2017-08-15,86.89958953857422,45.08917236328125,80.90558775656734,-0.08307115335192104,-0.24624273879205927,0.06063774013127838,2.690924580745885
2017-08-16,87.15794372558594,45.492923736572266,81.63005752284393,-0.0881728546997234,-0.24207439068292805,0.0627630831052802,2.452102866346556
2017-08-17,86.58777618408203,44.79074096679688,80.37009849668367,-0.08078707563195704,-0.23799087952118345,0.06514866513055965,2.4130011501261888
2017-08-18,85.79483795166016,44.34310150146485,79.56687829663367,-0.08141388715826728,-0.2339021240669198,0.0671519372425988,2.270794308699696
2017-08-21,86.49864959716797,44.42210388183594,79.70863592231358,-0.07425361281178502,-0.2296074208890785,0.06899078225997178,2.2518052845362395
2017-08-22,88.29833221435547,44.28166198730469,79.45663453423865,-0.049504369120544796,-0.22515705254946272,0.07184231741449047,2.444975186636854
2017-08-23,87.66576385498047,43.69357299804688,78.4013992563382,-0.045040231653878104,-0.22059982941502368,0.07444777332349385,2.358157805449681
2017-08-24,87.71920776367188,43.53557968139648,78.11790453964164,-0.04117168609735468,-0.21580335170622403,0.07658803185733072,2.2801430115631605
2017-08-25,88.88630676269531,43.58824920654297,78.21241190505752,-0.0285640853537246,-0.21066381830456316,0.07864082535063179,2.315587764229583
2017-08-28,89.22486114501953,43.58824920654297,78.21241190505752,-0.02466130675447494,-0.20530880423658907,0.08019564110431358,2.2525849908368323
2017-08-29,89.3941421508789,43.38637161254883,77.85017359947535,-0.018668811168459858,-0.2000892791709305,0.08199201775226683,2.2126601219965085
2017-08-30,89.57282257080078,43.7928352355957,78.57951008095515,-0.024779150162257634,-0.19490098696057287,0.0830830432390942,2.0476120056019504
2017-08-31,90.1266860961914,44.35836410522461,79.59426469259432,-0.029740686396999946,-0.1902610415246793,0.08441507853310222,1.901560217879007
2017-09-01,90.17131805419922,44.48207473754883,79.81624440291783,-0.031692752431384655,-0.18585693071998438,0.0856916663004645,1.7990568388301265
2017-09-05,91.2969207763672,43.775169372558594,78.5478114057005,-0.005079487196003098,-0.18139810914092835,0.08802949945969145,2.002949272995256
2017-09-06,92.66370391845705,43.42171478271485,77.91359148464795,0.016589683533232136,-0.1768332535418899,0.09107548717644937,2.123765055468603
2017-09-07,92.61903381347656,43.75749206542969,78.51609219578255,0.009610235285997267,-0.17214258313532582,0.0933198045112969,1.947633938724345
2017-09-08,93.56592559814452,43.94305419921875,78.84905491638003,0.016074439079877472,-0.16735411675102696,0.09549491363148331,1.9208201657604373
2017-09-11,93.2443389892578,44.33185577392578,79.54669956749294,0.00519912003490039,-0.16303949843592414,0.09735861436917238,1.7280301241026657
2017-09-12,93.55701446533205,44.57927703857422,79.99065898813994,0.003778493450518655,-0.1579941187551895,0.09803787465188529,1.6501032155188324
2017-09-13,94.1287078857422,44.57927703857422,79.99065898813994,0.009829073484579653,-0.1532560596046778,0.0991770138066035,1.6443843873669723
2017-09-14,94.55748748779295,44.42905426025391,79.7211073078273,0.017169758972185915,-0.1484400954114454,0.10033268643832306,1.6506071975401129
2017-09-15,93.5033950805664,44.049095153808594,79.03932910656111,0.013381493390078799,-0.14358751742052264,0.10101003118356784,1.553994281274283
2017-09-18,94.23590850830078,44.24349212646485,79.38814458722982,0.017349151041953233,-0.13862865730004068,0.10149272111498625,1.5368373872376397
2017-09-19,94.18230438232422,44.455562591552734,79.76867243292867,0.012749539804593497,-0.1337082333119054,0.10155705326977989,1.4421231061858708
2017-09-20,95.04884338378906,44.685306549072266,80.18091264365772,0.017412940236039256,-0.12887007938606937,0.10172925721771921,1.4379640982636512
2017-09-21,94.9237823486328,44.764835357666016,80.32361486384966,0.014615057888265406,-0.124370143730451,0.10200944210131667,1.3624738921782857
2017-09-22,95.22750091552734,45.51592254638672,81.67132535119855,0.0036053099182827317,-0.12011991199154341,0.10193922508005432,1.2137155428900206
2017-09-25,94.96841430664062,45.409889221191406,81.481064850793,0.0028904193785581488,-0.11614014304816256,0.10200381530595617,1.1669226496057379
2017-09-26,93.53913879394533,45.58662033081055,81.79818165620705,-0.015735592523348788,-0.11246424747684272,0.10157375518457792,0.9522996838870478
2017-09-27,95.31684112548828,45.613128662109375,81.84574678130843,0.002709315902056499,-0.10874273272666349,0.10163586139243032,1.09658192592463
2017-09-28,95.87067413330078,46.78835678100586,83.95451296005507,-0.013525405440834902,-0.10545119526148879,0.1014652965497251,0.9059825669124597
2017-09-29,96.1476058959961,46.73533630371094,83.85937586496452,-0.009616681259368707,-0.10202986286798067,0.10117285082693842,0.9134187764135426
2017-10-02,96.63895416259766,46.691162109375,83.78011206460849,-0.0036632103054423646,-0.09865816744728971,0.10102124278414515,0.9403463521511576
2017-10-03,97.43397521972656,46.8060302734375,83.98622532508524,0.002410852921958924,-0.09503017189544005,0.10067057752504584,0.9679195968966863
2017-10-04,97.67518615722656,46.938575744628906,84.22405779547995,0.00243948806586651,-0.09170930163966794,0.1005424525272342,0.9364083264234291
2017-10-05,96.86227416992188,46.92974090576172,84.20820503540875,-0.0057688277614811705,-0.0880011324579493,0.09951860574576306,0.8263008115944099
2017-10-06,96.6300048828125,47.33620834350586,84.93754836177631,-0.01573418516942461,-0.08454083624797132,0.09833507807766363,0.6997162398569939
2017-10-09,97.56800079345705,47.77802658081055,85.73032326309199,-0.014094512229791755,-0.08078814172597579,0.09661195755012673,0.6903247919552846
2017-10-10,96.86227416992188,47.919410705566406,85.98401533844567,-0.02410218115685657,-0.07717599552173672,0.09455651083175437,0.5612920136119984
2017-10-11,97.46080017089844,47.93708038330078,86.01572085858808,-0.018138283241822442,-0.07362647812292741,0.09265839641564344,0.598846915418201
2017-10-12,98.2826156616211,48.07845687866211,86.26939924416624,-0.012205968321601797,-0.0699887897171113,0.09065941150078433,0.637361531902395
2017-10-13,98.71144104003906,48.29936599731445,86.66578669482408,-0.011824329107872598,-0.06640075224375684,0.08857183900214916,0.6161825671764586
2017-10-16,97.99674224853516,47.99892807006836,86.1266970239743,-0.013702554344289804,-0.06300032179707783,0.08655717639555897,0.5695399215369665
2017-10-17,97.84488677978516,47.919410705566406,85.98401533844567,-0.013817579169856065,-0.05958234484729243,0.08431689688241258,0.5427709909825004
2017-10-18,97.8984832763672,47.99892807006836,86.1266970239743,-0.01471998962766099,-0.05594273542040045,0.08136147124577044,0.5066617547784624
2017-10-19,97.30892944335938,47.919410705566406,85.98401533844567,-0.019401475452157528,-0.05242702577083677,0.07819353238914921,0.4223565467578511
2017-10-20,98.2558364868164,47.41573715209961,85.08025058196824,-0.0003792650621991866,-0.048517853581777334,0.07469989283865507,0.6444264735901709
2017-10-23,98.88117218017578,47.50410461425781,85.23881240711914,0.0043436870012952995,-0.04462441488617407,0.07112182197271874,0.6885102283551285
2017-10-24,98.48812103271484,47.53061676025391,85.2863843771083,-0.0001128486873512177,-0.0409870203824502,0.06757859169992163,0.604839057265326
2017-10-25,98.0235595703125,47.61896514892578,85.44491197782037,-0.006469907041456914,-0.03754800039179879,0.06383285912665544,0.4868666980540157
2017-10-26,99.5958251953125,48.39656829833984,86.84020128004617,-0.004590824912809306,-0.03404404874259206,0.05956405807849732,0.49447980510272505
2017-10-27,100.00675201416016,48.626312255859375,87.25244149077524,-0.004585094287782952,-0.030678784975256532,0.05519943829533164,0.4727165980904627
2017-10-30,99.9263153076172,48.944427490234375,87.82325037154295,-0.011106043200873671,-0.02694420406508784,0.04827478790531703,0.32808348936256515
2017-10-31,100.9983139038086,49.12115097045898,88.14035348718146,-0.0035138259287737345,-0.023299918960847935,0.04099101019747453,0.4826934719772588
2017-11-01,100.61418914794922,49.59830856323242,88.99653942878199,-0.015854634471802527,-0.020718401841185022,0.036137881783645034,0.1345891659755137
2017-11-02,103.24053192138672,49.72201156616211,89.21850544932994,0.007837770168485421,-0.01822519155054979,0.0326365479525813,0.7985820607284488
2017-11-03,102.74920654296876,50.499610900878906,90.613787906668,-0.01048603985115375,-0.01662439628230027,0.030518471946601605,0.2011357725212077
2017-11-06,102.23106384277344,50.72935485839844,91.02602811739705,-0.019639971550098535,-0.015150018135301703,0.028062171928050605,-0.1600002104722596
2017-11-07,101.31991577148438,50.00477600097656,89.72588275514954,-0.01597729214561326,-0.013756197378028934,0.025780317230196914,-0.08615467171143737
2017-11-08,101.31991577148438,50.32288360595703,90.29667794614173,-0.021610885370064316,-0.012731859578331322,0.02414891567169586,-0.36767803210890354
2017-11-09,101.95415496826172,49.91641616821289,89.56733461977417,-0.008101980371024255,-0.011397345006186336,0.02202859230096824,0.14959488060511417
2017-11-10,102.2400131225586,50.17267227172852,90.02714680049239,-0.009780755676545615,-0.010213906340262813,0.02005666585467451,0.021596344420139274
2017-11-13,103.39241027832033,49.792701721191406,89.3453480645629,0.008068399805431177,-0.008722534890867838,0.017881566585085735,0.9390080346933154
2017-11-14,104.16067504882812,49.72201156616211,89.21850544932994,0.016602414374741265,-0.0072082677710924,0.015984486958309094,1.489611909843396
2017-11-15,103.18694305419922,49.24485397338867,88.36231950772942,0.015619928141862277,-0.006122862816718948,0.015258343469343663,1.4249771610047843
2017-11-16,103.64252471923828,49.863399505615234,89.47220436957139,0.009238190998104853,-0.005218222439185899,0.014502193641555947,0.9968432221085497
2017-11-17,104.053466796875,49.96943283081055,89.66246486997694,0.011322554186620058,-0.004343318434452987,0.013865896418563551,1.1298131868416166
2017-11-20,106.51008605957033,50.45543670654297,90.53452410631196,0.025938492256296096,-0.003434942140952642,0.01403648731049696,2.092648520066861
2017-11-21,106.86740112304688,50.72935485839844,91.02602811739705,0.024596107580445285,-0.0026139852353706384,0.014213325428454987,1.9144072196743973
2017-11-22,106.6172866821289,50.84423065185547,91.23215506764934,0.020374563743788366,-0.0019632623201665017,0.01435884425620189,1.5556841250859508
2017-11-24,107.31407928466795,51.171173095703125,91.81880301871273,0.021268647789596702,-0.001195799020968929,0.014349289835640785,1.5655441536046202
2017-11-27,107.64459991455078,51.51578521728516,92.43715648991855,0.018529424749878655,-0.00039129716852095254,0.014072250294137561,1.3445413152068435
2017-11-28,109.6277313232422,51.68367385864258,92.73840684548584,0.03353598147654217,0.0006958483966111613,0.014132563358602532,2.323720916484774
2017-11-29,108.02871704101562,51.9222526550293,93.16649981628609,0.015267850615300239,0.001034970693466217,0.014235382029206996,0.9998242332121583
2017-11-30,110.50872802734376,51.83389663696289,93.0079585257985,0.03880162831753446,0.001405169773204589,0.014919142796170123,2.506609062950311
2017-12-01,111.24288177490234,52.3287239074707,93.89584998754142,0.03716355429322282,0.0018643917566583484,0.01558517024272331,2.2649199198222165
2017-12-04,110.22224426269533,52.443607330322266,94.10199062756925,0.02637764040997047,0.002036111778826565,0.01579967764466034,1.5406345103104284
2017-12-05,110.81314086914062,52.381744384765625,93.99098708263196,0.032571072775440295,0.0024923109911688967,0.016280408922003723,1.8475433834845858
2017-12-06,110.4908218383789,52.3287239074707,93.89584998754142,0.03060997179476075,0.0029395022969062653,0.016679938699082242,1.6589071457065343
2017-12-07,111.18915557861328,52.12549209594727,93.53118174680154,0.039978025715683874,0.003441984834091335,0.017332363012968664,2.107966516409507
2017-12-08,112.15612030029295,52.7882194519043,94.72034409877506,0.03765220550984143,0.003783358943052261,0.01780265305316331,1.9024606313254582
2017-12-11,113.123046875,52.65567779541016,94.48251847326813,0.04798029792235564,0.004360005685256875,0.018658585895927404,2.3378134056032476
2017-12-12,114.26010131835938,52.3022346496582,93.84831908687887,0.0630047692732004,0.005120932655777661,0.02007451231584715,2.8834492069691917
2017-12-13,113.06037902832033,53.1505126953125,95.37042362478658,0.03959923477372664,0.005568427571929879,0.020541285094357827,1.6567029300004297
2017-12-14,112.86338806152344,53.30956268310547,95.65581437539491,0.035394319131782384,0.005868117220192265,0.020845932701001706,1.4164010953643393
2017-12-15,113.14094543457033,53.96345901489258,96.829130812185,0.027390293582023294,0.0060810378150882305,0.021001451400135103,1.014656337837583
2017-12-18,112.62166595458984,54.70570755004883,98.16098169457493,0.01107986938972547,0.006205613806278943,0.021008684496308144,0.23201146098905334
2017-12-19,111.60100555419922,54.55549240112305,97.89144370403781,0.004450774765962215,0.006231619729402343,0.021005476686638238,-0.08478003094178475
2017-12-20,111.22498321533205,54.61734390258789,98.0024267143118,8.726088289617501e-05,0.006495333952839759,0.02082355047923754,-0.3077320112308829
2017-12-21,111.5831069946289,55.580509185791016,99.7306787371351,-0.012192012661526263,0.006246978476780047,0.020957898548819957,-0.8798110695761777
2017-12-22,111.43985748291016,55.6865463256836,99.92094608242843,-0.015200481663957753,0.0062190605397279995,0.020985780819404706,-1.0206692992752484
2017-12-26,111.05487823486328,55.50096130371094,99.58794229250432,-0.01572119114599792,0.006117318708284179,0.021078448967275,-1.0360586724472527
2017-12-27,111.6994857788086,55.986961364746094,100.45999468395158,-0.017666686665285744,0.005883927435620122,0.021265278262673565,-1.1074679489260997
2017-12-28,111.78008270263672,56.09300994873047,100.6502825639082,-0.018635258819746064,0.005533158906591706,0.021495863792177,-1.1243287527311834
2017-12-29,111.54729461669922,56.11951446533203,100.69784084412181,-0.02118739989462326,0.005139377440583544,0.021768181990429025,-1.2094155289027853
2018-01-02,109.89990234375,56.37577438354492,101.1576598697278,-0.04067891182268012,0.0045575427062302274,0.022518311145442112,-2.0088742107139135
2018-01-03,110.62510681152344,56.15485382080078,100.76125188440665,-0.03027338079206378,0.004315222779186242,0.022816624086834634,-1.5159387050255129
2018-01-04,111.05487823486328,56.12835693359375,100.71370729396857,-0.025858206460925667,0.0041191612086673435,0.023027070594292248,-1.3018315789166661
2018-01-05,114.24217224121094,55.9074592590332,100.31734037797402,0.006232207760798464,0.004624734357294927,0.022728015034619378,0.07072651971828726
2018-01-08,115.97016143798828,56.12835693359375,100.71370729396857,0.01762180209025322,0.005220735779496189,0.022589427973917893,0.548976553327313
2018-01-09,117.0982437133789,56.26973342895508,100.96738567954671,0.024919307331285244,0.005839490373710971,0.022612440473400833,0.8437752209903212
2018-01-10,118.4770278930664,56.24323272705078,100.91983424422085,0.0366682285614208,0.006647699668199196,0.022835904612710987,1.31461964841592
2018-01-11,118.3516845703125,57.14453125,102.53707587721911,0.02198327629855512,0.007242463512246611,0.022761495981550715,0.6476205605403373
2018-01-12,117.74288177490234,58.01934051513672,104.1067866095548,0.0035946483403720315,0.007532667304083747,0.022598854149397687,-0.1742574618021805
2018-01-16,117.0982437133789,58.469970703125,104.9153732016151,-0.008795865474652543,0.007631402706633887,0.022512760842551216,-0.729686967146089
2018-01-17,117.75183868408205,59.00016403198242,105.86672361785722,-0.011275712204563876,0.007766832094093781,0.02237138065417224,-0.8512011213356311
2018-01-18,118.9963150024414,59.05316925048828,105.9618333333967,-0.0014989476080532371,0.007748170718329546,0.02237875678142588,-0.4132096530964486
2018-01-19,119.86478424072266,60.58186340332031,108.70483996785919,-0.017126853820538954,0.007390328371298976,0.022604637973760118,-1.0846084869971344
2018-01-22,120.47359466552734,60.74974822998047,109.00608347853871,-0.014487321712627154,0.007150753820877711,0.022761139931116985,-0.9506586927978609
2018-01-23,120.6973876953125,60.88230895996094,109.24394332848449,-0.014577005994514069,0.007015635504993424,0.022867183834074732,-0.9442632576090099
2018-01-24,121.37786865234376,60.68790435791016,108.89511415804029,-0.006015070330263144,0.006991898081369194,0.022880171734272717,-0.5684821146752544
2018-01-25,122.80140686035156,59.963321685791016,107.59496195090499,0.016234292828004,0.00733888786663231,0.022859483901551236,0.38913411167467565
2018-01-26,122.6760482788086,60.18421936035156,107.99132886689954,0.011998010384057537,0.007723955426381162,0.022737782925433738,0.18797149096254048
2018-01-29,120.96600341796876,59.60103225708008,106.94488926978123,0.006681738790774212,0.007893881505040296,0.022690424159178102,-0.05342089269740608
2018-01-30,119.33655548095705,59.27408218383789,106.3582276289423,-0.0019652239653209056,0.008125371680148322,0.02251419900387702,-0.44818808094090284
2018-01-31,120.32137298583984,59.26525115966797,106.34238171375887,0.006367450289869708,0.00810086634883806,0.022515317495208916,-0.0769883018232903
2018-02-01,122.26422119140624,59.50382232666016,106.7704609947836,0.018655574489507193,0.008586559921182409,0.022421692991525806,0.44907467835414255
2018-02-02,120.55416107177734,57.67471694946289,103.4884126036857,0.03195988859325127,0.00944655759023824,0.02230999104856444,1.0091143001360225
2018-02-05,116.86547088623048,55.03264617919922,98.74762280075055,0.04197131229180792,0.01041236766419526,0.022444631127945643,1.4060798971349033
2018-02-06,104.69815063476562,56.50831985473633,101.3954923401225,-0.09465489653884018,0.009194967478048995,0.02592251949499119,-4.006163985601604
2018-02-07,102.57624053955078,56.22554016113281,100.88808765475183,-0.11235250936635942,0.007457458661460076,0.030236388592030657,-3.962443056423662
2018-02-08,99.51426696777344,54.93544387817383,98.57320821552844,-0.1233169125640432,0.0055651893800017825,0.03457491293518413,-3.7276189873754375
2018-02-09,95.8971710205078,55.33308410644531,99.28671247160032,-0.17312702955884735,0.0025452655572638077,0.041560145983741685,-4.226941242815511
2018-02-12,99.0934600830078,56.10184097290039,100.66612847909164,-0.1492078215301312,-0.00021823837448406712,0.04589610172989213,-3.2462361189732643
2018-02-13,100.47223663330078,56.84410095214844,101.99799989614486,-0.14669340175456833,-0.002923460539424577,0.049582273595143715,-2.8996238129190015
2018-02-14,102.9612274169922,57.63937377929688,103.42499471851312,-0.13283270368286776,-0.005291308784107454,0.052309025180440324,-2.4382292435923905
2018-02-15,105.1547393798828,58.62018966674805,105.18491803703998,-0.12593849450855543,-0.007578992929027045,0.05452468355039197,-2.170750820958731
2018-02-16,99.78282928466795,58.23139953613281,104.48729392059037,-0.17956311396614463,-0.011004019699401058,0.05867965221106012,-2.8725305606868106
2018-02-20,99.1829833984375,56.44645309448242,101.28448195029745,-0.1544050091851338,-0.013987371645494044,0.06132951356680827,-2.28956059445471
2018-02-21,99.64857482910156,57.33891677856445,102.8858708232245,-0.16508160736989852,-0.01707830783072216,0.0641757038747707,-2.3062201207482302
2018-02-22,98.44886779785156,57.45381164550781,103.09203199791563,-0.18137349377661913,-0.020455676856825755,0.0673758442516652,-2.388360675952736
2018-02-23,97.36551666259766,57.57751083374024,103.31399117357583,-0.1967978610760419,-0.02404446495392443,0.07090632669011343,-2.4363608183669276
2018-02-26,99.67542266845705,57.55100631713867,103.2664328933622,-0.16858580265652195,-0.027413161356142166,0.07289771407021725,-1.936585297645933
2018-02-27,98.65476989746094,57.586334228515625,103.32982339898372,-0.18131819100992022,-0.030689595383229174,0.07532432862177167,-1.9997336635159002
2018-02-28,100.28425598144533,57.25057220458984,102.72735006740018,-0.1561156818038945,-0.03393821721858633,0.07647099536675386,-1.5976967999350171
2018-03-01,99.94319152832033,54.96195983886719,98.62078703040537,-0.11897205033221779,-0.036540477295677005,0.07666678508953076,-1.0751927701191324
2018-03-02,103.20999145507812,54.96195983886719,98.62078703040537,-0.08355437651465585,-0.03837267757775411,0.07645095469287011,-0.5909893358220604
2018-03-05,103.52413177490234,55.28006362915039,99.19157537650979,-0.0857799467635341,-0.040345194570070346,0.07611556156110766,-0.5969180448992352
2018-03-06,106.05501556396484,55.827919006347656,100.17461762311879,-0.0691382008757172,-0.04200766411457832,0.07562728828565744,-0.358740044448799
2018-03-07,106.61145782470705,55.6865463256836,99.92094608242843,-0.061178594698801776,-0.04369360778815308,0.07489258343396234,-0.23346753588846814
2018-03-08,107.59869384765624,55.9604606628418,100.41244324862572,-0.05600997648063483,-0.045254644154661,0.07414065716833139,-0.14506659013764286
2018-03-09,111.77195739746094,56.773399353027344,101.87113674624861,-0.0296320323692182,-0.046548182992853904,0.07315693633333638,0.23123098740163206
2018-03-12,111.1257781982422,56.561336517333984,101.49062259032527,-0.032195007862940946,-0.048134845945122934,0.07175965263291081,0.22212813882646318
2018-03-13,107.6256103515625,56.44645309448242,101.28448195029745,-0.06384839525716057,-0.04985897311230438,0.07085299975191518,-0.19744290564745004
2018-03-14,107.06018829345705,56.15485382080078,100.76125188440665,-0.06457969682234262,-0.0515252067115398,0.06998434481846359,-0.18653443344601717
2018-03-15,106.44989776611328,56.06650924682617,100.60273112858235,-0.06919390650273212,-0.053134943379619055,0.0692452965174765,-0.23191413613284212
2018-03-16,106.99736785888672,55.85443115234375,100.22218959310794,-0.06016664497295208,-0.05432238528566368,0.06873445042634428,-0.08502664458707059
2018-03-19,106.37812042236328,56.23439407348633,100.90397463926188,-0.07274715041925574,-0.055609017372083985,0.0683370160692279,-0.25078843111631033
2018-03-20,107.60767364501952,55.96930694580078,100.42831654336024,-0.05606936387296151,-0.05654496111801494,0.06794470523704921,0.006999769053293269
2018-03-21,105.3011474609375,55.83675003051758,100.19046353830223,-0.0769428176569023,-0.05762414120127121,0.06774222151240285,-0.285179257844298
2018-03-22,101.0740203857422,54.70570755004883,98.16098169457493,-0.10190365615525092,-0.059069194109459426,0.06774667717566293,-0.6322739923424493
2018-03-23,100.2573013305664,53.583492279052734,96.1473389211433,-0.09079526758203672,-0.06032042871672674,0.06762567496161016,-0.45064006950925045
2018-03-26,102.84205627441406,54.5643196105957,97.90728277433348,-0.08049311449603598,-0.061367535847239245,0.06744017970334909,-0.28359323378029133
2018-03-27,100.57140350341795,53.857421875,96.63886346689168,-0.09227584135228954,-0.0625948788894483,0.0673192981195755,-0.44089827570870704
2018-03-28,100.43682098388672,54.00763320922852,96.90839461254104,-0.0964230492818245,-0.063848806379235,0.0672355852872008,-0.4844792049246941
2018-03-29,102.40225982666016,54.087158203125,97.0510899878452,-0.07677253495457574,-0.06445036676476659,0.06718621706647616,-0.18340321464471213
2018-04-02,100.9483871459961,53.085880279541016,95.25445069132957,-0.07448275964274742,-0.06518718974561132,0.06704732531842009,-0.13864191976323786
2018-04-03,99.6111297607422,53.425594329833984,95.86401532664097,-0.09502689608500033,-0.06634000123934589,0.0669542199777235,-0.4284553662965371
2018-04-04,99.80858612060548,54.078224182128906,97.03505926069201,-0.10459344688298411,-0.06818709548340894,0.06644496664468195,-0.547917370389545
2018-04-05,100.1585922241211,54.3553581237793,97.5323335121657,-0.10569829271501904,-0.07024243039683013,0.06564820738912426,-0.5400888116872293
2018-04-06,98.13027954101562,53.78319549560547,96.50567564069759,-0.11809043105419036,-0.07262592603658806,0.0647242328315737,-0.7024340502561175
2018-04-09,98.7495346069336,54.06927490234375,97.01900115398776,-0.11627718048032921,-0.07517501618728391,0.06334392279813997,-0.6488730485484273
2018-04-10,98.97389221191406,54.471588134765625,97.74089039757573,-0.12104049693020304,-0.07755874574109653,0.06230837461761014,-0.6978476241108256
2018-04-11,97.33155059814452,54.33748626708984,97.50026521297157,-0.13748435572408235,-0.0799100624755041,0.06185427971704861,-0.930805330074991
2018-04-12,98.42643737792967,54.257022857666016,97.35588599527644,-0.12336420835297063,-0.08181953485680941,0.06138837629885019,-0.6767514634026792
2018-04-13,97.24178314208984,53.89941787719727,96.71421883633207,-0.13045098716969464,-0.08380578943956159,0.060993929502828295,-0.7647514778986343
2018-04-16,97.65461730957033,54.23020935058594,97.3077732791536,-0.13175011315217292,-0.08597664219863026,0.06032915260629899,-0.758728889368876
2018-04-17,98.80338287353516,55.33877182006836,99.29691819926275,-0.13872385578190224,-0.0880032588979863,0.06001868879333171,-0.8450800559566903
2018-04-18,98.12132263183594,55.46392440795898,99.52148527716263,-0.14892801242540724,-0.09024393707653264,0.05973647375637572,-0.9823826493041231
2018-04-19,98.61491394042967,55.64271926879883,99.84230516685929,-0.14643061135699317,-0.09244149716590729,0.05932959263908502,-0.9099862613167354
2018-04-20,98.86620330810548,55.115264892578125,98.89586938003474,-0.13394382043219763,-0.09457364300093954,0.0584634009850634,-0.6734157912112679
2018-04-23,96.87381744384766,55.4102783203125,99.4252256204781,-0.16272982218908505,-0.09755637825122435,0.05726732578837133,-1.1380563530887764
2018-04-24,94.72883605957033,55.51756286621094,99.61773124407163,-0.19109013525620405,-0.10094118067856205,0.05668112350656552,-1.5904581455094098
2018-04-25,95.37501525878906,55.42816925048828,99.45732814411107,-0.18133851668781759,-0.10407485160320523,0.05582115527387141,-1.384128735880493
2018-04-26,95.91351318359376,56.55461883544922,101.47856874296544,-0.19577957106223948,-0.10730509072148722,0.05541849933124516,-1.5964791794870925
2018-04-27,95.30321502685548,56.59037399291992,101.54272587601699,-0.20411023651683516,-0.11081305216826562,0.05475876774951293,-1.7037853148074065
2018-04-30,95.8327407836914,56.89432907104492,102.08812653338907,-0.20314807341704968,-0.11450977963337491,0.05333878280317727,-1.6617982099583044
2018-05-01,96.29044342041016,57.082069396972656,102.42499768490221,-0.20092757378637074,-0.11839123733970194,0.0509182208912101,-1.620958764898969
2018-05-02,95.84172058105467,56.26852798461914,100.96522269501195,-0.19131911357157586,-0.12227941110409167,0.04723947322409071,-1.461483326454115
2018-05-03,94.63908386230467,56.72448348999024,101.78336475039669,-0.21510279863333662,-0.12428687613899995,0.04858572269088536,-1.8691894956905446
2018-05-04,91.9825439453125,57.30558013916016,102.826053349018,-0.2615318003032487,-0.12677319765461478,0.05168296557913465,-2.6074084785691634
2018-05-07,92.58387756347656,57.68105697631836,103.49978880715649,-0.2606151609703508,-0.1290615017947199,0.05449057639248246,-2.414246056567317
2018-05-08,91.8748779296875,58.53929901123047,105.03977219191479,-0.287105090830152,-0.13096113614924165,0.05793094086733858,-2.6953464304762256
2018-05-09,93.25697326660156,59.004180908203125,105.87393128467716,-0.27697455776329466,-0.13309058175312768,0.06088590971756444,-2.3631736255171556
2018-05-10,94.60317993164062,58.96842956542969,105.80978099651337,-0.2581250650697236,-0.1349477761417136,0.06297163488057651,-1.9560757658842967
2018-05-11,95.86863708496094,58.10124588012695,104.25375319482634,-0.22528709781812764,-0.13648868271063463,0.06404109341461478,-1.386584931218997
2018-05-14,97.02638244628906,57.788333892822266,103.69228074097448,-0.20487983478590963,-0.1378043717152572,0.06462887768995106,-1.0378559162428684
2018-05-15,97.02638244628906,57.39497756958008,102.98646329386631,-0.19760534480377623,-0.13810507556255108,0.06486799588473628,-0.9172515418381504
2018-05-16,97.33155059814452,58.02970886230469,104.12539101450884,-0.20555196340959642,-0.13895752479962542,0.06541955224990068,-1.0179592540710503
2018-05-17,97.26871490478516,58.01182556152344,104.0933021806514,-0.20600085244536598,-0.13963951221754992,0.0659079719027201,-1.0068788086176454
2018-05-18,95.6352996826172,58.31580352783203,104.63874390735009,-0.23230224832511,-0.14048832479335804,0.06677678645400334,-1.3749377352112402
2018-05-21,95.57247161865234,58.7717399597168,105.45685173829598,-0.2416724255347253,-0.14123623420100279,0.06766356323576177,-1.4843467670150667
2018-05-22,93.73262786865234,58.61080551147461,105.16807961313015,-0.26296395626293834,-0.1428092034277764,0.06938522959709063,-1.731705054993435
2018-05-23,93.1941375732422,58.25321578979492,104.52643983373684,-0.26337657936894504,-0.14417684323376015,0.07094825266139705,-1.6800940356356582
2018-05-24,92.2428207397461,58.52141189575195,105.0076765131696,-0.28162307349101756,-0.1462686330952122,0.07312306947098825,-1.8510497627497373
2018-05-25,92.52104949951172,58.53036117553711,105.02373461987385,-0.2779425457261227,-0.14891814135177725,0.07497386394769243,-1.7209251008373114
2018-05-29,91.5338134765625,57.180419921875,102.60147258134255,-0.2652627383626042,-0.1519466140492431,0.07595238036759766,-1.491936444452811
2018-05-30,88.86830139160156,57.95820999145508,103.99709728306902,-0.31891739077315856,-0.15583223811607017,0.07843300162424252,-2.0792925079980757
2018-05-31,87.79739379882812,57.6721076965332,103.48373070045223,-0.32915769548497237,-0.16016589635955775,0.08071202537168204,-2.0937623402113967
2018-06-01,88.57132720947266,58.2442741394043,104.51039541680812,-0.32913494735350934,-0.16463183557046956,0.08253471882275568,-1.993138331716041
2018-06-04,88.25634002685547,58.87901306152344,105.64933682722621,-0.34678355913968867,-0.1694780619481204,0.0845604984891048,-2.0967886940072047
2018-06-05,89.36328125,58.91477966308594,105.71351449494107,-0.33081914341328905,-0.17449784713218827,0.08505634566752966,-1.8378557773000654
2018-06-06,90.28119659423828,59.99651718139648,107.65452616426406,-0.33878793851479083,-0.1796077293097191,0.08557035133923262,-1.86022619650143
2018-06-07,92.61202239990234,59.12934112548828,106.09851205235259,-0.28829238225622816,-0.18334846242637023,0.08532960640072669,-1.2298652748615537
2018-06-08,93.54795837402344,59.42435836791992,106.62787513768372,-0.28106190804636594,-0.18695649928010397,0.08479768384641001,-1.1097639050697492
2018-06-11,94.4208755493164,59.746192932128906,107.20535778402545,-0.2753345909392177,-0.19039217735404537,0.08411882331873838,-1.0097907963276334
2018-06-12,95.03284454345705,59.2187385559082,106.25892199720091,-0.2571629680447279,-0.19367544940524165,0.08278371517977576,-0.7669083043883053
2018-06-13,94.04293060302734,59.35283279418945,106.49953349202951,-0.2729546350287877,-0.19701224081540053,0.08185652512238652,-0.9277500370293397
2018-06-14,93.4219741821289,59.495887756347656,106.75622362822568,-0.28416334154025885,-0.20081380710985547,0.08048499776207127,-1.0355909392803888
2018-06-15,92.531005859375,59.42435836791992,106.62787513768372,-0.295141287349645,-0.2044504482714012,0.07971904042651543,-1.137630841929691
2018-06-18,93.17897033691406,58.78068161010742,105.47289615522469,-0.27373962855426137,-0.20731438114471804,0.07905645035548273,-0.8402255237979656
2018-06-19,94.6728744506836,57.81515502929688,103.74040714687287,-0.23534073235074532,-0.20972347222419652,0.07763517108478457,-0.3299697774681588
2018-06-20,93.79095458984376,57.9492416381836,103.98100495192594,-0.24952194350947723,-0.2125406193744205,0.07591400369313957,-0.48714759248561107
2018-06-21,93.54795837402344,56.93904113769531,102.16835546292042,-0.23339096201745052,-0.2148925380521732,0.07429355996843369,-0.248990948517436
2018-06-22,94.47491455078124,57.42179870605469,103.0345896997647,-0.23045827734583732,-0.21712645851990675,0.07266830826562577,-0.18346125214857806
2018-06-25,93.72793579101562,56.509910583496094,101.39834665832184,-0.22280723032943148,-0.21956037010948767,0.07029452691231061,-0.04618937437325841
2018-06-26,95.1858367919922,56.02714920043945,100.53210557658981,-0.19497774375760618,-0.22156861984473533,0.06775488208757592,0.39245697531816776
2018-06-27,93.54795837402344,56.03608703613281,100.54814314863076,-0.2160713716976733,-0.2235860277716132,0.06569394040573161,0.11438887707951045
2018-06-28,93.4219741821289,55.34770965576172,99.31295577130369,-0.20448971098294352,-0.22525096550661253,0.06386758660479626,0.32506715264092817
2018-06-29,93.65595245361328,56.02714920043945,100.53210557658981,-0.21449788836124592,-0.22706429210071633,0.06193087267142555,0.2029101673755108
2018-07-02,93.3679656982422,55.45499038696289,99.50545455000946,-0.20724816716143069,-0.2285502543691703,0.06032053333751887,0.3531481906591484
2018-07-03,92.17105865478516,55.65166473388672,99.85835642867578,-0.22675391809216605,-0.2303915333293676,0.05849380714667843,0.062188040318181086
2018-07-05,92.6390380859375,55.74107360839844,100.01878690818741,-0.2222885746496175,-0.23207900129135783,0.05671922504411389,0.1726121369628332
2018-07-06,90.70418548583984,56.12549209594727,100.70856678325464,-0.25596649243737585,-0.23405370356991276,0.055417622052703654,-0.3954119295595801
2018-07-09,92.88201141357422,57.108882904052734,102.47311040102505,-0.24551524618364287,-0.23608955420042393,0.05349262241939311,-0.17620545706881938
2018-07-10,92.60301971435548,57.35920333862305,102.9222719363759,-0.25411809685464504,-0.2381506726951731,0.05170594947964213,-0.3088121254935798
2018-07-11,91.92809295654295,57.046295166015625,102.36080632741181,-0.2572180442471656,-0.24024180488008967,0.049833098224726216,-0.34066192895573666
2018-07-12,92.81002044677734,57.79727554321289,103.70832515790319,-0.25979043540602764,-0.24225958120715843,0.04807284245664269,-0.3646727196271042
2018-07-13,92.60301971435548,58.4677848815918,104.9114510809239,-0.275598812609745,-0.2443707612102307,0.04666545023432075,-0.6691899733680742
2018-07-16,93.3499755859375,58.39625930786133,104.78310943526971,-0.2640170455902049,-0.24633053511411757,0.044919032846520955,-0.39374201435989226
2018-07-17,94.38489532470705,58.2800407409668,104.574573084523,-0.2479478161213223,-0.24823060170893632,0.04242654229533218,0.006665298945305119
2018-07-18,95.41079711914062,58.60187530517578,105.15205573086473,-0.2405818860715082,-0.2495281361069767,0.040931480942923384,0.21856648792999975
2018-07-19,94.27689361572266,58.07440948486328,104.20559940937689,-0.24546371668507813,-0.2504343624641246,0.040211311880911454,0.12361312144620819
2018-07-20,94.15090942382812,58.449893951416016,104.87934855729092,-0.25428633871685574,-0.2516501594979419,0.039176250731164715,-0.06729023757285602
2018-07-23,93.85392761230467,58.07440948486328,104.20559940937689,-0.25107657513490744,-0.2525717762324864,0.038483935094754694,0.03885260418139361
2018-07-24,93.70994567871094,58.22639846801758,104.47832027272624,-0.25590907487046094,-0.2534350902050468,0.03795574596011413,-0.06518076783457093
2018-07-25,94.78985595703124,55.86622619628906,100.24335398608729,-0.19692348671045956,-0.25333134709327026,0.03810374151877183,1.480375893139558
2018-07-26,93.52096557617188,55.40134048461914,99.40918804843716,-0.2042437571657921,-0.2533866168162607,0.03802877249020258,1.2922546911849269
2018-07-27,91.9460906982422,55.4102783203125,99.4252256204781,-0.22504475911792354,-0.2539487109086998,0.03733880465305526,0.774099547624677
2018-07-30,87.00545501708984,55.70531463623047,99.95462293024808,-0.3006940061264456,-0.2553752310335849,0.037464336439599136,-1.209651081527219
2018-07-31,87.410400390625,55.60696792602539,99.77815487869549,-0.29264944771490653,-0.25589385849044594,0.037765184218505644,-0.9732665147824082
2018-08-01,86.71748352050781,55.51756286621094,99.61773124407163,-0.3011284181023669,-0.2565690794426462,0.038210580327860885,-1.1661518426934412
2018-08-02,86.21353149414062,54.6235580444336,98.01357703648624,-0.2901272691147137,-0.2566194490807222,0.03825348336129618,-0.8759416683055271
2018-08-03,85.16058349609375,55.05268096923828,98.78357215130926,-0.3151204285399385,-0.25725521359366627,0.038908888079708576,-1.4871978563800077
2018-08-06,83.65768432617188,55.28512573242188,99.20065854257822,-0.3437320236486035,-0.2586819962366476,0.04047923347850387,-2.101078012189162
2018-08-07,84.25165557861328,53.076934814453125,95.23839942951308,-0.2872299018397862,-0.2597143763036752,0.040402917203621956,-0.6810281890646331
2018-08-08,83.42372131347656,53.72956466674805,96.40944336356412,-0.3140422477969718,-0.2615337498538596,0.04034962265713611,-1.3013380171927271
2018-08-09,82.88373565673828,54.74872970581055,98.23817833882495,-0.34466706123361096,-0.26398477846102353,0.040863826131567964,-1.9744182180302268
2018-08-10,83.23473358154297,54.32854080200195,97.4842139511551,-0.32993835744656697,-0.26605788502830635,0.04100411292647904,-1.557904021306331
2018-08-13,83.4957275390625,54.18549346923828,97.22753750473447,-0.3227070614343829,-0.26800298851145665,0.0408747934649979,-1.3383327054550302
2018-08-14,84.10765838623047,54.5431022644043,97.86921150856662,-0.3207128167717125,-0.26947649798556667,0.04115857820729661,-1.2448515234926802
2018-08-15,85.17860412597656,53.70274353027344,96.36131695766574,-0.2864048312695245,-0.2702220380811467,0.041051401690306896,-0.39420805434273115
2018-08-16,85.59254455566406,54.17655944824219,97.21150677758129,-0.29011654299578543,-0.2706745811933608,0.041119639647899005,-0.47281449859247526
2018-08-17,86.18649291992188,54.78448486328125,98.30233547187652,-0.2938824008800655,-0.2711830115518794,0.04121635620286072,-0.5507374115378642
2018-08-20,88.89530181884766,55.32983016967773,99.28087378233401,-0.26546310537715917,-0.2709136787499818,0.04119977437894626,0.13229619469974452
2018-08-21,88.04937744140625,55.15103149414063,98.96004704774963,-0.2739771843722744,-0.2708475893940844,0.041191487756335576,-0.07597674055141856
2018-08-22,89.20130157470703,55.28512573242188,99.20065854257822,-0.2602227486469521,-0.2707635895654901,0.041208205220629644,0.25579471035203116
2018-08-23,90.06523132324219,54.6235580444336,98.01357703648624,-0.23495411395860114,-0.2693642016185808,0.0409702015003467,0.8398808499804059
2018-08-24,92.342041015625,55.115264892578125,98.89586938003474,-0.2140593716338783,-0.2674458962210626,0.04081738077421321,1.3079360697468305
2018-08-27,91.0191421508789,55.68742370605469,99.9225204066151,-0.24298437278017573,-0.26601005331150707,0.040119859453285535,0.5739222630662952
2018-08-28,90.20023345947266,56.06290817260742,100.59626955452914,-0.26173864634672844,-0.2645926380982911,0.03869479138754584,0.07375648373391207
2018-08-29,90.68616485595705,56.51884841918945,101.4143842303628,-0.26399914830688603,-0.26347897151318433,0.03770535028778374,-0.013795835066681035
2018-08-30,90.84864807128906,56.38666534423828,101.17720202430607,-0.25912774007741757,-0.2621513015392281,0.03638812509543902,0.08309198272459284
2018-08-31,90.99310302734376,55.85617065429688,100.22531086193027,-0.24666769237033764,-0.2614575567077966,0.03627791791534821,0.40768228132523954
2018-09-04,93.89079284667967,54.849098205566406,98.4182741808947,-0.18894645265131718,-0.2599222991178791,0.037366998273000614,1.899425957311783
2018-09-05,93.2588882446289,54.54338073730469,97.8697111853737,-0.19112037669563456,-0.2585187288804861,0.038347038482266275,1.7575894997998387
2018-09-06,92.88878631591795,53.97690582275391,96.85325904156801,-0.18492354478627973,-0.2573147384928453,0.03950684637609304,1.8323708507994705
2018-09-07,94.17967224121094,54.09379577636719,97.06300009256191,-0.17090926713899102,-0.25561398236134864,0.04099078204677493,2.0664332562794328
2018-09-10,93.34915924072266,54.66926193237305,98.09558563683731,-0.19238820631032383,-0.2540843967741831,0.04161495483295542,1.4825485384163208
2018-09-11,93.91788482666016,54.633296966552734,98.0310520349585,-0.18448049752249995,-0.25224005027706403,0.04221241707558258,1.6052042846359307
2018-09-12,93.43038940429688,55.01994323730469,98.72482932448237,-0.19808641437728086,-0.25097916337411436,0.04268655872169861,1.2390961131740712
2018-09-13,93.94493865966795,55.1907844543457,99.03137762318227,-0.19478739499305514,-0.2503032744181528,0.04325563354916336,1.283436973868377
2018-09-14,94.06231689453124,55.68532180786133,99.91874887345482,-0.2027303124065088,-0.24952341389977,0.04368958792329177,1.0710355422765363
2018-09-17,94.58588409423828,55.09188079833984,98.85391021801551,-0.18481486113874418,-0.24871381221845823,0.04443727992584445,1.4379582005547284
2018-09-18,95.8586883544922,55.55944442749024,99.69288126687897,-0.17783514583602858,-0.2478367600266281,0.045314345868347726,1.5448002801138516
2018-09-19,96.53573608398438,55.54145431518555,99.66060077616402,-0.16924007901851898,-0.2469439741714462,0.046332099547581516,1.6771071441113503
2018-09-20,96.75236511230467,55.982051849365234,100.45118531339388,-0.17479336130175072,-0.24660756779718193,0.046786854437259065,1.5349227333018018
2018-09-21,96.72528076171876,56.269779205322266,100.96746781819992,-0.1804599359113378,-0.24601404386740972,0.04740261897084784,1.3829216481981106
2018-09-24,95.04625701904295,55.83817672729492,100.19302352632754,-0.1931650755525377,-0.24582529994356958,0.047592923310791645,1.106471734193542
2018-09-25,92.06731414794922,56.04498672485352,100.56411227179404,-0.2358019155391335,-0.24618036706320104,0.04743444928613412,0.21879565759186215
2018-09-26,89.25086212158203,56.93516159057617,102.16139421206015,-0.2926961418666891,-0.2476044999749554,0.04752838645269522,-0.948730753496401
2018-09-27,88.24884796142578,56.77330780029297,101.87097246894217,-0.3040830111462862,-0.24889331819252405,0.0479995261142587,-1.1497966213747173
2018-09-28,86.62395477294922,56.45861053466797,101.30629660761477,-0.3220263126818285,-0.25055561382639424,0.0487831842418941,-1.4650683420139794
2018-10-01,87.5898666381836,56.34171295166016,101.09654186684533,-0.30505270946260915,-0.2513737174434814,0.049284480837807204,-1.0891662265000346
2018-10-02,87.21976470947266,56.08995056152344,100.64479296391808,-0.30541104133862834,-0.25237198069606454,0.049768031729696766,-1.0657255028817063
2018-10-03,86.33511352539062,55.80220413208008,100.12847623467319,-0.31280683510220864,-0.25335012633352394,0.050375955813753565,-1.1802596657124254
2018-10-04,86.14553833007812,54.26464080810547,97.36955523614958,-0.2836695700156066,-0.2537909850963313,0.05052589955322385,-0.5913518647560404
2018-10-05,87.75236511230469,53.55430221557617,96.09496183994085,-0.24563950624959752,-0.25355513627705745,0.05053044739753743,0.156650701411476
2018-10-08,90.1987075805664,53.338497161865234,95.70773284911688,-0.20756257690957122,-0.2524211990153879,0.05079011043561062,0.8832156835470241
2018-10-09,91.5347137451172,53.02379608154297,95.14305014290173,-0.1837683936545505,-0.25108372148312696,0.05153078675352488,1.3063128290773063
2018-10-10,92.04022979736328,51.3603401184082,92.15823415825119,-0.14483726628043003,-0.2493652123191121,0.053325221548514386,1.9601971262995
2018-10-11,90.99310302734376,50.38024139404297,90.39959767862474,-0.1386846380903571,-0.24766692485275957,0.05519935639074915,1.9743398091624629
2018-10-12,90.37020111083984,50.90177154541016,91.33540335474524,-0.1568885869502565,-0.24619067269051256,0.05642998678286459,1.582528914704147
2018-10-15,89.60291290283203,49.903690338134766,89.54450007417937,-0.14680815227957103,-0.24439936958322447,0.05785649702555752,1.6867806092813313
2018-10-16,92.78947448730467,50.76688766479492,91.09337496814861,-0.12411700201195136,-0.24228337669784186,0.05989393138058971,1.97292733941632
2018-10-17,92.6540756225586,50.200416564941406,90.07692966923067,-0.11478939146490554,-0.23993138197441594,0.06208070769765895,2.0157951664946867
2018-10-18,93.24986267089844,49.78679656982422,89.33475217829769,-0.09970781888438829,-0.23831112084398143,0.06444578534155113,2.1506961428900344
2018-10-19,94.7032470703125,48.05141067504883,86.22086898988952,-0.04995048191800276,-0.23573956625651826,0.06876201492520967,2.701914487825765
2018-10-22,94.2699203491211,47.52988052368164,85.28506331376903,-0.0448498721519512,-0.23273631814041876,0.07303911113391409,2.5724087146129935
2018-10-23,96.39128875732422,47.50291442871094,85.23667680213546,-0.021352956082762393,-0.22808063397302403,0.0774062744635329,2.670683731041128
2018-10-24,95.50662994384766,45.71358108520508,82.02599321090906,0.0028038453698059134,-0.22315641242161213,0.08246167901714126,2.74018502272368
2018-10-25,96.3190689086914,46.94542694091797,84.23635121391169,-0.01173322405220087,-0.21833315918744273,0.08620237191258567,2.396685039534022
2018-10-26,96.52669525146484,46.90047836303711,84.1556979013387,-0.008721458436606391,-0.21364306234280758,0.0898098685495797,2.28172702193717
2018-10-29,98.31407165527344,46.549800872802734,83.52646105858142,0.016017642839866893,-0.2081240944864775,0.0935642424208456,2.395591857818611
2018-10-30,101.05831909179688,46.42391204833984,83.30057291734225,0.04497299484608957,-0.20164567751156595,0.09739420275741083,2.5321699379985945
2018-10-31,101.87073516845705,48.339134216308594,86.7371446498078,0.01885467504174061,-0.19654426789687382,0.10079232688151368,2.1370569526768284
2018-11-01,99.74935913085938,50.03856658935547,89.78651477100047,-0.03258172863709568,-0.19185325924420923,0.10177610035479696,1.5649207431988887
2018-11-02,101.3291015625,49.56200408935547,88.93139663189179,-0.008044539698931118,-0.1862428838852979,0.10248514652234614,1.7387724000327396
2018-11-05,101.22981262207033,48.90561294555664,87.75360363850129,0.0026015860936884874,-0.18070055149296033,0.10356852378518606,1.7698633801794852
2018-11-06,101.5006332397461,47.889556884765625,85.93044724677155,0.02322483128377843,-0.17493501994765764,0.10514599532646765,1.8846162482571953
2018-11-07,100.40831756591795,48.89662551879883,87.73747708291934,-0.005398063038257016,-0.16967977405210005,0.10561520313040117,1.5554740808575391
2018-11-08,99.11748504638672,48.52796936035156,87.07598028411043,-0.011817754939608197,-0.16510332277993475,0.1064176884530194,1.4404143716013722
2018-11-09,98.30503845214844,47.934513092041016,86.01111424912007,-0.009347707118834021,-0.16042384218198558,0.10699884323678432,1.4119417602377802
2018-11-12,97.13151550292967,47.37703704833984,85.01080919555959,-0.011243977794022392,-0.15571320179721818,0.10724504112162421,1.3470946767539251
2018-11-13,98.83763885498048,48.51897430419922,87.05984003875295,-0.01451928750202964,-0.1515308048326327,0.10778427649406401,1.271164234591756
2018-11-14,98.93693542480467,48.90561294555664,87.75360363850129,-0.020513260449874005,-0.1473064061005927,0.10787086706315606,1.175416023832311
2018-11-15,99.0362319946289,49.06745910644531,88.04401169184372,-0.022422406055594035,-0.14334306705740338,0.10802030124380847,1.119425326623409
2018-11-16,99.39729309082033,49.40914535522461,88.65711513413129,-0.024876662907071554,-0.13984177620654456,0.10840452380547554,1.0605195176704065
2018-11-19,100.1285171508789,48.42906188964844,86.89850603405591,0.0001713818053688672,-0.13627126364922376,0.10944168212991975,1.2467155365230924
2018-11-20,99.29802703857422,48.03342056274414,86.18858849917459,-0.001041434301055772,-0.13223888134123843,0.10989943308243783,1.1937954852029924
2018-11-21,97.46550750732422,49.17536163330078,88.2376261872557,-0.040885947168712904,-0.12855800302160486,0.10918476609235143,0.8029696723326453
2018-11-23,96.94195556640624,49.1663703918457,88.22149278678599,-0.04634100998805607,-0.12493036738295767,0.10822005369941341,0.7261995786214213
2018-11-26,96.8336181640625,50.04755401611328,89.8026413265824,-0.06384016409291755,-0.12167557444988268,0.10704590167165993,0.5402860777833671
2018-11-27,97.42940521240234,49.27427291870117,88.41510728219797,-0.043093283505398344,-0.11828266763546703,0.1062402232172637,0.7077299148393605
2018-11-28,95.9038314819336,50.4881477355957,90.59321901892449,-0.0823975259973246,-0.11650685219123381,0.1059290839189118,0.3220015215086703
2018-11-29,96.71863555908205,50.56007385253906,90.72227937779435,-0.07461328096475026,-0.11456506726238574,0.1056055131395536,0.378311558837281
2018-11-30,97.43387603759766,49.39116668701172,88.62485517807966,-0.04519814083520011,-0.11223631052986775,0.1055682772531723,0.6350219160429953
2018-12-03,95.17955017089844,50.02058029174805,89.75424112517328,-0.08181948591978833,-0.11075148084288103,0.10535536256090941,0.27461340571407705
2018-12-04,94.06595611572266,48.58191680908203,87.17278068692865,-0.06718345024012844,-0.10866473490837777,0.10495016901739004,0.39524743082001107
2018-12-06,93.81246185302734,48.59090423583984,87.18890724251057,-0.07023902976335071,-0.1067607104457253,0.10458705943187725,0.3491988481248292
2018-12-07,94.4643096923828,48.186279296875,86.46286999693508,-0.05516804423075437,-0.10437873760994985,0.10409820317641787,0.4727333602079266
2018-12-10,95.4783172607422,47.59282684326172,85.39801080683249,-0.03280896172814162,-0.10167909705553463,0.10381379535964998,0.6634006115353069
2018-12-11,93.59517669677734,47.69173812866211,85.57549190177477,-0.055485403191305724,-0.09922501523528124,0.10312261095214215,0.4241515186642675
2018-12-12,94.60012817382812,48.37510299682617,86.80168509657439,-0.05723467756388274,-0.09709867884236689,0.10264207919230578,0.388378738936072
2018-12-13,93.1244125366211,48.12333679199219,86.34992934875939,-0.06913727074939861,-0.09528704759092306,0.1021510124730352,0.2559913622826519
2018-12-14,91.34089660644533,47.88056945800781,85.91432069118962,-0.08524412705381339,-0.09388711505817796,0.10169488698849095,0.08498940566542658
2018-12-17,90.77954864501952,47.763671875,85.70456595042016,-0.08964429034569653,-0.09246796387557706,0.10113931437413072,0.027918654060035457
2018-12-18,89.76553344726562,48.1053581237793,86.31766939270774,-0.10878325434297678,-0.09127335251610437,0.1005036865496686,-0.17422148806669968
2018-12-19,88.79681396484375,47.41300201416016,85.07534279743844,-0.10688874205708848,-0.08983541362451355,0.09963461438763535,-0.1711586734930069
2018-12-20,87.59270477294922,46.711647033691406,83.81686911192385,-0.10773745683754456,-0.08770100597948707,0.09780967755457763,-0.20485141510539362
2018-12-21,86.98613739013672,45.92937850952149,82.4132085119575,-0.09932527517407883,-0.08447815820127688,0.09405427223424562,-0.15785691197338333
2018-12-24,82.5951919555664,46.19013214111328,82.88109081535444,-0.1634326339217748,-0.08213398524753504,0.09016030642218337,-0.9017122046319569
2018-12-26,85.21163940429688,47.72771072387695,85.64003919342912,-0.1600867064086686,-0.07943499180964905,0.08514147691992847,-0.9472670373673299
2018-12-27,86.56967163085938,47.29610824584961,84.86559490155673,-0.13294233378355116,-0.07656648554833141,0.08016520821384776,-0.7032458281007916
2018-12-28,87.10382080078125,48.186279296875,86.46286999693508,-0.14433236098439717,-0.0738818408757609,0.07489553402628753,-0.9406504810274654
2018-12-31,88.57051086425781,49.08544921875,88.07629218255866,-0.14359894850982682,-0.07106170943255452,0.06867378718792584,-1.0562580286823868
2019-01-02,86.8141098022461,48.159305572509766,86.41446979552596,-0.14759364501060776,-0.06879377734913787,0.0635924094157525,-1.2391395197230934
2019-01-03,86.54249572753906,47.0533332824707,84.42997255421143,-0.12826447451208475,-0.06683752682017932,0.059749252120066605,-1.0280789384353712
2019-01-04,89.05032348632812,49.17536163330078,88.2376261872557,-0.13924883286489279,-0.0656989644194347,0.057635689958940785,-1.2761167342293367
2019-01-07,87.41163635253906,48.72578430175781,87.43092878421945,-0.15137736684277042,-0.0651591139725717,0.056654379590032215,-1.5218285593117322
2019-01-08,84.66842651367188,50.00259780883789,89.72197432423388,-0.21574038249544178,-0.06634083257615522,0.05903399305433759,-2.530737668071553
2019-01-09,84.01658630371094,50.146461486816406,89.9801155766369,-0.22824517190439253,-0.06783350813972247,0.06195425210741885,-2.589195387050136
2019-01-10,82.88488006591797,50.02957534790039,89.77038137053076,-0.2424851456551958,-0.06926011745147147,0.06495261721144464,-2.6669445457419085
2019-01-11,82.74002838134766,50.45218276977539,90.52868541704566,-0.25382524465289175,-0.07104373565769347,0.06849117440525013,-2.668687032780494
2019-01-14,83.47335052490234,50.0108642578125,89.73680719602763,-0.23332365910123307,-0.0728638466091815,0.07131817595032394,-2.249914700620196
2019-01-15,83.94414520263672,50.76807403564453,91.09550372824452,-0.24259237362217995,-0.07499389631180274,0.07443213788962798,-2.251695061599619
2019-01-16,84.17047882080078,50.58990859985352,90.77581324502964,-0.2354529237882394,-0.07725631472686693,0.07720736497790842,-2.0489833982371723
2019-01-17,84.67747497558594,51.11549377441406,91.71889503684774,-0.23919313817383248,-0.08041035899779742,0.07989173837455733,-1.9874743297186999
2019-01-18,86.08981323242188,51.48073196411133,92.37425881621633,-0.22647623176903853,-0.08343746499141555,0.0819362702422995,-1.7457319738210317
2019-01-22,88.05443572998047,50.99968338012695,91.51109108909223,-0.18930910330302594,-0.08623673411175328,0.0826452243729644,-1.247166669015549
2019-01-23,88.91452026367188,51.249114990234375,91.95865776559309,-0.18283839764862517,-0.08933077149539378,0.08273021563395463,-1.1302717566573515
2019-01-24,86.99518585205078,51.43618774414063,92.29433106174679,-0.21279333952988366,-0.09268177342002183,0.08360124275839505,-1.4367198638060976
2019-01-25,86.94084167480469,50.58100128173828,90.75983043209082,-0.19590148128283763,-0.09580144046745902,0.08390692320116608,-1.1929890525885414
2019-01-28,87.57459259033203,51.0887565612793,91.67091921848026,-0.19765067729066296,-0.09936257913630119,0.08361440868418527,-1.1754923547399538
2019-01-29,86.49723815917969,51.623268127441406,92.63001804767602,-0.22365605204272068,-0.10383972991778136,0.08294415190507297,-1.4445421331459922
2019-01-30,84.66842651367188,52.26465225219727,93.78088325258635,-0.26367925528997815,-0.10854862875664333,0.083875264625738,-1.8495396375265964
2019-01-31,84.44210052490234,51.40946960449219,92.24638946781815,-0.2488940910168681,-0.11215383479630622,0.0851931573179417,-1.605061492324388
2019-02-01,85.14827728271484,51.57872009277344,92.5500834483187,-0.2421030434701867,-0.11605480985916047,0.08570243794339127,-1.470766020615241
2019-02-04,84.84043884277344,52.14884948730469,93.57309299460637,-0.2586679814715147,-0.12040930265191387,0.08620738143952207,-1.6037916534629328
2019-02-05,86.09888458251953,52.763519287109375,94.67602345047581,-0.25308097641911864,-0.12501439944696216,0.08578349154368718,-1.492904691422308
2019-02-06,86.04456329345703,52.710060119628906,94.58009919329191,-0.25275724552690515,-0.1291370524884396,0.0858812767983984,-1.4394312433041396
2019-02-07,86.00835418701172,52.12211608886719,93.52512402112664,-0.24101868871745147,-0.13295706805140367,0.08567163963040102,-1.2613464751257262
2019-02-08,85.69146728515625,51.85487747192383,93.04560540852373,-0.24001210022126582,-0.13680147460311087,0.08520492729439647,-1.2113222661589271
2019-02-11,85.21163940429688,51.9439582824707,93.20544722768729,-0.24887044636657715,-0.1407619157459868,0.08479152522648102,-1.2749921685195407
2019-02-12,85.10299682617188,52.015228271484375,93.33333026586102,-0.25196744122034787,-0.1447193849746254,0.08433954138411565,-1.2716224737015391
2019-02-13,86.00835418701172,53.0040397644043,95.10760046915009,-0.25941779032777407,-0.14870112713925707,0.08401509577766217,-1.3178186867931205
2019-02-14,83.87171173095703,53.35146331787109,95.73099862264107,-0.2989343759060861,-0.15330965997009863,0.08455296624397068,-1.722289854572331
2019-02-15,84.68653106689453,53.868141174316406,96.6580976015204,-0.29738397745347805,-0.15785144854587208,0.08485558475216474,-1.6443529240312775
2019-02-19,85.24786376953125,54.30464553833008,97.44133757417494,-0.2980288724197805,-0.16282145278295787,0.08417336672454968,-1.6062969190632188
2019-02-20,86.14415740966797,53.8503303527832,96.62613882053056,-0.27506023663292667,-0.1673884328218224,0.08266714102387143,-1.302474023868956
2019-02-21,85.86347198486328,53.93049240112305,96.76997729209201,-0.28090357471528116,-0.17138872661426519,0.08224809344405143,-1.3315183795173626
2019-02-22,87.45690155029297,54.29573440551758,97.42534791634837,-0.26505966785833973,-0.17503403757876995,0.08145500992948623,-1.1052190694900528
2019-02-25,86.3704833984375,55.23110580444336,99.1037280868924,-0.30040465884099765,-0.17897677915790458,0.08170650269948211,-1.486147071178739
2019-02-26,85.91780090332031,55.55179977416992,99.67916411179144,-0.3139537306082687,-0.18349111994295242,0.08155406848367161,-1.5997069562683672
2019-02-27,85.23880004882812,54.62533187866211,98.01675990929844,-0.3049176050855541,-0.18719978792775624,0.08193756640893267,-1.436677000758037
2019-02-28,87.11906433105469,53.868141174316406,96.6580976015204,-0.2611585002197995,-0.19030887491534043,0.08112830461912733,-0.8733034128726898
2019-03-01,87.38248443603516,54.634254455566406,98.03277010178833,-0.2730883280619698,-0.19410704470245324,0.0795385051092817,-0.9929943145272904
2019-03-04,88.59967041015625,54.11756896972656,97.10565743313347,-0.24513452288500095,-0.19682896198520677,0.07841727061987645,-0.6160066592211915
2019-03-05,88.02741241455078,54.50062561035156,97.79299368326744,-0.2610372331665077,-0.2000598583673131,0.07696524126803012,-0.79227159942034
2019-03-06,86.1108169555664,54.10866165161133,97.08967462019467,-0.28093693023370186,-0.20357149004181896,0.07573851238469365,-1.0214808524218921
2019-03-07,84.23053741455078,53.25346755981445,95.55516030076318,-0.2913132760418352,-0.20750724390533698,0.07401198276893517,-1.1323305902794147
2019-03-08,83.8672103881836,53.05747985839844,95.20349050189515,-0.2927142909710414,-0.21183899939271864,0.07116506793385799,-1.1364464887954526
2019-03-11,85.83828735351562,53.88595199584961,96.69005638251024,-0.28034832336148396,-0.21558671472888824,0.06866868441758757,-0.9431025099995777
2019-03-12,86.89197540283203,53.69887924194336,96.35438308635653,-0.2609591793624964,-0.21898212309219853,0.06567762433438329,-0.6391378600507969
2019-03-13,87.0464096069336,54.0908432006836,97.05770214942932,-0.26680185384039773,-0.22227653281038182,0.06293412330662203,-0.7074909236930752
2019-03-14,86.53772735595703,54.233375549316406,97.31345453600122,-0.2772036985921337,-0.22547585900268716,0.06068905197311198,-0.852342192004652
2019-03-15,88.16365814208984,54.473899841308594,97.74503839956327,-0.25854452558583313,-0.2282908629233561,0.05814569188111435,-0.5203078970035162
2019-03-18,87.0464096069336,54.9015007019043,98.51230240416679,-0.28351248281758196,-0.23120301673126623,0.05640845110123148,-0.9273338491858313
2019-03-19,86.75572204589844,55.293453216552734,99.21560093257625,-0.2959197294661478,-0.23435353318808386,0.054597379456192204,-1.127640133854105
2019-03-20,86.01087951660156,54.66097259521485,98.08071169571697,-0.293947500967249,-0.23745703392357895,0.05253142142224818,-1.0753652864177992
2019-03-21,86.029052734375,54.92821502685547,98.56023715320765,-0.29924815526105125,-0.24078908192502846,0.04989566592871782,-1.1716262775115351
2019-03-22,86.692138671875,54.037391662597656,96.96179158202095,-0.27087235567933915,-0.24257974395432122,0.04899215888691628,-0.5774926512285966
2019-03-25,86.51956176757812,54.037391662597656,96.96179158202095,-0.2734073109243599,-0.24446842069624938,0.04793089622505877,-0.6037627607092593
2019-03-26,86.08357238769531,54.26900100708008,97.37737894286866,-0.2846844849280566,-0.24699745654865782,0.04590712443932562,-0.8209407328313244
2019-03-27,85.63847351074219,54.055213928222656,96.99377089767408,-0.2868821370880101,-0.24937328615038468,0.04415925960055758,-0.8493994527288631
2019-03-28,85.52949523925781,54.66074752807617,98.08030784733864,-0.3012254830546474,-0.25200039505946503,0.04241416257851917,-1.1605813955198219
2019-03-29,86.692138671875,55.13001251220703,98.9223317161467,-0.2934873258964921,-0.2544319564075631,0.04046432967486304,-0.9651801921036322
2019-04-01,87.95475006103516,55.60831069946289,99.7805642791899,-0.28467666739504377,-0.25703882628894575,0.03709655733633852,-0.7450244198004037
2019-04-02,87.65499877929688,56.37538528442383,101.15696169117544,-0.304772279900745,-0.25979755040620994,0.03423262541461111,-1.313797260648873
2019-04-03,86.92829132080078,57.1514892578125,102.54956095250834,-0.3317000726044722,-0.26280292883557166,0.03242032853799199,-2.1251217022110973
2019-04-04,86.97373962402344,56.84465026855469,101.9989855599835,-0.3246738264769869,-0.2646184862352641,0.032788209495883784,-1.8316138991750093
2019-04-05,87.06455993652344,57.18757247924805,102.61430674590798,-0.33035942226250714,-0.26632039040789934,0.0335104330428315,-1.9110177350664506
2019-04-08,86.82838439941406,57.22367477416992,102.67908676374644,-0.3347241052122268,-0.2678577064005165,0.034499606266313446,-1.9381786068961855
2019-04-09,86.21072387695312,56.826602935791016,101.96660239595202,-0.336022343010716,-0.2692276580398136,0.035548975234024935,-1.8789482546594287
2019-04-10,87.3279800415039,57.2507438659668,102.72765808734977,-0.3276444610654237,-0.2707996714058834,0.03601675715122647,-1.578287279469984
2019-04-11,87.11906433105469,57.71099090576172,103.55350064147373,-0.34030768636980946,-0.27242825995167724,0.036917630578111364,-1.8386723458460046
2019-04-12,87.33708953857422,58.06294250488281,104.18502367674562,-0.34419265867199755,-0.2742405888664065,0.03773180483632673,-1.8539285387759634
2019-04-15,88.73591613769531,58.06294250488281,104.18502367674562,-0.3230029022899711,-0.27563741826834215,0.037962967714508286,-1.2476760083097322
2019-04-16,89.86226654052734,58.28853988647461,104.5898234944706,-0.3109248068223058,-0.27704489451923,0.03767378855767265,-0.899296662219436
2019-04-17,91.56085205078124,58.72172927856445,105.36711525965457,-0.29509461210204585,-0.278807986332547,0.03593337997587832,-0.453245026781001
2019-04-18,91.97869110107422,58.78489303588867,105.48045291132081,-0.2904434973060772,-0.28060140466017114,0.033676804419474016,-0.2922513823851638
2019-04-22,91.80609130859376,58.73976516723633,105.39947788902272,-0.2919875697692888,-0.28192130849749464,0.03250571905074048,-0.30967662201476065
2019-04-23,91.85153198242188,58.55928802490234,105.07563940382028,-0.28782272610589177,-0.28345332924454547,0.03048625010736508,-0.14332352604726248
2019-04-24,92.06044006347656,58.48708724975586,104.94608621303111,-0.28349307305444277,-0.2848840358406085,0.028329288463585848,0.04909981371235876
2019-04-25,92.41468811035156,58.65855407714844,105.253757073325,-0.2819023729501726,-0.2858548078557327,0.027169850851304977,0.1454713508436591
2019-04-26,92.24211883544922,58.97440719604492,105.82050693564618,-0.2904447485510891,-0.2863008994100845,0.027018894670947573,-0.1533685663855192
2019-04-29,91.74253845214844,59.398555755615234,106.58157631681945,-0.3057675234273928,-0.28724878995026,0.02667983109018298,-0.6941098470427303
2019-04-30,92.29661560058594,59.66025924682617,107.05116299727068,-0.3030165096031101,-0.2882640143858087,0.02608513816481658,-0.5655517377017184
2019-05-01,91.77886962890624,60.35514068603516,108.29802090824258,-0.3239525863669698,-0.2893520911340663,0.026191066498939777,-1.3210800420938995
2019-05-02,90.74334716796876,59.82270050048828,107.34263885310496,-0.32853254289526873,-0.29060961724200207,0.02623136226797145,-1.4457093484454915
2019-05-03,91.72434997558594,59.68733215332031,107.09974116576176,-0.31167560313667914,-0.29159158986883166,0.025890936547288065,-0.775715981967874
2019-05-06,93.622802734375,59.26318359375,106.33867178458848,-0.2769487689293256,-0.2921904245390296,0.025104990664263065,0.6071165615448929
2019-05-07,92.45104217529295,59.16392517089844,106.1605678048593,-0.2912068475042672,-0.2930436703270796,0.024153492575326733,0.07604791800125815
2019-05-08,93.2230987548828,58.92026519775391,105.72335744355179,-0.2758233736368581,-0.2934928857815843,0.0235614013004306,0.7499346884942387
2019-05-09,94.10421752929688,58.577335357666016,105.10802256785175,-0.257338688797879,-0.2935824065745431,0.023410674379161996,1.5481705990035408
2019-05-10,93.94071197509766,58.324649810791016,104.65461720208461,-0.254700604612347,-0.2935037868126193,0.023534944618970502,1.6487475466160528
2019-05-13,93.6863784790039,57.09732818603516,102.45237723597512,-0.23460026979996532,-0.29243155171085067,0.024719057084826784,2.33954239081327
2019-05-14,95.43946075439452,57.72001266479492,103.56968880104559,-0.22362950071941906,-0.29120231043194966,0.026254752228171755,2.5737363325799714
2019-05-15,94.35855102539062,58.68562316894531,105.30232839692833,-0.2560088939456292,-0.2905019774573805,0.026627358015448244,1.2954001479132715
2019-05-16,95.6029815673828,58.71269226074219,105.35089972053164,-0.24016791827512643,-0.2899204388180838,0.027341758718934638,1.8196532657024334
2019-05-17,96.09347534179688,58.71269226074219,105.35089972053164,-0.23383767950523743,-0.2891360072312497,0.028264425295512482,1.956463899331148
2019-05-20,97.77391052246094,57.92757797241211,103.94213283429019,-0.19822336162121426,-0.2880220687939643,0.030461082140081693,2.9479815181808644
2019-05-21,97.50141143798828,58.90221786499024,105.69097427952032,-0.21950875824940153,-0.2866738037841044,0.03167002808539091,2.120776317394094
2019-05-22,97.9101791381836,59.398555755615234,106.58157631681945,-0.22351351291610572,-0.28516646682256835,0.032491238482349916,1.8975255110682876
2019-05-23,96.47499084472656,58.93829727172852,105.75571322803218,-0.23315444859998044,-0.28397041421447544,0.03306758978965656,1.5367302527258906
2019-05-24,97.14713287353516,59.227088928222656,106.27390545652555,-0.22995659092540166,-0.28345038239290216,0.03367223567751351,1.588661708709289
2019-05-28,95.8300552368164,59.019527435302734,105.90146826816873,-0.24297454368148624,-0.28294848598656075,0.03405159475721658,1.1739227660285367
2019-05-29,97.43782806396484,58.33367538452149,104.67081220654424,-0.20983467570666828,-0.2823601552002552,0.035007534464189465,2.0717105789833896
2019-05-30,97.10986328125,58.82099151611328,105.54522608427152,-0.2229249736569872,-0.2817249508750965,0.03573911720461928,1.6452554460553215
2019-05-31,98.87716674804688,58.80294799804688,105.51284976512783,-0.20073930696702316,-0.2803883238206518,0.03723736155636304,2.1389543599395644
2019-06-03,99.42376708984376,57.87342834472656,103.84496965242025,-0.17736255615245727,-0.27848914515582895,0.03950738744297898,2.5596880874324506
2019-06-04,100.15253448486328,58.261474609375,104.54125901575505,-0.17574767860055276,-0.2765397016163208,0.04162272449346013,2.4215623614836828
2019-06-05,101.0452651977539,58.34270095825195,104.68700721100384,-0.16680240178546593,-0.27464726959005387,0.04396213931527774,2.4531305683549767
2019-06-06,101.1819305419922,58.72172927856445,105.36711525965457,-0.1719480497679045,-0.27316375076347726,0.04589140242008511,2.2055482216266737
2019-06-07,101.40054321289062,60.7431869506836,108.99431027157739,-0.20519237185729863,-0.27213692606375894,0.04671797836150189,1.4329505803621458
2019-06-10,101.23657989501952,60.49953079223633,108.5571067551576,-0.2028256761757024,-0.2708972923568185,0.047560447942771415,1.4312652450840109
2019-06-11,98.41259002685548,60.59880828857422,108.73524495932564,-0.2391513711490816,-0.27057407311620596,0.04771147762425307,0.6585983820201644
2019-06-12,98.11194610595705,60.58074188232422,108.70282757085532,-0.2426180839382795,-0.2698924998015509,0.04781549693522837,0.5704095452613982
2019-06-13,97.71112060546876,60.6439208984375,108.81619260207265,-0.2488756935413512,-0.2691084325361376,0.04776715892875489,0.42357007300693117
2019-06-14,98.1483917236328,60.56270217895508,108.67045809659939,-0.2418268589727315,-0.2682397551695623,0.0477817098134147,0.5527825668016457
2019-06-17,97.2009735107422,60.77025604248047,109.04288159518069,-0.25776242860833404,-0.26754832639201703,0.047625300361930294,0.2054768727822122
2019-06-18,96.87303161621094,60.54465103149414,108.63806808768017,-0.25784149587896393,-0.2673311453953441,0.0476395947292507,0.1991966886014147
2019-06-19,96.7819366455078,60.92367935180664,109.31817613633088,-0.26605264674462376,-0.2672085676590152,0.047633157057614194,0.024267148889444725
2019-06-20,97.5471420288086,60.75221633911133,109.01051212092476,-0.2529671345533968,-0.2666799451527709,0.04761191733249538,0.28801214837897327
2019-06-21,96.9641342163086,59.81368255615234,107.32645753842085,-0.2431329318148222,-0.265950791731551,0.047632281292751204,0.47904192907513077
2019-06-24,97.79309844970705,60.68903350830078,108.89714024481967,-0.2486565319167493,-0.2650746425459194,0.04745559001182016,0.34596789598613553
2019-06-25,97.92976379394533,60.04831314086914,107.74746605038102,-0.23517419296220507,-0.26410275699701463,0.047460961834616074,0.6095233412170391
2019-06-26,96.42665100097656,60.20172500610352,108.02274005686792,-0.2572830198823857,-0.26364619620513696,0.04739140077142506,0.1342685850000863
2019-06-27,96.61795806884766,60.70708847045898,108.92953709862665,-0.2641789419972596,-0.26296964057341227,0.04708308785651668,-0.025684411938584548
2019-06-28,94.40428924560548,60.35514068603516,108.29802090824258,-0.28713295539888484,-0.2622268552866524,0.046325872673992116,-0.5376282987155686
2019-07-01,97.2009735107422,61.60952377319336,110.54881850817985,-0.27325545155457776,-0.26136988237127895,0.04562133084044413,-0.2605265774658646
2019-07-02,98.81342315673828,60.77025604248047,109.04288159518069,-0.2372381059205173,-0.2598178604322458,0.04481133776137048,0.503884856818386
2019-07-03,100.20719909667967,61.59148406982422,110.51644903392392,-0.23473464042573372,-0.2581513693524709,0.04382687326549824,0.5343006968551303
2019-07-05,100.57158660888672,61.52831268310547,110.40309769248213,-0.2291339211341818,-0.25636989565452867,0.042767522772959914,0.6368377861148184
2019-07-08,100.77198028564452,61.519287109375,110.38690268802252,-0.22652897411022396,-0.25468463753860865,0.041894664211257676,0.6720584580033194
2019-07-09,101.0999526977539,61.14928436279297,109.72298964383141,-0.21598316590851768,-0.25261256219758715,0.04064386419702793,0.9012281930552258
2019-07-10,101.75584411621094,61.83512878417969,110.95363201568038,-0.22023932880611746,-0.2505466733664891,0.03902813771690435,0.7765511329341384
2019-07-11,102.94009399414062,61.762943267822266,110.82410620444227,-0.20494311110972224,-0.24857901018015166,0.03828218472263351,1.1398487151813632
2019-07-12,103.90574645996094,62.20513534545898,111.61755190475924,-0.20138112730508298,-0.24675328218819798,0.037868339977858066,1.1981553696212845
2019-07-15,103.91484832763672,62.872928619384766,112.81580426768897,-0.21280699733221606,-0.24538182194203412,0.03757687511775716,0.866884872883553
2019-07-16,103.92396545410156,63.08049774169922,113.18825514582134,-0.21628447783232124,-0.2441458382841382,0.03728809338403743,0.7471918761001616
2019-07-17,104.03329467773438,62.90904998779297,112.8806185099663,-0.212049179172426,-0.2428135317741905,0.03697653273229221,0.8319966835315925
2019-07-18,104.33391571044922,62.963191986083984,112.9777680020607,-0.209487998735269,-0.24150795298468009,0.036742591971124644,0.8714669415422573
2019-07-19,104.68008422851562,62.773681640625,112.6377208226231,-0.2022398783963267,-0.2401537330737115,0.0366662137237264,1.0340269917984755
2019-07-22,104.32478332519533,62.5300178527832,112.20050361642781,-0.20214344597564268,-0.238824417624136,0.03657267450838481,1.0029611490426733
2019-07-23,104.5525360107422,62.92709732055664,112.91300167399775,-0.2063394863212479,-0.23742266325363864,0.03617021623317232,0.8593583386953554
2019-07-24,101.71029663085938,63.387332916259766,113.73882369345843,-0.24816934774060495,-0.23646269365885886,0.03507328086726042,-0.3337769889863315
2019-07-25,101.3094711303711,62.43075942993164,112.02239963669862,-0.2361652780352902,-0.2353485064660618,0.03396762168922264,-0.024045591908117857
2019-07-26,101.25482177734376,63.32416534423828,113.62547919690441,-0.2526645929672639,-0.2341603732427334,0.032005991047586974,-0.5781486252688806
2019-07-29,100.61711120605467,63.387332916259766,113.73882369345843,-0.261730465946868,-0.2330470052935934,0.02974987612244034,-0.9641539526155758
2019-07-30,100.71732330322266,63.48661422729492,113.91696874251423,-0.2622438274154494,-0.23222314236490624,0.028178464443271403,-1.0653768984105036
2019-07-31,99.57865142822266,63.30611038208008,113.59308234309741,-0.27342489012602494,-0.2321644110515179,0.02808718901811581,-1.4690141846481923
2019-08-01,104.82583618164062,61.67269515991211,110.66216984962163,-0.1817222287238199,-0.2303396674051771,0.02774067078565111,1.7525689647888625
2019-08-02,106.11029815673828,60.59880828857422,108.73524495932564,-0.14925787589417291,-0.22823024244279902,0.029006619082250714,2.722563643997713
2019-08-05,104.5525360107422,58.3878173828125,104.76796169863863,-0.12843568516885628,-0.22608185904898198,0.03148213699169594,3.1016374112685514
2019-08-06,107.93226623535156,58.15317916870117,104.34693949690295,-0.08919968521130528,-0.22332351039229795,0.03587585933594738,3.738553658744042
2019-08-07,107.5041046142578,58.60440444946289,105.15659389145507,-0.10106907291557518,-0.22109799044422476,0.03915622026480369,3.0653856964978776
2019-08-08,108.2784423828125,58.97440719604492,105.82050693564618,-0.099326470042809,-0.21902627326628127,0.04219079734439636,2.837106922781832
2019-08-09,108.41506958007812,59.15488815307617,106.14435226573639,-0.10092816099113318,-0.21644159438370633,0.044569951770352015,2.5917334168939536
2019-08-12,108.75213623046876,59.073673248291016,105.9986246051509,-0.09617594327803683,-0.21404172813375488,0.047076872287364624,2.503687673561803
2019-08-13,109.97284698486328,58.82099151611328,105.54522608427152,-0.07988544673579479,-0.2114758575875975,0.050079375809306916,2.627636801083042
2019-08-14,108.77945709228516,57.28684616088867,102.79243810518824,-0.0664264385651206,-0.20927924220332925,0.053447723099411856,2.672757516208967
2019-08-15,111.02046966552734,56.68220901489258,101.70750970414922,-0.03512767475363677,-0.20620622414506648,0.057959718071046475,2.9516801510615225
2019-08-16,110.56497192382812,57.26879119873047,102.76004125138122,-0.048911695487641085,-0.2032961938545921,0.06135950413820607,2.5160649606818133
2019-08-19,109.6175537109375,57.557579040527344,103.27822663498685,-0.0627045906621823,-0.20045536288896212,0.0638489478583341,2.157447802153555
2019-08-20,108.81591796875,57.35001754760742,102.90578944663002,-0.06711079155498191,-0.19774126623278845,0.0659985969834698,1.9792916917692147
2019-08-21,108.5608367919922,57.729042053222656,103.58589065039297,-0.07588284147965585,-0.1949564045294246,0.06756430363754472,1.7623738666582054
2019-08-22,109.21674346923828,57.29587173461914,102.80863310964786,-0.06230492079367804,-0.19249757528087477,0.06966548097670389,1.8688258899803352
2019-08-23,109.18029022216795,56.6461181640625,101.64275022097405,-0.0519810938223587,-0.1896485106169643,0.07186091792368116,1.9157480974681296
2019-08-26,109.95464324951172,56.6461181640625,101.64275022097405,-0.04457254134439533,-0.18704573118992052,0.0742411397917549,1.9190598399372638
2019-08-27,109.37158966064452,56.871726989746094,102.04757057336235,-0.05384242692068684,-0.184987062369391,0.07620090892823196,1.7210376791203326
2019-08-28,109.28050231933594,56.70026016235352,101.73989971306847,-0.05190540109288699,-0.18292302441092992,0.07810877681991364,1.6773738964075071
2019-08-29,108.6774444580078,56.64485549926758,101.64048456312277,-0.05682771661313824,-0.18109011299139113,0.07976623242488187,1.5578320875976477
2019-08-30,108.8784637451172,56.9264030456543,102.1456783497443,-0.05951650393030527,-0.17921625389409776,0.08129068394781626,1.4724903783640515
2019-09-03,108.8144989013672,56.5358772277832,101.44493980936015,-0.05369957016550024,-0.17669137386590117,0.08280869525148044,1.4852522833126285
2019-09-04,108.896728515625,57.12621688842773,102.50421357104385,-0.0626312292313263,-0.17435479975016158,0.08402770534496147,1.3296039688359111
2019-09-05,108.92415618896484,56.83558654785156,101.9827221066462,-0.05757599643541216,-0.17132854350493373,0.08491948931779424,1.339534045521934
2019-09-06,108.45816040039062,57.30785369873047,102.83013290212784,-0.06993317408779016,-0.16845046167409225,0.08538742031711057,1.153768168899236
2019-09-09,108.45816040039062,56.65394592285156,101.65679593067445,-0.05911483670200163,-0.16528778072676975,0.08587097033961007,1.236424179264145
2019-09-10,105.2875747680664,56.58128356933594,101.52641450846532,-0.08977023805519709,-0.16275350371147748,0.08581759375044834,0.8504464232417273
2019-09-11,105.06824493408205,57.589393615722656,103.33531299897383,-0.10926154693912375,-0.16027848901699066,0.08517002498441491,0.5990011402157319
2019-09-12,105.1322250366211,56.3996467590332,101.20049517738134,-0.0882804587110383,-0.15745247173085855,0.08468966777402431,0.8167703905084442
2019-09-13,101.47736358642578,56.862831115722656,102.03160829508684,-0.13566666626809565,-0.15527937205624978,0.08352055784764185,0.2348248897466851
2019-09-16,101.42254638671876,55.945533752441406,100.38565920278866,-0.12005184409813931,-0.1530641172153288,0.08264370842084438,0.3994529498734734
2019-09-17,103.68853759765624,57.089881896972656,102.43901601505154,-0.11537754900740818,-0.15093486083520524,0.08192646889673957,0.43401494421312886
2019-09-18,105.68045806884766,56.80833435058594,101.93382222843,-0.08957394056903273,-0.14828348431274332,0.08128196182160143,0.722294866265248
2019-09-19,106.39315795898438,56.681182861328125,101.70566842933957,-0.08013072968871338,-0.14569942659151847,0.08093655636228851,0.81012461920552
2019-09-20,105.58908081054688,56.16350555419922,100.77677608986498,-0.07955885329824537,-0.14273735714844943,0.08003072386850489,0.7894281195558095
2019-09-23,105.91802978515624,56.000038146972656,100.48345895922105,-0.0734367897573909,-0.13955832127778495,0.07890545973443064,0.8379842376299053
2019-09-24,108.0287094116211,56.4904670715332,101.36345826536721,-0.06060981196750774,-0.1357829355539287,0.07712389385770674,0.9747060194485909
2019-09-25,107.75458526611328,55.76390075683594,100.05974671659246,-0.05120907242728028,-0.13208216256847372,0.07573033197145926,1.067908829076206
2019-09-26,107.60840606689452,56.05452346801758,100.58122449121458,-0.05748314245319765,-0.12908624651068507,0.07505236796005979,0.9540419043885737
2019-09-27,105.47943878173828,55.9909553527832,100.4671612814449,-0.07774570575276098,-0.1264697642661355,0.07403642340854648,0.6581092963460198
2019-09-30,104.99517059326172,56.57220077514648,101.51011683068916,-0.09264994849997898,-0.1241950313888988,0.07291689182943985,0.4326169437214497
2019-10-01,105.60736083984376,55.73664474487305,100.01083999348849,-0.07211931066036059,-0.12162153699806774,0.07196253570772317,0.6878888556506837
2019-10-02,103.06721496582033,54.083717346191406,97.04491589907826,-0.06976565580458607,-0.11918457849633554,0.07118445549975552,0.6942375599391807
2019-10-03,106.13732147216795,54.083717346191406,97.04491589907826,-0.038821832702604676,-0.11616095356127701,0.0706703909745758,1.0943638459067768
2019-10-04,106.24693298339844,54.36526107788086,97.55010284081202,-0.04250495182674116,-0.11345365090656065,0.07032215352439085,1.008909646875523
2019-10-07,108.04698944091795,54.1836166381836,97.22416981995252,-0.022120295088150027,-0.11046597036961177,0.07033118723581536,1.2561379773847001
2019-10-08,106.4296875,53.32991027832031,95.69232500675061,-0.023259378803826475,-0.10730684339413861,0.06991212120600819,1.2021873051548773
2019-10-09,107.0418930053711,53.54787063598633,96.08342135916362,-0.021060719324761737,-0.10405311408567929,0.0692944638682343,1.1976771321693218
2019-10-10,106.9779281616211,53.92023849487305,96.75157823377103,-0.027916982823061674,-0.10098424414652321,0.06850338644253057,1.0666226170403958
2019-10-11,105.62561798095705,54.7285385131836,98.20194834786776,-0.05480849616178524,-0.09840625243696513,0.06724991282943231,0.6482946139388761
2019-10-14,105.24186706542967,53.75676345825195,96.45824741335156,-0.042086209435575346,-0.09573702462095263,0.06622938240027529,0.8100757283394852
2019-10-15,105.12310028076172,54.50148391723633,97.7945337830153,-0.05597517954971513,-0.09330088684718715,0.06492448367885427,0.5749095746698855
2019-10-16,105.5159683227539,54.75579071044922,98.25084822608393,-0.05636806360836097,-0.09080136313530572,0.0633670472041681,0.54339441470266
2019-10-17,106.40226745605467,54.9555892944336,98.60935606783244,-0.05093819569964547,-0.08751417726795639,0.06009648057813632,0.6086210243336215
2019-10-18,106.69465637207033,53.08469009399414,95.25231508634587,-0.016594173365966105,-0.08385465885680098,0.05752119791851004,1.1693164941752852
2019-10-21,105.32410430908205,53.73859405517578,96.4256452129115,-0.0409630050301999,-0.08032629905784991,0.053331160022310926,0.7380918399521498
2019-10-22,104.78500366210938,52.81222534179688,94.7634189775005,-0.0304553716146872,-0.07647171415231356,0.04809889411355965,0.9567027139747442
2019-10-23,104.19110107421876,53.03927612304688,95.17082669746519,-0.04023929578251295,-0.07277163862509796,0.04167606918542366,0.780600077657115
2019-10-24,105.71700286865234,53.9293212890625,96.76787591154716,-0.04033148725354081,-0.06888674857722324,0.03251124542453739,0.8783195153185598
2019-10-25,104.25503540039062,54.12913131713867,97.12640428795896,-0.058359001797723326,-0.06683069479512162,0.028961467711210654,0.29251601064814114
2019-10-28,103.4509735107422,54.40158462524414,97.61527986214105,-0.07131066061372138,-0.06553157454044742,0.026874408849910304,-0.21504049095737587
2019-10-29,104.01746368408205,54.156375885009766,97.17529047639962,-0.061246231906318456,-0.06441175031940513,0.025577397947882045,0.12376233186569309
2019-10-30,106.5759048461914,54.63772201538086,98.03899210476963,-0.04387425259125158,-0.06365632644240422,0.02550211059526256,0.7757033982445161
2019-10-31,105.2144775390625,55.02824783325195,98.73973064515378,-0.06404160505738792,-0.06303920197810112,0.02502496561187163,-0.04005612214752722
2019-11-01,104.94035339355467,55.35520935058594,99.32641282065602,-0.07241170905331475,-0.06259062262827621,0.02460111957902085,-0.3992129867704756
2019-11-04,103.72510528564452,55.38245391845703,99.37529900909668,-0.08544743926582998,-0.06233261059952115,0.024271194824595912,-0.9523564387067075
2019-11-05,105.3149871826172,55.97278594970703,100.43455908100486,-0.07911906018394066,-0.06204832921461955,0.02396605217806753,-0.712287983122366
2019-11-06,104.57484436035156,56.00910949707031,100.49973610233388,-0.08737993069613946,-0.06217323728062529,0.02407985264953178,-1.046795999227358
2019-11-07,105.4428939819336,56.127174377441406,100.71158537876042,-0.0804373057995241,-0.06240675173453202,0.024189482814607113,-0.7453881591095495
2019-11-08,104.96776580810548,55.78206634521485,100.09234207214475,-0.07942845225519914,-0.06314509802622473,0.024018218573898593,-0.6779584497024304
2019-11-11,105.16879272460938,55.90012741088867,100.3041845036835,-0.0793794667941017,-0.06365289421466573,0.02403426513975581,-0.6543396474986107
2019-11-12,105.88145446777344,55.95462417602539,100.40197057034034,-0.0730379748958344,-0.0638251172852266,0.024064358961088533,-0.3828424279036376
2019-11-13,107.2703094482422,55.69124221801758,99.9293721392711,-0.05473941141790826,-0.06361892761627538,0.024088717559213033,0.36861722408177944
2019-11-14,107.37995147705078,55.74573516845703,100.02715136104017,-0.054573043796043844,-0.06326376432154851,0.024061914656086345,0.3611815871562985
2019-11-15,109.17998504638672,55.77298355102539,100.0760443943686,-0.03763428120109114,-0.0628525869950054,0.024288302092818712,1.0382901899664085
2019-11-18,110.075439453125,56.16350555419922,100.77677608986498,-0.03555913623394239,-0.06257888770186512,0.024504452693623894,1.102646600834032
2019-11-19,111.93028259277344,56.32699203491211,101.07012744494774,-0.021019296194566845,-0.06218633361603465,0.024981806641566122,1.6478807162397855
2019-11-20,112.67955017089844,54.565067291259766,97.90862437233605,0.013827485869570158,-0.06105850173619704,0.026824447744301202,2.7917065924190956
2019-11-21,112.52417755126952,54.48332595825195,97.76195211723855,0.013769258811425263,-0.05996392407112516,0.028492353208974117,2.587823558895339
2019-11-22,113.09070587158205,55.500518798828125,99.58714828552321,0.002570562037203753,-0.05897395276028613,0.029613029901118432,2.0782917183076037
2019-11-25,113.08155822753906,57.135292053222656,102.52049755904447,-0.023450244972344037,-0.058372848444320106,0.029965777295039436,1.165416238935914
2019-11-26,109.52599334716795,58.12523651123047,104.29680069400071,-0.07289281761920635,-0.05869273590188188,0.030017444369107738,-0.47306098223133203
2019-11-27,108.53632354736328,59.36039733886719,106.5131069044739,-0.10309575543170517,-0.05936714467188819,0.030557142304439525,-1.4310438562660954
2019-11-29,108.95783233642578,58.78823471069336,105.48644903300578,-0.08940584993730728,-0.05989764223025311,0.030800844074243036,-0.9580324369009803
2019-12-02,109.30603790283205,58.45219802856445,104.88348286950294,-0.0804191245617175,-0.060072408071485235,0.030888375987324558,-0.6587175867899886
2019-12-03,110.0300064086914,56.41780853271485,101.23308368804587,-0.040133853793817544,-0.05975605835634883,0.030995362931520876,0.633069037000254
2019-12-04,110.18577575683594,56.73568344116211,101.80346134088418,-0.04383992817270089,-0.05899055319164056,0.030808140900715385,0.49177342663308393
2019-12-05,109.84673309326172,56.953651428222656,102.19457138307273,-0.050622253789511046,-0.058013231639147025,0.030108531753643027,0.24547785691149476
2019-12-06,110.50653076171876,57.662052154541016,103.4656875762952,-0.055851972574088644,-0.05747275687019785,0.02984591406746288,0.05430506475511625
2019-12-09,109.65428924560548,57.35326385498047,102.91161444612078,-0.05900522593154617,-0.056195066197922035,0.028027240983618747,-0.10026530029361808
2019-12-10,105.98876190185548,57.271522521972656,102.76494219102328,-0.09424613535161687,-0.05576497105214665,0.02721700143571558,-1.4138649472595175
2019-12-11,106.0254135131836,57.525821685791016,103.22124294431639,-0.09817156092131918,-0.055478204584045177,0.02666327067282877,-1.6012047757059567
2019-12-12,105.7688217163086,58.59750747680664,105.14421833437012,-0.11901661874054237,-0.05596891588690367,0.027557346426328063,-2.287872782751079
2019-12-13,105.84214782714844,59.46030044555664,106.69236767023592,-0.13286834255138846,-0.056847876101281586,0.029136850536851996,-2.609083173006532
2019-12-16,107.29918670654295,60.50473785400391,108.56645002696125,-0.13495082931807614,-0.0577710757016121,0.030704041709058615,-2.5136675603750787
2019-12-17,106.95095825195312,60.59555435180664,108.72940627005934,-0.14016984208383393,-0.058883293240386145,0.03244068195385681,-2.5056979060757314
2019-12-18,106.69437408447266,60.91342926025391,109.29978392289767,-0.14825768354652014,-0.06034409110003635,0.034432010590442104,-2.5532517834113206
2019-12-19,107.72988891601562,60.74085998535156,108.99013489003876,-0.13434615992309137,-0.06172970922496654,0.03570735555742816,-2.033655238941897
2019-12-20,109.06780242919922,60.8952751159668,109.26720910200869,-0.12297174129185134,-0.06282118587227743,0.03656593142076283,-1.6449890125161502
2019-12-23,108.40802764892578,61.5037727355957,110.35906452946915,-0.13987790498721797,-0.06385672252618506,0.0378528886560448,-2.0083323931182444
2019-12-24,109.02198028564452,61.54008865356445,110.42422786102264,-0.13405643933333816,-0.06454683070674104,0.03875345911659248,-1.7936362381864448
2019-12-26,109.09530639648438,61.86704635620117,111.01090319163711,-0.1386718476316138,-0.06565603965626192,0.03990908312321933,-1.8295536319367578
2019-12-27,108.90284729003906,61.985107421875,111.22274562317587,-0.14262941355934866,-0.06687043561884129,0.04112628050045575,-1.842106240063889
2019-12-30,109.278564453125,61.99419021606445,111.239043300952,-0.1388500099223061,-0.06853757190583633,0.04198838828745721,-1.6745686339542953
2019-12-31,109.96585083007812,62.3665657043457,111.90721386533495,-0.13780836352058287,-0.07012596210073369,0.0427820306341688,-1.5820287259995827
2020-01-02,109.52599334716795,62.67535781860352,112.46129384039715,-0.14743670347575538,-0.07221456890719377,0.043452389009805296,-1.731139214269376
2020-01-03,111.18466186523438,61.51284790039063,110.37534851746976,-0.11155799149755329,-0.07368621245208923,0.043261100605152855,-0.8754233830323107
2020-01-06,110.13998413085938,61.05874252319336,109.56052623265262,-0.11470305822423256,-0.07524691810041374,0.04301884445010923,-0.9171827051183992
2020-01-07,108.33470916748048,60.395755767822266,108.37089842831085,-0.12229727917700624,-0.07681992303964616,0.04298438635000185,-1.0579971007858326
2020-01-08,107.22589874267578,60.52289581298828,108.59903169273798,-0.13603041832133195,-0.07817362174230526,0.043554606394174314,-1.3283737672983627
2020-01-09,106.30950164794922,60.059715270996094,107.76792541992025,-0.13800530014090998,-0.07977227325406083,0.04396597447190181,-1.3245021311665743
2020-01-10,106.1628646850586,59.623779296875,106.98570533554316,-0.13220905071568517,-0.08104283777349368,0.04436632210196733,-1.1532669492998753
2020-01-13,105.4664306640625,59.814491271972656,107.32790865462773,-0.14293011346298035,-0.08248553860440398,0.04495386881135285,-1.344591165495225
2020-01-14,105.83296966552734,59.76000595092773,107.23014312263419,-0.1380479487069566,-0.08393736782119252,0.04532288063476599,-1.1938910353429144
2020-01-15,107.09760284423828,59.778167724609375,107.26273163329871,-0.12491390418235603,-0.08574269666813233,0.04474865114735431,-0.8753606312117773
2020-01-16,107.70240783691406,60.46841812133789,108.50127985051998,-0.13009665434414075,-0.08722825749003135,0.04471637631083353,-0.9586733181624912
2020-01-17,106.7860107421875,61.04966354370117,109.54423539976425,-0.1495614964671762,-0.08921335957090618,0.044797007051665234,-1.3471466258151885
2020-01-21,107.57411193847656,58.561180114746094,105.07903446815332,-0.09963153074032537,-0.09020323015353639,0.04435045856999735,-0.2125863156952143
2020-01-22,108.79290771484376,59.169677734375,106.17088989561378,-0.09734856172163664,-0.09115351472800465,0.04387202303846344,-0.14120723332499793
2020-01-23,109.61763763427734,57.870941162109375,103.84050678559537,-0.06783324492825639,-0.0913114187801802,0.043768917228812855,0.5364120325203807
2020-01-24,109.79174041748048,56.69027328491211,101.72197979689125,-0.0468440546678562,-0.09090364201441578,0.04407134201592636,0.9997332808843777
2020-01-27,109.71843719482422,54.31985092163086,97.46862129681908,-0.008777330751344853,-0.09002916032849954,0.04517648893032209,1.7985423723935998
2020-01-28,111.0655288696289,55.74573516845703,100.02715136104017,-0.019578292421841104,-0.08962422765900938,0.04570302163818755,1.53263247650656
2020-01-29,111.3404312133789,55.75482177734375,100.04345588370408,-0.01720736627504394,-0.08884365701263697,0.04653964572462932,1.5392530308773338
2020-01-30,112.87996673583984,55.95462417602539,100.40197057034034,-0.006510054587497888,-0.08774529610487337,0.0476972813423822,1.7031419659801992
2020-01-31,112.91658782958984,55.75482177734375,100.04345588370408,-0.0030085833395151946,-0.08637131517276811,0.048935891844767834,1.7035089929022305
2020-02-03,113.50310516357422,55.35520935058594,99.32641282065602,0.008491762676839546,-0.0849111347917551,0.050439937408376954,1.8517647377786495
2020-02-04,112.22931671142578,57.01723098754883,102.3086551275057,-0.02933448606240618,-0.08394371071452622,0.05094589423585324,1.0719062933571735
2020-02-05,113.4206314086914,58.24330520629883,104.508656815315,-0.03791970000511559,-0.08323508395128608,0.05129002774236324,0.8835125645436537
2020-02-06,117.23274993896484,57.53489685058594,103.237526932317,0.006673664963676174,-0.08180004866430483,0.05258647163031383,1.6824424777908038
2020-02-07,112.2934799194336,55.8365478515625,100.19010075925051,-0.009880108367802757,-0.0806417260238665,0.05339983476587196,1.3251280264501448
2020-02-10,113.3473129272461,55.74573516845703,100.02715136104017,0.0009467419442932586,-0.07940864740986439,0.05442280038926841,1.4765022891031323
2020-02-11,112.99908447265624,57.25335693359375,102.73234683547099,-0.026072010117147725,-0.07893085738818505,0.054767793270791655,0.9651447340535372
2020-02-12,113.20069885253906,57.91634368896485,103.92197463981277,-0.03475355486261857,-0.07860053257262795,0.05497656568735656,0.7975575986204836
2020-02-13,113.87881469726562,56.999061584472656,102.27605292706566,-0.014138618713806008,-0.07820893819783988,0.05535568311421501,1.1574298406152448
2020-02-14,115.12510681152344,56.82649993896485,101.96641758398229,-0.00047045935281773776,-0.0776241269164878,0.05599554957511529,1.3778535642403544
2020-02-18,113.20986938476562,58.01625442504883,104.10124909535031,-0.03625329349529089,-0.07787802687149985,0.05576861456304548,0.7463827764477258
2020-02-19,110.36907196044922,59.442138671875,106.6597791595714,-0.08610707638560694,-0.07954360290908614,0.054460299865223605,-0.12051849682730069
2020-02-20,112.55924224853516,59.86898422241211,107.42568787639682,-0.07177817100800159,-0.08096939340607659,0.05307822345143302,0.17316371574653477
2020-02-21,112.35760498046876,59.160587310791016,106.1545785280621,-0.062388517978793086,-0.08205204473967655,0.05199683289286533,0.3781677780529122
2020-02-24,111.78947448730467,55.29163360595703,99.2123359211108,-0.005686692307182246,-0.08175598552859051,0.0523852748548068,1.4521121332711353
2020-02-25,111.8902587890625,52.69416046142578,94.55156970107396,0.03687397117368257,-0.07992653904870901,0.05457113266368202,2.140335091489208
2020-02-26,113.45728302001952,51.77687454223633,92.90564114343908,0.06468329551396658,-0.07713022153294782,0.05757950006805461,2.462916782523321
2020-02-27,111.09302520751952,50.53263473510742,90.67304410007752,0.06487473163319171,-0.07455887850677284,0.06039790913299854,2.3085833953775836
2020-02-28,104.77873229980467,50.06944274902344,89.84191729259646,0.016453378071903394,-0.0729443367962125,0.06152290766671331,1.453080133214902
2020-03-02,108.62061309814452,50.39640045166016,90.42859262321095,0.04584000607370774,-0.07151143913175374,0.06327623358579329,1.8545896074289905
2020-03-03,107.72906494140624,48.934181213378906,87.80486500299752,0.06229840601767266,-0.06974246689524752,0.06550722936493907,2.015668716155341
2020-03-04,108.99745178222656,50.36006546020508,90.3633950672186,0.04973699582495365,-0.06806981273500642,0.06726150862290096,1.7514743717753845
2020-03-05,106.57097625732422,47.31757354736328,84.90411108502853,0.07932754825383244,-0.06581682072120774,0.0698903099438634,2.0767452468249403
2020-03-06,107.32466888427734,46.30947113037109,83.09522628429553,0.10264733917861571,-0.06312261130270505,0.07319499375103604,2.2647717007144954
2020-03-09,102.72908020019533,44.592960357666016,80.01521160056456,0.09248615552996978,-0.06001040645467861,0.07577365770611395,2.012527395418895
2020-03-10,101.92947387695312,46.50926971435547,83.45373412604404,0.051632649909265235,-0.0575136696075022,0.07695376793438471,1.418336261452876
2020-03-11,97.74749755859376,42.87644958496094,76.93519691683356,0.07774572158658098,-0.05423429726871682,0.07846604520283186,1.6820016672706555
2020-03-12,85.90935516357422,38.5897102355957,69.24330220150638,0.040195879071703654,-0.05134989357499862,0.07870701439490894,1.16312089018363
2020-03-13,87.13177490234375,40.52418899536133,72.71442692742592,0.013823855481918612,-0.0488703154949987,0.07837139475603726,0.7999624247096577
2020-03-16,76.01050567626953,32.28675842285156,57.93362419493771,0.06399155652592384,-0.0454676255181694,0.07877127972920334,1.389582375967326
2020-03-17,81.37814331054688,32.450233459472656,58.22695501535717,0.12212538871130642,-0.040961240980538965,0.08050614550638277,2.025766215312288
2020-03-18,69.7146224975586,28.000019073486328,50.24172947961053,0.08979525217084157,-0.03722555077897341,0.08129589425409567,1.5624504055863278
2020-03-19,76.20353698730469,25.847564697265625,46.37948102172691,0.21798469876221618,-0.03154294344473896,0.08692239512174191,2.8706945069503815
2020-03-20,73.24398040771484,27.91827392578125,50.095050379625256,0.13565727943778222,-0.026950690370988954,0.08836833421175501,1.8401158204376404
2020-03-23,70.34879302978516,27.60040664672852,49.524686416562474,0.10819312421202969,-0.02291319764523282,0.08892416453902931,1.474361019154914
2020-03-24,71.82855987548828,32.559207916259766,58.42249292423202,0.0026899612188581766,-0.020557167497724953,0.08766899605736685,0.2651693273796725
2020-03-25,73.5289077758789,36.08305358886719,64.74549222456764,-0.060240733793771595,-0.019184022834965335,0.0863600405782793,-0.4754132893394282
2020-03-26,83.47370910644531,39.75221252441406,71.32923383465823,-0.012798947721794572,-0.017083171798290147,0.08492083513147039,0.0504496225203502
2020-03-27,83.53807067871094,38.35357284545898,68.81958995887778,0.018023277253302467,-0.014485977785392056,0.08353772231958952,0.38915658861662705
2020-03-30,85.50493621826172,37.926719665527344,68.05366755227685,0.049569275677617326,-0.01120254479950251,0.08208251698434092,0.7403747193657989
2020-03-31,82.03069305419922,38.28091812133789,68.6892222264442,0.0015679486809317576,-0.009317112463194426,0.08103079709473442,0.13433239625423263
2020-04-01,81.04725646972656,34.39379119873047,61.71437057416508,0.07551193280753087,-0.006146862612665036,0.08055739662421359,1.013672224303873
2020-04-02,84.8983383178711,33.72172164916992,60.50844509204717,0.13165207395686318,-0.0019143733937672116,0.08102133477699608,1.6485342745618792
2020-04-03,82.37076568603516,31.187820434570312,55.961748926667774,0.16020448199888282,0.0030228749449030343,0.08173290202694931,1.923113007808694
2020-04-06,87.21449279785156,35.88325500488281,64.38698438281915,0.11024151142554704,0.007160321804343985,0.08075024804505312,1.2765433186495079
2020-04-07,85.93694305419922,37.481693267822266,67.25513610034808,0.06363917366268398,0.010424458877316804,0.07895958140694721,0.6739487955376258
2020-04-08,87.95897674560547,39.6613883972168,71.16626390178459,0.04069922213158267,0.013484947803892854,0.07643311634140916,0.3560534442443758
2020-04-09,85.8634033203125,41.57770919799805,74.60480696192738,-0.022760040678906274,0.015406412937693693,0.07396852444611894,-0.515982357393132
2020-04-13,85.7623062133789,39.60690307617188,71.06849836979106,0.01726815658523011,0.017776113950486797,0.07163773738427533,-0.007090639428377366
2020-04-14,92.37991333007812,39.67955780029297,71.19886610222464,0.08625464161887601,0.02138196888320374,0.06948097915495319,0.9336752809858408
2020-04-15,90.15564727783205,37.52710723876953,67.33662448922878,0.10655097232251265,0.025650510029698554,0.06660885643577516,1.2145601444279266
2020-04-16,90.0177993774414,36.88227844238281,66.17957835066376,0.11803632381015094,0.029278307605539827,0.06558957383021424,1.3532336165862415
2020-04-17,93.74937438964844,40.03375625610352,71.83442077639201,0.09282304825100278,0.03244783443841715,0.06394096264390897,0.9442337324325063
2020-04-20,94.63172912597656,39.21637344360352,70.36775298451914,0.11678033713154566,0.03552472747274718,0.06347373611572261,1.28014537399621
2020-04-21,92.26960754394533,38.21734619140625,68.57515217178675,0.11359758365051809,0.03819875477805343,0.06332425629605676,1.190678474295162
2020-04-22,92.09498596191406,38.8167610168457,69.65070992147106,0.10023808607208967,0.04001567839177733,0.06351721747392082,0.9481272964301171
2020-04-23,91.03800964355467,38.64419937133789,69.34107457838769,0.09319276846671343,0.04189519607325324,0.06339226605915092,0.8092086871542776
2020-04-24,88.71265411376953,38.062950134277344,68.29811218425566,0.081179974724838,0.04353498508991794,0.06310940605807219,0.5965036273718023
2020-04-27,89.2824935913086,40.62409210205078,72.89368769318793,0.035571979002668314,0.04423635231642071,0.06277676610015254,-0.13801879026277752
2020-04-28,90.53248596191406,41.2235107421875,73.96925228776003,0.03700751976233959,0.04490328736811829,0.06247818647007426,-0.12637638913480004
2020-04-29,91.28614044189452,44.96531677246094,80.68334794050865,-0.02859205566983369,0.04428522372900707,0.06302551937394507,-1.1563138253005565
2020-04-30,91.34130859375,41.37790298461914,74.24628543040335,0.04250182433698482,0.045482495568996924,0.06228121852833319,-0.04785826774818357
2020-05-01,86.40567779541016,39.95201873779297,71.68775536618226,0.017418664569784536,0.046404801645245256,0.061429120540853296,-0.47186312973801336
2020-05-04,86.81008911132812,38.78042984008789,69.5855192103665,0.046212589242157064,0.04706378371655327,0.06120735699331488,-0.013906734683694601
2020-05-05,90.93690490722656,39.54332733154297,70.95442147024582,0.074443181600499,0.048469171882691627,0.060844705086292944,0.4268902229202977
2020-05-06,89.59500122070312,38.21734619140625,68.57515217178675,0.08713653699161515,0.049905668466813664,0.06072103236492655,0.613146171511844
2020-05-07,91.4148406982422,40.26080703735352,72.24182849635669,0.06519905570666658,0.05142685289721057,0.05992340060193067,0.22983012764820093
2020-05-08,92.07660675048828,41.19626235961914,73.9203592544316,0.0536878666550741,0.052900876589172106,0.05884563362301654,0.013373805624113031
2020-05-11,91.8008804321289,39.69771957397461,71.23145461288915,0.08013621300608242,0.05447212378450359,0.05828117813268582,0.44034952696307367
2020-05-12,89.98102569580078,37.57251739501953,67.41810603322172,0.10391156001493149,0.056211824107299406,0.058171142115705454,0.8199896748245857
2020-05-13,90.12804412841795,34.747989654541016,62.34992524833243,0.16160639133084473,0.05950948552106834,0.05844811799128633,1.7467954370232655
2020-05-14,91.30455017089844,35.71977615356445,64.09364671751192,0.15331166427523085,0.06349979786541564,0.05647769582072121,1.590218317243459
2020-05-15,91.8008804321289,36.11030197143555,64.79438525789607,0.15025612171166614,0.06720036941074344,0.05471016923830114,1.518104466815971
2020-05-18,94.44789123535156,39.57057189941406,71.00330765868648,0.10833203930815352,0.07004571203219252,0.05223995005490758,0.7328936424272915
2020-05-19,90.93690490722656,39.92477035522461,71.63886233285383,0.06691663488872915,0.07125576748545771,0.051288197097195176,-0.08460294653184175
2020-05-20,92.36153411865234,40.33346557617188,72.37220307367805,0.07336907294636436,0.0718640191816691,0.05108955753565543,0.029459127017196808
2020-05-21,90.05455780029297,39.67047119140625,71.18256157956073,0.06284129807729802,0.07183331922439128,0.05109449879450629,-0.17598804879675392
2020-05-22,91.27696990966795,40.96921157836914,73.51295153446692,0.04986107085851248,0.0715830915448133,0.05116586877791601,-0.4245412265075499
2020-05-26,93.21630859375,43.89364242553711,78.76039308511822,0.013335269510236251,0.07153112306878552,0.05122436241109234,-1.1360971775794575
2020-05-27,94.35599517822266,46.136905670166016,82.78558409632441,-0.017406841248234748,0.07047700894675314,0.05239928864351176,-1.6771954824213045
2020-05-28,94.6603546142578,44.5566291809082,79.95002088945999,0.01581953522269487,0.06970236110017017,0.05286374982711899,-1.0192774075560096
2020-05-29,98.19295501708984,43.45769119262695,77.97814562119007,0.07130815529379235,0.07006188042465082,0.05279897826069193,0.02360414747020515
2020-06-01,96.92009735107422,45.01980972290039,80.78112716227773,0.030191047656632303,0.06924293874803082,0.05303337372555045,-0.7363644503080912
2020-06-02,94.70648193359376,46.091495513916016,82.70410255233148,-0.012781295480611757,0.06731912817037702,0.053887806110767274,-1.4864294806572944
2020-06-03,95.92398834228516,47.91698455810547,85.97966198982509,-0.034074110290969545,0.0652097904066947,0.05534331898035996,-1.793963617051911
2020-06-04,93.18460845947266,47.226749420166016,84.7411411521549,-0.051182096295884334,0.06349621130327554,0.05732699037996169,-2.000424352282847
2020-06-05,90.2423324584961,49.25205993652344,88.3752495007236,-0.12572556187231057,0.06010502324562735,0.062274470004928244,-2.9840572726388803
2020-06-08,95.3982391357422,50.35098648071289,90.34710423433023,-0.08555415784728991,0.05800918929697745,0.06501175109785924,-2.2082676549992932
2020-06-09,95.04776000976562,48.56181716918945,87.13671497327788,-0.055780439999346516,0.05684911770562303,0.06641933161425942,-1.695734584609842
2020-06-10,93.49820709228516,46.54560089111328,83.5189248371486,-0.03458428515593458,0.05520618701092539,0.06745082685519246,-1.331198983811238
2020-06-11,89.46754455566406,42.28611373901367,75.87593000003761,0.0042335312399909,0.053241322719736806,0.06718499872192751,-0.7294454478236223
2020-06-12,92.14234924316406,43.94812774658203,78.85815861711177,0.0007742337356654477,0.051757639079150534,0.06734683133764918,-0.757027529444932
2020-06-15,93.24918365478516,44.4476432800293,79.75446244592183,0.003022764243406785,0.048174940170503715,0.0639880357657349,-0.7056346610232341
2020-06-16,93.5719757080078,44.51121520996094,79.86853250057929,0.005242940452327694,0.04600136785407947,0.06317586248832804,-0.6451582265185858
2020-06-17,93.19383239746094,44.020790100097656,78.9885400393209,0.010649218106222156,0.044375636085649345,0.0628022948643422,-0.537025248078575
2020-06-18,92.46517944335938,44.82000350952149,80.42260563075372,-0.012656408663501074,0.044119863254276685,0.06300586462185886,-0.9011267801581784
2020-06-19,91.08165740966795,43.74831771850586,78.49963024069997,-0.006925914171494049,0.045008443581314644,0.061874909663355064,-0.8393443810321458
2020-06-22,92.28070068359376,43.88454818725586,78.74407487267878,0.003508587361515111,0.045280235832703145,0.061652095737451194,-0.6775381756538313
2020-06-23,88.32384490966797,43.59392929077149,78.22260394294443,-0.035229557173870635,0.044392688592250255,0.06242955273041917,-1.275393500093498
2020-06-24,86.4791488647461,41.06002426147461,73.67590093267725,-0.004736436286584494,0.0434875933928469,0.06274608721832914,-0.768558356661073
2020-06-25,87.70586395263672,40.83297348022461,73.26849321271257,0.013961664294198737,0.04369415531973467,0.06262603292804725,-0.47476248511056734
2020-06-26,84.40386962890625,39.97018051147461,71.72034387684677,-0.006271337570807374,0.042331100813429036,0.0628115130975056,-0.7737823209064921
2020-06-29,85.6029281616211,41.069114685058594,73.69221230022893,-0.015211337711884486,0.03988337728561657,0.06212962112381265,-0.8867704969213904
2020-06-30,86.03642272949219,40.28805541992188,72.29072152968511,0.006193310601693001,0.03731652442899674,0.06022666617247813,-0.5167680000445742
2020-07-01,88.96949005126953,41.39606857299805,74.27888078595562,0.016609720407271853,0.035755994578692156,0.0595139110039732,-0.3217109050376824
2020-07-02,87.70586395263672,41.795684814453125,74.99593069389145,-0.005734139422092567,0.03459977269394589,0.05963677900240342,-0.676326132811649
2020-07-06,87.62288665771484,43.68474578857422,78.38556018604251,-0.04537084534366235,0.033165271569358466,0.06051625471994084,-1.297768959372534
2020-07-07,86.43302917480469,42.96726989746094,77.09816000481943,-0.04486689611394471,0.032796823978774495,0.060928416105735565,-1.2746715745562973
2020-07-08,85.78739929199219,43.86638641357422,78.71148636201427,-0.0715365896560021,0.03131674487475396,0.06237352288940632,-1.6489903049587877
2020-07-09,83.18638610839844,42.79470443725586,76.7885178168483,-0.08192425393205767,0.0285137632822384,0.06362907261969462,-1.7356534154501102
2020-07-10,84.44078063964844,43.403202056884766,77.88037324430876,-0.0787823545098953,0.025424874501698266,0.06427180773851941,-1.6213520776565935
2020-07-13,84.38542938232422,43.13074493408203,77.3914908252389,-0.07369651845371894,0.022229327130633764,0.06435554439220699,-1.4905607044475355
2020-07-14,83.57376098632812,43.039920806884766,77.22852089236527,-0.08217424626786135,0.019312705555319366,0.06506356231669402,-1.5598124081985774
2020-07-15,86.7374038696289,46.05516815185547,82.63891868611468,-0.10507999225997049,0.015615033398794094,0.06573134827810823,-1.8361866722725049
2020-07-16,85.69517517089844,45.12879180908203,80.97667876092812,-0.09912290258902563,0.012069691961468365,0.06609264756763795,-1.682374645934733
2020-07-17,85.4645767211914,44.22967147827149,79.36334555884554,-0.08321131422248693,0.009012201956558755,0.06618796493078796,-1.3933577845380625
2020-07-20,86.07333374023438,43.79373550415039,78.58112547446844,-0.06646242682180155,0.006351282035083506,0.06595519505381552,-1.1039874690306564
2020-07-21,85.88886260986328,44.847259521484375,80.47151235385766,-0.0907626485891307,0.003485571646517361,0.06638284213054248,-1.4197677774975055
2020-07-22,84.53302001953125,44.73826217651367,80.27593337565621,-0.10594397626916095,0.0011269723919868733,0.06772398256129335,-1.5809901398554589
2020-07-23,84.12715148925781,43.71199417114258,78.43445321937094,-0.0893903158228071,-0.000979658201098905,0.06854979920140207,-1.2897289073298976
2020-07-24,82.5130615234375,43.79373550415039,78.58112547446844,-0.11247813001314341,-0.002377759440154067,0.069963381070794,-1.5736856751045498
2020-07-27,80.54849243164062,42.75837326049805,76.72332710574373,-0.11654700543098256,-0.0050285732696201905,0.07123563638901945,-1.5654865712486605
2020-07-28,80.64069366455078,42.89460754394531,76.96777858261031,-0.11830175802465845,-0.007290580312860906,0.07265152172858645,-1.527995217037795
2020-07-29,82.21792602539062,43.35779571533203,77.79889854520358,-0.10695749522898462,-0.009843415054046602,0.07342657578080843,-1.3226012399766682
2020-07-30,80.14266967773438,43.23064422607422,77.57074474611315,-0.13277478803678855,-0.013297047881334728,0.07426344506795009,-1.6088364880747619
2020-07-31,80.8897476196289,42.34968566894531,75.99000005469507,-0.10277079099000251,-0.01646217001436169,0.07395670549544868,-1.167015490988201
2020-08-03,79.62611389160156,42.703880310058594,76.62554788397465,-0.12825296129684632,-0.019686370297753567,0.07455074033189096,-1.456277838634027
2020-08-04,78.93436431884766,43.993534088134766,78.93963331621693,-0.16745710214071952,-0.023372119777683463,0.07630761626971706,-1.8882123358925662
2020-08-05,79.93972778320312,45.819034576416016,82.21521328837385,-0.19375017710793213,-0.02793689294625037,0.07817979755127512,-2.1209224039360195
2020-08-06,78.39939880371094,46.76356887817383,83.91003487933715,-0.23882181843369854,-0.033649115920394206,0.08085805010451516,-2.5374431147931844
2020-08-07,81.22177124023438,46.86347579956055,84.08930248998693,-0.19798118059966263,-0.03964224211923599,0.07945456994326164,-1.992823554309037
2020-08-10,78.89747619628906,47.95331954956055,86.04485954581742,-0.2580593859511917,-0.04649842628967637,0.08026683206458102,-2.6357208104500476
2020-08-11,81.92276763916016,49.62441635131836,89.04338584066771,-0.24820290742439047,-0.053139410108610646,0.08019565914928886,-2.432344834932497
2020-08-12,80.07807922363281,49.66074752807617,89.10857655177227,-0.2777707514288095,-0.05957445662089336,0.0824776191672721,-2.6455212578989977
2020-08-13,79.54312133789062,49.74248504638672,89.255241961982,-0.2882080958011859,-0.06549320213239194,0.08591702283671265,-2.592209160832643
2020-08-14,81.40625762939453,48.81611633300781,87.59301572657098,-0.23830611519176778,-0.07068778860136081,0.08679655754902697,-1.9311633009837734
2020-08-17,82.84510040283203,48.05323028564453,86.22413400135497,-0.20027599011444394,-0.07507307673788985,0.0865823935598945,-1.446055118468668
2020-08-18,83.1771469116211,47.18134307861328,84.65966645304972,-0.17667557734130737,-0.07884868754122018,0.08597924013092667,-1.1377966315022006
2020-08-19,82.10723114013672,47.163177490234375,84.62707109749743,-0.19161151398825854,-0.0822644672661951,0.08632524959089499,-1.2666867137977744
2020-08-20,82.66062927246094,48.12587738037109,86.35448804401301,-0.20453158693735526,-0.08538321302768044,0.0873168802182066,-1.3645514316581249
2020-08-21,84.52377319335938,50.4599723815918,90.54266267786838,-0.22753054754546517,-0.08943904774048311,0.08818383123977919,-1.5659503319775228
2020-08-24,85.49226379394531,50.92316055297852,91.37378264046167,-0.2233461708690116,-0.09434995317652985,0.08728011910272193,-1.4779564810247705
2020-08-25,83.56454467773438,53.0029525756836,95.10564967613617,-0.2962255823286046,-0.09979023034295045,0.08952973599973059,-2.194079428383942
2020-08-26,84.14561462402344,52.25822830200195,93.76935646158465,-0.2713937363270048,-0.10410043769039033,0.09147393621007904,-1.8288630135299815
2020-08-27,85.62821960449219,53.18459701538086,95.43158269699566,-0.26879239238650215,-0.10801240905864921,0.09342657060027677,-1.7209235263033043
2020-08-28,85.01665496826172,54.14728546142578,97.15897910884794,-0.29823774013264276,-0.11213000312259518,0.0962801032681799,-1.9329823161038846
2020-08-31,85.05370330810547,52.63966369628906,94.45378363441712,-0.2658665097177661,-0.11446568558668611,0.09829429939524642,-1.5402808205823766
2020-09-01,83.45992279052734,53.14826583862305,95.3663919858911,-0.3009746386801061,-0.11805602693389972,0.10111418854744986,-1.8090301111437803
2020-09-02,81.97734832763672,54.655887603759766,98.07158746032192,-0.3575022935157538,-0.1230847244925065,0.10537742226861758,-2.2245521286874284
2020-09-03,83.20974731445312,53.37531280517578,95.77379286096802,-0.3097821744354983,-0.12767135598049922,0.10742920767687482,-1.6951704512496393
2020-09-04,84.34947204589844,53.7930908203125,96.52343127956836,-0.3009717728955144,-0.1327581110494243,0.1082998564614898,-1.5532214662343986
2020-09-08,83.08927917480469,52.28546524047852,93.81822896024978,-0.28814548560303044,-0.13757343970506924,0.10868441184662214,-1.3854060885056065
2020-09-09,83.3487319946289,51.59523010253906,92.57970812257958,-0.26927616655502024,-0.1421117552183764,0.10839884909025467,-1.1731158808777078
2020-09-10,80.69863891601562,50.7505989074707,91.06414729737828,-0.2921779054623933,-0.14706876931695503,0.10834662222823938,-1.3393046609220194
2020-09-11,82.32946014404297,50.67794036865234,90.93377272005691,-0.2649982575936678,-0.1516628939119532,0.10738545210852508,-1.055407054273762
2020-09-14,83.33948516845703,51.86769104003906,93.06859738653719,-0.27528323558144774,-0.156040007693919,0.10697505828251692,-1.1146825232159452
2020-09-15,83.03367614746094,51.44083023071289,92.30266129016071,-0.2707556391163347,-0.16043716977633302,0.1061611090749365,-1.0391608593890123
2020-09-16,83.91397094726562,51.77687454223633,92.90564114343908,-0.26461053929758965,-0.1649058218873181,0.1047771187543869,-0.9515886540456815
2020-09-17,82.4128646850586,50.85049819946289,91.24340121825253,-0.2674750784142461,-0.16877658057465766,0.10419359301029466,-0.9472607190908248
2020-09-18,84.18267822265625,48.30751419067383,86.680407375097,-0.18662485436341586,-0.17180805420927156,0.1019621055093962,-0.1453167338995258
2020-09-21,83.39506530761719,46.40029144287109,83.25818937228141,-0.15679554812045512,-0.17465400774951576,0.09902995665305575,0.18033391342002142
2020-09-22,83.2468032836914,45.873531341552734,82.3129993550307,-0.14750172376324275,-0.17700784751938967,0.09660868962715526,0.3054189418159046
2020-09-23,82.53333282470703,45.928016662597656,82.41076488702424,-0.15860601438335828,-0.17939775879724756,0.09428400228259148,0.2205225055208359
2020-09-24,82.74644470214844,46.018836975097656,82.57372797501012,-0.1575914739368599,-0.18212750520622348,0.09113812298293757,0.2692180886143232
2020-09-25,83.11707305908203,46.00975799560547,82.55743714212174,-0.1522336450037191,-0.18494156129640665,0.0874289361325466,0.37410859309897954
2020-09-28,82.46846771240234,48.325679779052734,86.71300273064928,-0.21168558617958055,-0.18837408540903144,0.08425931754823403,-0.27666377379812623
2020-09-29,80.5133056640625,47.74443817138672,85.67005402629279,-0.22815606838528324,-0.19142050579305847,0.0822824982831121,-0.4464565777503195
2020-09-30,81.3009262084961,47.66269302368164,85.52337492630751,-0.21445388683375372,-0.19424695563838862,0.0800452635623722,-0.2524438086161041
2020-10-01,82.0885238647461,46.71816253662109,83.82856018023197,-0.1821556354321575,-0.19609060640132453,0.07842861723951797,0.17767712168901537
2020-10-02,81.06927490234375,47.33573913574219,84.93670644058082,-0.21068749498002526,-0.19823666041879068,0.07700039757473359,-0.16169831524766198
2020-10-05,81.38432312011719,48.461910247802734,86.95744736262809,-0.23083039132203592,-0.2007707943656597,0.07548962465198215,-0.3981950777335987
2020-10-06,80.46695709228516,49.851470947265625,89.45080040552016,-0.2758485597829061,-0.20413999505447947,0.07422252739947034,-0.9661293847147864
2020-10-07,78.66007995605469,50.94132232666016,91.4063711511262,-0.3300167266593037,-0.20827070306100348,0.07421630932329225,-1.6404214209570123
2020-10-08,78.78978729248047,50.60528564453125,90.80340498762334,-0.3201743458486935,-0.21185560895414887,0.07434215254568582,-1.457029870475959
2020-10-09,79.09556579589844,51.12296295166016,91.73229732709794,-0.3268145588424973,-0.21565046989170672,0.07430142708729835,-1.4961232012432482
2020-10-12,78.28015899658203,51.07755279541016,91.650815783105,-0.33959445200498967,-0.21992352218808178,0.0739271130003479,-1.6187691492341207
2020-10-13,78.02996826171875,49.79698181152344,89.35302802863885,-0.3144421460663608,-0.22405651750882444,0.07211178088558591,-1.2534100177187983
2020-10-14,78.37283325195312,49.46094512939453,88.750061865136,-0.30099817175334487,-0.2275604428948947,0.07061743923069923,-1.0399375799869688
2020-10-15,77.6037368774414,48.30751419067383,86.680407375097,-0.28722226925285727,-0.2305817477779563,0.06918947361212373,-0.8186291717209443
2020-10-16,77.74272918701172,49.14306640625,88.17967736740991,-0.3042059281748764,-0.2341620079838241,0.06729145007740993,-1.0409037122914726
2020-10-19,75.97290802001953,48.31660079956055,86.6967118977609,-0.31506829753336046,-0.23753851077582772,0.06615531689076543,-1.171935838287173
2020-10-20,75.73200225830078,50.97764587402344,91.4715481724552,-0.3823006914063967,-0.24196773887541798,0.06681052034582981,-2.1004619003800062
2020-10-21,74.22161865234375,50.55986785888672,90.72190975385486,-0.40033001909420907,-0.2466682098932438,0.06787510507066824,-2.2638905537012444
2020-10-22,74.81464385986328,51.05030822753906,91.60192959466433,-0.40099284174605754,-0.2515687990018617,0.06823076809817127,-2.1899803696948377
2020-10-23,75.72272491455078,49.63350296020508,89.05969036333161,-0.3506188715412144,-0.25519953372693543,0.06759535523996026,-1.4116256579397344
2020-10-26,74.71269989013672,47.708099365234375,85.60484962541268,-0.32263591975001,-0.25886395253960226,0.0651056843028998,-0.9795145829926764
2020-10-27,75.33354949951172,46.43661117553711,83.32335954872268,-0.28145044406985165,-0.26141724391915233,0.0628619712502381,-0.31868552245923143
2020-10-28,72.71123504638672,44.90174865722656,80.56928473073897,-0.2897887868593439,-0.2634561053311294,0.06173659700735008,-0.42653276670042967
2020-10-29,73.40621185302734,46.21864318847656,82.93224950653413,-0.30976790642485363,-0.2653897341530781,0.06133190731773623,-0.7235739798840736
2020-10-30,75.32427215576172,46.44569396972656,83.33965722649883,-0.281824641300541,-0.26610644786752546,0.061267404967136195,-0.2565506641165362
2020-11-02,77.25163269042969,46.164154052734375,82.83447712965283,-0.24330482988402144,-0.2668618420222648,0.06068990705685663,0.3881537026605473
2020-11-03,80.37433624267578,48.11679458618164,86.33819036623689,-0.23859239069104443,-0.2665373921012623,0.06078971630195171,0.45969948718646486
2020-11-04,80.6152114868164,47.94423675537109,86.02856186804127,-0.23105070306806433,-0.2662515220286569,0.06091759303708777,0.5778432338776358
2020-11-05,76.95511627197266,50.196590423583984,90.07006424679913,-0.3421188890490953,-0.267323990988995,0.06168542237713532,-1.212521454466432
2020-11-06,78.43769073486328,50.11485290527344,89.9233988365894,-0.3148812615608161,-0.2677685437516555,0.061934092801534626,-0.7606911747320083
2020-11-09,80.80054473876953,55.48234939575195,99.55454608508316,-0.39562669237500986,-0.2703905533713762,0.0639625492416299,-1.957960407902629
2020-11-10,79.72569274902344,54.69221496582031,98.13677132653872,-0.3966591997871027,-0.27366360686592045,0.06532399057838983,-1.8828548567250427
2020-11-11,81.6067123413086,53.538795471191406,96.06713737116301,-0.33910538908735355,-0.2763707703950213,0.06459816152692997,-0.9711517666981773
2020-11-12,79.85541534423828,53.13917922973633,95.35008746322718,-0.35949375388033683,-0.2791688077265559,0.06450042490324553,-1.245339798524942
2020-11-13,81.21753692626953,53.82941818237305,96.58861514578516,-0.3519428218593886,-0.28162566164192315,0.06441669939363633,-1.0915983103662712
2020-11-16,81.7549819946289,56.05452346801758,100.58122449121458,-0.39189163309307967,-0.2843650130677167,0.06556187642767616,-1.6400784401584314
2020-11-17,80.4299087524414,55.89104843139648,100.28789367079511,-0.4111758466732642,-0.28749550766445425,0.0670659816054696,-1.844159081073125
2020-11-18,82.15340423583984,54.78303527832031,98.2997344145246,-0.35737023149019337,-0.2885145851504808,0.06766278038600704,-1.0176295734065377
2020-11-19,83.31169128417969,54.32892608642578,97.48490528481969,-0.32871814854904036,-0.289469992020848,0.06782146228381296,-0.5786981761606719
2020-11-20,83.33948516845703,54.19269943237305,97.24046749772864,-0.32534198147793014,-0.2904124851723718,0.06792209307493098,-0.5142582438828038
2020-11-23,85.79500579833984,55.50959777832031,99.60343911841159,-0.3149517151892235,-0.2906910514233148,0.06798897171019257,-0.3568323384757362
2020-11-24,85.26680755615234,57.34417724609375,102.89530992345686,-0.36170409285909705,-0.2922883444756703,0.06851957899775131,-1.0130790264444682
2020-11-25,85.07223510742188,57.389591217041016,102.97679831233758,-0.3657763790549065,-0.29336837348191697,0.06916647583857576,-1.0468656194364887
2020-11-27,85.37010955810547,57.62572479248047,103.4005037100784,-0.36597405373472786,-0.29350956948556656,0.06930811950662703,-1.0455410529820026
2020-11-30,85.00706481933594,56.22708511352539,100.89085983429797,-0.3422850322803805,-0.2940512837829813,0.06956401163607555,-0.6933721526834059
2020-12-01,86.98982238769531,57.94359970092773,103.97088136291671,-0.34709704028867044,-0.29482003823953384,0.06989586094874059,-0.7479270065429897
2020-12-02,87.25048065185547,57.662052154541016,103.4656875762952,-0.33728247243298914,-0.2956389880200332,0.07010388408064189,-0.5940253519341757
2020-12-03,86.7477798461914,59.36948013305664,106.52940458225005,-0.38034951102315745,-0.29749021042783547,0.07085841362623983,-1.1693643189979357
2020-12-04,86.7198715209961,60.986087799072266,109.43015850021902,-0.41424343993994733,-0.2995246360024614,0.07243801966524824,-1.583682221955078
2020-12-07,87.05498504638672,59.84175109863281,107.37682222261947,-0.38521272583240074,-0.3015282104731069,0.07312611050079122,-1.1443862498113908
2020-12-08,85.04429626464844,57.480411529541016,103.13976140032345,-0.3681412795636731,-0.30307584453947733,0.07354268288803782,-0.8847302337780101
2020-12-09,82.73572540283203,57.6075553894043,103.36790150963834,-0.4090739139930544,-0.30538114912075603,0.07467161731029824,-1.3886503146356486
2020-12-10,80.92986297607422,57.85277557373047,103.80791143004308,-0.44595280453425945,-0.3084035202080338,0.07663751786581893,-1.794803487334419
2020-12-11,80.02693176269531,57.34417724609375,102.89530992345686,-0.45086358150701517,-0.31145999525957996,0.07860914347845765,-1.7733762267189426
2020-12-14,82.14930725097656,56.3996467590332,101.20049517738134,-0.39274876340245707,-0.314895393743564,0.07755811189535625,-1.0038069230454603
2020-12-15,84.50438690185547,57.93451690673828,103.95458368514059,-0.38652487630027055,-0.31872421587989425,0.07525730004275333,-0.9009180555488844
2020-12-16,84.17859649658203,57.45315933227539,103.09086152210726,-0.38163045326628126,-0.3226263613716116,0.07223812551565767,-0.8167998750449369
2020-12-17,83.3501205444336,57.43500900268555,103.05829354610604,-0.3949727210641184,-0.3265658064829576,0.06953631264145384,-0.9837581543025374
2020-12-18,84.50438690185547,56.73568344116211,101.80346134088418,-0.3610691286980218,-0.3299571007289769,0.0660291062367636,-0.4711865682004708
2020-12-21,84.02033996582031,56.13626480102539,100.72789674631208,-0.3561091005278988,-0.33335502498771324,0.06184127802218196,-0.3679431646290338
2020-12-22,84.43923950195312,55.73664474487305,100.01083999348849,-0.3408895150181253,-0.335508423801689,0.05974683382726723,-0.09006487660908481
2020-12-23,84.80228424072266,57.54398727416992,103.25383829986866,-0.3733909440463551,-0.33792900506270684,0.058247043905317,-0.6088195487017866
2020-12-24,85.68661499023438,57.10804748535156,102.47161137060381,-0.35008790223038955,-0.34018957198598415,0.05596086609144459,-0.1768795041204459
2020-12-28,86.85018920898438,57.29875946044922,102.8138146896884,-0.3359402743646594,-0.3427526493015259,0.05198022162919929,0.13105705830695633
2020-12-29,85.32357788085938,58.12523651123047,104.29680069400071,-0.3772236763074887,-0.3455282523236502,0.04917962086297267,-0.6444828859529088
2020-12-30,86.21720886230469,58.424949645996094,104.83458983617452,-0.3691865267349335,-0.34783418791386517,0.04690136525032499,-0.45526049630123283
2020-12-31,86.68264770507812,59.14243698120117,106.1220105520609,-0.37668685281581077,-0.34951482613108026,0.046077609291617166,-0.5897013126866779
2021-01-04,86.20789337158203,57.47132873535156,103.12346372254731,-0.34948564549521544,-0.34983930811167874,0.04600647085271455,0.007687236380193554
2021-01-05,86.15204620361328,58.73372268676758,105.38863558679786,-0.37665315826948276,-0.3507806216520253,0.045966998951223505,-0.5628502449096435
2021-01-06,88.87017822265625,59.41489410400391,106.61089297113077,-0.34830092926907275,-0.3511387278258015,0.04586069859619791,0.06187865958422284
2021-01-07,90.09893035888672,58.90629577636719,105.69829146454454,-0.3197841739261087,-0.35080855652448684,0.04601626717322065,0.6742046781324519
2021-01-08,91.97928619384766,59.36039733886719,106.5131069044739,-0.3016621760135701,-0.350595557023607,0.04621659446073762,1.0587837892644227
2021-01-11,92.90084075927734,58.424949645996094,104.83458983617452,-0.27068215725669553,-0.35009029011532955,0.04692824955420668,1.6921179377660343
2021-01-12,94.03651428222656,60.69546508789063,108.90868072559691,-0.29866076564540783,-0.350280931721872,0.0466911603897248,1.105566142404636
2021-01-13,90.64815521240234,59.91440582275391,107.50718995505306,-0.33174294151902495,-0.3507398819442745,0.046364787205544135,0.4097277604452801
2021-01-14,89.15875244140625,60.29584884643555,108.19163081766106,-0.36166644781431834,-0.3515165177822904,0.046146901428957623,-0.21994824609521305
2021-01-15,89.93136596679688,59.61470031738281,106.96941450265479,-0.3363776266648887,-0.35075113336993197,0.046008294399362555,0.31241120525525123
2021-01-19,90.71330261230467,60.40483474731445,108.38718926119923,-0.34048741110975417,-0.3497537565701911,0.04556177004993387,0.20337983906861778
2021-01-20,90.75984954833984,59.95980453491211,107.5886509643827,-0.331001565960365,-0.3485872353070962,0.04512152573722951,0.3897401308888218
2021-01-21,89.43802642822266,60.53199005126953,108.61534990517742,-0.3621521592242854,-0.3487794567684807,0.045154881425433155,-0.29615186738753363
2021-01-22,88.61885070800781,58.84272384643555,105.58422140988709,-0.34053952823309486,-0.3490778502431988,0.04503819570147882,0.18957957522760188
2021-01-25,88.98188781738281,56.67210006713867,101.68937075156342,-0.2912989877014249,-0.34924199263705835,0.04480489145095812,1.2932294456969242
2021-01-26,89.11221313476562,56.9264030456543,102.1456783497443,-0.2945310771944445,-0.3493210308093101,0.044702300655039176,1.2256629482601198
2021-01-27,85.23046875,56.06360626220703,100.59752216899074,-0.3353249694496782,-0.34974698185972375,0.04444001849275096,0.32452759695403927
2021-01-28,86.12411499023438,57.870941162109375,103.84050678559537,-0.35912407006623903,-0.3510353056724854,0.0435490952475499,-0.18573897684381147
2021-01-29,85.38872528076172,55.91829299926758,100.33677985923578,-0.32979653223144606,-0.35247683404494246,0.04129584210955188,0.5492151426123929
2021-02-01,88.3861312866211,57.19886016845703,102.63456076881415,-0.31069671217903627,-0.353678572736409,0.03890551561019968,1.1047755024766819
2021-02-02,90.7505340576172,60.55015563964844,108.64794526072971,-0.34281078824445793,-0.35554124082268224,0.03545755445915764,0.3590335761279894
2021-02-03,88.75848388671875,60.077884674072266,107.80052762036028,-0.36340069401808156,-0.3558959375721653,0.035427441919251595,-0.21183455647239652
2021-02-04,88.54437255859375,61.85796356201172,110.99460551386096,-0.4027707558992767,-0.35736076247780635,0.03551972883166059,-1.2784442594334797
2021-02-05,83.36872863769531,63.36559295654297,113.69981467806733,-0.5223053975117034,-0.3594720742300846,0.04115131442117967,-3.9569410010828734
2021-02-08,85.64935302734375,62.68444061279297,112.47759151817327,-0.46750019686466376,-0.3606527575147106,0.043201530541880126,-2.473232730640732
2021-02-09,85.77037811279297,62.59360885620117,112.31460789552409,-0.4635292692919349,-0.36272648885145364,0.045094482378552396,-2.235368389291559
2021-02-10,84.04829406738281,61.2585563659668,109.91906145395218,-0.4650138201022878,-0.3644851566218195,0.04698429253174698,-2.139622798673445
2021-02-11,81.91659545898438,61.85796356201172,110.99460551386096,-0.5162673171254581,-0.36722389820958734,0.05086945283873138,-2.92991983594506
2021-02-12,83.21051025390625,61.83072280883789,110.94572617030808,-0.4921020998698217,-0.3688940726558663,0.05328100622544438,-2.312419301779576
2021-02-16,90.1454849243164,64.62799835205078,115.96500707698118,-0.4329931010545899,-0.36925769356222177,0.053647638148707454,-1.1880375295497274
2021-02-17,89.38214111328125,63.22027587890625,113.4390655234246,-0.4169711628824499,-0.3702510424187594,0.05397459140771479,-0.8655947038260048
2021-02-18,92.70535278320312,63.438232421875,113.83015503094984,-0.3703955826459351,-0.37094566632037423,0.0536985029644813,0.010243929422073483
2021-02-19,89.568359375,64.67340087890625,116.04647493119859,-0.44313602196069424,-0.3729089003284204,0.05415431781257917,-1.296796349190853
2021-02-22,89.4659423828125,67.31627655029297,120.78870900545283,-0.4977940917769948,-0.37595627327154985,0.05595228065959887,-2.1775308721851556
2021-02-23,90.76914978027344,67.25271606445312,120.67465948545868,-0.4750332102960909,-0.3778450918954998,0.05735820565557778,-1.6944065332898026
2021-02-24,93.44076538085938,66.80769348144531,119.87613487841769,-0.42431395169698294,-0.37882071810620105,0.0576465636762426,-0.7891751162529509
2021-02-25,93.47814178466795,64.64615631103516,115.99758874275793,-0.382252975793914,-0.3790920334738541,0.0576233796128962,-0.05485520532281386
2021-02-26,92.50598907470705,63.656211853027344,114.22128560780169,-0.3775771470933816,-0.3796802353874042,0.057421067334643146,0.03662572626464894
2021-03-01,93.77728271484376,64.21021270751953,115.21535496860531,-0.36950231614102325,-0.38005365665161006,0.05727825604059089,0.18421197222047905
2021-03-02,91.25337982177734,64.6552505493164,116.01390695519737,-0.41613119556085265,-0.3813678020370744,0.05718476065465406,-0.6079135966611589
2021-03-03,89.75769805908203,64.59166717529297,115.89981636587662,-0.43845787123099317,-0.38233627470720505,0.057657327425008585,-0.9733645146279474
2021-03-04,91.81423950195312,63.020469665527344,113.08054399190057,-0.37553167774154195,-0.38169107867056495,0.05751063801564374,0.10710020165917059
2021-03-05,97.81551361083984,62.62994003295898,112.37979860662864,-0.2839747488019663,-0.38000377905339106,0.05887449966499229,1.6310801925765683
2021-03-08,98.50728607177734,63.9559211730957,114.75906790508773,-0.2991112020142931,-0.3788532777609014,0.05977779005813439,1.3339749707886237
2021-03-09,96.98355865478516,65.5725326538086,117.65982866794448,-0.349431608759306,-0.3778592393403389,0.059762627611029295,0.4756757143621058
2021-03-10,96.74053955078124,65.24557495117188,117.07315333733001,-0.3467570560708398,-0.3762059768659486,0.05921654364784865,0.4973090116545275
2021-03-11,95.96465301513672,65.55436706542969,117.62723331239219,-0.36341955201504517,-0.3747485763744158,0.0584186580962779,0.19392818542150714
2021-03-12,97.53508758544922,65.7723388671875,118.01835019946851,-0.34547683668488366,-0.37396071092912286,0.05849050644483637,0.4869828622718962
2021-03-15,97.96510314941406,66.21736145019531,118.8168748065095,-0.34772200990719776,-0.3733139964892383,0.058563703995122646,0.4369939883613221
2021-03-16,96.46009063720705,65.40904998779297,117.36648415774948,-0.3537135846124383,-0.3728487153450076,0.05860739260535537,0.3264968783276117
2021-03-17,97.0209732055664,65.96305084228516,118.36055351855309,-0.3561336284533277,-0.3722013971348277,0.058573370310267645,0.27431866386359194
2021-03-18,95.7216339111328,63.87419128417969,114.61241618465354,-0.3353853446976288,-0.37177333406815455,0.05874969064439106,0.619373293227711
2021-03-19,95.41314697265624,63.247520446777344,113.48795171186526,-0.3279176575001797,-0.3713034766843592,0.058989333867112186,0.7354858300640689
2021-03-22,94.403564453125,62.57544708251953,112.28201938485958,-0.3293446176808014,-0.3711110617287371,0.059108929101033394,0.7066012645322223
2021-03-23,95.0205307006836,60.55923080444336,108.66422924873031,-0.2826394386643672,-0.36959853663903736,0.06020062936269811,1.4444881871708852
2021-03-24,96.3385772705078,60.668216705322266,108.85978769226847,-0.26712104394366454,-0.3682157556675919,0.06159312605073951,1.6413310738709224
2021-03-25,92.4966049194336,62.31206893920898,111.80942779867809,-0.3516418123493265,-0.3684774479673364,0.06148693637712484,0.273808334094741
2021-03-26,91.34684753417967,62.61177444458008,112.34720325107638,-0.3745417335270356,-0.36843274892099553,0.061481444979120704,-0.09936306162151397
2021-03-29,92.69293975830078,61.89430236816406,111.05980991474107,-0.3406917630357823,-0.36795783619267636,0.06158548944731256,0.44273534888799815
2021-03-30,90.86075592041016,62.66627502441406,112.444996162621,-0.3829716229025902,-0.36806258236078926,0.06160592887382737,-0.2420065862871012
2021-03-31,92.25357055664062,62.57544708251953,112.28201938485958,-0.3603253460915604,-0.3682432440373951,0.06156640920415473,0.12860743460900698
2021-04-01,94.28205871582033,63.54723739624024,114.02574769892685,-0.34955261205344523,-0.3677915682671278,0.061603064281283634,0.2960722234595713
2021-04-05,94.88966369628906,64.80054473876953,116.27461504051348,-0.3646108638949917,-0.3680634005108931,0.06155156478306944,0.05609177651404009
2021-04-06,93.32857513427734,64.80054473876953,116.27461504051348,-0.3874364391077113,-0.36919093826391974,0.06127117592147198,-0.2977827758222864
2021-04-07,93.72119140625,64.61891174316406,115.94870255431728,-0.37814672996665116,-0.3704656808298044,0.060634754995235206,-0.12667733443386295
2021-04-08,92.8798828125,64.43727111816406,115.62277637834552,-0.3871209070021703,-0.37240632665889567,0.059234168434109835,-0.24841372356974387
2021-04-09,93.56228637695312,64.7006607055664,116.0953884991903,-0.38205514654702927,-0.37379623300725606,0.05844761488679573,-0.1413045434919711
2021-04-12,94.8055419921875,64.31919860839844,115.41091341214346,-0.3567114497750304,-0.37421237481152286,0.05823161199903722,0.30053993759921727
2021-04-13,94.403564453125,63.93775939941406,114.72647939442322,-0.35523834344978344,-0.37410523973878057,0.05826099116946305,0.3238341111313951
2021-04-14,95.21682739257812,65.45446014404297,117.44796570174242,-0.3722450137286533,-0.3747030295231767,0.05805095495876112,0.04234238345035881
2021-04-15,96.7499008178711,65.1638412475586,116.92649477200806,-0.34511089502589154,-0.37478008758844555,0.05800781924641927,0.511468849337677
2021-04-16,97.89032745361328,65.64517974853516,117.79018271060254,-0.33826330986036335,-0.3749011166534456,0.05792244314121899,0.6325321379099412
2021-04-19,96.93682861328124,65.19108581542969,116.9753809604487,-0.3430213648788226,-0.3745822700810212,0.058046334300367805,0.5437191785252593
2021-04-20,97.47901153564452,62.94779968261719,112.95014887991591,-0.2942580951856234,-0.3738109128635633,0.058808883783466624,1.352734698567858
2021-04-21,98.14270782470705,63.92868423461914,114.71019540642261,-0.30343913625952806,-0.37401324867286506,0.05854045633710628,1.205561364382517
2021-04-22,97.49771881103516,63.88326644897461,114.62870017265415,-0.31122607423476795,-0.3742914986235371,0.05819492158082941,1.0836929181384825
2021-04-23,97.56314086914062,65.3636474609375,117.28501630353207,-0.3375734529636645,-0.3743289733487703,0.05817012238954377,0.631862524527071
2021-04-26,98.0959701538086,65.98123931884766,118.39318994343199,-0.34160496754215675,-0.37403698830670223,0.058291578794994234,0.556375748178064
2021-04-27,97.19856262207033,65.8177490234375,118.09983174346145,-0.350973503227812,-0.3743899378233083,0.05808290587452829,0.4031553560023477
2021-04-28,96.0114288330078,65.9993896484375,118.4257579194332,-0.37107228202151166,-0.37539619732068286,0.05748061422530961,0.07522388821773084
2021-04-29,96.60031127929688,65.76326751708984,118.00207305635567,-0.35832816923087984,-0.3756548203371233,0.05736631256747195,0.3020352944223933
2021-04-30,97.56314086914062,64.58258819580078,115.88352553298824,-0.323208491380236,-0.37498495029315915,0.057745242007298594,0.8966359324700548
2021-05-03,99.7972640991211,65.40904998779297,117.36648415774948,-0.3084460405531723,-0.37341287170405746,0.05825766191628736,1.1151637229149092
2021-05-04,100.87227630615234,63.89234161376953,114.64498416065474,-0.2675220561434012,-0.36916648268125235,0.05647938375028933,1.7996730804863015
2021-05-05,102.48944091796876,64.03765869140625,114.90573331529747,-0.25006618319468354,-0.36554258245341936,0.05703592821908474,2.024625580128568
2021-05-06,100.24596405029295,63.71979522705078,114.33537619712244,-0.2723527407439249,-0.3623563069776192,0.056808710253116915,1.584326872281986
2021-05-07,101.04988098144533,65.24557495117188,117.07315333733001,-0.28932367839243434,-0.35942813794912165,0.05594902242103298,1.253005977997801
2021-05-10,103.41488647460938,63.51091003417969,113.96056383271005,-0.22973992506116306,-0.3546526814147167,0.05454581324530844,2.2900521400567353
2021-05-11,102.38662719726562,62.26666259765625,111.72795309957293,-0.22028440071219,-0.3501223864287562,0.05422341990081239,2.3945001247444546
2021-05-12,103.91033172607422,61.10415649414063,109.64201462153333,-0.18231617098658662,-0.34594443759428944,0.05730007718651757,2.8556378043798474
2021-05-13,106.24725341796876,61.785301208496094,110.86422409165183,-0.16781442353457035,-0.34179182527182483,0.06097588947614086,2.8532162996216686
2021-05-14,106.40616607666016,64.07400512695312,114.9709514059531,-0.2046651716065782,-0.3390296517545022,0.06336513167297977,2.1204797749235933
2021-05-17,105.29377746582033,63.06589126586914,113.16204607055681,-0.20021239642926142,-0.33498092466231166,0.06435360701289161,2.094187637470776
2021-05-18,102.74183654785156,62.4573860168457,112.07017695332082,-0.2193964218826823,-0.3303409634974065,0.062423066265713055,1.7773004155622902
2021-05-19,104.32161712646484,61.86704635620117,111.01090319163711,-0.19077672992578792,-0.3256033554912347,0.06204117634177142,2.173179709274306
2021-05-20,104.48987579345705,62.34840774536133,111.8746321995582,-0.1971253880864093,-0.3218168794310585,0.06284227072442314,1.9841977367661998
2021-05-21,104.13465118408205,62.09410858154297,111.4183314462651,-0.19682719382941485,-0.3187264497316502,0.06436084224015932,1.8939972141348658
2021-05-24,102.8914031982422,63.22027587890625,113.4390655234246,-0.23092807073675026,-0.31628229845903966,0.06487059884362016,1.3157613656079845
2021-05-25,102.61097717285156,63.41098785400391,113.7812688425092,-0.2376270380835396,-0.31408437715808163,0.06526970243294403,1.1714062761829167
2021-05-26,103.26531219482422,64.13756561279297,115.08500092594726,-0.24240995460973838,-0.31118902314222974,0.0645149561551431,1.0660949434282196
2021-05-27,103.43421936035156,63.94684600830078,114.74278391708712,-0.23707256282459926,-0.3078326013354565,0.06300236079108833,1.1231331274314122
2021-05-28,104.4382553100586,63.44733047485352,113.84648008827708,-0.2165976023043022,-0.30518370007816914,0.0634473236576108,1.3962148860985193
2021-06-01,103.80956268310548,64.7551498413086,116.19316087607162,-0.24657120637226806,-0.3045603077043408,0.06384176646814102,0.9083254511920662
2021-06-02,105.92082977294922,64.4826889038086,115.704271612114,-0.217108313815556,-0.3031935929010286,0.06483049365188433,1.327851667268162
2021-06-03,105.2827606201172,63.292945861816406,113.56946063540927,-0.2042077050358874,-0.3007731945056383,0.06577894847731176,1.468030300044366
2021-06-04,105.0481948852539,63.90143966674805,114.66130921798197,-0.21729040911598768,-0.2986154170563907,0.06636581126984893,1.2254051654658265
2021-06-07,105.09510040283205,64.0921630859375,115.00353307172985,-0.22000343965663607,-0.29622514851708387,0.06657457873443318,1.1449071148387906
2021-06-08,105.51734161376952,66.7713623046875,119.81094416731312,-0.26068182768489034,-0.294811898367084,0.06641115637790478,0.5139207407860894
2021-06-09,107.07502746582033,66.47166442871094,119.27318240469037,-0.23731962952581376,-0.29297185869406095,0.06644977663925583,0.8375081449915681
2021-06-10,106.42755889892578,65.64517974853516,117.79018271060254,-0.2309126975824076,-0.29092517724356043,0.06643835476153585,0.9032806407767453
2021-06-11,106.89672088623048,66.2536849975586,118.88205182783854,-0.23572455397589875,-0.28891835933560334,0.0662535667904297,0.8028821380736352
2021-06-14,107.68495178222656,64.99128723144531,116.61687311870021,-0.20564407450394956,-0.28675600483237523,0.0668260391246813,1.21377731481422
2021-06-15,107.50664520263672,64.80962371826172,116.29090587340185,-0.2046116455414274,-0.28470090463306275,0.0674320070237402,1.1877039202383373
2021-06-16,109.15813446044922,64.8459701538086,116.35612396405749,-0.1869841447481718,-0.28232823008418556,0.06833308101269372,1.3952844496840764
2021-06-17,110.1434097290039,65.37273406982422,117.30132082619599,-0.1849476247203254,-0.2807000331851182,0.06947978752812838,1.3781332941760678
2021-06-18,106.42755889892578,63.5018196105957,113.94425246515837,-0.19477609644983213,-0.27949428406022103,0.07034181866349784,1.2043786927896325
2021-06-21,110.7627182006836,64.49176788330078,115.72056244500237,-0.16405064312507456,-0.2763677645731501,0.07124388486019256,1.576515958786978
2021-06-22,112.5925064086914,64.22838592529297,115.24796401393313,-0.1409357427254285,-0.2724743313931233,0.07216505935539971,1.822746213231688
2021-06-23,111.3726577758789,63.55632019042969,114.04204537670299,-0.14260446709972135,-0.2691728764608557,0.07350989084906108,1.7217874751170434
2021-06-24,113.66221618652344,63.73795700073242,114.36796470778695,-0.12245581600491938,-0.2648309463458945,0.07436318786024416,1.9145915396815751
2021-06-25,114.26275634765624,62.84792709350586,112.77094287325605,-0.10257968397613403,-0.2605351853106374,0.07617577986017156,2.073565923767986
2021-06-28,112.03887176513672,60.977012634277344,109.41387451221843,-0.09450160904923637,-0.2562843352605672,0.07821321135685391,2.0684833598403785
2021-06-29,112.57373809814452,60.17777633666992,107.979767851459,-0.07656208996617936,-0.2514835223617537,0.08026478002050555,2.1793049498283867
2021-06-30,111.71046447753906,60.56830596923828,108.68051323673092,-0.09115439379471953,-0.24654548827320386,0.08087056438452443,1.9214790407499653
2021-07-01,111.19436645507812,61.17681503295898,109.77238919885467,-0.10603840851348126,-0.24201034958231768,0.08099509783439948,1.678767539077997
2021-07-02,110.72517395019533,61.94878387451172,111.15756860184683,-0.12323525965806083,-0.23761225545991585,0.08014203500568325,1.4271785810498077
2021-07-06,110.1434097290039,61.34029769897461,110.06573370904968,-0.11925520485654328,-0.23323225643174111,0.07929088047558257,1.4374547349149034
2021-07-07,109.9932861328125,61.11323165893555,109.65829860953393,-0.11707863125351753,-0.2292383761230492,0.07900043644238147,1.4197357624895497
2021-07-08,109.07369232177734,59.38764953613281,106.56200678269009,-0.09810949958609727,-0.22495289539198776,0.07902369718783521,1.6051311229388616
2021-07-09,111.46649169921876,60.84986114501953,109.18572071312798,-0.09807503365399811,-0.22038339572407686,0.07828567225656168,1.5623339309042878
2021-07-12,110.95037841796876,59.732757568359375,107.18125008930578,-0.08511663246920788,-0.21605015801479877,0.07846014572625268,1.6687902416395932
2021-07-13,109.18628692626952,58.67924499511719,105.29088374457986,-0.08533532910947804,-0.2118346916689507,0.07857715372854078,1.6098745825852632
2021-07-14,109.0455322265625,58.506683349609375,104.98124840149649,-0.08389676219573027,-0.20751594829089914,0.07836538215576629,1.5774718720755032
2021-07-15,109.91820526123048,58.30686950683594,104.62271318019691,-0.07202954970866639,-0.20381213919961652,0.079440429248347,1.6588856673844352
2021-07-16,109.43963623046876,58.20697021484375,104.44345925932267,-0.07507950704747582,-0.2000061453794157,0.08005438224177429,1.5605221704746373
2021-07-19,108.43561553955078,56.21800231933594,100.87456215652182,-0.052121228801383715,-0.19568773128885925,0.08093675044800389,1.7738110523686867
2021-07-20,108.43561553955078,57.50764846801758,103.18863389898857,-0.07346174253344914,-0.19128586944835568,0.08026859020793024,1.467873381227841
2021-07-21,111.0066909790039,59.38764953613281,106.56200678269009,-0.07898773161456894,-0.18690891551622923,0.07908430653100573,1.364634636574183
2021-07-22,109.80561065673828,59.04252624511719,105.94273609652335,-0.08515026048895315,-0.18247852813724824,0.0771598890069398,1.261384236044473
2021-07-23,112.78955841064452,59.18783950805664,106.2034784062783,-0.05875340767176142,-0.17727321356475242,0.07471752945507792,1.5862382864819977
2021-07-26,110.74396514892578,59.94165802001953,107.55608983326925,-0.09052389971450724,-0.17280980907281285,0.07165466511916732,1.1483677890540371
2021-07-27,108.45438385009766,60.11421585083008,107.86571833146485,-0.11640087697700376,-0.16936301549942562,0.06923044933484754,0.7650122024524124
2021-07-28,109.5991668701172,60.53199005126953,108.61534990517742,-0.11157962505624942,-0.16608190857447694,0.06716124593601798,0.8115138836189819
2021-07-29,108.80157470703124,60.83169555664063,109.15312535757572,-0.12467100405351632,-0.16370105770631221,0.06602670194420084,0.5911252948205742
2021-07-30,111.1662139892578,59.99613571166992,107.65384167548726,-0.08726103236682688,-0.16098763852584788,0.06576207509953501,1.1211113099370904
2021-08-02,113.23995971679688,59.87807846069336,107.44200608883627,-0.06547951183811934,-0.15753975137741782,0.0652453935625089,1.4109845080649164
2021-08-03,114.88207244873048,59.21508026123047,106.25235774983119,-0.039894268219533,-0.15338259454120276,0.06464993879645976,1.7554282097461844
2021-08-04,115.80165100097656,58.66107177734375,105.25827469925204,-0.02305212910166311,-0.1499377979418778,0.06600473165854596,1.9223723156184696
2021-08-05,113.54022216796876,60.73180389404297,108.97388512647699,-0.07615375154455431,-0.14753562045575055,0.06602388692785001,1.0811521743517065
2021-08-06,115.25740814208984,60.168701171875,107.96348386345839,-0.051353979996291765,-0.14535291727257896,0.0670119436272908,1.4027191600215856
2021-08-09,113.5777816772461,59.78725814819336,107.2790430008504,-0.06087557031213108,-0.14357060305220495,0.06782164283592144,1.2193015279817845
2021-08-10,114.7413101196289,59.66918563842773,107.06718003464832,-0.04827137514840581,-0.1409640397779021,0.06843634741301682,1.3544361751233063
2021-08-11,117.25609588623048,60.18686294555664,107.9960723741229,-0.03371106097982726,-0.13818901752041152,0.06936262779832786,1.5062571857045897
2021-08-12,119.0577392578125,58.234222412109375,104.49235913753886,0.011360279624998207,-0.13434307249528352,0.07115775576623273,2.047610278757891
2021-08-13,119.1703109741211,58.097991943359375,104.24791450556005,0.014345398143229835,-0.1309243703607999,0.07329582482713344,1.9819651234793416
2021-08-16,117.99739074707033,57.6983757019043,103.53086459762422,0.01062460136384388,-0.127461870536629,0.07500266669098207,1.8410874971872924
2021-08-17,116.45849609375,56.13626480102539,100.72789674631208,0.021619276575805525,-0.12382109602987533,0.07685744305707935,1.892339464086352
2021-08-18,115.06975555419922,56.27248764038086,100.97232768851536,0.007687310628572951,-0.11984417300711994,0.077392958186032,1.6478435070170243
2021-08-19,119.75210571289062,55.88196563720703,100.27159599301898,0.05233861043006447,-0.11501141219855987,0.07895110067983724,2.11966674546138
2021-08-20,121.76017761230467,55.92738342285156,100.35309122678746,0.06729815638758044,-0.10984961034860456,0.08058799169327745,2.1981906114551113
2021-08-23,118.56979370117188,56.3996467590332,101.20049517738134,0.03505486079769308,-0.10531415328823303,0.0809633149591064,1.733736003235846
2021-08-24,117.8566436767578,57.64389419555664,103.43310591051845,0.01027253804015579,-0.10153298428249205,0.0809757116362902,1.3807291107836452
2021-08-25,117.8660125732422,57.75286865234375,103.6286438193933,0.008692224507276788,-0.09727859376783296,0.07992522003828473,1.3258745890765018
2021-08-26,117.38745880126952,56.72659683227539,101.78715681822027,0.020338212417616977,-0.09332115166394675,0.07976971914991673,1.4248434781117363
2021-08-27,117.66896057128906,57.88002014160156,103.85679761848374,0.005093204181551902,-0.08983280317698944,0.0794140320510736,1.1953304083274794
2021-08-30,116.82121276855467,57.84368896484375,103.79160690737918,-0.001568593967367164,-0.0862374395911791,0.07842282740859911,1.0796454096543826
2021-08-31,118.82757568359376,58.02532958984375,104.11753308335092,0.012599699024784439,-0.08236072061315541,0.07744127921501115,1.2262248325507104
2021-09-01,119.90139770507812,58.35228729248047,104.70420841396539,0.016549751865352322,-0.07774019428731803,0.07484853183890658,1.2597434289774276
2021-09-02,120.39119720458984,58.43402099609375,104.85086697928735,0.019332637008023672,-0.07346265651175407,0.07288202203832783,1.2732261115227808
2021-09-03,118.92176818847656,57.816444396972656,103.74272071893851,0.016533529468188677,-0.06933855272757748,0.0707925907240262,1.2130094592882605
2021-09-07,116.22777557373048,57.07171249389648,102.40641381461147,0.005235502833384522,-0.06532255178075609,0.06797222210790058,1.038042488917535
2021-09-08,117.71605682373048,56.96273040771485,102.2108622159611,0.019473500547314452,-0.06157059219656835,0.06628760709732195,1.222613038737327
2021-09-09,117.07552337646484,57.28968048095703,102.79752385680003,0.009097961539364523,-0.058008765411888485,0.06417941870971851,1.0456113236982503
2021-09-10,118.81814575195312,57.09896469116211,102.45531369282767,0.026510943496093946,-0.054450513941150726,0.06281127676961698,1.2889637275516628
2021-09-13,117.17916107177734,58.15248107910156,104.34568688244136,-0.003237578405399196,-0.051422013169235295,0.06075975093750677,0.7930321309808402
2021-09-14,117.0190200805664,58.25238800048828,104.52495449309114,-0.006142465753128248,-0.04827811932429023,0.05803562506373595,0.7260308392455103
2021-09-15,116.64222717285156,57.4894905090332,103.15605223321182,0.0023432682612441287,-0.04550488746785158,0.05636107737567782,0.8489574358233294
2021-09-16,116.52922058105467,57.589393615722656,103.33531299897383,-0.0001625629057627803,-0.04315866780419049,0.055240043967258366,0.7783503018917249
2021-09-17,116.43502044677734,58.45219802856445,104.88348286950294,-0.014268158558616436,-0.0410197293285054,0.0537897627541236,0.4973357271005653
2021-09-20,114.68296813964844,57.4259147644043,103.0419753336666,-0.013706116351025132,-0.03920723433427384,0.0528227071431643,0.48276810035755174
2021-09-21,116.68933868408205,58.197898864746094,104.42718211620983,-0.008147225390371028,-0.03763336002451111,0.05230680303283418,0.5637150986962626
2021-09-22,116.7929458618164,58.76097869873047,105.43754230990181,-0.015903763238130975,-0.03632339592765936,0.0518405825978008,0.3938928088048655
2021-09-23,116.6610870361328,59.56019973754883,106.87162159111017,-0.029344707414751186,-0.035536439551802225,0.05157711123801724,0.1200480598550301
2021-09-24,118.53555297851562,59.99613571166992,107.65384167548726,-0.019666163857006813,-0.034344969052840346,0.05109397100579783,0.2872903574898861
2021-09-27,116.42557525634766,60.92250442504883,109.31606791089827,-0.052422704821487406,-0.03345137399130712,0.05028124006671011,-0.377304354566639
2021-09-28,115.57785034179688,59.24234008789063,106.30127131782292,-0.034057320456905286,-0.03196507500462119,0.04888080608734191,-0.042803006328201755
2021-09-29,117.91387939453124,59.478458404541016,106.72494933601267,-0.017164398819364695,-0.030263561570668215,0.0475495180586835,0.2754846586486348
2021-09-30,116.6705093383789,58.38861846923828,104.76939912506995,-0.01124312137586868,-0.02849963640604073,0.04621883802072092,0.3733654018397342
2021-10-01,116.2748794555664,61.27671813964844,109.95164996461669,-0.05925287948776479,-0.027852026071068525,0.04549347937081293,-0.6902275633998217
2021-10-04,116.24662017822266,60.38667297363281,108.3546007505347,-0.045771924163809825,-0.026980307579565384,0.04461777437422556,-0.42116884689568546
2021-10-05,113.82579803466795,60.67728805541992,108.8760648353813,-0.0725944193159218,-0.026771604027010617,0.04436982542833233,-1.032747252137058
2021-10-06,114.62646484375,60.20503234863281,108.02867457456296,-0.05770971520944022,-0.026311177128676654,0.043892576947835785,-0.7153496163617648
2021-10-07,117.75375366210938,60.92250442504883,109.31606791089827,-0.04055212688400444,-0.02558876654014789,0.0432811723217377,-0.34572446958284664
2021-10-08,119.0348129272461,61.39478302001953,110.16349924104323,-0.03647283612093751,-0.02499615464701908,0.042876048798374464,-0.2676711543054672
2021-10-11,117.88561248779295,61.17681503295898,109.77238919885467,-0.04325911800623293,-0.02446581482966503,0.042440645711623676,-0.44281378997541443
2021-10-12,117.93270111083984,60.83169555664063,109.15312535757572,-0.03759156803636676,-0.02422365381691475,0.04232145768505465,-0.31586611025859684
2021-10-13,117.70665740966795,61.5764274597168,110.48943226190273,-0.050937014906066745,-0.023848241689791706,0.04197577979590722,-0.645342941762723
2021-10-14,119.2420425415039,62.09410858154297,111.4183314462651,-0.045194963963068595,-0.023285028895600034,0.04144677738132923,-0.528628193837296
2021-10-15,118.2529754638672,63.792442321777344,114.4657302397805,-0.07970713337000224,-0.02319431011028418,0.041314818444268854,-1.3678584437191796
2021-10-18,119.86373138427734,63.32018280029297,113.61833313407439,-0.058128114151932225,-0.023183888551620364,0.04130577459748408,-0.8459888705837345
2021-10-19,118.5732421875,64.01041412353516,114.8568471268568,-0.08008936649572944,-0.023009979664640735,0.04103855061317202,-1.3908723865303398
2021-10-20,119.656494140625,63.67439270019531,114.25390834290505,-0.06527238800667089,-0.022157838181801854,0.0395710642230664,-1.089547392049595
2021-10-21,119.7129898071289,63.14762115478516,113.30869779099102,-0.05687401931583394,-0.021246078086128262,0.038077832239921505,-0.9356609642382081
2021-10-22,121.83238220214844,61.5764274597168,110.48943226190273,-0.015348144202224185,-0.01942403042194006,0.035578568112856625,0.1145601533706192
2021-10-25,121.888916015625,61.55825805664063,110.4568300614627,-0.014609736593228766,-0.01821317549238009,0.034449074288633044,0.1046019079920626
2021-10-26,123.64093780517578,62.82974243164063,112.73831329326494,-0.018684963410049573,-0.017433266351912263,0.03388595153575517,-0.036938524710352826
2021-10-27,122.58597564697266,63.5926399230957,114.10721555314424,-0.03861853521148091,-0.017412004135111396,0.033872016564943465,-0.6260781974911305
2021-10-28,123.5561752319336,64.47360229492188,115.68796708945008,-0.04325678387396305,-0.017748748381316393,0.034029108848719694,-0.7495945781608784
2021-10-29,124.281494140625,64.36460876464844,115.4923949561364,-0.03559461331620836,-0.017072762744177294,0.03324300558499646,-0.557165341884445
2021-11-01,125.91107177734376,65.18201446533203,116.95910381733587,-0.03384041522823073,-0.016780869998042944,0.03301298872019582,-0.5167525235227051
2021-11-02,127.22981262207033,64.36460876464844,115.4923949561364,-0.011596599998410236,-0.015959553826147596,0.032506491783072244,0.13421792351056994
2021-11-03,126.86241912841795,64.93678283691406,116.51907336226783,-0.0226190322110282,-0.015532014777191301,0.03224192868422171,-0.2198074905272365
2021-11-04,124.82784271240234,64.98219299316406,116.60055490626077,-0.039939511861385786,-0.015635822291883945,0.032311402611467054,-0.7521706767652563
2021-11-05,125.5343017578125,66.21736145019531,118.8168748065095,-0.05174222398602329,-0.016687530685400968,0.032444501473609284,-1.0804509765433195
2021-11-08,126.00528717041016,65.14567565917969,116.89389941645577,-0.03254992904610059,-0.017469119471889807,0.03224850936631047,-0.4676436173501239
2021-11-09,123.6032943725586,64.96403503417969,116.56797324048402,-0.04997868228406768,-0.018479174199355002,0.03230270412023467,-0.9751353313167715
2021-11-10,120.4383316040039,63.32925796508789,113.63461712207499,-0.05321508811603945,-0.01972641361088575,0.03217267461138805,-1.0409042738802894
2021-11-11,121.7005386352539,62.55728530883789,112.24943087419507,-0.030909831557937244,-0.020369699313994256,0.032000663679006655,-0.32937230145191065
2021-11-12,123.35839080810548,62.10317611694336,111.43460174449017,-0.010449729756727267,-0.021416171650440786,0.030577688583383104,0.3586419511013345
2021-11-15,123.39606475830078,61.75807189941406,110.81536528276226,-0.005122946477138123,-0.022623190031519424,0.02836580983616101,0.6169484902938261
2021-11-16,124.3474349975586,61.985107421875,111.22274562317587,-0.0007089936065329632,-0.02321925427158986,0.027495666159218342,0.818683953125827
2021-11-17,121.97371673583984,61.69448471069336,110.70126784855373,-0.01590836186209695,-0.023655602603294072,0.027160855681082566,0.2852355180618646
2021-11-18,121.99252319335938,61.79438781738281,110.88052861431575,-0.01722118927248734,-0.02408749283295681,0.026841922941388447,0.255805203504332
2021-11-19,121.96428680419922,60.64097595214844,108.81090834871559,-0.0004876218839094409,-0.02443459007131558,0.026388532061254306,0.907476328422487
2021-11-22,119.50579071044922,60.32310104370117,108.24053069587725,-0.01629704204821024,-0.02479109417514495,0.026126039410139242,0.3251182467266071
2021-11-23,121.5027313232422,60.93157958984375,109.33235189889888,-0.008579819359517809,-0.024907947931680795,0.0260359359893243,0.6271381439429766
2021-11-24,123.35839080810548,60.57738494873047,108.69680406961929,0.011744120673194068,-0.02492220757087397,0.026015271317002642,1.4094155620089286
2021-11-26,121.3991241455078,56.999061584472656,102.27605292706566,0.04868420879687266,-0.024386633288681965,0.027187870202414113,2.687626560725098
2021-11-29,122.62822723388672,56.55403900146485,101.47752832002467,0.06473100184297335,-0.023629993874766133,0.028996745868411375,3.047272825672437
2021-11-30,121.90966033935548,55.019168853759766,98.72343981226541,0.08180951032545573,-0.02254206086047835,0.031633823758790425,3.298734038022729
2021-12-01,120.1605453491211,54.00197219848633,96.89823679909298,0.08363358879609852,-0.021235426094433116,0.03430680799191416,3.05679895708305
2021-12-02,122.70386505126952,56.48138046264648,101.34715374270328,0.06637003972432902,-0.02045381710814954,0.03575370398676095,2.428387751507595
2021-12-03,122.04202270507812,55.35520935058594,99.32641282065602,0.0778646466438968,-0.01930770568974067,0.037762799376430754,2.5732295787977666
2021-12-06,124.04644012451172,57.407752990722656,103.00938682300209,0.0630747837896139,-0.018698308351515334,0.038795630550879596,2.1077912893795
2021-12-07,123.82899475097656,57.28968048095703,102.79752385680003,0.06314046237002265,-0.01759200767192497,0.040166195456957904,2.0099605930678828
2021-12-08,124.1977310180664,57.94359970092773,103.97088136291671,0.05647445156099216,-0.0165483923833563,0.0412671068981024,1.7695169211802995
2021-12-09,122.0041961669922,57.09896469116211,102.45531369282767,0.051932898723478095,-0.015721898542319066,0.04213925249677231,1.6055053959720627
2021-12-10,124.85011291503906,57.08079528808594,102.42271149238762,0.0738049033094364,-0.014489107438732413,0.04365679871107594,2.022457288554422
2021-12-13,123.5642318725586,54.89202117919922,98.49529285806274,0.09595080974516308,-0.012652124633669421,0.045926157475587814,2.3647293905779234
2021-12-14,121.4274673461914,54.55598449707031,97.89232669455991,0.08500786491262091,-0.011006891612608653,0.047624495129830365,2.016079252147057
2021-12-15,122.7794952392578,54.57414627075195,97.92491520522442,0.09481818686876516,-0.009290801408289718,0.049545652848562806,2.1012739219577123
2021-12-16,124.85011291503906,54.01105880737305,96.9145413217569,0.11792316673767253,-0.007060352575359659,0.0521849220971299,2.3950120895151454
2021-12-17,121.25728607177734,54.3380126953125,97.50120980748359,0.0869492110129201,-0.005122120601565138,0.05348665294418407,1.721388917541095
2021-12-20,119.10161590576172,54.42884063720703,97.664186585245,0.06905513705405629,-0.0036434322530474192,0.05429799224560043,1.3388813527077368
2021-12-21,119.05431365966795,55.90012741088867,100.3041845036835,0.04651052175252302,-0.0019945451434805793,0.05429375806124616,0.8933820134772654
2021-12-22,122.1460418701172,57.589393615722656,103.33531299897383,0.04582938484663342,-0.0006631000550882674,0.054473389500679356,0.8534898475730405
2021-12-23,121.96639251708984,58.30686950683594,104.62271318019691,0.03386857921151809,0.00018744957875977889,0.054609615715822124,0.6167618869180183
2021-12-27,122.7227783203125,59.07886505126953,106.00794049740345,0.02853575318335705,0.000850430821413541,0.054709865454726024,0.5060389407254877
2021-12-28,123.07262420654295,59.5329704284668,106.82276278222058,0.024676572333753404,0.002249255018438844,0.05421783868482566,0.4136519982968531
2021-12-29,121.96639251708984,59.26958084106445,106.3501506613758,0.01970535403506755,0.0033405429884201337,0.05389287790504419,0.3036544286145039
2021-12-30,122.21222686767578,58.87904739379883,105.64939843121611,0.027411148716748764,0.00500730245563131,0.05304438266032217,0.4223603921377295
2021-12-31,123.29005432128906,59.22417068481445,106.26866911738287,0.030890847717501464,0.006483978504413671,0.05249929533964647,0.4648989868375659
2022-01-03,121.45584869384766,59.82358169555664,107.34422002217941,0.0074000368903519255,0.007283181233986278,0.05213484880106503,0.0022414116287464967
2022-01-04,118.87469482421876,62.34840774536133,111.8746321995582,-0.05226333741854079,0.007020006212359556,0.052398658974047906,-1.1313904743299308
2022-01-05,117.70230102539062,61.81255340576172,110.91312396986802,-0.05457560132045727,0.006831398157122484,0.05260267480949153,-1.1673740869637221
2022-01-06,118.63832092285156,62.05777740478516,111.35314073516054,-0.04996421625815493,0.006625187353426014,0.05280363895834008,-1.0716951469240155
2022-01-07,117.39973449707033,62.08502578735352,111.40203376848896,-0.061457976997243174,0.00644983798523974,0.053015075924620486,-1.280915169847869
2022-01-10,115.98152923583984,61.21313095092773,109.83755253040816,-0.0609482755739412,0.006187282791725197,0.053313349724439144,-1.25926355617627
2022-01-11,119.07324981689452,62.11226272583008,111.45090626715407,-0.04695015353692915,0.006733232455609748,0.05258154845236708,-1.0209548324954705
2022-01-12,117.78739166259766,62.00328826904297,111.25536835827923,-0.056719378128378885,0.006756711389335637,0.052552401846742515,-1.2078627672019355
2022-01-13,113.79747772216795,61.83072280883789,110.94572617030808,-0.09104858531417634,0.006574057742361522,0.05287740450593736,-1.8462071648311762
2022-01-14,111.71743774414062,61.56735229492188,110.47314827390215,-0.10713243771269743,0.00587639024726108,0.05410335768828852,-2.0887581249771667
2022-01-18,112.79527282714844,60.63189315795898,108.79461067093943,-0.08167176268719041,0.005463094524405138,0.05468244874687042,-1.5934702854100409
2022-01-19,113.7313003540039,60.32310104370117,108.24053069587725,-0.06789759044890988,0.00458727042029371,0.05543704632772986,-1.3075166458308642
2022-01-20,113.78802490234376,60.64097595214844,108.81090834871559,-0.07237786545837964,0.0036244682725411963,0.05627146490805833,-1.3506371987134274
2022-01-21,111.6512451171875,60.68637847900391,108.892376202933,-0.09363067994054089,0.0023753729970330075,0.05759140513537429,-1.6670204991856368
2022-01-24,111.66071319580078,59.106101989746094,106.05681299606857,-0.06814349016121732,0.0018832904145374004,0.058071742248294145,-1.205866706673705
2022-01-25,109.30646514892578,59.37855911254883,106.54569541513843,-0.09562180208423043,0.0010105401110329444,0.05914521382534087,-1.6338150789449186
2022-01-26,108.5879135131836,59.88716506958008,107.45831061150017,-0.11127617815065874,-0.00025081930287456207,0.060725016621130466,-1.8283298222951943
2022-01-27,108.49337005615234,57.62572479248047,103.4005037100784,-0.07484314074222419,-0.0009341980614411197,0.061337060443369555,-1.2049638855618245
2022-01-28,109.97777557373048,58.96078872680664,105.79607068631361,-0.08211791860904936,-0.0021095533716184384,0.06221423976010713,-1.286013709175527
2022-01-31,112.0672607421875,60.52289581298828,108.59903169273798,-0.08695333317509121,-0.0031817917210194887,0.06312147726719099,-1.327147986405162
2022-02-01,112.40764617919922,61.85796356201172,110.99460551386096,-0.10497337722591721,-0.0042656894770950115,0.06431053363913965,-1.5659594478552281
2022-02-02,113.45712280273438,61.13140487670898,109.69090765486173,-0.08326172504247972,-0.00479101449470262,0.06483154622946947,-1.210378513417406
2022-02-03,110.31813049316406,60.268592834472656,108.14272409455711,-0.1000510474827323,-0.005916033135313148,0.06589830510603438,-1.4284891575883505
2022-02-04,113.6934814453125,60.74994659423828,109.00643941270266,-0.07498942568907008,-0.006332878858729855,0.06625986350910691,-1.0361709667709156
2022-02-07,113.40983581542967,60.76811599731445,109.03904161314271,-0.07796551899508902,-0.006745386040047347,0.06663267446562354,-1.0688469812476888
2022-02-08,115.90587615966795,62.72075271606445,112.542748004839,-0.08498035718557678,-0.007646561467174674,0.06732704751951302,-1.1486289473185185
2022-02-09,114.6862335205078,63.93775939941406,114.72647939442322,-0.11555961319743158,-0.009398392857853077,0.06875357402383254,-1.5440829345508509
2022-02-10,114.49713134765624,63.96501159667969,114.77537927263941,-0.11782914276519216,-0.01127682946265398,0.07016003729501125,-1.51870377227001
2022-02-11,113.7313003540039,62.90239715576172,112.8686810256985,-0.10859131605844317,-0.013074868170185817,0.07125840690409894,-1.3404235659773505
2022-02-14,114.0054931640625,62.4846305847168,112.11906314176147,-0.0993497819634372,-0.014465558505208153,0.07212361840795868,-1.1769268560278205
2022-02-15,115.16841888427734,63.92868423461914,114.71019540642261,-0.11074761255293472,-0.01602433222654894,0.07318701578635478,-1.2942634606512577
2022-02-16,114.610595703125,64.0921630859375,115.00353307172985,-0.11871318001550739,-0.017994758195408907,0.07434398666996407,-1.3547621849661988
2022-02-17,111.97273254394533,62.80249786376953,112.68942710482426,-0.1244012283633147,-0.019796494633993984,0.07560146984120346,-1.3836335979847607
2022-02-18,112.33199310302734,62.14858627319336,111.5160832884831,-0.11035984276421094,-0.021492828357405534,0.07648225734439308,-1.1619298055841216
2022-02-22,110.1195831298828,63.11129379272461,113.24351392477422,-0.14835491782063356,-0.024161145665635993,0.07807913256106501,-1.590614138263725
2022-02-23,108.29480743408205,62.82974243164063,112.73831329326494,-0.16303973559133852,-0.027689878072106187,0.07950252159704288,-1.7024599320918485
2022-02-24,110.8759536743164,61.939701080322266,111.1412709240707,-0.12156078675209786,-0.030794741215357368,0.07946965345773302,-1.1421472422176298
2022-02-25,111.4930419921875,64.77332305908203,116.22576992139943,-0.16095693972772018,-0.034840848716243634,0.07981868698439107,-1.5800321425500168
2022-02-28,111.35063934326172,63.93775939941406,114.72647939442322,-0.14897706074958536,-0.03871769287533836,0.07961554145596256,-1.384897544598555
2022-03-01,111.26519775390624,59.342227935791016,106.48050470403386,-0.07574837443378833,-0.04108633311130699,0.07854294350355298,-0.44131324567576674
2022-03-02,112.6322784423828,62.5028076171875,112.15167903197707,-0.11304265239464403,-0.044268121428616004,0.07750249795474057,-0.887384700893003
2022-03-03,111.39810943603516,59.12426376342773,106.08940150673307,-0.07095401368567429,-0.04650193471987081,0.07627801918094006,-0.3205652064430304
2022-03-04,114.41707611083984,56.25432586669922,100.93973917785085,0.002311595709262884,-0.047515749164216796,0.07519257454432043,0.6626631043748896
2022-03-07,110.5247039794922,53.55695343017578,96.09971903693976,0.010967086887584738,-0.048274205242106925,0.07435066225162472,0.7967823061104895
2022-03-08,107.93293762207033,55.609500885009766,99.7826998841736,-0.04690517356819189,-0.04992150644696809,0.07317854091136207,0.04121881689920207
2022-03-09,109.2525634765625,58.615665435791016,105.17680000014687,-0.08363270520722636,-0.05254546658891247,0.07146955528032646,-0.4349717651995985
2022-03-10,108.34117126464844,58.37044906616211,104.7367969246299,-0.08868721335211799,-0.05562276697386715,0.06889599600928159,-0.4799182578592293
2022-03-11,108.2272491455078,58.76097869873047,105.43754230990181,-0.09630794608079918,-0.05864469715709083,0.06655992879528604,-0.5658547057576746
2022-03-14,107.96141815185548,58.5793342590332,105.1116092890423,-0.09598838386316146,-0.0618248066692896,0.06359566816148969,-0.5371997524598631
2022-03-15,108.54054260253906,59.85991287231445,107.40941073328398,-0.11131065638552518,-0.06564537038800956,0.05935869768718124,-0.7693107796631667
2022-03-16,109.39495849609376,63.39282989501953,113.74868717673245,-0.1605794255322169,-0.06977084766376183,0.057133509901171116,-1.589410103204489
2022-03-17,111.68292999267578,63.120391845703125,113.25983898210143,-0.13242632424830128,-0.07312887201880115,0.05470514404638799,-1.0839465513374396
2022-03-18,110.88546752929688,63.910526275634766,114.67761374064587,-0.1533564091042038,-0.0764599875330799,0.05336532354293392,-1.440943602810888
2022-03-21,110.14495849609376,63.05680465698242,113.14574154789291,-0.14720268802097666,-0.07967718874754008,0.05165931811031093,-1.3071310606393554
2022-03-22,113.41075134277344,64.58258819580078,115.88352553298824,-0.138308096148585,-0.08254680000354181,0.050000556855431144,-1.115213502646947
2022-03-23,109.4519271850586,62.5028076171875,112.15167903197707,-0.1453843999548643,-0.08544546922251216,0.04846952193083198,-1.2366313581117527
2022-03-24,107.9424285888672,63.04771423339844,113.12943018034123,-0.1704598714592613,-0.08869774328572906,0.047492073588825075,-1.721595247270293
2022-03-25,108.92028045654295,63.41098785400391,113.7812688425092,-0.16593640065003434,-0.09179177253048078,0.04634332523508953,-1.5998987501098405
2022-03-28,107.22091674804688,63.62896728515625,114.17239941936104,-0.18806343196525827,-0.09538301554184755,0.04528620814319217,-2.0465483912974345
2022-03-29,108.96773529052734,65.11841583251953,116.84498584846403,-0.19354445985769547,-0.09912360400143418,0.04392803412007538,-2.1494441476294153
2022-03-30,108.88231658935548,63.89234161376953,114.64498416065474,-0.17427548454584502,-0.10215152935870411,0.04270535192117703,-1.6888739219445599
2022-03-31,108.62596893310548,63.27542495727539,113.53802206588982,-0.16685608627096216,-0.10406140850624447,0.042997845347799483,-1.4604145220949158
2022-04-01,110.93292236328124,63.36734771728516,113.70296332644072,-0.14407708310075665,-0.10555309986924946,0.042804040693492744,-0.9000080975384123
2022-04-04,107.2019271850586,63.37654113769531,113.71945950596212,-0.18404877365337366,-0.10778784249250312,0.04334934371443971,-1.7592176634376118
2022-04-05,107.4487762451172,63.60640335083008,114.13191190821199,-0.18516717704156904,-0.10984966249324188,0.0440448171797399,-1.7100199154186146
2022-04-06,109.10066223144533,61.62042236328125,110.56837435253367,-0.13455979763651546,-0.11107652119428478,0.043683325660173605,-0.5375798680007678
2022-04-07,111.96771240234376,61.04118728637695,109.52902605914325,-0.0962256380559823,-0.11189777926960233,0.04291371581830473,0.3652012163191684
2022-04-08,110.458251953125,59.71720123291016,107.15333663698696,-0.0896984645280404,-0.11244743070959669,0.04240316184542772,0.5364922140590156
2022-04-11,110.8379898071289,59.30345153808594,106.41092641986987,-0.07926693310492214,-0.11225106983944245,0.0425310218419768,0.7755312547408865
2022-04-12,111.7968521118164,58.852935791015625,105.60254517444262,-0.06277944182534956,-0.11151185324131999,0.04300430337733443,1.1331984845417824
2022-04-13,113.49620056152344,61.326202392578125,110.0404418487461,-0.08596844783996407,-0.11158346466053289,0.0429573227893975,0.5962898792866806
2022-04-14,111.38861083984376,62.9811897277832,113.01006218255118,-0.13317611326369058,-0.11267144004077924,0.04265774886094051,-0.4806787458417997
2022-04-18,110.44873046875,63.1834716796875,113.37302604623679,-0.14610531438238075,-0.11390023085617923,0.042539111599315706,-0.7570699602179651
2022-04-19,111.81582641601562,63.358158111572266,113.68647399180706,-0.1348959174210044,-0.11458798481418699,0.04253942712623844,-0.4773908343088952
2022-04-20,112.22406005859376,63.83626556396485,114.54436431046187,-0.13841198718476944,-0.11575912643124617,0.042205061628655074,-0.5367332703559693
2022-04-21,109.17660522460938,63.43170928955078,113.81845027286619,-0.16353957812032216,-0.11689108936518104,0.042565073954498336,-1.0959334595543735
2022-04-22,108.3316650390625,61.17909240722656,109.77647559685231,-0.1353035741054038,-0.11729154596442679,0.042624337792251984,-0.42257614015650813
2022-04-25,109.43293762207033,61.1423225402832,109.7104977236544,-0.12327559970068927,-0.11809875361373455,0.04226391314459055,-0.12248856534519251
2022-04-26,105.91080474853516,59.10118103027344,106.04798309084755,-0.12604973859649393,-0.11883095061352528,0.04200978373355983,-0.17183587587007432
2022-04-27,109.61331176757812,59.59767532348633,106.9388657685452,-0.09614165233961058,-0.11898408926626727,0.04190823480158082,0.5450584362430615
2022-04-28,109.43293762207033,61.27103805541992,109.94145792672981,-0.12538611786911347,-0.11932430161032054,0.041875410396955325,-0.14475837254680785
2022-04-29,107.25890350341795,59.58847427368164,106.92235589924825,-0.12004880607608241,-0.11993741962754725,0.04160689936567913,-0.002677114859153368
2022-05-02,106.29054260253906,59.23909378051758,106.29544631833215,-0.1243549454442442,-0.12034248459357245,0.041528244930689365,-0.09662004395727648
2022-05-03,106.6607894897461,60.12175369262695,107.87924382969486,-0.13530094160910833,-0.12134767652557309,0.04113997258831208,-0.3391656388098659
2022-05-04,108.89179229736328,61.13313293457031,109.69400838902075,-0.1287063671811893,-0.12219335732867474,0.04075278331024565,-0.15981754676562482
2022-05-05,105.65446472167967,57.24392318725586,102.71541942802018,-0.09723967315710752,-0.12239767926153361,0.04059346729427846,0.6197550438853999
2022-05-06,105.6165008544922,56.71065139770508,101.7585451873491,-0.08857418270777499,-0.12194792208670599,0.04081937860495279,0.8175954784103846
2022-05-09,101.76210021972656,54.29254531860352,97.41962559017415,-0.08716777918379513,-0.12143689936034939,0.041063015619776516,0.834549524902642
2022-05-10,102.7589111328125,55.57975769042969,99.72933029424475,-0.09909865684597878,-0.12127868837347497,0.041131576818067186,0.5392458360058187
2022-05-11,103.02474975585938,55.23036575317383,99.10240017866536,-0.09017737345256083,-0.1211258148982937,0.04123138567504992,0.7506039619827888
2022-05-12,101.63865661621094,54.02590560913086,96.94118162495083,-0.08378087829002744,-0.12067636932724524,0.04149258047693733,0.8892069524990206
2022-05-13,103.84120178222656,55.690086364746094,99.92729813827732,-0.08954968844001894,-0.12019031113432045,0.041686330897943824,0.735028054383478
2022-05-16,103.74625396728516,55.23036575317383,99.10240017866536,-0.08259572557547071,-0.11949355275452304,0.04196321099533116,0.8792898899742825
2022-05-17,102.9677734375,56.40724563598633,101.21413019381563,-0.11128926347092453,-0.11950904309963492,0.04195995363877013,0.19589582246619738
2022-05-18,99.53108978271484,53.63974380493164,96.24827363617352,-0.09976817078886194,-0.11869926398243874,0.04186254704705536,0.4522202906645268
2022-05-19,100.21463775634766,54.5683708190918,97.91455204514332,-0.10889392451941697,-0.11779683379790672,0.04147229058915278,0.21467126970841424
2022-05-20,101.52474975585938,54.89936828613281,98.50847611190434,-0.10043439940851717,-0.11744472734218038,0.041529436234765814,0.4095968902034658
2022-05-23,102.18929290771484,56.05785751342773,100.587206923124,-0.1136201709182916,-0.11665578119535656,0.041136589100889784,0.07379343653456437
2022-05-24,101.53424072265624,55.15681457519531,98.97042389760624,-0.10488121061369751,-0.11592085035975842,0.04094280566525851,0.26963564334889867
2022-05-25,102.2652587890625,55.7176628112793,99.97677983195382,-0.10682388215737322,-0.11643877548848484,0.04062130171556667,0.2366958449149614
2022-05-26,103.86018371582033,57.17036819458008,102.58343630207328,-0.11492472928506457,-0.11647014343665853,0.04061936139286917,0.03804624441646825
2022-05-27,106.654052734375,58.089805603027344,104.23322537640944,-0.10118718676070426,-0.11697402965457568,0.04023082452925536,0.3924066453669479
2022-05-31,107.09269714355467,58.02544784545898,104.11774527487172,-0.09559847977662014,-0.11860586424600707,0.0371804386244392,0.6188034708730914
2022-06-01,107.19757843017578,57.01406478881836,102.30297387065808,-0.07759733450215238,-0.12008193793583602,0.033527761882986375,1.2671470163131409
2022-06-02,110.1726531982422,58.11738586425781,104.2827139149737,-0.06646759803759633,-0.12040797834365942,0.03289320641172232,1.639863856107384
2022-06-03,108.70419311523438,57.85995101928711,103.82078666393511,-0.07662486810104634,-0.12029118105855643,0.03303812389164854,1.3216946912820366
2022-06-06,109.56239318847656,57.85995101928711,103.82078666393511,-0.06819168666196238,-0.11994958894705383,0.03347351232574032,1.5462345803876363
2022-06-07,108.36090850830078,58.42079925537109,104.82714259828268,-0.08932266380938672,-0.11983316757586364,0.033569142824341286,0.9088853988953652
2022-06-08,108.2178955078125,57.69445037841797,103.52382120811072,-0.07871874213695086,-0.1195453402137601,0.033849919320221376,1.206106215219843
2022-06-09,108.34185791015624,56.93132400512695,102.15450825496531,-0.0648456782181068,-0.1187709239109698,0.034565453756269224,1.5600907794558445
2022-06-10,104.67068481445312,53.26277542114258,95.57186182691764,-0.03930449036941058,-0.11674967499158971,0.035609297355165194,2.174858544658859
2022-06-13,103.478759765625,49.75973892211914,89.28620138935767,0.009467715574689494,-0.11438477432787318,0.039091983761482756,3.168232409443346
2022-06-14,102.52520751953124,49.05177688598633,88.01587235822855,0.012645516960021136,-0.11161807556013612,0.04204949418937157,2.9551744893893668
2022-06-15,104.62300872802734,50.29301071166992,90.24307563002876,0.01115511971413198,-0.10897877876455096,0.0446664620919134,2.689577209662918
2022-06-16,103.8125,48.16911697387695,86.43207484686585,0.04014520642841071,-0.10600455705493438,0.048460620344741266,3.0158459062979084
2022-06-17,104.0794906616211,48.61964416503906,87.24047662695638,0.03484032349532894,-0.10300081166409783,0.05147035198854336,2.6780686324062524
2022-06-21,104.59440612792967,48.74835586547852,87.47142998514404,0.03738369360994679,-0.0995367522462777,0.05379492336473232,2.5452298710028245
2022-06-22,104.29878997802734,48.03120803833008,86.18461846426901,0.046993072537141904,-0.09598792769315809,0.05630518534534051,2.539393119005731
2022-06-23,107.13082122802734,47.83811950683594,85.83815078010483,0.07542012134808432,-0.0915965351379357,0.05920259971735888,2.821103419163683
2022-06-24,109.60053253173828,50.75272750854492,91.06796674475295,0.048537308654591355,-0.08756183899606425,0.060374440296848284,2.2542510867427517
2022-06-27,109.20957946777344,50.92741775512695,91.381421535211,0.042261009009192205,-0.08395289743681363,0.061563327931940345,2.050147558389601
2022-06-28,108.77094268798828,50.320587158203125,90.29255732370525,0.04840938511126593,-0.08036513958044317,0.06290793274781217,2.047031575619335
2022-06-29,108.6088409423828,49.45632553100586,88.74177270604869,0.06126773168566833,-0.07694272600066941,0.0649360775316875,2.1284078580030314
2022-06-30,107.93183135986328,49.69537353515625,89.17070759804443,0.051405343364694586,-0.07301849071703495,0.06546606053796017,1.900585327103698
2022-07-01,109.35260009765624,49.72296524047852,89.22021667127201,0.06327725641109617,-0.06887775015949053,0.06610635482648144,1.9991271174680916
2022-07-05,111.984375,48.610443115234375,87.22396675765943,0.10311757628290381,-0.06491646059416686,0.06915466708692063,2.4298293080620055
2022-07-06,112.26090240478516,48.47253036499024,86.97650353017484,0.1075311858824947,-0.06152051352852558,0.07251249916895246,2.331345648660291
2022-07-07,113.6530990600586,49.82409286499024,89.40167464600762,0.09712514304104462,-0.058406786735707504,0.07524180448206863,2.067094627080853
2022-07-08,113.0046844482422,50.01718521118164,89.74814917505957,0.08887847801564387,-0.055604363217031404,0.07754768988822316,1.8631482309909178
2022-07-11,115.64601135253906,50.15509796142578,89.99561240254417,0.10754843936030876,-0.05276556519727043,0.08034763842172916,1.9952547169603427
2022-07-12,114.5398941040039,50.52286529541016,90.6555143425031,0.09316866349663408,-0.04977994667499379,0.08239511767747924,1.7349160265924286
2022-07-13,112.6232681274414,50.91822814941406,91.36493220057734,0.07143714749047457,-0.04636972566242437,0.08311613852172679,1.4173766400625543
2022-07-14,112.4516143798828,50.41253662109375,90.45754649847052,0.07808884753724299,-0.04263315629709731,0.08359449015085238,1.4441382873020532
2022-07-15,113.45285034179688,51.69974136352539,92.7672375127656,0.06586667409177892,-0.03928711310521759,0.08385644755872361,1.2539737880424595
2022-07-18,112.69000244140624,52.012351989746094,93.32816922048377,0.05456546434396335,-0.03607082224640538,0.08369073598087669,1.0829906742734239
2022-07-19,116.19905853271484,53.566192626953125,96.1162973551144,0.059121909880892144,-0.03235979744638513,0.0828753698024892,1.1038467465701685
2022-07-20,116.12277221679688,53.70410537719727,96.36376058259901,0.05637275616527356,-0.029165191941873846,0.08253350659405229,1.036402688278746
2022-07-21,118.2396469116211,53.31794357299805,95.67085259382169,0.07912695657834455,-0.02579181600388995,0.0827578296363854,1.2677806201928936
2022-07-22,117.9822006225586,52.84903335571289,94.82946529957609,0.0842490168834603,-0.022286836745890715,0.0828929148579702,1.285222673275405
2022-07-25,118.95479583740234,53.47425079345703,95.95132187012467,0.08230540843326375,-0.01931271906634281,0.08339787889961309,1.2184737650453363
2022-07-26,119.26949310302734,52.88580322265625,94.895443172774,0.09357966340837315,-0.015663289378384695,0.08346837317990795,1.3087945604414177
2022-07-27,119.33621215820312,55.57975769042969,99.72933029424475,0.05357997239511081,-0.01276947640386481,0.08279513556799317,0.8013689251645466
2022-07-28,119.83206176757812,55.17519760131836,99.00340941176131,0.06355395486563,-0.00963766139870024,0.08205336082064485,0.8920002243944044
2022-07-29,117.64844512939452,55.45103454589844,99.4983564013938,0.041966026935466666,-0.006683211922957325,0.08063103259785454,0.603356267320313
2022-08-01,111.11663818359376,55.60732650756836,99.7787982981457,-0.016874259840715274,-0.004819343467282758,0.07903938176858682,-0.15251784747921177
2022-08-02,112.17508697509766,54.76145553588867,98.26101288441976,0.0062511489743600586,-0.003094496431758298,0.07811212507892933,0.11964397840508037
2022-08-03,112.37532806396484,55.40505599975586,99.4158549691234,-0.0022547459509893604,-0.0016558391524785373,0.07730179524144005,-0.00774764410891405
2022-08-04,113.5577392578125,55.96590805053711,100.42221774835875,-0.0006809698910565025,-0.00021439233093289355,0.07648224316475152,-0.006100469086903575
2022-08-05,114.88318634033205,55.07406234741211,98.82193774725016,0.02479386038143973,0.0018504829561907482,0.0754325346780301,0.3041575829736939
2022-08-08,113.2907257080078,55.726863861083984,99.99328970125077,0.0007466197735396598,0.003365882843292423,0.07445943907094735,-0.0351770454147129
2022-08-09,113.23353576660156,56.29690933227539,101.01614866000753,-0.008791245433178023,0.004615710057573247,0.07359621739160797,-0.18216908376435167
2022-08-10,112.9570083618164,57.66686248779297,103.47431897977093,-0.03302284278626682,0.0055578241518024485,0.07272703473446211,-0.5304859063611403
2022-08-11,112.04158020019533,56.8945426940918,102.08850984710409,-0.02909438220943487,0.006449513207903046,0.07195173686183014,-0.4939963504368675
2022-08-12,114.0821762084961,57.59331130981445,103.3423426987118,-0.02167750899562787,0.00794304244915799,0.07037923493319756,-0.4208706086802598
2022-08-15,113.80565643310548,57.30828857421875,102.83091321933342,-0.01966604971281248,0.00927807780042548,0.06904856841709991,-0.419185048680458
2022-08-16,114.34917449951172,57.97027969360352,104.0187545079677,-0.025207273527392687,0.010672855316959218,0.06744771688805844,-0.5319695091221753
2022-08-17,117.8200912475586,57.12439727783203,102.50094855957842,0.017877186775978268,0.012644715086700809,0.06585503632766124,0.07945438923218165
2022-08-18,120.45186614990234,56.84857177734375,102.00602210460923,0.04344468294078471,0.015262462651018749,0.06384182296586244,0.44143821370570174
2022-08-19,118.02985382080078,55.46942138671875,99.53134876043664,0.04478234936734169,0.0177568553173694,0.06196424953646703,0.4361465563149816
2022-08-22,117.69610595703124,54.485626220703125,97.76607958456279,0.0570721979887423,0.020488456653137994,0.05995933117250563,0.6101425853192272
2022-08-23,116.29440307617188,54.64192962646485,98.046542015978,0.04329537807689001,0.023125458442503903,0.057324287206056694,0.35185644021850165
2022-08-24,116.7997817993164,54.64192962646485,98.046542015978,0.0474349248534817,0.025602493636073673,0.05502657824934142,0.396761563448102
2022-08-25,117.56262969970705,55.12922668457031,98.92092166926645,0.046178425351005546,0.027965442054867434,0.052729918824004976,0.3454013148953827
2022-08-26,114.75920867919922,51.40552520751953,92.2393118538658,0.08110064561847756,0.030610408390211265,0.05130604670155658,0.984099155445833
2022-08-29,114.74012756347656,51.092918395996094,91.6783869910354,0.0858364886879509,0.03314880983563705,0.05017688828493341,1.0500387858474347
2022-08-30,112.77720642089844,50.651588439941406,90.88648823535404,0.07694699620748507,0.0357083409074459,0.0483666147224396,0.852626456010918
2022-08-31,112.9591293334961,50.55964660644531,90.72151275036431,0.07989407961620039,0.038176437012081954,0.04672532606124267,0.8928272121512714
2022-09-01,116.08065032958984,50.0582275390625,89.8217933225579,0.11238743114554774,0.04153827192799753,0.04460471293334852,1.5883783250307646
2022-09-02,114.72097778320312,50.280670166015625,90.22093241809856,0.09838823441384942,0.044490054870510866,0.04231292465657011,1.2737994355341624
2022-09-06,116.32962799072266,49.4187126159668,88.674282112654,0.12415147556764891,0.047640007433606794,0.04105162919928875,1.8637863984060279
2022-09-07,118.43617248535156,50.60506439208984,90.80300798413276,0.12175599133125961,0.05032434879528463,0.040532563053438136,1.7623273031562177
2022-09-08,118.8383331298828,51.16115951538086,91.80083518832114,0.11633154611540553,0.0521054126376299,0.04105139104736146,1.5645300156498279
2022-09-09,118.70427703857422,52.569942474365234,94.32867962067729,0.09403828392370989,0.05346195875369138,0.041070145657215104,0.9879761690811086
2022-09-12,118.4744873046875,53.24653244018555,95.54271629480054,0.08203386501354926,0.054643271175348326,0.040851407097633095,0.6704932775690834
2022-09-13,115.7934112548828,51.5782356262207,92.54921414757213,0.08663140750249636,0.05541804119324976,0.041012284459571495,0.7610735836969937
2022-09-14,116.2625961303711,52.6996955871582,94.56150163322566,0.07300923830087512,0.05605418977334219,0.04098370237637515,0.4137022168428243
2022-09-15,114.07942962646484,52.68116760253906,94.5282560133354,0.055560610033715305,0.05635713838040501,0.04091046803391882,-0.01947003749820955
2022-09-16,115.42955017089844,50.07676315307617,89.85505263222369,0.10709256520178782,0.057358796591482436,0.04141000369308656,1.2010085528828023
2022-09-19,115.51571655273438,50.36408233642578,90.37060273403854,0.1032955797184865,0.057823387564322475,0.04177087255606297,1.0886100617872734
2022-09-20,114.36669921875,49.38164138793945,88.6077634933224,0.1097005063567136,0.058842774192691176,0.042283586008467516,1.2027771758487535
2022-09-21,113.0548858642578,46.85138320922852,84.06760419576167,0.13952896097432999,0.060463906725443474,0.0434846200471059,1.8182303113891107
2022-09-22,112.6240005493164,45.5352897644043,81.70607684639782,0.15720514904264146,0.062277169457633064,0.04520763769042962,2.099821721166919
2022-09-23,111.19727325439452,44.20990753173828,79.32788219531835,0.16777875573989484,0.06405235319187018,0.04721400771270741,2.1969412802062815
2022-09-26,111.46540069580078,43.7743034362793,78.54625761617712,0.17679290655060903,0.06614214591163542,0.04937045030414536,2.2412345837907597
2022-09-27,112.0016098022461,44.33966827392578,79.56071789764226,0.17167646989868054,0.06794879946976182,0.05121283051524642,2.0254235000355676
2022-09-28,113.33255767822266,46.58260345458984,83.58532024850037,0.14589264424687626,0.06866171726916136,0.05200234537122833,1.4851431493404323
2022-09-29,112.72931671142578,45.23870086669922,81.17389366730619,0.162713415360174,0.06958142109378934,0.05317615856409939,1.7513862749999487
2022-09-30,112.3846206665039,45.053340911865234,80.84129372576042,0.16310484407251366,0.07068108277764718,0.054423005046039495,1.6982480334681997
2022-10-03,113.11233520507812,45.9060173034668,82.3712904192649,0.1549627089145406,0.07178248662596212,0.055456412430621986,1.4999207240937193
2022-10-04,114.87418365478516,48.31578063964844,86.69524024689075,0.1302824709691525,0.07216138715277617,0.055781632047251783,1.041939464358856
2022-10-05,114.68267059326172,47.73188018798828,85.64752065575979,0.13796591014899867,0.07290800793031559,0.05636432953467161,1.1542389088237759
2022-10-06,116.51154327392578,46.60113525390625,83.61857271327841,0.16891132927141336,0.07453257762666457,0.05770988836131943,1.6354000037887269
2022-10-07,113.887939453125,45.84114074707031,82.2548794129907,0.16173976996862852,0.07592675966718766,0.05879744955737127,1.4594682413513413
2022-10-10,113.66769409179688,45.61870193481445,81.8557471623378,0.16362693170896792,0.07755609729414083,0.059858886994480685,1.4378956699071817
2022-10-11,113.0453109741211,44.932838439941406,80.62507056605,0.16990876783631814,0.07947848568568006,0.06095021679387609,1.4836744954732297
2022-10-12,113.12191772460938,45.45187377929688,81.55639968557009,0.1622379420134419,0.08119708622122254,0.06181414583195721,1.3110406154042844
2022-10-13,114.96994018554688,46.82358169555664,84.01771865370685,0.1542957280174815,0.08282913575209269,0.062437178977385786,1.1446159713793829
2022-10-14,111.17810821533205,46.480655670166016,83.4023906228946,0.1309868184971003,0.08369346678407194,0.06274326353054693,0.7537598309658107
2022-10-17,115.04653930664062,48.12114334106445,86.34599353829266,0.13462112768366627,0.08453300196407537,0.06308688370475228,0.7939546666150796
2022-10-18,116.8083724975586,48.871883392333984,87.69308114085464,0.13614127228980574,0.08543026636168441,0.06343654045488367,0.7993974066758449
2022-10-19,114.6635284423828,48.12114334106445,86.34599353829266,0.1317305005217532,0.0860661136469074,0.06371021871219754,0.716751375177797
2022-10-20,113.92623901367188,47.69480895996094,85.58100203642819,0.13282617066506458,0.08738688361807331,0.06384661355617643,0.7116945522413778
2022-10-21,114.77843475341795,47.90797805786133,85.9635012098043,0.13593217808159969,0.08859318733833947,0.06407203846818049,0.7388400911697189
2022-10-24,116.90412902832033,48.15822219848633,86.41252584739979,0.14780275439159166,0.09035713279594156,0.06422330365684589,0.8944669352824032
2022-10-25,119.1255874633789,49.298221588134766,88.45807948760688,0.146523156247629,0.09308042306408063,0.06305289725112208,0.8475856862009192
2022-10-26,118.69471740722656,49.85432434082031,89.45592038157079,0.13501819175227495,0.09522654044371254,0.062233500661299804,0.6393927850069832
2022-10-27,118.68512725830078,50.428958892822266,90.48701374031272,0.12626066090479954,0.09736846389130903,0.061021356770041654,0.47347680456156443
2022-10-28,120.12141418457033,51.37432861328125,92.18333436169726,0.12258621006128449,0.0994229168905147,0.05972560839210812,0.3878285009455087
2022-10-31,119.21176147460938,50.82749938964844,91.20213338989791,0.12412178958599003,0.1010783823772572,0.058994089598955364,0.39060535327153967
2022-11-01,121.95028686523438,50.76261901855469,91.08571553873595,0.144745214377563,0.10347835895399093,0.05775937670220511,0.7144615780107023
2022-11-02,120.7437973022461,49.400169372558594,88.64100911321266,0.1564464403166263,0.10623232038315433,0.05623478108023795,0.8929370572604262
2022-11-03,119.59476470947266,49.48358917236328,88.79069311892819,0.14709022357703896,0.10923420482254277,0.05341163695304155,0.7087597556273824
2022-11-04,122.85034942626952,51.54116439819336,92.48269552824054,0.1396398387742472,0.11204644183893747,0.05035981696527199,0.5479248853175555
2022-11-07,121.91199493408205,50.91091537475586,91.35181055072566,0.14229390210496795,0.11477929869061407,0.04733853236703075,0.5812305966949796
2022-11-08,120.41825103759766,51.46700668334961,92.34963091002626,0.12336808655482194,0.1171632009617413,0.043932247204260914,0.14123760990944328
2022-11-09,118.0244369506836,50.10457229614258,89.90495186405404,0.12630125218960805,0.11968834305702465,0.0397671335504757,0.16629081711885915
2022-11-10,115.82212829589844,52.03237915039063,93.36410488126697,0.07982216040986097,0.12072075928425603,0.037836382302353075,-1.0809331227169556
2022-11-11,110.21102905273438,53.32995223999024,95.69240030051608,0.011847977944282937,0.12019414753431433,0.03912798839263751,-2.7690196721285645
2022-11-14,113.5815200805664,52.04165649414063,93.38075164831929,0.06152336679862738,0.12047316449150243,0.03863773935495461,-1.525705144167959
2022-11-15,117.4211883544922,52.588478088378906,94.36193893034309,0.08385538122505001,0.12091955087877422,0.03804298262529545,-0.9742708666875027
2022-11-16,117.30628967285156,52.68116760253906,94.5282560133354,0.08154023774349323,0.12155696520655093,0.03702717357013877,-1.080739457124805
2022-11-17,118.455322265625,52.810916900634766,94.76107118099598,0.08848399525975445,0.12224111637998883,0.035999374777600575,-0.9377140944469579
2022-11-18,116.34877014160156,53.24653244018555,95.54271629480054,0.06526242543668481,0.12255918304808347,0.035395181216846636,-1.618772828435973
2022-11-21,118.76172637939452,52.885066986083984,94.89412210943473,0.0897153795587098,0.12270276194708735,0.03524129428664174,-0.9360434415395879
2022-11-22,120.03524017333984,53.5616569519043,96.10815878355798,0.08925904145753318,0.12275980449324704,0.035183332355328625,-0.9521770904864294
2022-11-23,119.53732299804688,53.70995330810547,96.37425379554769,0.08323942716934522,0.1228646783426114,0.035053598807299656,-1.1304189162173703
2022-11-25,120.50443267822266,54.08995056152344,97.05610044569154,0.0849386291795396,0.12294875416866705,0.034954697387290457,-1.0874110729091293
2022-11-28,119.37454223632812,53.20945739746094,95.47619083058117,0.0895123892815261,0.12256750347093334,0.03519575983802546,-0.9391788767036229
2022-11-29,118.49005126953124,53.43190383911133,95.87533677100961,0.07934728263683744,0.12225015427464982,0.035501982978766326,-1.2084640923711927
2022-11-30,121.9414291381836,54.51629638671875,97.8211124822193,0.08944840012346598,0.12167176968391342,0.035752284568155455,-0.9012953983127775
2022-12-01,121.92219543457033,55.331912994384766,99.28461109105548,0.07730121163859677,0.1209308566890357,0.036208231918860155,-1.2049648032582645
2022-12-02,123.37388610839844,55.06312561035156,98.80231345401866,0.09206747150377545,0.12052645544550855,0.03639548686571693,-0.7819371683839269
2022-12-05,122.3259735107422,54.41434097290039,97.63816916683798,0.09380635284387713,0.12052258992751133,0.036398360026220024,-0.7339956268466167
2022-12-06,123.43157196044922,54.50703048706055,97.80448624983029,0.10057584621714137,0.1208316229475712,0.036143864307579134,-0.5604208935175292
2022-12-07,123.5373306274414,54.5718994140625,97.92088356632894,0.10040362769156745,0.12106115995072238,0.035966284522190334,-0.5743582506113392
2022-12-08,121.92219543457033,55.52653884887695,99.63383726499026,0.07443687530762745,0.12108495390083493,0.03593441447892594,-1.2981449473892128
2022-12-09,119.5860595703125,57.66752624511719,103.4755099902426,0.024231074087539318,0.12056279496839867,0.03711103858150511,-2.595770007063824
2022-12-12,120.83583068847656,57.84362411499024,103.79149054428713,0.03170822107626768,0.11930638923297332,0.03881190992740042,-2.2569919470740376
2022-12-13,118.22089385986328,57.68606948852539,103.50878298968394,0.012681852678019587,0.11779616044896553,0.04113868547128068,-2.5551207231530833
2022-12-14,116.98070526123048,57.13922882080078,102.52756148322128,0.010602542226555491,0.11614452771346291,0.04339654634130795,-2.4320365186859347
2022-12-15,119.34569549560548,55.81385803222656,100.14938736680512,0.05013550922945454,0.11465463685104832,0.044108788113608195,-1.46272727909495
2022-12-16,119.23033142089844,54.99824905395508,98.68590244774448,0.06149088050831438,0.11305939904214288,0.04427431401777049,-1.1647502548120863
2022-12-19,118.49968719482422,54.30312347412109,97.43860646395541,0.06622996233889496,0.11136691915212621,0.04408766245744713,-1.0238001812138915
2022-12-20,118.42278289794922,54.39580154418945,97.60490301228442,0.06421930635960191,0.10949069248227608,0.043649358014715894,-1.0371604115554558
2022-12-21,121.31652069091795,54.13628768920898,97.13924529741213,0.09037865923187392,0.10813572897116264,0.04294236661627915,-0.4135093414380458
2022-12-22,119.46107482910156,53.8397102355957,96.60708265298382,0.08070529483453404,0.1070492731476236,0.042795292208254815,-0.6155812229273212
2022-12-23,121.3069305419922,54.20117568969727,97.25567683834966,0.0893469379237644,0.10582649852368343,0.04222216269851787,-0.3903059328720156
2022-12-27,121.48958587646484,53.99726867675781,96.88979705247476,0.0937276872832868,0.10467021257719633,0.04157193130774243,-0.2632190747383337
2022-12-28,121.24923706054688,53.441165924072266,95.89195615851087,0.10016087759122817,0.10375684872180778,0.041046944556681474,-0.0876063046693756
2022-12-29,122.26828002929688,54.11775588989258,97.10599283263412,0.09773128634029014,0.10321432897799342,0.04090528267549703,-0.13404240917243948
2022-12-30,120.62432861328124,54.071414947509766,97.02284113602573,0.0861238913070054,0.10235029533062685,0.04070582857366568,-0.39862605902386666
2023-01-03,121.45111846923828,54.25677490234375,97.3554410775715,0.08960663860529591,0.10102855048619157,0.03978503962369711,-0.287090624740573
2023-01-04,119.66294860839844,55.93434524536133,100.36558314696447,0.05084710531879845,0.0991803394086944,0.03949157505314529,-1.2238872221442705
2023-01-05,118.99000549316406,55.73971176147461,100.01634328325414,0.04841424517335707,0.09726012796643421,0.03910396526261505,-1.2491286360612577
2023-01-06,118.72079467773438,59.094844818115234,106.03661373226454,-0.004453052784476387,0.09435409762275432,0.040080243955909596,-2.4652332584583028
2023-01-09,117.46141052246094,59.23387145996094,106.28607566697745,-0.017346259050002387,0.09136102760503025,0.04160149456287913,-2.613062049747409
2023-01-10,117.7594223022461,59.975341796875,107.61653019226266,-0.026069750859696407,0.08835493629041061,0.04345217373926466,-2.633347823671926
2023-01-11,118.6631088256836,60.7260627746582,108.96358357038581,-0.02960756456033919,0.08567836323945328,0.04567112064291806,-2.5242631706185024
2023-01-12,118.99000549316406,61.54167938232422,110.42708217922198,-0.039078303909397046,0.08278337271290223,0.04796382782248897,-2.5406995678764726
2023-01-13,119.68218994140624,62.55192947387695,112.23982065176848,-0.04821504038296856,0.07971076750168932,0.05033418197039068,-2.5415294910307837
2023-01-17,118.84578704833984,62.91340637207031,112.8884353717976,-0.06104969653902321,0.07649776421734306,0.053037612942271876,-2.593394633089503
2023-01-18,117.84595489501952,64.30364990234375,115.38301364960017,-0.09122001408484275,0.07276366113817792,0.056760882186317516,-2.889026190339052
2023-01-19,117.567138671875,65.40657806396484,117.36204867047567,-0.11064112860388277,0.06865410602675322,0.060886086443545095,-2.9447653003101526
2023-01-20,117.57676696777344,66.42608642578125,119.19139968563564,-0.12610895852163578,0.06408891081153277,0.0649820702983542,-2.9269284351807685
2023-01-23,118.27855682373048,65.59193420410156,117.69464176713366,-0.10677282673484713,0.059867311095158166,0.06770655933501724,-2.461211136212921
2023-01-24,116.87496185302734,65.6011962890625,117.71126115463491,-0.12020667206770454,0.05561356336482517,0.0708495463432465,-2.481600017320212
2023-01-25,117.66329956054688,66.12950134277344,118.65922335143178,-0.12075791478512937,0.05149658710332635,0.07379067405905577,-2.334366830022421
2023-01-26,118.56698608398438,66.48169708251953,119.2911844595208,-0.1175457835830388,0.04749438720925429,0.0763377068192333,-2.161974437915801
2023-01-27,117.3844757080078,66.490966796875,119.30781753679759,-0.1289454388945402,0.043276600067912126,0.07897770047867776,-2.1806413445647035
2023-01-30,117.91324615478516,65.41584777832031,117.37868174775245,-0.10752215647688326,0.03907214388700469,0.08018991138414133,-1.8280890679831705
2023-01-31,118.13436126708984,65.57341003417969,117.66140299213117,-0.10784239656591098,0.0346673299389624,0.08088890738717008,-1.7617956665276586
2023-02-01,118.29779052734376,65.8607177734375,118.17693255928272,-0.11066980105344904,0.030371329528454272,0.08165808650612257,-1.7272157188171233
2023-02-02,116.1539077758789,66.3519515991211,119.05837613674798,-0.13875830422126223,0.02573136047852911,0.08323827443775253,-1.9761301614055016
2023-02-03,119.46107482910156,65.8607177734375,118.17693255928272,-0.09985435555498624,0.021695556184196545,0.08336113923452643,-1.458112411314544
2023-02-06,121.3742218017578,64.88754272460938,116.4307195509556,-0.068131012806731,0.018503904528170665,0.08306787128825045,-1.0429413441241724
2023-02-07,122.47016143798828,65.15633392333984,116.91302403288019,-0.06251084685270934,0.015357036210798706,0.08248933759012218,-0.9439751286453834
2023-02-08,121.97987365722656,64.94315338134766,116.53050432484076,-0.06364559452008442,0.012965906961966282,0.08266817185435138,-0.9267351601415403
2023-02-09,120.78776550292967,64.56315612792969,115.84865767469691,-0.06849818810789514,0.01162680419442998,0.08333464586381858,-0.9614847638911368
2023-02-10,121.32614135742188,61.83827209472656,110.9592722032014,-0.023457284017466117,0.010210460014161756,0.083194278782814,-0.40468821323062953
2023-02-13,123.61421966552734,63.31193923950195,113.60354133160726,-0.025904564907896954,0.008381127578612639,0.08275304556684794,-0.4143133615404353
2023-02-14,121.66263580322266,64.34071350097656,115.44951857915625,-0.05753396382139657,0.006063224219197809,0.08261674942010072,-0.7697856486365358
2023-02-15,123.57577514648438,64.31291961669922,115.39964672687697,-0.04075817032267792,0.003909188126157269,0.08211471688306794,-0.5439628868530582
2023-02-16,121.83568572998048,63.48803329467773,113.919515040764,-0.043473964051116365,0.0020969149680272496,0.08193741517625468,-0.556166910087615
2023-02-17,124.10453033447266,63.28413009643555,113.55364209977691,-0.02144935941431627,0.00024416931847681515,0.08117590567359072,-0.2672409818256051
2023-02-21,123.4988784790039,63.23778533935547,113.47048355828075,-0.02578530290542679,-0.0016732364209058508,0.0803926203850269,-0.29992885378086026
2023-02-22,123.31621551513672,62.40364837646485,111.97375301932986,-0.01516741660587473,-0.003313350483826183,0.07963113748183477,-0.14886219758888491
2023-02-23,123.7584228515625,63.11729431152344,113.25428093323363,-0.021887067805516237,-0.005093778766910448,0.07881455824724261,-0.2130734398830855
2023-02-24,124.6813735961914,62.885589599609375,112.83852245019172,-0.010988006670684678,-0.006768785366113961,0.07783167593738469,-0.054209565112860555
2023-02-27,123.1275405883789,63.55290985107422,114.03592604703819,-0.03347127985948761,-0.008649094741052712,0.07707506018153559,-0.32205210167816906
2023-02-28,121.76675415039062,63.82169723510742,114.51822368407501,-0.04898151787065616,-0.010956260040954747,0.0761552311179194,-0.4993124867656535
2023-03-01,122.28791046142578,63.47876739501953,113.902888808375,-0.039479203132323226,-0.012902600287136747,0.07534940271994463,-0.352711526380179
2023-03-02,121.77642822265624,63.93291091918945,114.7177795420698,-0.05053689223784741,-0.015279339682830462,0.07422287868242251,-0.47502270433182014
2023-03-03,121.9983901977539,64.24803924560547,115.28322887571501,-0.053260453504455345,-0.017730453121969338,0.07297730164201617,-0.4868637176635462
2023-03-06,120.9464340209961,64.17388153076172,115.15016425750073,-0.061321205600835677,-0.02042873731893562,0.07150707393286129,-0.5718660551023862
2023-03-07,119.18028259277344,63.54364013671875,114.01929296976141,-0.0675603473376977,-0.023228136902756706,0.06996768814428231,-0.6336097648892202
2023-03-08,118.92937469482422,63.92363739013672,114.70113961990526,-0.07554580908981119,-0.025727848309380685,0.06909302700438726,-0.7210273299687272
2023-03-09,116.94125366210938,63.25631713867188,113.50373602305879,-0.08359182893642547,-0.02752489669311343,0.06917375810483743,-0.8105231489423904
2023-03-10,114.50920867919922,62.15338897705078,111.52470100218329,-0.08932332475044723,-0.029542089123558678,0.06918188498101249,-0.8641168948099055
2023-03-13,117.99321746826172,61.30070495605469,109.99469061890329,-0.044191727061166974,-0.03048998211921179,0.06898288905064028,-0.19862526969400698
2023-03-14,120.26119995117188,62.607547760009766,112.33961911542919,-0.04399814800775668,-0.03139999362311699,0.06879149135119053,-0.18313535783552481
2023-03-15,117.98355865478516,60.00314331054688,107.6664157343175,-0.024543317927795565,-0.03264464074240449,0.06796184306391526,0.11920398931779955
2023-03-16,119.65319061279295,62.01436233520508,111.27523906747038,-0.04040760919705271,-0.034342948904160606,0.0668334163509665,-0.0907429340592792
2023-03-17,121.16838836669922,60.29046249389648,108.18196583613232,-0.0018687083592513918,-0.035477926749129716,0.06566453035630183,0.5118321597293332
2023-03-20,121.2649154663086,61.319244384765625,110.02795677345685,-0.016294013897877928,-0.03681981542008771,0.06440318533262791,0.31870786229281445
2023-03-21,123.89962768554688,61.94023132324219,111.14222236347048,-0.003675923787796033,-0.03838739180374888,0.06236715705034084,0.5565664631455755
2023-03-22,122.6256866455078,61.245094299316406,109.89490584501812,-0.003931232708924001,-0.03979800059613984,0.06055881638748081,0.5922633569606967
2023-03-23,122.74151611328124,60.318267822265625,108.23185822307492,0.010565349202829538,-0.041111027074822094,0.05853138428583428,0.8828832071576054
2023-03-24,124.76822662353516,59.25240707397461,106.31933497664326,0.041966138958646114,-0.04197371954689944,0.05686814010287702,1.4760436749592054
2023-03-27,126.87214660644533,59.63240814208984,107.00118847167487,0.052478872645222906,-0.04276841962933286,0.05515560296104639,1.7268833474964294
2023-03-28,127.17131805419922,59.53972625732422,106.83488507845811,0.056015634452419,-0.04346368049413071,0.05359537838108165,1.8561174107068976
2023-03-29,128.05923461914062,60.44802474975586,108.46468708051106,0.04983394322810476,-0.04406851296211239,0.052297222425661774,1.7955534124913688
2023-03-30,127.69247436523438,61.28032684326172,109.95812522844544,0.03540927723799511,-0.04497180231823406,0.05038221471602027,1.5954256876022168
2023-03-31,129.55514526367188,62.63459014892578,112.38814252481812,0.03052099412973107,-0.045310570838051865,0.04979188883470976,1.5229702415892485
2023-04-03,129.86395263671875,62.907318115234375,112.87751093091951,0.029058031258071337,-0.045633174403306616,0.049233928443310086,1.5170677624756348
2023-04-04,130.52023315429688,62.766239166259766,112.6243664465873,0.03587961562548461,-0.044960963263140606,0.05007388157452202,1.6144260510005588
2023-04-05,130.88694763183594,62.0985221862793,111.42625098141293,0.0477346737217253,-0.04387628105027848,0.05137029749808984,1.7833448360973627
2023-04-06,131.2730255126953,63.349342346191406,113.67065545617469,0.0334380892692334,-0.04288448371479631,0.05228620067177972,1.4597077623431736
2023-04-10,128.541748046875,63.76314926147461,114.41316834660832,0.007123979589479205,-0.042272291312299336,0.05265800164673867,0.9380582125610886
2023-04-11,129.28488159179688,63.81016540527344,114.49753158835166,0.01217852445912242,-0.04141801083949068,0.053124405509466226,1.0088872484241307
2023-04-12,129.82534790039062,63.6032600402832,114.12627172069098,0.019150538081534357,-0.04029525119841563,0.05368720760081448,1.107261709753147
2023-04-13,130.45263671875,64.9293212890625,116.50568476179319,0.005627337742162544,-0.0391839672937292,0.053939812565583174,0.8307649378908676
2023-04-14,131.98719787597656,65.15501403808594,116.91065570171239,0.014120242671040333,-0.03742829634779781,0.05393174361676164,0.9558107259639421
2023-04-17,132.7495880126953,65.74751281738281,117.97380366987291,0.011773546384853322,-0.03538805176465222,0.05342828106671503,0.8827085058307532
2023-04-18,132.41180419921875,66.78201293945312,119.830055093962,-0.004766205017329898,-0.033365672539580456,0.052218949959662954,0.5476836961360292
2023-04-19,133.16461181640625,66.65034484863281,119.59379694775399,0.0026881312759054893,-0.031541323239401245,0.05151828321484129,0.6644137261438475
2023-04-20,133.87875366210938,66.03905487060547,118.49693106244719,0.016201014944847703,-0.029267861789192037,0.05053972191330712,0.899666144028936
2023-04-21,134.64120483398438,66.2553482055664,118.88503619890548,0.018889594217684644,-0.026940403305811808,0.049458976831812114,0.9266264783305931
2023-04-24,134.84388732910156,66.2835693359375,118.9356746786148,0.019988757318480897,-0.024648160957453143,0.048363556395923234,0.9229453249988181
2023-04-25,134.2455291748047,65.13621520996094,116.87692409479057,0.030956369234598748,-0.021983130821967498,0.04690249173096971,1.1287140214260791
2023-04-26,132.8557586669922,64.506103515625,115.74628553323535,0.029329720157175075,-0.019702266211399855,0.04599092085551534,1.066123170758276
2023-04-27,133.3769073486328,64.35563659667969,115.47629578010553,0.03514671880559664,-0.017319114288541396,0.045041165175267364,1.164841826137918
2023-04-28,134.82456970214844,65.15501403808594,116.91065570171239,0.03486799995013351,-0.01489348427181502,0.04383130418652229,1.135295541519609
2023-05-01,133.49273681640625,65.33370208740234,117.23128393455153,0.022837212299143466,-0.01220022566314159,0.04096209568704941,0.8553624362867378
2023-05-02,133.88841247558594,65.90739440917969,118.2606866060147,0.018036474659275027,-0.010235378492903903,0.03948719547804788,0.7159752119619663
2023-05-03,133.4830780029297,65.74751281738281,117.97380366987291,0.017203854275982533,-0.00881313070819201,0.038898982055708596,0.6688345969289043
2023-05-04,132.286376953125,65.46537017822266,117.46754208075954,0.012140206713422662,-0.007568946482089811,0.03834222248050058,0.51403262305767
2023-05-05,131.81344604492188,64.63776397705078,115.98252998966784,0.019861897424159856,-0.00617715494968574,0.03778374486423253,0.6891601789979033
2023-05-08,131.70729064941406,65.21144104003906,117.01190528157994,0.011256282395145815,-0.004847913774635058,0.036947757854869506,0.4358639631946822
2023-05-09,131.3115997314453,65.88858032226562,118.22692761954183,-0.0009761422383355989,-0.004473228078316216,0.036869750223569364,0.09484972962320393
2023-05-10,133.6182098388672,64.00765228271484,114.85189142811262,0.04156220553071944,-0.003348781904339276,0.037232077159884025,1.2062444768310803
2023-05-11,134.1876220703125,63.49041366577149,113.9237862507314,0.05254571770488425,-0.0015141205455679286,0.03722893644434159,1.4520919320720673
2023-05-12,133.93666076660156,62.53114318847656,112.20252285831943,0.06362176680174661,0.00022554507317248013,0.037798446521648384,1.6772176521134297
2023-05-15,134.16831970214844,63.21767807006836,113.43440415485445,0.05605693395583895,0.001884393373288402,0.038031436870006645,1.4244147747484537
2023-05-16,133.21282958984375,63.19886016845703,113.4006383234938,0.049539825675081424,0.0030675464581116974,0.03839571091177845,1.210350794747589
2023-05-17,131.80380249023438,64.03587341308594,114.90252990782194,0.027984182564846312,0.003963704549282915,0.0383383182764793,0.6265396891521986
2023-05-18,132.46006774902344,64.41206359863281,115.5775453599731,0.027703983099409395,0.004678227877704318,0.038375208421367824,0.60001642124982
2023-05-19,134.12001037597656,63.800758361816406,114.48065209511523,0.04791609657694801,0.005841613950745387,0.03861354179498741,1.0896302351540434
2023-05-22,134.41920471191406,64.08290100097656,114.9869136842286,0.04626898463080585,0.006795897139103563,0.038897045282945644,1.0148094078757495
2023-05-23,130.81939697265625,62.65339660644531,112.42188782151547,0.039632182691070696,0.008014288181612868,0.038759041651393815,0.8157553221732152
2023-05-24,130.8000946044922,62.17376327514648,111.56125954775337,0.046070181861681145,0.009598483177151822,0.038330119144340674,0.95151540090932
2023-05-25,129.17872619628906,62.578155517578125,112.28687925517502,0.02847989091283483,0.010731134744571125,0.03785646358481141,0.46884348107425383
2023-05-26,129.10150146484375,62.813270568847656,112.70875706788173,0.024630956651136855,0.011983932226054195,0.037029274287363745,0.3415412445552157
2023-05-30,128.17153930664062,62.28662109375,111.76376555237628,0.024926928870191403,0.013287055265631642,0.036057314454385134,0.32281587746322493
2023-05-31,128.27813720703125,62.39945983886719,111.96623733256034,0.024158824185952364,0.014711722428744776,0.034723529801943515,0.2720662850548916
2023-06-01,129.4211883544922,63.56563568115234,114.05876059263296,0.01660915711256366,0.016114547502915796,0.03300090381296531,0.01498775950050018
2023-06-02,130.95175170898438,64.62836456298828,115.96566418620694,0.013541144649468723,0.01759933006523713,0.030733200226062768,-0.132045650499063
2023-06-05,130.8355255126953,63.857177734375,114.58188798520726,0.02324129172705642,0.019379882076295162,0.02771807380601602,0.13931017276976743
2023-06-06,127.5999984741211,64.82585906982422,116.32003771574341,-0.015148042127908799,0.0206161367866708,0.024221189822391694,-1.4765657334272155
2023-06-07,128.86904907226562,64.49669647216797,115.72940603999892,-0.0005680796051890708,0.021343197577603768,0.022859293593606066,-0.958528184305818
2023-06-08,131.39736938476562,64.96692657470703,116.57316166541233,0.012263234919491097,0.022280887293057897,0.021229372629042346,-0.47187698612734247
2023-06-09,134.10009765625,65.36193084716797,117.28193610403638,0.026885220103796275,0.02313802959358443,0.020325779565514592,0.1843565457420121
2023-06-12,131.23272705078125,65.85095977783203,118.1594233363716,-0.001063356675664618,0.02379376713560756,0.01881982409831957,-1.3207946940105397
2023-06-13,131.52333068847656,66.83843994140625,119.93130467382957,-0.0123234781818051,0.023619520971898338,0.01910764866982108,-1.8810791309174726
2023-06-14,134.4682159423828,66.96070098876953,120.15068332680114,0.008215188229092273,0.024028007674014504,0.018491969646020606,-0.8551181808977868
2023-06-15,133.7610626220703,67.28985595703125,120.7413013127701,-0.001443541174834395,0.024065214050897198,0.01843744920839715,-1.3835295185037793
2023-06-16,133.06361389160156,66.98892211914062,120.20132180651046,-0.0026345205532990203,0.024086825920157613,0.018404807421812698,-1.4518677572136658
2023-06-20,132.59860229492188,65.31488800048828,117.19752494807864,0.01650263576075622,0.024185780696123056,0.01834674557697194,-0.4187742672471784
2023-06-21,132.24017333984375,65.1268081665039,116.86004460155414,0.01638895180464686,0.023759494243556403,0.018223344832023303,-0.40445607032346365
2023-06-22,133.11203002929688,64.91990661621094,116.4887915787812,0.02562043069270527,0.02331185354434778,0.01783158736629048,0.12946559949686337
2023-06-23,131.09710693359375,63.71611785888672,114.32877772531388,0.027120951641565198,0.022830275497500215,0.017316114699954154,0.2477851537952877
2023-06-26,129.56649780273438,63.1800422668457,113.36687249213315,0.02305205782720029,0.02238391074081847,0.016949535515136005,0.03941978739093851
2023-06-27,129.89585876464844,64.70359802246094,116.10065906277184,0.004483197513994326,0.021868476078751795,0.017016817944661856,-1.021652733272098
2023-06-28,130.31243896484375,64.82585906982422,116.32003771574341,0.005982163671465638,0.021459495571114037,0.017100018056629324,-0.9051061728936687
2023-06-29,131.5136260986328,65.29608917236328,117.16379334115683,0.008645353948635682,0.02111928428262344,0.01714926805394224,-0.7273739202601289
2023-06-30,133.69325256347656,66.2553482055664,118.88503619890548,0.011933028953939504,0.02072017450476436,0.01707843763003544,-0.5145169447684789
2023-07-03,133.10232543945312,65.72870635986328,117.94005837317556,0.014645996221753211,0.020168696546431487,0.016721838800161502,-0.33026872168059274
2023-07-05,133.75137329101562,65.09859466552734,116.80941981162034,0.027880854430531704,0.020076075965786463,0.016662380016141513,0.4684071817582146
2023-07-06,132.61795043945312,63.81016540527344,114.49753158835166,0.037005306778264906,0.020574098085599554,0.0167151712544085,0.9830116869626295
2023-07-07,131.59112548828125,64.42145538330078,115.59439747365847,0.02115550796839961,0.02072371447742084,0.016678886140734824,0.02588862873307844
2023-07-10,131.7461395263672,65.43716430664062,117.4169309806013,0.008473551020124597,0.020545764693064014,0.016752748817732848,-0.7206109161119238
2023-07-11,133.29611206054688,65.6158447265625,117.73754552366489,0.01759777978394242,0.020745272060427013,0.01664299310241248,-0.1891181626475799
2023-07-12,132.19175720214844,66.6785659790039,119.6444354274633,-0.005034573638974376,0.020426025121926764,0.016953054951147115,-1.501829542478913
2023-07-13,136.0860137939453,67.1299819946289,120.45443206640384,0.017773544461512608,0.020526025089871083,0.01691881337955645,-0.16268756954813307
2023-07-14,137.20004272460938,66.58451843261719,119.47568156442551,0.0328827175254944,0.02115350713225149,0.01666107584248116,0.7039887762431672
2023-07-17,136.6188201904297,67.08296203613281,120.37006197977271,0.022221735597193176,0.021479067204272954,0.016484048319210107,0.04505376219109568
2023-07-18,135.80506896972656,68.97328186035156,123.76195028488729,-0.008613317859337426,0.021065494990869866,0.0169241269834851,-1.7536392204554165
2023-07-19,135.80506896972656,68.09866333007812,122.19258179694,0.0029427197749951175,0.020799713750158374,0.017083345260615425,-1.045286722403921
2023-07-20,137.7715606689453,67.97638702392578,121.97317576441735,0.01876681937251215,0.02077934811772556,0.017085056686060245,-0.11779467766445519
2023-07-21,139.00184631347656,68.75697326660156,123.37381776887793,0.017375147869382723,0.020552994428305296,0.017037840844019547,-0.18651697641829004
2023-07-24,137.8587646484375,68.70054626464844,123.27256818901036,0.00996197486713762,0.020230198673471336,0.017052203084370963,-0.6021640579536001
2023-07-25,138.5077667236328,69.52816009521484,124.7575939698776,0.0038793625489794304,0.019709076069194385,0.017066387479687778,-0.9275374498003929
2023-07-26,139.22467041015625,69.29304504394531,124.33571615717089,0.012038838643056465,0.019328590047409767,0.016976946835257585,-0.4293911900115046
2023-07-27,137.1709747314453,69.4059066772461,124.53822900668156,-0.004229066587568927,0.018877485399297893,0.01723970080101174,-1.340310499211841
2023-07-28,135.96975708007812,70.63789367675781,126.7488402705316,-0.029358985313824106,0.01808756106641291,0.018330229140147248,-2.588431711217325
2023-07-31,135.31101989746094,70.91063690185547,127.23823605618406,-0.03798705436854331,0.017167712589004142,0.019708320106884905,-2.7985524214354367
2023-08-01,135.47573852539062,70.97645568847656,127.35633774973701,-0.03759676965463854,0.016338762982869792,0.020931404618057627,-2.576775597323167
2023-08-02,135.4369659423828,68.9356689453125,123.69445969149261,-0.010856302410968627,0.01582679298561765,0.021217489814071865,-1.257599067109697
2023-08-03,135.63072204589844,68.28675842285156,122.53008952301558,-0.0008273817775882001,0.01562539858273875,0.021318715003353944,-0.7717529108925436
2023-08-04,141.01678466796875,67.91997528076172,121.87195356410086,0.04206577399314748,0.016342763853263467,0.02147421570659454,1.197855627946622
2023-08-07,141.71424865722656,69.161376953125,124.09945801096288,0.031062082868788827,0.01616776180889796,0.02130734537284093,0.6990228392728678
2023-08-08,141.39462280273438,71.69122314453125,128.63887806064466,-0.0032328398324791923,0.015238119183275233,0.020906307777193038,-0.8835112929842462
2023-08-09,141.60769653320312,72.20846557617188,129.56699008291366,-0.008277406448882314,0.014039799629098083,0.02013227150085385,-1.108528964405923
2023-08-10,143.71954345703125,72.97023010253906,130.9338594111258,-0.002972225311911318,0.013055980307968914,0.019475794789998547,-0.8229808227447148
2023-08-11,145.55043029785156,72.0015640258789,129.19573706014071,0.021585936369247927,0.012590082152871688,0.01891450608754307,0.47560608639423213
2023-08-14,143.8842010498047,72.264892578125,129.66823966278122,0.00697165129263553,0.012239873298334841,0.01881893364787134,-0.27994264203674546
2023-08-15,144.66885375976562,71.75704193115234,128.75697975419757,0.018656559616247674,0.012089082906948814,0.01872895630933003,0.3506589796478516
2023-08-16,145.2985382080078,71.7946548461914,128.82447034759227,0.022444939844900945,0.01166456362808136,0.01818385870606779,0.5928541565945115
2023-08-17,145.09510803222656,70.60028076171875,126.68134967713691,0.035844815961332974,0.011490827483590146,0.017895136127452724,1.3609278132498612
2023-08-18,145.42449951171875,70.77896881103516,127.00197790997605,0.03582388599204443,0.01142735587193971,0.017800132388060764,1.3705813860389273
2023-08-21,145.87979125976562,71.4278793334961,128.16634807845307,0.03085137585996172,0.011173709105244385,0.017402096614343197,1.1307641366902055
2023-08-22,145.10479736328125,71.67240142822266,128.60510538439624,0.022651498281420553,0.011076569228054148,0.017319928060969374,0.6683012199947077
2023-08-23,145.42449951171875,71.84169006347656,128.90886781377446,0.022711309292787838,0.011044575105414999,0.017296222236063228,0.674524993269761
2023-08-24,144.2135772705078,70.17707061767578,125.92196413835462,0.035216949176997116,0.011216075443861757,0.01748617763804123,1.3725626165961728
2023-08-25,146.499755859375,70.7037353515625,126.86698303341115,0.04382206562406537,0.011543796134496976,0.017911936127605287,1.8020536283524473
2023-08-28,146.93569946289062,71.36204528808594,128.04821900534907,0.03861981511300421,0.011910640434504318,0.018239828060065667,1.4643325907757343
2023-08-29,145.56979370117188,72.57524108886719,130.22511235205283,0.0146447307791789,0.011929033536666156,0.018242056427541172,0.14887012619984477
2023-08-30,145.73507690429688,72.39656066894531,129.90449780898925,0.017962238330871443,0.011841049313396405,0.018199251540272375,0.33634289871370315
2023-08-31,145.56008911132812,71.89781188964844,129.00956980262058,0.02292983205973477,0.01247568054985713,0.017903667495952125,0.583911174190497
2023-09-01,146.19203186035156,72.06815338134766,129.31522142102284,0.025062648640412313,0.012902859353950488,0.017892939835485268,0.6795858812617555
2023-09-05,144.86973571777344,72.42778015136719,129.96051637048438,0.011709612280987717,0.012893632309975431,0.017893418007881065,-0.06617070190090113
2023-09-06,145.82260131835938,72.75901794433594,130.5548716651748,0.01409163410762096,0.012680405876705844,0.01779984422941042,0.07928317870239358
2023-09-07,149.30332946777344,72.56028747558594,130.1982803920014,0.039464613321024904,0.013355872043317335,0.01803685506977472,1.4475218200017208
2023-09-08,148.8172149658203,73.09027099609375,131.14925433941627,0.02993679001883284,0.014060209846661302,0.01784115059380009,0.8898854414517832
2023-09-11,150.33396911621094,73.16597747802734,131.28509798206446,0.03882036945921624,0.014570296200496703,0.01810673746555982,1.3392845235009752
2023-09-12,148.91444396972656,74.02719116210938,132.8304135343942,0.019280732264838445,0.014915700757824581,0.017993393099660214,0.24259079334493572
2023-09-13,147.4171142578125,73.77166748046875,132.3719155721275,0.012429681479829396,0.015166770791710055,0.01784887470847018,-0.15334800409472163
2023-09-14,146.46429443359375,74.54771423339844,133.76441216014388,-0.0035023460108051974,0.014833354428850698,0.018009620203163927,-1.0181058918963033
2023-09-15,145.12252807617188,74.3205795288086,133.3568538526483,-0.009972102239712906,0.014394003528111368,0.018290382680047342,-1.332181299541908
2023-09-18,147.4949188232422,73.46881866455078,131.82849993220822,0.01663493223918823,0.014244245220552752,0.018233602458348847,0.13111435461514212
2023-09-19,151.54931640625,73.64864349365234,132.15116794160227,0.0408137608307145,0.01447245870703857,0.018481505169148295,1.4252790496549068
2023-09-20,150.82981872558594,74.24486541748047,133.2209965202246,0.029145240190034605,0.014574011746419145,0.01854607554992804,0.7856771856875132
2023-09-21,151.01455688476562,71.64228057861328,128.55105815057834,0.06125666302793172,0.015520236171651434,0.019448839074297924,2.351627605203541
2023-09-22,152.74520874023438,70.92301177978516,127.26044087210418,0.08034240195524311,0.01675957347638106,0.021127524047988382,3.0094784573167237
2023-09-25,151.06314086914062,70.2226791381836,126.00380161651151,0.07842077341756346,0.01792249713419652,0.02254602960465656,2.6833228441637402
2023-09-26,151.60765075683594,69.75894165039062,125.1716959900796,0.08721923854080528,0.019177267293977618,0.024238497658724795,2.8071859982764047
2023-09-27,150.47979736328125,69.69270324707031,125.05284135887217,0.08116774017270632,0.020285963026493502,0.02551547064533658,2.3860730610250402
2023-09-28,152.0646209716797,71.471923828125,128.245379152625,0.06974923450633036,0.02098376936109015,0.02628753397997164,1.8550794906207029
2023-09-29,151.8798828125,70.74320220947266,126.93780024226119,0.07722702600405683,0.02165413134818668,0.027200038405728655,2.0431182422215195
2023-10-02,152.45352172851562,71.20692443847656,127.76987848914202,0.07524124204238235,0.022555560249419727,0.028065679212703462,1.8772281046066872
2023-10-03,152.88134765625,69.70215606689453,125.06980299076183,0.09549035234519394,0.024005840271504215,0.029535454367252884,2.4202949846252375
2023-10-04,155.5259246826172,70.31732940673828,126.17363697181668,0.10377328945609295,0.025442098766040058,0.03126330312599978,2.5055314972431564
2023-10-05,155.76901245117188,71.06497192382812,127.51516652551086,0.09655960950250658,0.027135335151731405,0.03231809668406133,2.1481547948030584
2023-10-06,157.1690673828125,71.39620971679688,128.10952182020128,0.10082578535144629,0.028519539166563634,0.03366101731243337,2.148070734575657
2023-10-09,158.35525512695312,69.63591766357422,124.95094835955439,0.1275073305298679,0.03009661604996986,0.036004024334338615,2.7055507344214624
2023-10-10,157.07186889648438,71.14068603515625,127.65102385793458,0.10318839548822485,0.031446060381487055,0.03720129185082935,1.928490424322144
2023-10-11,157.10104370117188,71.24478149414062,127.83780715535387,0.10216600257324396,0.033292382388696744,0.03792147393710064,1.816216856411913
2023-10-12,156.39125061035156,70.39303588867188,126.30948061446485,0.10786357305327024,0.035041063276668,0.03890460743784122,1.8718222486360367
2023-10-13,157.58714294433594,69.0018310546875,123.81317742494468,0.13047456933634002,0.03690285910939846,0.04074211296337049,2.2966828036402513
2023-10-16,158.67611694335938,69.71163177490234,125.0868056919781,0.12841542087817814,0.03875353032621172,0.042331016951457294,2.118113312864309
2023-10-17,159.03587341308594,70.94194793701172,127.29441889498565,0.11650581224016424,0.040529260949095494,0.04332577721287877,1.7536108104365267
2023-10-18,159.1622772216797,70.65803527832031,126.78498127794782,0.1204082108366359,0.04247140842055643,0.04425683336478905,1.7610117238547476
2023-10-19,158.2191619873047,70.33625793457031,126.2076013049226,0.11881436821859606,0.04425100058014876,0.04515011871550686,1.651454520159178
2023-10-20,157.48020935058594,67.93240356445312,121.89425420844974,0.1420693071441373,0.04668930680901053,0.04642012347305289,2.0547123359224866
2023-10-23,156.76072692871094,67.19420623779297,120.56967259686967,0.14658137832893664,0.04962164620305655,0.047087011108067435,2.0591608990290733
2023-10-24,157.7718963623047,68.23523712158203,122.43764246881796,0.14021130183985844,0.05259161880652991,0.047087363331817324,1.860789749807953
2023-10-25,157.9177703857422,68.75577545166016,123.3716684741187,0.13509088273427658,0.05546974634634516,0.046757784341361464,1.702842371799456
2023-10-26,159.34701538085938,68.29203796386719,122.53956284768681,0.14807055887425152,0.058118527367765495,0.0474334389447488,1.8963843547431496
2023-10-27,156.78985595703125,68.5191650390625,122.94710746540686,0.13157673661294333,0.060325262674274356,0.04772364729109829,1.4930014360398487
2023-10-30,158.96778869628906,69.94823455810547,125.5113530109144,0.12734394144002115,0.061746565465055574,0.0484351973879147,1.3543327892235055
2023-10-31,159.34701538085938,68.26363372802734,122.48859581336461,0.14839040819305035,0.06370203755379328,0.04953141755226151,1.7097909735755255
2023-11-01,161.0873565673828,69.04915618896484,123.89809510259727,0.14884104541110557,0.06623660230785303,0.049937460871304865,1.6541578538831723
2023-11-02,158.2872314453125,69.30467987060547,124.35659306486397,0.1308872944487734,0.06855601398948061,0.04964891043890978,1.2554410541594454
2023-11-03,164.8014678955078,68.67057800292969,123.2187947507032,0.1721454462529891,0.07147464184889561,0.050512495903672926,1.992988123098732
2023-11-06,169.2545166015625,68.82201385498047,123.49052310532615,0.19232067326202795,0.07432022079710861,0.052427231813754166,2.250747338408247
2023-11-07,168.09751892089844,69.43717193603516,124.59432970682992,0.18019503498762202,0.07720727719202507,0.053415830239680114,1.9280381365128005
2023-11-08,169.16702270507812,69.11539459228516,124.01694973380471,0.18879106311498586,0.08004285225033737,0.0547540153916523,1.9861230283620086
2023-11-09,171.4616241455078,69.28575134277344,124.32262873175804,0.19786435986500508,0.08296650925067243,0.05628824903962155,2.041240446713053
2023-11-10,170.11985778808594,69.77787017822266,125.20566032318553,0.18634712588112565,0.085474881082669,0.05749329127826323,1.754504613594698
2023-11-13,173.53256225585938,70.09017944335938,125.76605128477001,0.19911917170541218,0.08819646917789178,0.05894965029876864,1.8816515783442636
2023-11-14,172.4727783203125,71.29210662841797,127.92272483300646,0.1816936149675895,0.09071050649635223,0.05967463312467954,1.5246530009014758
2023-11-15,172.07412719726562,71.64228057861328,128.55105815057834,0.1761462843345119,0.09326875293057044,0.05999678162581113,1.381366285959026
2023-11-16,172.86167907714844,71.66120910644531,128.58502248368427,0.17970325087965608,0.09588528529035156,0.060290119156934684,1.390243820403258
2023-11-17,171.76300048828125,73.02401733398438,131.03037232865776,0.16021947200856154,0.09796866067087764,0.06031791804572053,1.0320450929771523
2023-11-20,171.89913940429688,73.29846954345703,131.5228346240304,0.1580197199567988,0.09987195490975652,0.06038208108223268,0.962997034962284
2023-11-21,172.0449676513672,74.2070083618164,133.15306785401273,0.14925777392458142,0.10171592088994948,0.06016881182808065,0.7901411310974944
2023-11-22,175.06875610351562,74.6707534790039,133.98518717022017,0.15919869794488706,0.10412515367604461,0.059513775993171966,0.9253915307803869
2023-11-24,175.06875610351562,74.31111145019531,133.33986484120757,0.16288480586828505,0.10654052980166817,0.05889520838617984,0.9566869293875941
2023-11-27,175.3993377685547,74.35843658447266,133.42478251886016,0.16397840895421054,0.10889133941657611,0.05831342426399351,0.9446721785406925
2023-11-28,175.87576293945312,73.98934173583984,132.76249855795788,0.17000872076389498,0.11130710728530083,0.05778170497451214,1.0159204112181839
2023-11-29,175.0565643310547,73.95148468017578,132.69456989174603,0.16651271341872723,0.11388715897092981,0.05670521428379956,0.9280549436673642
2023-11-30,177.67994689941406,74.3395004272461,133.3908044959787,0.17490038710020053,0.11656730485413948,0.05569984246668834,1.0472755336955852
2023-12-01,175.7977294921875,76.9515609741211,138.07774556684123,0.13940528745936168,0.11823298275644507,0.054842788261491415,0.3860544909198757
2023-12-04,177.28012084960938,76.88532257080078,137.95889093563378,0.1472718930812279,0.120188567807485,0.0537214624156949,0.5041434848547685
2023-12-05,177.45567321777344,76.3364028930664,136.97393896533745,0.15366588651232846,0.12210265975837022,0.05281144236027883,0.5976588660206326
2023-12-06,173.35960388183594,77.34905242919922,138.79098287229016,0.12318769552171666,0.12383444247931817,0.05105708710111145,-0.012667133875474003
2023-12-07,172.8719940185547,79.75289916992188,143.10431627898748,0.09576349785729651,0.12522333941894265,0.04906998763921739,-0.6003637453150984
2023-12-08,174.29586791992188,82.58263397216797,148.1818403356804,0.07401883261732863,0.12651535906274486,0.046580602289536754,-1.1270040288252854
2023-12-11,173.59368896484375,83.11260986328125,149.13280059331973,0.06479519807322724,0.1277614807346272,0.04378351599423293,-1.4381275973746317
2023-12-12,174.00328063964844,84.04007720947266,150.796998156408,0.05743243193874914,0.12844143906295322,0.04232082967141656,-1.677873701331604
2023-12-13,174.0520477294922,83.58580780029297,149.98188154141684,0.06237970434088071,0.12880087145478933,0.04165025812767281,-1.5947360256520906
2023-12-14,168.0152587890625,86.04644012451172,154.39710794743195,0.002412280490277519,0.12835532212646003,0.04285980621826851,-2.9384883588787836
2023-12-15,170.70697021484375,85.48806762695312,153.39519434524595,0.024011468035864698,0.12773456887659224,0.04409986857907505,-2.3520047606206047
2023-12-18,170.658203125,85.7909164428711,153.93860998516524,0.02054833676223256,0.1267380011233754,0.04583063666036646,-2.317001728517855
2023-12-19,172.60867309570312,85.98019409179688,154.278239626449,0.029648467059542903,0.1259251293507417,0.04711661796972741,-2.0433695464529498
2023-12-20,169.7902374267578,84.9107666015625,152.35931640995403,0.024842830600543535,0.12488552255173736,0.048648375840788564,-2.056444644289942
2023-12-21,171.75047302246094,85.88555145263672,154.10841796091935,0.025788599430393296,0.12396253687269881,0.04999848224255823,-1.9635383523450398
2023-12-22,171.18482971191406,85.4502182006836,153.32727936880963,0.027132657958863556,0.1232522605969077,0.05107284912064813,-1.8820098015480433
2023-12-26,169.39039611816406,85.37450408935547,153.19142203638594,0.017628645067399678,0.12225895424796343,0.052541597017007,-1.9913804513154851
2023-12-27,171.26284790039062,86.1126937866211,154.51598995819046,0.020634989285421877,0.12134885003534741,0.053827032025180355,-1.871064722699395
2023-12-28,173.43765258789062,86.15055084228516,154.58391862440232,0.03252398177982136,0.12029941052592454,0.05494199239051596,-1.597601851098048
2023-12-29,174.13980102539062,86.29251098632812,154.838644277809,0.03496217292627511,0.1191525585837609,0.05600077850902881,-1.5033788439907503
2024-01-02,173.78871154785156,85.90447235107422,154.14236860424973,0.037019044421913734,0.11816021583241769,0.05692777651173585,-1.4253353350938698
2024-01-03,170.55088806152344,85.54484558105469,153.4970736547882,0.02252092345930732,0.11685513480088203,0.05821493345473812,-1.6204469496631684
2024-01-04,169.25384521484375,86.54803466796875,155.29714224007571,0.004394890190169992,0.1148032607952204,0.05997611901573424,-1.840872207421185
2024-01-05,168.84425354003906,85.64896392822266,153.6838980215341,0.011534325669297152,0.11327569296490494,0.06142661548913484,-1.6563075547211914
2024-01-08,172.0332794189453,87.11587524414062,156.31604485370244,0.014557553415925352,0.1118155521456163,0.06272274768054416,-1.5506016927867974
2024-01-09,171.15554809570312,85.9518051147461,154.22729997167787,0.02170772291391334,0.11037962130996036,0.06379183976657407,-1.3900194557879755
2024-01-10,171.26284790039062,87.44711303710938,156.91040014839285,0.006654080877341319,0.10831594650231038,0.06511973144785488,-1.5611530232795199
2024-01-11,173.3986358642578,87.34300994873047,156.723603161198,0.019966603399264,0.10650846621099515,0.06605080023161264,-1.3102318595424263
2024-01-12,176.2073211669922,87.92977142333984,157.77645641815513,0.02961292302439101,0.10506025139073225,0.06677649572880733,-1.1298485723591711
2024-01-16,179.13307189941406,86.78462982177734,155.7216758692365,0.056932787515191166,0.10400232766870816,0.06703154624037888,-0.7021998267013413
2024-01-17,182.4976959228516,87.16319274902344,156.4009488415795,0.07059758264528349,0.10319871457581963,0.06713989898355949,-0.48557016653419693
2024-01-18,182.30258178710935,89.58598327636719,160.74827396093383,0.045756109615231876,0.10159349461700452,0.06734584684222725,-0.8291140080632478
2024-01-19,180.791015625,90.36202239990234,162.14075685917467,0.03007565301983219,0.09965173252851947,0.06770536714977327,-1.0276301929620404
2024-01-22,181.2591094970703,90.4377212524414,162.2765868120473,0.031831072050651894,0.09784539536536602,0.0680498047669479,-0.9700883572083014
2024-01-23,184.1945953369141,89.74685668945312,161.03693656789537,0.053990769056191386,0.09649372680406461,0.06810288344100365,-0.6240992392736615
2024-01-24,184.12632751464844,90.4377212524414,162.2765868120473,0.046907413558928725,0.09480767438214256,0.0680565850976961,-0.7038299196830461
2024-01-25,184.01904296875,90.89200592041016,163.09173080658954,0.041922081143992034,0.0933134301243267,0.06821963331584278,-0.7533219761297069
2024-01-26,181.8149871826172,90.67433166503906,162.70114782075916,0.03245600674902688,0.09173196454614346,0.06851656636148624,-0.8651332217143344
2024-01-29,178.95755004882812,90.84467315673828,163.00679943916143,0.015299157247821629,0.08951377703038967,0.06880496207172739,-1.0786230752543868
2024-01-30,178.7234649658203,91.43144989013672,164.05968007566963,0.008118318317314369,0.08716839824549313,0.06914596368757643,-1.14323491513333
2024-01-31,179.2988739013672,90.15380096435548,161.76713550523397,0.024087644229847674,0.08538840407517771,0.0693757186861418,-0.8836054026720335
2024-02-01,180.1570587158203,91.23269653320312,163.70304773316963,0.017990747045768123,0.08281915908839069,0.06896155018944952,-0.9400660493351367
2024-02-02,178.25535583496094,90.45664978027344,162.31055114515323,0.01532606841587606,0.0798692490076215,0.06797664683495373,-0.9494905029436846
2024-02-05,177.25086975097656,90.2957763671875,162.0218885381917,0.011374445185135671,0.07705557251091338,0.06724353849280983,-0.9767648877192985
2024-02-06,175.94403076171875,91.5923309326172,164.34835637240673,-0.009191425901017859,0.07375586436064664,0.06652135570371169,-1.246927236887872
2024-02-07,179.89378356933594,91.13805389404295,163.53322606763996,0.017497584010166753,0.07074975142973267,0.06487278655240471,-0.8208706647208445
2024-02-08,179.6011962890625,92.3210678100586,165.65596266232157,0.004077827604095767,0.06771192979178217,0.06362348443104175,-1.0001668842368443
2024-02-09,178.95755004882812,92.73746490478516,166.4031232315498,-0.0036792194200625044,0.0643319566063576,0.06188730851136385,-1.0989519121506437
2024-02-12,179.874267578125,92.75640106201172,166.43710125443127,0.0012470678320429334,0.06132451415409849,0.06045527273189955,-0.9937503150218254
2024-02-13,180.6154327392578,90.26737213134766,161.9709215038695,0.030073068741832583,0.05888996056088717,0.05866777346040926,-0.4911877529918716
2024-02-14,180.18634033203125,91.46930694580078,164.1276087418815,0.015794097788549673,0.05615814134270206,0.056731031029913934,-0.7114985012852785
2024-02-15,181.4541473388672,92.3399887084961,165.68991330565197,0.01406075948027641,0.05372216280056398,0.05530708915751515,-0.7171124701090577
2024-02-16,182.06857299804688,92.51980590820312,166.0125676252705,0.01561584415791579,0.05134876487058259,0.053790192317120705,-0.6643017839014769
2024-02-20,186.9740447998047,100.39382934570312,180.14129212451886,-0.034122908569102106,0.048292420162354535,0.05334068007633832,-1.5450745774802317
2024-02-21,185.2088623046875,102.8449935913086,184.53952951909326,-0.06772633862711798,0.04451033621948778,0.05338862338531963,-2.102258266458088
2024-02-22,190.6799774169922,104.22673034667967,187.01884369717266,-0.05009292176533501,0.040960707425594114,0.05245686376282008,-1.7357810333957733
2024-02-23,192.26963806152344,105.70311737060548,189.66799323055733,-0.055189192567280075,0.037307914066902606,0.051364847376393345,-1.8007861671695187
2024-02-26,191.70399475097656,104.6999282836914,187.8679246452698,-0.04891280861026624,0.033659221910666594,0.04952113687871972,-1.6674098319502795
2024-02-27,190.03631591796875,104.80403900146484,188.05473532224016,-0.05910065273999671,0.02989899914135452,0.04779799025821243,-1.861995690625501
2024-02-28,191.47398376464844,103.63996124267578,185.96597675044003,-0.04023963854038169,0.026313332047344817,0.04470559627616505,-1.4886943946928064
2024-02-29,187.7771148681641,101.41593933105467,181.97531135313673,-0.03946725563954165,0.02333212299569643,0.04296645693257312,-1.461590811031698
2024-03-01,182.9066619873047,100.961669921875,181.1601947381456,-0.06268980876389048,0.01983276129827779,0.0412156057034053,-2.0022166034878897
2024-03-04,185.19517517089844,100.48847198486328,180.3111137900485,-0.04497303734964479,0.016522112567244902,0.038146840615792495,-1.6120640379174989
2024-03-05,186.06558227539065,101.24559783935548,181.66965973473452,-0.047386132686693984,0.013679215430438058,0.03637784268480535,-1.6786412720025976
2024-03-06,183.4934234619141,101.15093994140624,181.49981068965377,-0.06114245364686388,0.01106411623870205,0.03601497498820249,-2.004904068633084
2024-03-07,179.76727294921875,100.23294067382812,179.85260213800626,-0.07397442193679377,0.008597561996133344,0.036691764709298795,-2.250422801604876
2024-03-08,182.5839080810547,100.24239349365234,179.86956376989593,-0.05749962693845615,0.0065593149126052875,0.03691314755106173,-1.7353963587756664
2024-03-11,179.78680419921875,100.45061492919922,180.24318512383664,-0.07603022867159934,0.004334937235766146,0.03780600225325161,-2.125725046753745
2024-03-12,177.70367431640625,102.6083984375,184.1149958899325,-0.11043200181313993,0.0014547421331991357,0.03983713846349833,-2.8086039374755245
2024-03-13,179.46405029296875,100.85755920410156,180.97338406117524,-0.08203417149539313,4.730126677129192e-05,0.04126875267389014,-1.9889496881764401
2024-03-14,177.14622497558594,99.93955993652344,179.3261755095277,-0.08689319485553783,-0.0018011097814187504,0.042638181755430056,-1.9956780887656504
2024-03-15,179.48362731933594,99.0404815673828,177.71291760121053,-0.06375033401961279,-0.003206087627782839,0.043273397495834316,-1.399110074443732
2024-03-18,179.65968322753906,98.65245819091795,177.01666930720233,-0.058832548296666745,-0.004680771217053,0.043640874321402984,-1.2408499582478771
2024-03-19,179.49339294433594,98.8890609741211,177.44121662613867,-0.0621787488080334,-0.006131130873862616,0.04408681546164048,-1.2713011213735157
2024-03-20,179.17066955566406,99.64617156982422,178.7997351912736,-0.0716742119580272,-0.007755511063669624,0.04468228712691312,-1.4305154235459436
2024-03-21,180.14866638183597,98.46318817138672,176.67705335569417,-0.054073327770275195,-0.009108944159155271,0.04483721009341611,-1.0028363387784132
2024-03-22,176.94081115722656,99.00262451171876,177.64498893499874,-0.07865358250330677,-0.01071364795200038,0.045580846913862196,-1.4905369064269027
2024-03-25,175.64984130859375,99.11619567871094,177.84877493363427,-0.08774152268517457,-0.012519923151510319,0.04645646793033925,-1.6191846449983642
2024-03-26,174.19261169433594,100.94273376464844,181.12621671526415,-0.11565620226800964,-0.014989592885640836,0.0479364310565616,-2.1000021729525367
2024-03-27,176.20730590820312,100.9048843383789,181.05830173882782,-0.10251474334906406,-0.017280874823563157,0.04878640033562457,-1.7470825463476929
2024-03-28,179.6890106201172,99.99634552001952,179.42806850884546,-0.07207958213368335,-0.01909918526615644,0.04876138728814753,-1.0865235755998455
2024-04-01,177.8699188232422,99.31493377685548,178.20537989658322,-0.07616977661967343,-0.020744030267472784,0.04899761124721123,-1.131192826371822
2024-04-02,178.63275146484375,98.04676055908205,175.92983802736381,-0.058835445275964786,-0.021797869191908365,0.04912756562582964,-0.7539061952742737
2024-04-03,174.8967742919922,98.01837158203124,175.87889837259263,-0.08116201713181134,-0.02334280823859351,0.04951757113265557,-1.1676503425081677
2024-04-04,177.57650756835938,95.78134155273438,171.86489190799975,-0.04224227265837789,-0.024289472006498558,0.04932328208906686,-0.3639822795948691
2024-04-05,176.95059204101562,96.16373443603516,172.55103714766204,-0.04980653591364272,-0.02548137632029116,0.04905626718587801,-0.49586242469655595
2024-04-08,178.3589324951172,97.76980590820312,175.4328854856152,-0.057674733512796714,-0.02655352322679346,0.04904499462378845,-0.6345440656019244
2024-04-09,175.19020080566406,96.79468536376952,173.68318158452624,-0.06681784503821679,-0.027999930700751477,0.04892935864651271,-0.7933460689297619
2024-04-10,176.0410614013672,96.44097137451172,173.0484962111055,-0.05805626050629852,-0.029461083759596298,0.048486742914216105,-0.5897524772347256
2024-04-11,173.5960235595703,96.20198059082033,172.6196639924263,-0.07048831587689992,-0.031584768816131155,0.04741730009604938,-0.8204504892088965
2024-04-12,174.5838165283203,93.92670440673828,168.53703068306913,-0.04104655980167061,-0.03344550452358039,0.04549095139148057,-0.16708938911120963
2024-04-15,173.46890258789062,93.85022735595705,168.39980437309183,-0.04694647037303885,-0.0349905475233849,0.044314424283675144,-0.26979754431918346
2024-04-16,172.82339477539062,93.52518463134766,167.81656517613698,-0.047482120821640196,-0.03628317708740944,0.043508132739649985,-0.25739885922580386
2024-04-17,173.0679168701172,93.4678192138672,167.71363175387845,-0.04540740962661305,-0.03757048511536386,0.04259163008035905,-0.18400151617731003
2024-04-18,173.60581970214844,93.70681762695312,168.1424776623332,-0.04463853161296769,-0.03921430679318317,0.04086628365667108,-0.13273105196829083
2024-04-19,176.87234497070312,93.1045379638672,167.06177940193496,-0.019235824247030527,-0.040316694089949166,0.03936840530469681,0.5354768545934373
2024-04-22,176.0312957763672,93.94581604003906,168.57132357078794,-0.03268099959062997,-0.041560078768859525,0.03787686029190596,0.2344196195197033
2024-04-23,174.8870086669922,95.7239761352539,171.7619584857412,-0.05768181871497537,-0.04306237585992623,0.03665941550832073,-0.3987909423086933
2024-04-24,175.44447326660156,97.1484146118164,174.31789433749813,-0.06888944266323684,-0.04446551919177721,0.035992864674158166,-0.6785768149484166
2024-04-25,177.69387817382812,96.27845001220705,172.7568766126281,-0.04657363233126659,-0.04537705170258689,0.035324937852432306,-0.03387353811288598
2024-04-26,174.4762420654297,96.48877716064452,173.13427634461684,-0.06803725853701194,-0.04691246674870121,0.034239909772715287,-0.6169640027832203
2024-04-29,176.4322509765625,95.74310302734376,171.7962787530111,-0.048612873438727146,-0.048022527090109464,0.033162783929095385,-0.017801471368624793
2024-04-30,177.16575622558594,94.02229309082033,168.70854988076533,-0.026842910657682514,-0.048725343408002116,0.032231245654705976,0.6789198588458719
2024-05-01,175.94325256347656,94.50030517578124,169.56626907722585,-0.03885268303805981,-0.04956246221172204,0.031282143428429714,0.3423607847769474
2024-05-02,170.29039001464844,94.96873474121094,170.4067939156127,-0.07827367598725,-0.050713833046492574,0.031041457048748423,-0.8878398619458049
2024-05-03,175.7183074951172,93.69727325439452,168.12535175313707,-0.0319824112177999,-0.051538499633625355,0.029832304051116997,0.6555339601767443
2024-05-06,178.84791564941406,95.15994262695312,170.74988707010715,-0.028598724860200025,-0.052083108841363614,0.029088781982060847,0.8073347311567218
2024-05-07,180.1975860595703,95.7048568725586,171.72765190824686,-0.026320645371427906,-0.05246046594055303,0.028592846416277132,0.9142084068357892
2024-05-08,181.4200897216797,95.51366424560548,171.38458613330351,-0.01751375675804719,-0.05277314635038787,0.028093792142958707,1.255059815809804
2024-05-09,178.89682006835938,94.7584228515625,170.029421563175,-0.024290271922887827,-0.05367920202813321,0.02618866711437011,1.1222003004925456
2024-05-10,177.07774353027344,95.54234313964844,171.436045999545,-0.04275609813585612,-0.054655038626873306,0.02459866684260895,0.48372298251571344
2024-05-13,178.1437530517578,95.637939453125,171.60757888701667,-0.03747915170566654,-0.05551403714663903,0.023006796228836238,0.783893822572651
2024-05-14,176.63763427734375,95.1025848388672,170.64696733762418,-0.04088700576529143,-0.05645575131202581,0.021125423750105534,0.7369672547589303
2024-05-15,173.87966918945312,95.24597930908205,170.9042666688317,-0.05887662679533268,-0.05686831328246299,0.02092262602981592,-0.09598764084430587
2024-05-16,177.6058807373047,95.21730041503906,170.85280680259018,-0.03637141376880904,-0.056345731201491174,0.02103808538866902,0.9494360852551808
2024-05-17,179.47384643554688,96.02989196777344,172.31087741542615,-0.03370898886282404,-0.056072665653115986,0.02122610790970601,1.0535929095161984
2024-05-20,178.68167114257812,96.49834442138672,173.15144332313957,-0.042996145280149674,-0.055869448198330486,0.021292972017526172,0.6045799011798278
2024-05-21,179.6988067626953,95.86737823486328,172.01927150672427,-0.030792166929193062,-0.05556743750364593,0.021520605560174808,1.151234824929881
2024-05-22,179.9530487060547,96.21154022216795,172.6368172811734,-0.032767544247251625,-0.055128552362100174,0.02171496620097878,1.0297509979011916
2024-05-23,176.44204711914062,94.7584228515625,170.029421563175,-0.038540843669918175,-0.05510023911425911,0.02173580577005325,0.7618487034493024
2024-05-24,178.56430053710938,97.72201538085938,175.34713273165488,-0.055978059865627865,-0.055375419184693894,0.021638833127714818,-0.027849962027856015
2024-05-28,174.91635131835938,96.05858612060548,172.36236466121875,-0.06093692312529605,-0.05534620442405065,0.021629972013760195,-0.25847091700760344
2024-05-29,172.71585083007812,93.64946746826172,168.0395716196257,-0.04942552556297112,-0.05542041256093942,0.02160139947671885,0.2775230838367375
2024-05-30,170.87716674804688,94.83489227294922,170.1666341833768,-0.07316552927489123,-0.05585006917074271,0.021695063223398325,-0.7981290455735404
2024-05-31,169.719482421875,97.08148956298828,174.19780762649242,-0.10423774491267236,-0.056568324025172846,0.022569018345569337,-2.1121619096409567
2024-06-03,171.6816864013672,97.12928771972656,174.28357407022827,-0.0921166311395221,-0.05687069417855165,0.022924895426072033,-1.5374524640529414
2024-06-04,172.3978729248047,97.38741302490234,174.7467402459529,-0.09026630066787768,-0.05741680540737534,0.02332688698033374,-1.4082245645634948
2024-06-05,171.39715576171875,98.26693725585938,176.32491125957011,-0.10583960000979084,-0.05791362826301187,0.024036685679871748,-1.993867723074319
2024-06-06,170.7103729248047,97.76025390625,175.41574588664355,-0.10496271296013354,-0.0578224734487951,0.02384373972074985,-1.9770489052233267
2024-06-07,169.4153594970703,96.93810272216795,173.9405219850604,-0.10470132962815332,-0.05820025941767444,0.02440678184733802,-1.905252011565409
2024-06-10,168.32632446289062,97.2822494506836,174.5580403799585,-0.11551708795340213,-0.05867732430263884,0.025242568244647004,-2.2517424970344235
2024-06-11,170.18060302734375,97.30137634277344,174.59236064722836,-0.10356414430989849,-0.059340887807476934,0.025893104911275368,-1.7079163218917084
2024-06-12,166.1973419189453,100.11200714111328,179.63560550597802,-0.16035824755136735,-0.061032982795055285,0.028991283748150718,-3.4260388611679806
2024-06-13,165.52041625976562,100.92459869384766,181.093676118814,-0.17391274998158882,-0.06289521614794787,0.03244855948469444,-3.4213393628770015
2024-06-14,164.43138122558594,99.69136810302734,178.88083342155153,-0.1682300720249988,-0.0645044804823974,0.035171398467300316,-2.949146069327824
2024-06-17,167.05091857910156,99.79652404785156,179.06951959777038,-0.15104048600311076,-0.06612059978627799,0.03687072462934954,-2.303179204382534
2024-06-18,166.1973419189453,100.52307891845705,180.37321061188186,-0.16479637572710898,-0.0675563130066747,0.03898363987614232,-2.494381310451835
2024-06-20,169.08177185058594,100.92459869384766,181.093676118814,-0.1491867213297446,-0.06858039965075086,0.04030747967925591,-1.9997857052937364
2024-06-21,172.58428955078125,100.45616912841795,180.25315128042715,-0.12099428455964077,-0.06866936768894472,0.040418885371962344,-1.2945660522096598
2024-06-24,168.0908660888672,101.43128967285156,182.0028551815161,-0.16137010079472838,-0.06965029031303911,0.04193976214967464,-2.1869415986280414
2024-06-25,165.7460479736328,101.77544403076172,182.6203872661897,-0.1815258376967636,-0.0714743945724238,0.0443576127194239,-2.481004643339361
2024-06-26,166.78602600097656,100.4370346069336,180.21881732338178,-0.1597594407161783,-0.07286755564069887,0.04579690231884781,-1.8973310568151442
2024-06-27,167.05091857910156,101.02020263671876,181.26522269606124,-0.16418440114567345,-0.07462337157186068,0.04724636336731889,-1.8956174230282379
2024-06-28,166.84487915039062,101.28787994384766,181.7455284707575,-0.1685008276808466,-0.0760790184143446,0.04877203989414029,-1.8949752658921695
2024-07-01,168.6697235107422,99.156005859375,177.92020818238345,-0.13317941782832998,-0.07759463750051047,0.049114481420612,-1.1317391270366157
2024-07-02,168.14974975585938,99.65312957763672,178.81222026656283,-0.14198844456297657,-0.07913100264466605,0.049669153465801016,-1.265522714446706
2024-07-03,167.68862915039062,100.63780212402344,180.5790637666234,-0.1556652091395353,-0.08076417723844502,0.05055481020853898,-1.4815807159026597
2024-07-05,166.46224975585938,99.27071380615234,178.12603395757395,-0.1494431028595641,-0.08214126486880079,0.05128849173790401,-1.3122210404371257
2024-07-08,165.60870361328125,99.80609130859376,179.08668657629312,-0.16116806237505094,-0.08385979489994667,0.05218740679659903,-1.4813586690830234
2024-07-09,165.383056640625,99.66268920898438,178.82937355531,-0.161196487518064,-0.08537159776063273,0.05309936878579465,-1.427981000363911
2024-07-10,166.12869262695312,102.03356170654295,183.0835397521388,-0.18159234000422123,-0.08771402743067526,0.05419949630822266,-1.7320882843574248
2024-07-11,166.5603485107422,102.72187042236328,184.31860392148607,-0.1859452540682646,-0.09003067382559567,0.05538507841497907,-1.73177655403894
2024-07-12,166.2954864501953,103.73523712158205,186.1369346673392,-0.19876846830613326,-0.09255211295033723,0.05683979523531265,-1.8686970091300996
2024-07-15,169.25839233398438,104.28970336914062,187.13183910445053,-0.183661780385523,-0.09485635246298574,0.057692162950117705,-1.5392979458808118
2024-07-16,169.58213806152344,106.5841064453125,191.24879268107753,-0.20567912357423382,-0.09754036232900683,0.05904643056909562,-1.8314191087077474
2024-07-17,176.84222412109375,103.8308334350586,186.30846755481087,-0.12824479253875617,-0.09935717846720225,0.05826815406517046,-0.495770194457239
2024-07-18,180.46246337890625,102.2438735961914,183.46091210457655,-0.08983197576338725,-0.10030969473674821,0.05762327512531942,0.18183136849778073
2024-07-19,181.13943481445312,101.85192108154295,182.75761357616705,-0.08187631637302271,-0.10071293636438233,0.05740415235218282,0.32814037346626457
2024-07-22,182.4835205078125,102.08135223388672,183.16929250609914,-0.07616371533382588,-0.10083417424222547,0.057343451344458604,0.4302227774921614
2024-07-23,179.75608825683594,102.54978942871094,184.00983103426148,-0.09716830098824802,-0.10167741871984186,0.05690232217370762,0.07924312329167692
2024-07-24,181.66921997070312,99.64356994628906,178.79506697781568,-0.056909463912293956,-0.10149195547609655,0.057031812035707806,0.7817126963437414
2024-07-25,183.513671875,98.2095718383789,176.22197783731158,-0.032265480890870835,-0.10121949893363227,0.05732699558906237,1.2028193233262243
2024-07-26,182.9348602294922,98.9839324951172,177.61144898493444,-0.043127043453225385,-0.10149090114689133,0.057006558933269204,1.0238095192166496
2024-07-29,182.0714569091797,98.8405303955078,177.3541359639513,-0.04666041624412388,-0.10162103003365905,0.05686989874586304,0.9664271433845878
2024-07-30,183.513671875,99.60533142089844,178.726453822827,-0.04591283457262456,-0.10108168267674864,0.05724727630036213,0.9636938500736164
2024-07-31,180.0406036376953,96.87117004394533,173.8204215842792,-0.038839399091553484,-0.10119596580797786,0.057113683375825335,1.091797324751396
2024-08-01,182.2382659912109,92.6361083984375,166.22125456354811,0.015387330984664147,-0.10046286487723012,0.05833065542493092,1.9860945332765643
2024-08-02,190.12625122070312,91.02046966552734,163.32223924707225,0.07148492633491818,-0.09883277201545768,0.061706659586349195,2.7601185916090927
2024-08-05,192.5593414306641,90.72410583496094,162.79045991635894,0.08597884932776323,-0.09710789524736084,0.0653567834652119,2.801342643684071
2024-08-06,193.52084350585935,90.84839630126952,163.01348004962318,0.08936769927280604,-0.09521359572743263,0.06904610083554591,2.673305121745754
2024-08-07,198.41650390625,87.89437103271484,157.71293585966603,0.1385505570080416,-0.09219181814170098,0.07508419004169853,3.073115325897479
2024-08-08,200.31979370117188,88.71652221679688,159.18815976124918,0.13937106520180387,-0.08924431452657648,0.08054129654280874,2.8384864602579167
2024-08-09,197.02333068847656,89.65339660644531,160.86923681757386,0.11643922006572652,-0.08662221076272618,0.08460094641072662,2.400226468420528
2024-08-12,199.77040100097656,88.6687240600586,159.10239331751333,0.13743355689887338,-0.08335037436782275,0.08935463174766456,2.4708728238082265
2024-08-13,198.45574951171875,90.76235961914062,162.8591004508987,0.11278986980779579,-0.08086435297487934,0.09269632552416364,2.0891251264560027
2024-08-14,202.0956115722656,90.0644760131836,161.6068556132532,0.13496535048943542,-0.07805311398567501,0.09662513322102853,2.204586502228503
2024-08-15,197.1802978515625,92.28239440917967,165.5865691901273,0.09321863264699787,-0.07578286768688923,0.09903298071369161,1.7065173552887127
2024-08-16,199.10324096679688,92.03382110595705,165.14054261337435,0.10421652275413273,-0.07353272285883379,0.10157373318982137,1.7499528670545963
2024-08-19,200.72206115722656,93.42002868652344,167.62787899991812,0.09904905884236875,-0.07133577947400678,0.10386996851072028,1.6403667080999484
2024-08-20,202.1250457763672,92.73171997070312,166.39281483057087,0.1114131103768663,-0.06883654690656037,0.10644455310585647,1.693366659204937
2024-08-21,203.017822265625,94.08922576904295,168.82865028154652,0.10332255975954989,-0.06618153657947408,0.10873280910666025,1.5589047844128703
2024-08-22,205.82374572753903,93.49650573730467,167.76510530989543,0.12071391189114139,-0.06315402266253345,0.11137804419968043,1.650845423574087
2024-08-23,205.656982421875,95.1790542602539,170.78417995782596,0.10532076906988784,-0.0605749177519858,0.11347330246326857,1.4619798950116416
2024-08-26,209.10061645507807,94.45250701904295,169.48050263349,0.12628974203180543,-0.05725066323020753,0.11599182243482477,1.582356423144773
2024-08-27,207.3542633056641,94.8253402709961,170.14949458440518,0.11570496515476654,-0.053584951395750216,0.11794078422142885,1.4353806248454484
2024-08-28,205.0683135986328,95.56146240234376,171.47035257703936,0.09940643560714682,-0.050392900283305724,0.11946221366410009,1.2539474307051883
2024-08-29,203.1748046875,96.02989196777344,172.31087741542615,0.0868763052999506,-0.04744052351717525,0.12064318900519,1.11333950904885
2024-08-30,202.13165283203125,96.59886932373048,173.33181980560784,0.07711301964463341,-0.044391313189601524,0.1214514784964078,1.0004351889205587
2024-09-03,209.4532623291016,95.2052764892578,170.83123171634472,0.12131193097411945,-0.040620069124030635,0.12304144057702707,1.3160769196031685
2024-09-04,207.0816192626953,94.8304672241211,170.15869411356567,0.11449627602277554,-0.03696677569651515,0.12435368158281368,1.2180021515360078
2024-09-05,207.2686004638672,95.2341079711914,170.88296537809697,0.11180074610010757,-0.03317814512895666,0.1253785353159226,1.1563294376007314
2024-09-06,207.79014587402344,94.78240966796876,170.0724622174616,0.11793067781295831,-0.02948656476024238,0.1265265344658989,1.1651093045066543
2024-09-09,207.9771423339844,97.32928466796876,174.64243784614072,0.09675031280478803,-0.025201422087639792,0.126372832614007,0.9650154417675912
2024-09-10,208.43966674804688,96.63731384277344,173.40080258453597,0.1047114188639944,-0.020557685940213403,0.12593406309613048,0.9947197900585873
2024-09-11,208.37081909179688,97.3773422241211,174.7286697422448,0.09804299146977619,-0.01611980154863382,0.12533218266101467,0.9108817112615484
2024-09-12,206.3829345703125,98.3384246826172,176.45318445634666,0.08099942583908651,-0.012252469684597199,0.12467669256811903,0.747949705777879
2024-09-13,206.25498962402344,99.68395233154295,178.86752695973007,0.06872372774761526,-0.00836046796001846,0.123473116757593,0.6242994242946688
2024-09-16,209.2269592285156,100.41438293457033,180.17817237981407,0.07568783676973916,-0.004612558658360399,0.12253538386170594,0.6553241430958995
2024-09-17,210.25038146972656,100.24138641357422,179.86775671952512,0.08166346105721055,-0.0012349295647462104,0.12206518405514444,0.6791321478244475
2024-09-18,207.30796813964844,102.2596664428711,183.489249939937,0.051159959668227825,0.002307238109636394,0.1204119887176504,0.40571310281357753
2024-09-19,203.6471710205078,104.40288543701172,187.33492692453373,0.015219426666512322,0.005586325849024326,0.11797520239714303,0.0816536070441298
2024-09-20,204.89694213867188,103.99922943115234,186.61062828045135,0.024761047649027847,0.008661667321777762,0.11598010776128195,0.13881156551765678
2024-09-23,206.2451629638672,104.15299987792967,186.88654570638843,0.02979835385410074,0.011894713238440664,0.11376273103364334,0.15737702895305306
2024-09-24,203.45034790039065,106.968994140625,191.93941447734025,-0.008365271946193104,0.014563639167351558,0.11131084169415631,-0.20598991764472843
2024-09-25,199.8682861328125,106.46922302246094,191.0426520410497,-0.02195054004769255,0.016417453797028844,0.10972347229018439,-0.34967899797456287
2024-09-26,202.18084716796875,108.35295867919922,194.42272606987632,-0.026979458683149306,0.0183342702283593,0.10789869653924083,-0.41996548952775165
2024-09-27,199.3762359619141,108.76622772216795,195.16427383113458,-0.04514524379788499,0.020176269650720138,0.10580088801216153,-0.6174004271220918
2024-09-30,201.61009216308597,106.19051361083984,190.5425508509277,-0.01064088397366107,0.022489639965485194,0.10352218388636066,-0.3200330856187753
2024-10-01,206.59942626953125,104.89305114746094,188.2144539334239,0.02503453915005066,0.02559301665757022,0.10067502500357552,-0.005547329215957232
2024-10-02,208.4790496826172,105.05642700195312,188.5076067867614,0.03241856673541121,0.02881993422846147,0.09764373745198071,0.03685471901072482
2024-10-03,206.80609130859372,104.92186737060548,188.26616021562506,0.025758816621290332,0.03227578683888666,0.09365851591577881,-0.06958224945029697
2024-10-04,207.07177734375,106.55572509765624,191.1978667160819,0.012850904894035025,0.03558905615492499,0.08921896286422981,-0.2548578298930919
2024-10-07,204.0801544189453,106.29622650146484,190.73223638076075,0.000661833718150366,0.03891289452199639,0.08389611859931281,-0.45593361698331697
2024-10-08,204.2179412841797,106.4019546508789,190.92194929014482,0.0004071193878817973,0.0419807095182198,0.07883188330756075,-0.5273702515534179
2024-10-09,202.83038330078125,107.67057800292967,193.19829885612086,-0.01765399447485333,0.045114461669876135,0.07228535315493358,-0.8683426642489251
2024-10-10,203.50938415527344,107.0843276977539,192.14636281412473,-0.009089652436983826,0.047100380671572344,0.06900419872667697,-0.814298754936968
2024-10-11,202.7221221923828,107.89163970947266,193.59496010228946,-0.020154134025955533,0.048261678033862866,0.06722400825765393,-1.0177288417197106
2024-10-14,202.1611785888672,108.151123046875,194.06056305805959,-0.02528791836128864,0.049204818000725105,0.06574800952701461,-1.1330036741478249
2024-10-15,207.1505126953125,106.88249206542967,191.78419980230797,0.010395639162077221,0.05064747390899016,0.0638734517536459,-0.630180985085331
2024-10-16,207.3473358154297,108.40100860595705,194.5089442762049,-0.0018059521724132102,0.05223684638925408,0.06126623545501619,-0.8820975886685154
2024-10-17,206.2156219482422,109.01610565185548,195.61264135950438,-0.012656026237924927,0.05297440368382689,0.06018686624321468,-1.0904443779568076
2024-10-18,205.94993591308597,109.32365417480467,196.16448990115407,-0.01664193233980558,0.05323479615967797,0.05984465784564786,-1.1676351910927545
2024-10-21,209.03997802734372,108.63166809082033,194.92282725999831,0.004325966090765429,0.05402567965207783,0.058854969839012165,-0.8444437860941493
2024-10-22,210.36849975585935,110.40968322753906,198.11320206921636,-0.0045517899554974005,0.0547274900902216,0.05787693237622613,-1.0242298202741116
2024-10-23,210.1519775390625,107.68981170654295,193.23281078024826,0.01763635960713505,0.05578664332655093,0.05657072781015104,-0.6743820558124445
2024-10-24,211.56907653808597,107.22848510742188,192.4050311228859,0.02812884851508052,0.05690278078666149,0.0553189070865193,-0.5201464343208781
2024-10-25,209.43360900878903,107.46876525878906,192.83617691363077,0.016160640120714647,0.05691566927226233,0.05530915988755624,-0.736858582455471
2024-10-28,209.5516815185547,108.67972564697266,195.00905915610238,0.006345792322118847,0.05583001703871568,0.05565654630320251,-0.8890998095178154
2024-10-29,208.83331298828125,108.88156127929688,195.3712221679191,0.0011934873129718629,0.05441692767180249,0.05595364404548734,-0.9512059717784028
2024-10-30,206.28451538085935,108.4106216430664,194.5261933933808,-0.007051081466879591,0.05280994799280773,0.056316241346858975,-1.0629443305883206
2024-10-31,210.17166137695312,107.11314392089844,192.19806909632587,0.022651680719713532,0.05087830005466893,0.055304061908629756,-0.510389623488955
2024-11-01,206.6584930419922,107.9877471923828,193.76741020472207,-0.0015570038703866243,0.048529498903465744,0.05446835438815624,-0.9195523407394024
2024-11-04,206.26483154296875,107.363037109375,192.6464640042467,0.0019659998503080253,0.046621611899875445,0.05405259889675295,-0.8261510632423998
2024-11-05,208.7841033935547,108.49712371826172,194.68140806841302,0.004262031447286754,0.044402086475682334,0.05298405108882377,-0.7575875042303541
2024-11-06,198.1559600830078,113.73503875732422,204.08004132430798,-0.09657510248023048,0.0409126702708819,0.055249570576905264,-2.488485816550098
2024-11-07,196.58143615722656,114.2540283203125,205.01128830517484,-0.11009535529806148,0.036828325174423616,0.057202434540601046,-2.568486492794321
2024-11-08,193.72755432128903,116.38764190673828,208.8397298623712,-0.14621062321827002,0.032837837576669145,0.061399351691591254,-2.9161295007526955
2024-11-11,196.8667907714844,117.57938385009766,210.97812756026647,-0.1387953122641377,0.028787640326364643,0.0645455716635831,-2.5963508924199887
2024-11-12,196.2960357666016,116.7240219116211,209.44331206577317,-0.1342876187336705,0.024898695700097322,0.0672147025669427,-2.368325803052177
2024-11-13,193.74725341796875,117.51211547851562,210.85742480936162,-0.15650814020450718,0.0204333415237411,0.07020291305938973,-2.520429338574037
2024-11-14,195.2725830078125,116.33959197998048,208.7535116560427,-0.13670008942293238,0.016432964037366393,0.07220951185509904,-2.120677034454781
2024-11-15,197.51629638671875,116.48374938964844,209.01217996480383,-0.12509719421071172,0.012336112269002174,0.07315966060870543,-1.8785394209901567
2024-11-18,202.49578857421875,117.02195739746094,209.977911490247,-0.10219952707425273,0.008877440666599833,0.0735932870702755,-1.5093355951716525
2024-11-19,201.71836853027344,117.339111328125,210.54699545929714,-0.10926857083171644,0.0049514687855411335,0.07350664427654412,-1.5538736768820918
2024-11-20,205.18234252929688,117.9542236328125,211.6507199221477,-0.09592067261258314,0.001424374822751972,0.07317876959629149,-1.3302361869755774
2024-11-21,207.6228790283203,119.13634490966795,213.7718548130915,-0.09325478379921195,-0.0017866455006873409,0.07303329013501293,-1.2524170570630477
2024-11-22,209.8665771484375,118.60775756835938,212.8233860945998,-0.07704733205569157,-0.004518706123281377,0.07272574782318823,-0.9972895171699397
2024-11-25,210.7227478027344,120.3857650756836,216.01374721404233,-0.08781135646263899,-0.00726744572506925,0.07270483887737009,-1.1078204969743715
2024-11-26,213.8423309326172,120.8086395263672,216.77253040270105,-0.07549043405234573,-0.010547485142177005,0.07123009060927919,-0.9117347507867493
2024-11-27,214.37371826171875,121.1065902709961,217.30715720672592,-0.07531842049816803,-0.013711063417526063,0.06978279386959273,-0.8828445188905923
2024-11-29,213.031494140625,121.33724212646484,217.7210265007438,-0.08403632215566187,-0.01697501455512222,0.06837854331425608,-0.9807361249615593
2024-12-02,209.1429443359375,121.5775146484375,218.15215860171315,-0.10625299957939797,-0.020711409178328158,0.06699294929393187,-1.2768745263886756
2024-12-03,209.3501739501953,122.99992370605467,220.70445297317735,-0.11734946033343809,-0.02427973873063193,0.06632903834046075,-1.4031519818678508
2024-12-04,209.2909698486328,123.69190979003906,221.9461156143332,-0.12359824552007126,-0.02808489980369969,0.06534518906581911,-1.4616737219960525
2024-12-05,205.82681274414065,125.83511352539062,225.79176521937887,-0.1611928151813033,-0.03240549658121768,0.06543453826730318,-1.9681856403415479
2024-12-06,201.32635498046875,125.15275573730467,224.56737907495003,-0.18106856903460322,-0.03677329649577918,0.06647472072258076,-2.170678883195495
2024-12-09,198.96755981445312,122.38481903076172,219.60074220010236,-0.17010829970472102,-0.04075383028665145,0.06719719818796699,-1.9249979598291214
2024-12-10,200.3492584228516,121.37567901611328,217.78999558989642,-0.15300075637481514,-0.04456530683906069,0.0669658922282055,-1.6192638659428227
2024-12-11,199.9446258544922,123.53811645507812,221.67015711906947,-0.17474029134840627,-0.04883870271248763,0.0669552750549295,-1.880383413146016
2024-12-12,197.2404022216797,122.85576629638672,220.4457846644162,-0.18463881103117308,-0.05276868222414431,0.06789982341991797,-1.9421277135213506
2024-12-13,198.35562133789065,122.1637725830078,219.20410833348484,-0.1717185410558991,-0.055884315019517836,0.06900712700966284,-1.6785835181945972
2024-12-16,193.09524536132807,122.5674285888672,219.92840697756725,-0.2073899460967469,-0.05975349824861408,0.07089130831786362,-2.0825747380222985
2024-12-17,195.4935302734375,122.45211029052734,219.72148602033383,-0.1915194155290587,-0.06344212773833341,0.07190335340204114,-1.7812422054169388
2024-12-18,197.45755004882807,119.7898941040039,214.9445483650947,-0.15547569196244876,-0.06589396807193766,0.07249914870752426,-1.2356244933564846
2024-12-19,191.26939392089844,120.16471862792967,215.6171133474248,-0.1963752253684911,-0.06880104616061765,0.07418469103961828,-1.719683366204795
2024-12-20,189.1080017089844,120.97203063964844,217.0657106355896,-0.21770924268316655,-0.07197987589395126,0.07641512883729737,-1.9070748032042368
2024-12-23,190.57855224609372,121.7697296142578,218.4970588065784,-0.21582364325108627,-0.07482451588483795,0.0785463758428924,-1.7951067232977524
2024-12-24,191.87144470214844,121.7216796875,218.41084060024986,-0.20718167245050753,-0.0781001956927854,0.07991070545384188,-1.615321451920886
2024-12-26,193.98350524902344,121.84661865234376,218.63502436443477,-0.19519376133340965,-0.08177066736750974,0.08015063337201192,-1.4151241131115817
2024-12-27,194.65463256835935,121.43335723876952,217.89349029295195,-0.1872635043636897,-0.0854320352191614,0.07986307544642596,-1.275075728993673
2024-12-30,193.3715667724609,121.09697723388672,217.28990808954998,-0.19201991713479716,-0.08906168078176287,0.07967259803589614,-1.2922665871476526
2024-12-31,192.8485107421875,120.05899810791016,215.42741412781626,-0.18559518120553334,-0.09236911555008902,0.07948902961188564,-1.1728167535901663
2025-01-02,193.87493896484372,119.03063201904295,213.58216928325845,-0.16980060138236358,-0.09521015613509756,0.0791531909557126,-0.9423555051495079
2025-01-03,192.69061279296875,117.9638214111328,211.6679416597725,-0.16705629460099541,-0.09800121303491219,0.07867550121417119,-0.8777202623482605
2025-01-06,189.25604248046875,117.81005096435548,211.39202423383546,-0.1867778286011633,-0.10081994360368404,0.07877764593092389,-1.0911456414025287
2025-01-07,188.3480529785156,117.94461059570312,211.63347080497178,-0.1937809717704075,-0.10389813225924109,0.07874093158687827,-1.1415008395220065
2025-01-08,190.469970703125,117.08924102783205,210.09864162070295,-0.1724236198867851,-0.10643595702358825,0.07844939814240416,-0.8411493832420953
2025-01-10,188.44674682617188,117.75238800048828,211.28855691033095,-0.19132546250958415,-0.10920324942605984,0.0784668693547613,-1.046584549107428
2025-01-13,190.20350646972656,118.39631652832033,212.44398765538273,-0.18639683754770212,-0.11248312403788949,0.07748979449932507,-0.9538509424032143
2025-01-14,190.8450164794922,118.69425964355467,212.978600769632,-0.18521015561715148,-0.11553986076196847,0.07666287560078237,-0.9087879147396867
2025-01-15,189.8975524902344,118.71347045898438,213.01307162443283,-0.19130509882085708,-0.11851734530501735,0.0760662017940466,-0.9569000659835303
2025-01-16,191.3878326416016,121.0873565673828,217.2726452825985,-0.20428500083909243,-0.12164472978000544,0.07566301463287,-1.0922148880806803
2025-01-17,192.23660278320312,121.88506317138672,218.7040071433629,-0.20641363141281877,-0.1251570564050652,0.07460012943407922,-1.0892283381298469
2025-01-21,194.5953826904297,124.78753662109376,223.91204952002033,-0.21855358103759898,-0.1287237529231002,0.07384816999192965,-1.216412378591313
2025-01-22,195.1480865478516,125.4026336669922,225.01574660331983,-0.2207580495834858,-0.13269699307627722,0.07223565618466035,-1.2190801767217676
2025-01-23,198.9774169921875,127.5266571044922,228.82698011266686,-0.21641860007135832,-0.1367727838860512,0.06986779808579006,-1.1399502827827879
2025-01-24,197.5660858154297,125.97930145263672,226.0504882872422,-0.21105471220172728,-0.1405597064247586,0.06755760493755905,-1.043479943407179
2025-01-27,202.7574157714844,126.04656982421876,226.17119103814707,-0.18064259715524825,-0.1436761795827147,0.06492765692332764,-0.5693477837370104
2025-01-28,200.97105407714844,128.37240600585938,230.3445464899842,-0.21190287088444365,-0.14722778555267163,0.06265743075513139,-1.032201361471806
2025-01-29,201.35595703125,128.9202117919922,231.32749975305222,-0.2144679217306934,-0.15068473289040185,0.06047635236852861,-1.0546798267794304
2025-01-30,203.22129821777344,130.12158203125,233.4831739476745,-0.21392800371788778,-0.15462772763102853,0.05656964046568706,-1.0482703372107958
2025-01-31,201.66189575195312,129.47764587402344,232.32772951284724,-0.21758540208136426,-0.15822820093454482,0.053450840227677314,-1.1105008058616779
2025-02-03,206.8137359619141,129.0067138671875,231.48271442808448,-0.1831688267743072,-0.16131378137828842,0.049222970969592786,-0.4440009403235661
2025-02-04,206.45843505859372,128.6991729736328,230.93087957621026,-0.18253211799123667,-0.16442701720226383,0.044226781741874055,-0.40936961894812435
2025-02-05,205.56033325195312,128.6607208251953,230.86188310750657,-0.1873630002298718,-0.1659401488314245,0.04341156764487056,-0.49348255685437303
2025-02-06,204.2970428466797,131.13070678710938,235.29389317832937,-0.2163991246589547,-0.16771187832077272,0.043262778825687104,-1.1253841676317407
2025-02-07,208.41259765625,131.2460479736328,235.50085520488938,-0.19337174869772356,-0.16849789707876361,0.043293924363157064,-0.5745344637809613
2025-02-10,206.9716644287109,130.71743774414062,234.55234541707108,-0.19709718241743093,-0.16946959491465183,0.04327023737271194,-0.6384893908671331
2025-02-11,205.2839813232422,129.1989288330078,231.82761463294975,-0.19366578904123732,-0.17045923108644462,0.04313074617521536,-0.5380513905444121
2025-02-12,209.271240234375,130.98655700683594,235.03523855934372,-0.1862503858251189,-0.17095493518012148,0.04313860180004263,-0.3545652850756586
2025-02-13,205.51097106933597,129.66026306152344,232.65540798008766,-0.1963753448857024,-0.17194952277116765,0.04302321987447363,-0.5677357990824623
2025-02-14,199.68801879882807,128.38201904296875,230.36179560716013,-0.21977596844871092,-0.17352750234180098,0.04301195665392746,-1.0752467384598035
2025-02-18,204.31678771972656,125.28730010986328,224.80879826653532,-0.1649637400516911,-0.1745735725580916,0.0419991280562657,0.22881028609751963
2025-02-19,207.5045928955078,124.49921417236328,223.3946992127224,-0.1402521111552196,-0.17508996489681664,0.041368312300151075,0.8421386274796085
2025-02-20,206.18209838867188,123.6150131225586,221.80813636670135,-0.13987096413409436,-0.1758224697555085,0.04031850016191306,0.8916875746131
2025-02-21,208.17572021484372,119.41506958007812,214.27198338276455,-0.092753919903714,-0.1758141220239169,0.040335933194224995,2.0592111187871285
2025-02-24,208.03753662109372,119.08830261230467,213.68565029653848,-0.09066135319887816,-0.1760410223763033,0.03980573357560655,2.144908823631048
2025-02-25,205.34320068359372,119.54000854492188,214.49616714694943,-0.10891920112126428,-0.1763928197872804,0.03909976989838498,1.7256781521060343
2025-02-26,202.62911987304688,120.4338150024414,216.0999654203709,-0.1316873728456547,-0.17732943543383556,0.03727210502515823,1.2245635860215835
2025-02-27,205.2839813232422,121.7793426513672,218.51430792375436,-0.1288126688738526,-0.17822100624009699,0.03538248981055683,1.3964064606754374
2025-02-28,208.6794891357422,121.90428161621094,218.73849168793922,-0.11151960146808622,-0.17867906089530403,0.03430398710949627,1.9577741564806692
2025-03-03,212.7976531982422,121.95233154296876,218.82470989426778,-0.0904140967611446,-0.1784150791816665,0.034926080954617605,2.519635184230059
2025-03-04,209.1942596435547,120.88553619384766,216.91050965033287,-0.10004624865531188,-0.17812669232036438,0.0355054807165552,2.1991096047502827
2025-03-05,210.23370361328125,121.27957916259766,217.61755917723931,-0.09797052575656409,-0.17769956365763928,0.03631743842418805,2.195337594293937
2025-03-06,210.8573455810547,115.86865234375,207.90848288150434,-0.04867740406648005,-0.17582430680572556,0.03991127305866872,3.1857390906158836
2025-03-07,210.8573455810547,115.82059478759766,207.82225098540027,-0.04826844560280197,-0.1736109714151955,0.0431651808715,2.9037878049331067
2025-03-10,216.8168029785156,113.75426483154295,204.1145395586598,-0.0023549258356123145,-0.17081508185071037,0.04849918434951503,3.4734636937617402
2025-03-11,209.03585815429688,110.45773315429688,198.1994202755449,-0.011368446796715004,-0.16845454335774201,0.05265004913977138,2.9835887929374327
2025-03-12,206.40261840820312,109.3717041015625,196.25070810748264,-0.01482995048062156,-0.16578937100994565,0.0562507173711019,2.6836888058405033
2025-03-13,212.96592712402344,107.05549621582033,192.0946291523725,0.035960903062235726,-0.16211270910838882,0.06192138950503707,3.198791463723727
2025-03-14,211.79779052734372,109.14104461669922,195.8368251236892,0.012975180175521966,-0.15903448042119847,0.06589876901081304,2.610210527126783
2025-03-17,213.71827697753903,109.95796966552734,197.30267152902988,0.014985871040224526,-0.15532821680224893,0.06929877171760539,2.4576783054180034
2025-03-18,217.4503631591797,107.8147430419922,193.45698085465764,0.04957697580778758,-0.15130994361330152,0.07399546594682427,2.7148544421012697
2025-03-19,215.60906982421875,108.45867919921876,194.6124252894849,0.03610142017817268,-0.14811699174429113,0.0778458253761527,2.366452035575658
2025-03-20,217.2127685546875,108.2952880859375,194.31924505659632,0.04456769577461152,-0.14410127639190612,0.08144555763867607,2.316504148741003
2025-03-21,212.60955810546875,105.40241241455078,189.12842441756374,0.048296430643190946,-0.13966784850313346,0.08455153685475418,2.2230734784775885
2025-03-24,210.8177795410156,106.5653305053711,191.2151021434823,0.03030971344381011,-0.13556562589155183,0.08673667077356113,1.9124015004957242
2025-03-25,212.0650634765625,107.10354614257812,192.18084735870102,0.03145904892445444,-0.1315882805353025,0.0888429370792963,1.8352311936088954
2025-03-26,215.757568359375,106.8536605834961,191.73246614055574,0.050112964241537716,-0.12749983510905338,0.09147174637136035,1.9417230609057374
2025-03-27,218.05422973632807,107.55525970458984,192.9913778988875,0.05434428371779291,-0.12347303864102868,0.0940771793390219,1.8901217448073024
2025-03-28,220.43997192382807,105.21981048583984,188.8007733298744,0.08358895858295623,-0.11887955737906611,0.09734530680039415,2.079900126846203
2025-03-31,224.01364135742188,105.3255386352539,188.9904862392585,0.0973615002872949,-0.11416361268751897,0.10084937829995823,2.097435963815966
2025-04-01,222.77622985839844,105.21981048583984,188.8007733298744,0.09319937603278611,-0.10978027973059981,0.10405477267066733,1.950700102971876
2025-04-02,222.2218780517578,107.0266571044922,192.04288180084473,0.07634777227549452,-0.10572354528265832,0.10649994281994118,1.709590754109415
2025-04-03,223.52859497070312,101.44274139404295,182.0234035345963,0.12657145958900787,-0.10050105714615547,0.11008061305954031,2.062783903759189
2025-04-04,212.9263458251953,99.30900573730467,178.19474294099135,0.1010619512114546,-0.0955870084297911,0.11240245279766477,1.7495077264482186
2025-04-07,205.18499755859372,95.58578491210938,171.51399558144954,0.0997058815692277,-0.09105151673885754,0.11471597787669738,1.6628668633511636
2025-04-08,206.03636169433597,94.3283233642578,169.25767415708324,0.1143770761271203,-0.08595647442824579,0.11695385548313691,1.7129281435638635
2025-04-09,203.7396697998047,102.76699829101562,184.39957894378415,0.030073868045709592,-0.08234862933502227,0.11714165229833895,0.9597141168404536
2025-04-10,207.90733337402344,101.20500183105467,181.59681643910503,0.06299761442551456,-0.0782118331676445,0.11782823519365991,1.1984347161023867
2025-04-11,212.9263458251953,102.12844848632812,183.25379949048562,0.07730229605986726,-0.07373504325296576,0.11855901386137828,1.2739422705508423
2025-04-14,214.96560668945312,101.81407928466795,182.68971228950628,0.08867950451581413,-0.06885230149705066,0.1191227020285989,1.3224331158559908
2025-04-15,215.757568359375,102.1677474975586,183.32431552427386,0.0890833265802387,-0.06392735219716637,0.11944703852765895,1.28099181581613
2025-04-16,215.77735900878903,98.96516418457033,177.57777213711478,0.11579869211334509,-0.058354814311317296,0.1199093651660789,1.4523761858254636
2025-04-17,214.88641357421875,99.77073669433594,179.02324815645719,0.10540598695949523,-0.05291874703560095,0.11981531232451303,1.3214065124354266
2025-04-21,212.2333831787109,98.49363708496094,176.73168924986012,0.10502043874642342,-0.04756142972197126,0.11956682894917076,1.276122063363067
2025-04-22,211.9166259765625,101.02816772460938,181.27951482172128,0.0822222426568057,-0.042673480474329034,0.11876180361261225,1.0516489252599315
2025-04-23,209.29324340820312,102.20703125,183.39480417851104,0.06061155206126504,-0.03865257798738715,0.11809360372620799,0.8405546694873446
2025-04-24,210.54055786132807,103.5823745727539,185.86264632469093,0.054455354076737086,-0.034213274238034136,0.11646566622750044,0.7613284771974657
2025-04-25,211.44142150878903,104.34862518310548,187.23756524091854,0.051981325506879734,-0.02977245345074125,0.1145400049206189,0.7137574248777083
2025-04-28,210.05551147460935,105.1247100830078,188.63013027781255,0.03909695217401959,-0.025555370852542794,0.11228052430123245,0.5758106619907609
2025-04-29,214.8666229248047,105.05594635009766,188.5067443309026,0.06118692379559713,-0.020909165421260107,0.1099430909335017,0.7467144003301897
2025-04-30,219.5688323974609,105.9892120361328,190.18134612339853,0.07366544325379698,-0.016628594254125037,0.10850902273890199,0.8321339113447784
2025-05-01,218.9847869873047,108.95600128173828,195.5047933078282,0.04688518736822998,-0.012804972498133924,0.10658895300003289,0.5600032478632705
2025-05-02,224.11265563964844,111.4709014892578,200.01739508723406,0.048557764890919286,-0.008872959746120741,0.1043688314920804,0.550267008032929
2025-05-05,229.33953857421875,112.02102661132812,201.0045100420652,0.0659379438686494,-0.00416734193732734,0.10116937619260072,0.6929496695967972
2025-05-06,230.97296142578125,111.49054718017578,200.05264625924045,0.07666466302570221,0.0003332649247297567,0.09858314015393214,0.77428450728781
2025-05-07,231.873779296875,113.30795288085938,203.31370137955318,0.06618785036012,0.004721348804355606,0.09545628371242605,0.6439230521579898
2025-05-08,225.84506225585935,115.31201171875,206.90967685836512,0.025338320127744993,0.008371417290505312,0.09186121135619384,0.1847014924661743
2025-05-09,229.3791656494141,114.0840301513672,204.70625272667175,0.04996121587377849,0.012308277318820266,0.08837445179204066,0.42606135360886493
2025-05-12,218.89566040039065,118.71105194091795,213.00873196558774,-0.03346764601263325,0.01502340563337142,0.08426118049011314,-0.5754850734816659
2025-05-13,218.16311645507807,121.56978607177734,218.13829085909472,-0.06045029759884718,0.017678833480869145,0.07908794736699068,-0.9878765814615825
2025-05-14,211.38201904296875,122.13957977294922,219.1606980552588,-0.09930612839310493,0.01877312700851225,0.07694314703279291,-1.534629917740331
2025-05-15,216.9355926513672,120.5088119506836,216.23453591389415,-0.05767515611612513,0.02014940959249716,0.07475794714717214,-1.041020636313261
2025-05-16,218.7273712158203,120.37128448486328,215.98776402007417,-0.04788263881571811,0.02168254834780343,0.07232425780719584,-0.9618513797814627
2025-05-19,222.15257263183597,118.79947662353516,213.1673964640552,-0.019030500943197942,0.022911271997145367,0.07096052366175104,-0.591057827310689
2025-05-20,223.7859649658203,118.43598175048828,212.5151607983967,-0.008678143616637282,0.024277658823516048,0.06951106342743894,-0.47410873629570005
2025-05-21,225.9341583251953,115.55760192871094,207.35035073288338,0.023772220727228614,0.026489182520990927,0.06727642069806557,-0.0403850526762705
2025-05-22,226.1222381591797,115.67549896240234,207.5618988342481,0.023648662146986337,0.029078116437534943,0.06399509797083731,-0.08484172167410102
2025-05-23,229.2504425048828,115.36113739013672,206.9978253230443,0.03943183782888967,0.03188219154924731,0.060552947907917966,0.12467842674023073
2025-05-27,228.93365478515625,117.21783447265624,210.32938278736972,0.023550146404037273,0.03413335401378271,0.057568558289625454,-0.18383659282384107
2025-05-28,223.7167053222656,115.11553192138672,206.55712406897499,0.017641643420506073,0.035934283016810224,0.05524974171525439,-0.3310900472726296
2025-05-29,224.95411682128903,115.28254699707033,206.8568069452434,0.021713134368379884,0.03796360606720508,0.05232945674801709,-0.3105415708226509
2025-05-30,227.44577026367188,113.79914093017578,204.19506281836522,0.04413296638968168,0.04033199760297585,0.049194764547321385,0.07726368489983527
2025-06-02,229.4113006591797,113.209716796875,203.13743182974588,0.056932757371237264,0.042092166960271134,0.04782637853497357,0.3103013622516659
2025-06-03,225.61920166015625,114.25105285644533,205.00594929271566,0.03280040618086593,0.043443314489998934,0.04635276436260334,-0.22960676575569092
2025-06-04,222.10508728027344,113.75985717773438,204.12457416412806,0.021465794699894986,0.04384032649892405,0.0460549087404418,-0.4858229537513231
2025-06-05,221.122314453125,113.48477935791016,203.63098930716143,0.019348903098089558,0.04435228233050413,0.04559927106377596,-0.5483284852831177
2025-06-06,220.9734039306641,114.55558013916016,205.55237668325293,0.009992950723242978,0.044765997350568534,0.045163746363992764,-0.7699327320429888
2025-06-09,217.94569396972656,113.0525360107422,202.855395074144,0.008614292627678918,0.04431022050999259,0.04539152225584572,-0.78640076622935
2025-06-10,219.484375,115.4397201538086,207.13883001106973,-0.003951561116159165,0.04402810815513124,0.045641485522177075,-1.051229352470949
2025-06-11,221.2613067626953,114.6145248413086,205.65814388904752,0.010803117805982464,0.043958395601227204,0.0456897651440609,-0.725660937207827
2025-06-12,224.64637756347656,112.4925765991211,201.8506339986464,0.04265767718127407,0.04384307395745198,0.045684075253861096,-0.025947702117002473
2025-06-13,224.1599578857422,109.77137756347656,196.967860688735,0.06236281634808243,0.04428076389361714,0.045734421721609214,0.39537074644854736
2025-06-16,222.849609375,111.79508209228516,200.59908733955328,0.040555023407978334,0.044213886020839914,0.045736928842309045,-0.07999799517533282
2025-06-17,223.76287841796875,109.50613403320312,196.49192195243484,0.06282590595071753,0.044456043942632036,0.04579733443197794,0.4011120349235601
2025-06-18,225.93687438964844,110.15450286865234,197.6553201468488,0.06669430730473655,0.04506245384031414,0.04584770521517019,0.4718197642150433
2025-06-20,224.1996612548828,108.83811950683594,195.29327258601455,0.0699980440213163,0.04570477042526184,0.04592379264681347,0.5289910130656448
2025-06-23,228.43844604492188,110.9502410888672,199.08315004552477,0.07066430965581845,0.04604729284883318,0.04603373786033061,0.5347603290802697
2025-06-24,227.5946807861328,113.03289031982422,202.82014390213763,0.05079945600343248,0.04598821238692718,0.046025182832167826,0.10453502453319187
2025-06-25,228.7164001464844,111.726318359375,200.4757013926433,0.0657051607730428,0.045690149090095285,0.04583506563511848,0.43667465957793156
2025-06-26,224.4974670410156,112.70870971679688,202.23845164981844,0.04029517392621474,0.04473904365074395,0.04533402254262717,-0.09802504775195452
2025-06-27,227.3266448974609,113.91703033447266,204.4065972299544,0.04270153532200468,0.043897412972230924,0.044885634236413584,-0.026642770466994696
2025-06-30,231.50588989257807,113.30795288085938,203.31370137955318,0.06470391578024533,0.04370334869731011,0.04476797330021595,0.4690980076784918
2025-07-01,230.30471801757807,115.25306701660156,206.80390965257052,0.04467106684908446,0.04233834215164471,0.043426956534010235,0.05371605296845637
2025-07-02,229.65948486328125,115.8719711303711,207.9144379338627,0.037151507257421085,0.041273168085744154,0.04274054517754905,-0.09643444675778526
2025-07-03,229.67930603027344,117.55184936523438,210.92872116035545,0.02411072227117973,0.040013248764110027,0.04209823492854639,-0.3777480580818117
2025-07-07,233.50119018554688,116.5105209350586,209.06021738716123,0.04808593000608983,0.03890839632875952,0.04096823264763436,0.2240158553156491
2025-07-08,230.84075927734372,117.74832153320312,211.28126025997005,0.027493619958872673,0.0388653921939789,0.040979016200776146,-0.277502324101447
2025-07-09,230.36428833007807,118.87805938720705,213.30840115208062,0.016682430662630206,0.038093472464597496,0.04095294413922893,-0.5228205749793113
2025-07-10,232.7169647216797,119.74256134033205,214.8596169976666,0.019957706215285864,0.03713772930052114,0.04069069811176844,-0.42221008442876823
2025-07-11,233.292724609375,118.45564270019533,212.55043934995413,0.03227462134210732,0.0361976479142927,0.04012740555173025,-0.09776427153078732
2025-07-14,234.2357940673828,118.0528564453125,211.82770134028289,0.03925634787341663,0.03536719826917899,0.03952544637194038,0.09839609571110619
2025-07-15,232.24046325683597,115.69513702392578,207.59713631647892,0.049218279490474706,0.034257524725464485,0.03813938274849697,0.39226525672075296
2025-07-16,235.36746215820312,115.62637329101562,207.4737503695689,0.06237421580380408,0.03354032853953629,0.03717109339954073,0.7757072667823124
2025-07-17,236.1020355224609,114.26085662841795,205.02354065427994,0.07566916531601271,0.033051140649029455,0.036399570525484294,1.1708386679217895
2025-07-18,236.8763427734375,115.01730346679688,206.3808682089432,0.0729605305931274,0.032896778781301476,0.03620664041769064,1.1065304968822984
2025-07-21,234.53358459472656,114.5654067993164,205.5700091141439,0.06715765077745739,0.033005880426571356,0.036301307888764615,0.940786223337593
2025-07-22,239.4176177978516,116.95259857177734,209.85345774084516,0.06829618177901858,0.03323656088827605,0.0364834406255516,0.960973534557158
2025-07-23,238.99078369140625,116.22562408447266,208.5490137890792,0.07209030710485013,0.033571710581575556,0.036749945884487024,1.0481266188621556
2025-07-24,244.1130828857422,114.9878387451172,206.3279982958215,0.10065922476853499,0.03459774845815081,0.03775253810525416,1.7498552316192526
2025-07-25,244.70867919921875,116.20598602294922,208.51377630684837,0.09391596594281722,0.03514323249393781,0.03837456064571905,1.5315545627083529
2025-07-28,239.77500915527344,115.46920013427734,207.19172730374254,0.08078586258421216,0.03526190614944473,0.03850649325254869,1.1822410349390688
2025-07-29,238.0080108642578,114.9190673828125,206.2045986591359,0.07810897299981982,0.0357823025766379,0.03887545804598201,1.088776121251557
2025-07-30,239.9139862060547,116.24527740478516,208.58427865086108,0.07551396619640521,0.036231572598395996,0.0391801694700294,1.002609078249598
2025-07-31,239.27865600585935,114.11351013183594,204.75915001934456,0.08904536422675441,0.03661669627103107,0.03958855852086502,1.3243388977674189
2025-08-01,245.97933959960935,112.6497573852539,202.1326707542483,0.12453817456555581,0.03741458813002864,0.0408710524552171,2.1316697565101737
2025-08-04,249.03683471679688,113.31777954101562,203.33133381044414,0.1304732692756813,0.03848601177862133,0.04245022476995257,2.166943944244344
2025-08-05,246.97201538085935,113.25884246826172,203.22558029442507,0.12363175693636058,0.040124235725431584,0.0438091358901152,1.9061668191855634
2025-08-06,246.28707885742188,114.41804504394533,205.30559109965742,0.11274906087564276,0.04117069980879599,0.044787081347848604,1.5981921329259632
2025-08-07,247.6768493652344,121.58943939208984,218.1735557208766,0.06577297303047681,0.04282471012618116,0.04380568047229036,0.5238650023667996
2025-08-08,250.73434448242188,117.3062515258789,210.48803359606165,0.10781714021419461,0.04562916742306519,0.04244711779980515,1.4650693854981807
2025-08-11,251.38951110839844,115.3316650390625,206.944941720147,0.124236362685791,0.049354875607713455,0.039196097143622204,1.9104322250171248
2025-08-12,246.70399475097656,118.62264251708984,212.85009484667142,0.0836672669786133,0.051710582659292424,0.036830500213876315,0.8676690279455078
2025-08-13,243.63658142089844,119.46749114990234,214.36604583047549,0.06590834835224299,0.053607099112091786,0.034469249209225374,0.3568760423380179
2025-08-14,241.92916870117188,118.072509765625,211.86296620206477,0.06966233827364325,0.05508531309903913,0.033179037207014664,0.4393444295460831
2025-08-15,245.8205108642578,118.93700408935548,213.41416835787524,0.07807929260303449,0.056531270369367,0.03222998898923457,0.6685705738486273
2025-08-18,244.1627197265625,119.29066467285156,214.04875790286724,0.06922068582721404,0.05728874478770009,0.031980131306920505,0.3731048170190557
2025-08-19,244.3314666748047,119.9193878173828,215.17690492527478,0.06524624542103252,0.05798203784226752,0.031688052190688876,0.22924121479765475
2025-08-20,250.08909606933597,118.88788604736328,213.32603358297155,0.0941672865619478,0.05889429532115183,0.0319319074070922,1.1046315145258658
2025-08-21,247.4286651611328,117.9054946899414,211.5632833257964,0.09155176466639248,0.0600276556255244,0.031862891395083956,0.989367494932737
2025-08-22,244.6292724609375,121.14944458007812,217.38405267591415,0.057361773319582095,0.06068965779050901,0.03137623658744244,-0.10606385063589245
2025-08-25,247.25991821289065,119.43171691894533,214.3018544729851,0.0798561003005759,0.06165870722271228,0.031048203325122637,0.5861013240382643
2025-08-26,240.9860992431641,119.27376556396484,214.018435050054,0.057077206218630064,0.061874444553194755,0.03096923318975646,-0.15490336183562498
2025-08-27,236.2112274169922,120.85328674316406,216.8526429691403,0.026017956912004987,0.061359197878874214,0.03130815931528475,-1.1288188683010665
2025-08-28,233.5408935546875,121.2777862548828,217.61434207998823,0.011619808944847768,0.06100618792494058,0.031751891658472024,-1.5553838338609838
2025-08-29,234.22586059570312,121.07047271728516,217.24234980933636,0.01609839266250163,0.06091673122431736,0.03187251141191437,-1.4061753083273518
2025-09-02,230.1855926513672,118.48399353027344,212.60131055584756,0.018990898319842756,0.06091076447801324,0.03188045760042379,-1.3149079189381911
2025-09-03,233.68978881835935,119.83646392822266,215.02811075496916,0.02331649654080795,0.06113282357497265,0.031564622344565904,-1.1980604938450996
2025-09-04,232.4588623046875,120.52751159667967,216.26808955373397,0.012810532627771147,0.06120276090830753,0.0314507287181447,-1.5386679499294944
2025-09-05,230.88047790527344,121.64305114746094,218.26975377357124,-0.002607958821575258,0.061225154279883925,0.031403995228781324,-2.0326430645664164
2025-09-08,232.6573944091797,123.38052368164062,221.38738111558862,-0.008350637735488406,0.06090592502085942,0.032016610809695666,-2.1631447240934913
2025-09-09,230.7315673828125,122.09716033935548,219.08458290327616,-0.006786528817924845,0.060081854920872764,0.03311184512372391,-2.019470177181032
2025-09-10,232.7963714599609,120.70520782470705,216.5869381157534,0.012872118300770495,0.05925700995341756,0.03366585486805965,-1.3778022817015871
2025-09-11,234.64279174804688,121.84049224853516,218.62403147467896,0.011958216750148708,0.058780396509120404,0.03413427602146419,-1.3717056641110286
2025-09-12,232.4985809326172,119.47119903564452,214.3726990613862,0.021131444935012872,0.058085488825525326,0.03447324749487344,-1.071962944483485
2025-09-15,232.3794403076172,117.97066497802734,211.68022138842875,0.03221613753132994,0.05751085266263521,0.034614384674024085,-0.7307573244336008
2025-09-16,232.03201293945312,119.07633209228516,213.6641710387218,0.022216723135060273,0.05671449731453095,0.034870918551275366,-0.9892992674897279
2025-09-17,235.22848510742188,116.9143524169922,209.78483089608096,0.05199541754039992,0.05640334911260731,0.0348275996957106,-0.1265643228565727
2025-09-18,232.7169647216797,116.60832214355467,209.23570661976294,0.04412401649966771,0.05629209178754456,0.03485645528649165,-0.3490910130667386
2025-09-19,231.35696411132807,118.23719787597656,212.15847369679454,0.025871879529282243,0.05562820376681522,0.03505291753641798,-0.8488972196570471
2025-09-22,234.8909454345703,116.75640106201172,209.50141147314986,0.05183972940339475,0.05582061302476822,0.034998969499511645,-0.11374288095622409
2025-09-23,238.56393432617188,117.26974487304688,210.42252802011976,0.0625767488176003,0.05615186658302815,0.03496673856136823,0.18374267944081155
2025-09-24,241.4129638671875,116.81563568115234,209.60769889041484,0.0770149778543643,0.056357050950930125,0.035053784669693264,0.5893208707159819
2025-09-25,242.2071075439453,116.28254699707033,208.65115320435666,0.08399053039809286,0.05701237534341361,0.03519884948978056,0.7664499108845003
2025-09-26,241.7405548095703,121.65292358398438,218.2874683431154,0.042360437055076826,0.0570991908400412,0.035155430739304966,-0.4192454330672144
2025-09-29,244.440673828125,121.19880676269533,217.47262552363497,0.05627213007675241,0.05763521430346741,0.034888092286304635,-0.039070185194679787
2025-09-30,243.4579162597656,119.70813751220705,214.79784873044613,0.06344922710195534,0.057891269255065166,0.034873194038707526,0.15937622004801508
2025-10-01,239.80479431152344,119.81672668457033,214.9926953056564,0.04836954210354115,0.05823920129080964,0.034668312813890316,-0.2846881889018285
2025-10-02,239.7253875732422,121.58382415771484,218.1634800460818,0.034827586268161875,0.058541620550901834,0.034377582855627475,-0.6898109847434507
2025-10-03,237.78961181640625,122.3340835571289,219.509705192785,0.021308986856619652,0.058564141894924066,0.03435231078266878,-1.0845021539890165
2025-10-06,235.10934448242188,122.709228515625,220.18284514568765,0.0072887295471898116,0.05814771036500877,0.034824601234608774,-1.4604325394909385
2025-10-07,239.13967895507807,121.62329864501952,218.23431094470735,0.03216746435889871,0.058029562306433476,0.03490171922474811,-0.7409978225140403
2025-10-08,239.4970550537109,122.46243286132812,219.74000828663463,0.0273247445770215,0.05766467005787592,0.03510923115646709,-0.8641580712958972
2025-10-09,239.01063537597656,120.7841796875,216.72864098233117,0.037944518529873676,0.057257508436643755,0.03519523907313732,-0.5487387048753043
2025-10-10,242.9218597412109,119.56005096435548,214.53213018728368,0.06247638092064116,0.05703762869672089,0.0351193927417629,0.15486464313070747
2025-10-13,241.7107696533203,120.98162841796876,217.08293237321445,0.047225807876468746,0.05660871665144325,0.03507875597800774,-0.26748122940440133
2025-10-14,236.4693603515625,120.70520782470705,216.5869381157534,0.02820480131171569,0.05595950249368088,0.035240299011550395,-0.7875841567878946
2025-10-15,239.9735565185547,118.7999038696289,213.16816309148524,0.056641834681621296,0.05576526337539092,0.035203247630977215,0.024900296569769664
2025-10-16,234.24571228027344,117.1611557006836,210.22768144490948,0.046127546239355985,0.05533255069429936,0.03515871859595633,-0.26181285389627545
2025-10-17,237.86903381347656,119.26388549804688,214.0007067907343,0.04479555804776549,0.054401489582286536,0.034674394022545116,-0.27703242710673803
2025-10-20,235.3575134277344,118.78016662597656,213.13274764217246,0.03829032157728097,0.053474395509527595,0.03434202548152917,-0.44214264357859057
2025-10-21,231.58529663085935,120.56700134277344,216.33894783191064,0.008780772863163564,0.05227431068084345,0.034628365856593575,-1.2560089609137097
2025-10-22,235.6156311035156,123.4298858642578,221.4759539633094,0.003933636427602896,0.05103805507130651,0.03501234429435079,-1.3453660299834271
2025-10-23,235.516357421875,121.00137329101562,217.11836151230276,0.022016071645925835,0.05014642349546518,0.03505963341360856,-0.80235727275518
2025-10-24,237.00540161132807,122.79808044433594,220.34227627158512,0.014557788157994741,0.04890496389431919,0.03497758261975632,-0.981976830981001
2025-10-27,236.5289001464844,123.87413024902344,222.27308221324571,0.004409469717265002,0.04690281881351434,0.033999351244941155,-1.2498282331952444
2025-10-28,236.78700256347656,122.61050415039062,220.00569945024603,0.015070304382476214,0.04497943606529426,0.03241905746607186,-0.9225786935391143
2025-10-29,230.9797515869141,121.84049224853516,218.62403147467896,-0.003710848213580791,0.04285705931279523,0.03133282492587576,-1.4862339299613736
2025-10-30,235.07955932617188,121.68254089355467,218.34061205174785,0.01499958726205884,0.0412279014192355,0.0301563459022427,-0.8697444392699476
2025-10-31,243.8450469970703,119.90557098388672,215.15211274177832,0.06348327979240524,0.041189739865267645,0.030126192399285365,0.7400052297238343
2025-11-03,245.11569213867188,120.7841796875,216.72864098233117,0.0619062782686768,0.04042455883284234,0.028965934113698293,0.7416201166347169
2025-11-04,248.4312896728516,120.62623596191406,216.44523524917562,0.07556698488991793,0.03961340253624446,0.02720717383510035,1.3214743498014212
2025-11-05,249.5629730224609,124.2591323852539,222.96390935614147,0.05363861711300377,0.039112925038484306,0.02665362352876674,0.5449800121488986
2025-11-06,250.7938995361328,124.2591323852539,222.96390935614147,0.05828347219068073,0.03898584376912493,0.02654164280809265,0.7270698562664659
2025-11-07,254.74481201171875,128.51397705078125,230.59857396483852,0.042918978603546605,0.038540121107956654,0.0262405984737228,0.16687338514687142
2025-11-10,257.24639892578125,130.15272521972656,233.53905561141428,0.040795488090039266,0.037918724366073395,0.025724796469471,0.11182843477031514
2025-11-11,257.3555908203125,129.69862365722656,232.72424017148492,0.044368570745429374,0.037504522448043656,0.025410406911014056,0.2701274450827672
2025-11-12,258.97369384765625,130.77467346191406,234.6550461131455,0.04288388005253956,0.03713181635856877,0.02515936921166187,0.22862511558137935
2025-11-13,258.0603942871094,128.10922241210938,229.8723039930789,0.05802997947288554,0.0365295279070844,0.024184517027060648,0.889017198141429
2025-11-14,256.4621887207031,127.27009582519533,228.3666203409272,0.058030844793261094,0.03597084590919887,0.023261481044070616,0.948348853723798
2025-11-17,255.98565673828125,125.51287841796876,225.21356385982148,0.06859463218139408,0.03615806022356241,0.023480727843923254,1.381412542806937
2025-11-18,257.21661376953125,124.60466003417967,223.5839056004116,0.07938778510097048,0.036150254970235655,0.023466029170143864,1.8425584412784461
2025-11-19,252.43182373046875,124.18016052246094,222.8222064895637,0.06495522667390675,0.036281555311156934,0.023606725447675395,1.214639930739457
2025-11-20,253.45431518554688,123.06462860107422,220.820555959502,0.07662488721504938,0.037125004149541,0.024132027496979618,1.6368240534473208
2025-11-21,250.7541961669922,128.8891143798828,231.27170022796565,0.025003150990408295,0.03734805985030035,0.023953475182792755,-0.5153702653033058
2025-11-24,252.64031982421875,129.45181274414062,232.28137593288082,0.028285639384581396,0.037551180629001674,0.023821537418076497,-0.3889564758901458
2025-11-25,255.4397125244141,132.9366455078125,238.53437256601083,0.014455422812400701,0.037475589370544314,0.02388853358019509,-0.9636492119059413
2025-11-26,256.2338562011719,133.91397094726562,240.28803281222977,0.010665930406993715,0.0372647466016474,0.024070754033137118,-1.1050262969758362
2025-11-28,256.28350830078125,132.4627685546875,237.684073227891,0.021018067833626072,0.037401538855078326,0.02395245787125435,-0.6839995757226346
2025-12-01,253.41461181640625,131.10044860839844,235.23959952855182,0.01958119676486787,0.037771358114852376,0.02349110641561626,-0.7743424693650093
2025-12-02,252.4914093017578,133.44998168945312,239.45547542320517,-0.0007006853529051768,0.03789885732122876,0.02325611894026712,-1.6597585681977332
2025-12-03,252.0446929931641,135.8094024658203,243.6890932669538,-0.01927138844659667,0.03769077632741756,0.023714056629005244,-2.402042200757099
2025-12-04,253.05723571777344,133.18344116210938,238.97720942506385,0.003426795442008047,0.03753335427977152,0.023912127312599247,-1.4263289247290352
2025-12-05,250.9130096435547,131.86061096191406,236.60359400390132,0.0043702984170743905,0.03740688897422028,0.02406922964633268,-1.372565347648321
2025-12-08,251.36965942382807,131.59405517578125,236.1253006262089,0.008081754542258079,0.03718939413434104,0.02427685524016474,-1.19898723719067
2025-12-09,251.17111206054688,130.01451110839844,233.291051637796,0.018581792602172537,0.03696215505218841,0.024387753115132985,-0.7536718271356687
2025-12-10,247.2400665283203,131.98892211914062,236.8338286488733,-0.011351772674823573,0.036402680122023676,0.02510622001951024,-1.9020964828531293
2025-12-11,249.26516723632807,134.5260467529297,241.38630874441685,-0.021398868032838293,0.03517944202913638,0.026101860950411473,-2.167596792024239
2025-12-12,251.17111206054688,136.89532470703125,245.63761377815854,-0.030574187315559043,0.033934471965549266,0.027416331546129154,-2.3529281870760035
2025-12-15,244.9469451904297,138.6722869873047,248.82609939835257,-0.06977839672758429,0.0323403006946015,0.030500494495765817,-3.3480997311818097
2025-12-16,247.1705780029297,138.61306762695312,248.71983936063864,-0.05972439109770885,0.03048089868624976,0.032618692496271355,-2.765447750374114
2025-12-17,250.4166717529297,139.6693572998047,250.61518878365985,-0.05355621032591263,0.028545349367191213,0.03409410653761337,-2.4080865589637197
2025-12-18,246.8529052734375,138.66241455078125,248.8083848288084,-0.06144683794324322,0.02623765243723109,0.03541804551050993,-2.475700991305544
2025-12-19,245.4631500244141,141.02183532714844,253.042002672557,-0.08470397107207216,0.023426077412728338,0.03739622716996315,-2.891469452074864
2025-12-22,249.9898376464844,141.58453369140625,254.05167837747217,-0.06910157550564523,0.02156837720338297,0.03916630862814496,-2.3149986783250913
2025-12-23,252.89840698242188,141.22914123535156,253.41398125343335,-0.054284348191843135,0.019725769232239714,0.04009555480666862,-1.8458434552394227
2025-12-24,254.08963012695312,141.57467651367188,254.03399118747907,-0.05178177466249551,0.017805252536165536,0.04072059454857946,-1.7088902549211087
2025-12-26,254.2782440185547,141.57467651367188,254.03399118747907,-0.051001603105151366,0.016149066782687325,0.04147032284075766,-1.6192463739839034
2025-12-29,254.238525390625,139.92604064941406,251.0757675918081,-0.039530173865374635,0.014909770780461715,0.04201021110509636,-1.2958741033137084
2025-12-30,252.6800079345703,139.8273162841797,250.89862189636645,-0.04524087586518124,0.013800606401765034,0.042711080604323555,-1.3823457854861585
2025-12-31,249.16587829589844,139.02767944335938,249.46379652239136,-0.05422399419086147,0.012775394339464178,0.04359906431436662,-1.5367162021467564
2026-01-02,246.2970123291016,138.55381774902344,248.6135245638226,-0.06305136631034518,0.011188413828310114,0.044602645083578064,-1.6644703469837288
2026-01-05,250.2677764892578,135.7304229736328,243.54737671060047,-0.025942017878622516,0.010300634454049381,0.04480567450713415,-0.8088853193561719
2026-01-06,248.2625274658203,137.5172576904297,246.7535769003387,-0.04714324173193831,0.008882505116352515,0.04526013487956772,-1.2378608017269332
2026-01-07,253.2954864501953,134.61488342285156,241.54571249076324,-0.005776166689177748,0.007744962656188866,0.04474508622092056,-0.3021813228520456
2026-01-08,258.6361694335937,136.86570739746094,245.58447006952605,-0.000623082019309368,0.0069474811579258965,0.044454961047455895,-0.1702973751153139
2026-01-09,259.0431823730469,136.934814453125,245.70847205633518,0.0004704212047219043,0.006485241489476001,0.04437429948971452,-0.1355473856246061
2026-01-12,262.0411071777344,136.0364532470703,244.09650098691847,0.01805730150888781,0.00584216593659711,0.043912286381425955,0.2781712495265896
2026-01-13,264.82061767578125,135.88836669921875,243.83078244375602,0.029366989585236106,0.00556282332569511,0.0437044907794796,0.5446617918430862
2026-01-14,266.8457336425781,135.08872985839844,242.39595706978093,0.04211019418831529,0.005518067261370941,0.04366499024258224,0.8380198122948299
2026-01-15,268.8509521484375,136.1549072265625,244.30904844189735,0.042138786213040486,0.0055822083386336,0.0437167424312328,0.8362145905978933
2026-01-16,271.5511169433594,137.4284210205078,246.59417315399227,0.043248184764535284,0.006156665203656461,0.04398511988042747,0.8432742632442805
2026-01-20,269.9330444335937,133.02548217773438,238.69377631235722,0.06678106879532637,0.007204122409785187,0.044674207084827534,1.3335871025626997
2026-01-21,271.0746154785156,136.5695343017578,245.05303298320115,0.047251682205355305,0.007624715919109012,0.04493405737379638,0.8818915673828075
2026-01-22,275.0950012207031,137.4382781982422,246.61186034398537,0.05550915101391444,0.008307238633374339,0.04535023827989942,1.040830526384718
2026-01-23,274.3703918457031,136.7274932861328,245.33646609590775,0.05766320021843995,0.00919480080839392,0.0457916347469649,1.058455320013631
2026-01-26,268.1660461425781,134.2200164794922,240.83718446809885,0.05263906809510598,0.009820946870271083,0.04612894863711116,0.9282266882273431
2026-01-27,266.08135986328125,134.66424560546875,241.63428533848406,0.042221009467874125,0.010586477831628666,0.046281454088190274,0.6835250157863494
2026-01-28,262.6665344238281,133.60794067382812,239.7389085359118,0.036985202543755286,0.010952904752990272,0.04640385861527114,0.5609942484868703
2026-01-29,263.57977294921875,135.56260681152344,243.24625640790077,0.02701522029122119,0.010345103761303874,0.04594066916654322,0.3628618570940953
2026-01-30,263.1231689453125,135.48362731933594,243.10453985154746,0.02586537023805299,0.009744421960793476,0.0454884665512968,0.3543963887874768
2026-02-02,261.9914855957031,140.35052490234375,251.83743932310497,-0.011675206280966192,0.00829038544127874,0.044736928232586876,-0.44628883812594383
2026-02-03,266.7166748046875,135.4441375732422,243.0336815733708,0.03925567206549437,0.008050669690486918,0.044527864282306484,0.7007971946996573
2026-02-04,269.2182922363281,141.14028930664062,253.25455012753588,0.010218069415553165,0.007249579644234791,0.044038498106650725,0.06740669866009963
2026-02-05,273.2684631347656,141.2587432861328,253.46709758251478,0.024110043895613633,0.006936097399102575,0.04384681396141552,0.39168060218979306
2026-02-06,271.36248779296875,142.9764862060547,256.5493231649949,0.005897328441394584,0.006354461404958497,0.04362093364209144,-0.010479669401729818
2026-02-09,278.8275451660156,141.48582458496094,253.8745600615816,0.04210536009510504,0.006316741227453093,0.043588471134773765,0.8210569890601349
2026-02-10,272.0673217773437,145.9479522705078,261.8811621818284,-0.011124788142496931,0.005416596757535817,0.04337768109958487,-0.38133400589251537
2026-02-11,266.677001953125,143.86497497558594,258.14357966486745,-0.01754717725283914,0.004156977478773739,0.042918870700360524,-0.5057019063511976
2026-02-12,268.6226806640625,144.003173828125,258.39155625893466,-0.011100054910798277,0.003004795817039416,0.04237253475104469,-0.33287720007097144
2026-02-13,273.0997009277344,144.25985717773438,258.85213506708294,0.00378878097028918,0.0019246982968543342,0.04148903504964957,0.044929525866391304
2026-02-17,282.123291015625,146.3329620361328,262.5720030144997,0.022466904690933365,0.0009760169566870487,0.040322117071159236,0.532980143287612
2026-02-18,283.3045959472656,143.32199096679688,257.1692783399385,0.04561333236876872,0.0006536520516014149,0.03987680815392509,1.1274643683522076
2026-02-19,284.07891845703125,141.27850341796875,253.50255410115417,0.06112214711109811,0.00039527304986889365,0.039423866690317604,1.5403581423976247
2026-02-20,286.5705261230469,142.56185913085938,255.8053386236911,0.061249622653218774,0.000999380910915735,0.040079590743238455,1.5032648943020317
2026-02-23,287.9901123046875,141.02183532714844,253.042002672557,0.0754722394717159,0.0017858242457013099,0.041074673467693126,1.7939622888048496
2026-02-24,290.7994079589844,139.5212860107422,250.34949762004845,0.09366270591580018,0.0031059456307579677,0.042728325590338026,2.119361314395138
2026-02-25,289.1416015625,138.7808837890625,249.02095966333837,0.09306094606576547,0.004479195891737497,0.04427159597766577,2.0008709471128143
2026-02-26,290.1640930175781,141.22914123535156,253.41398125343335,0.08111706934025818,0.005480845916848032,0.04531960132841158,1.6689516501989308
2026-02-27,298.2645568847656,137.2605743408203,246.29299809219043,0.12994741408971647,0.007320282872262176,0.04805861615359585,2.5516159438619015
2026-03-02,296.0453796386719,132.06790161132812,236.9755452052266,0.15489849420595478,0.009913602531576507,0.05168018974737902,2.8054249100687803
2026-03-03,302.9516906738281,133.6573028564453,239.8274813836326,0.16475022228262673,0.012980629377063565,0.055255630071983274,2.7466810659447383
2026-03-04,299.1601867675781,133.34141540527344,239.26066991732154,0.15605908808896207,0.015524500921179466,0.05824113917955361,2.4129779936914297
2026-03-05,296.0453796386719,132.47265625,237.70181517698623,0.1524452555415107,0.017992416873253404,0.06083977673357782,2.20994957389533
2026-03-06,299.8070373535156,130.92274475097656,234.92073727675688,0.17235569125431685,0.020730315818454383,0.06400043185212625,2.369130505028383
2026-03-09,297.7471008300781,130.90301513671875,234.88533551721963,0.166748607337097,0.023199762730703122,0.06671697069967399,2.1516091498305294
2026-03-10,284.1335144042969,130.2218475341797,233.6630849777745,0.13112701116533323,0.02557440912803907,0.06798981007975355,1.5524767889993902
2026-03-11,282.6208801269531,132.6009979248047,237.93210458106034,0.11137154700307016,0.02778724937863754,0.06859301523318423,1.2185540661871332
2026-03-12,288.8405456542969,129.2741241455078,231.96254106063697,0.1511739066409895,0.030816384277913354,0.06997127412902329,1.720099052950548
2026-03-13,288.49224853515625,127.2503433227539,228.3311775120633,0.16273650453588173,0.03469163263230445,0.07074007424725678,1.8100754525083453
2026-03-16,290.3631286621094,129.23463439941406,231.89168278246032,0.15586894650639663,0.03828485492570621,0.07133594539751802,1.6483147580852207
2026-03-17,291.4677429199219,131.74212646484375,236.39099178982028,0.14363133223568605,0.041571313968399526,0.0715749292666954,1.4259185347847236
2026-03-18,285.57647705078125,129.89605712890625,233.0785041828171,0.13756427827279935,0.04488816590533356,0.071330821379144,1.2992435888949796
2026-03-19,283.0289001464844,129.2445068359375,231.90939735200448,0.13393208914028276,0.048532100242206146,0.070173523604643,1.216983051602473
2026-03-20,282.5711669921875,127.58600616455078,228.93347287656485,0.1430607504478882,0.05206813900809837,0.06948757373620364,1.3094803365163676
2026-03-23,279.2572937011719,130.3699188232422,233.92877614138587,0.11500385978590635,0.05488960914106087,0.06852628632279813,0.877243666199462
2026-03-24,281.71533203125,130.56735229492188,234.28304015271806,0.12146815269518699,0.05777710793035558,0.06759913279182302,0.9421873052864912
2026-03-25,275.6947021484375,132.4232940673828,237.6132423292654,0.0902034341414285,0.06013052521779857,0.06619120567059011,0.4543339046170577
2026-03-26,278.4313659667969,130.77467346191406,234.6550461131455,0.10977020795319208,0.06261886491477468,0.06517975144050647,0.7234047690632158
2026-03-27,271.67431640625,127.94140625,229.5711836903792,0.10634160117618464,0.06514523953213078,0.06385239861647533,0.6451811135787825
2026-03-30,280.9291381835937,128.5041046142578,230.58085939529437,0.13218788238778456,0.06825210414177489,0.062465874788824816,1.0235313034861688
2026-03-31,279.70513916015625,131.75201416015625,236.40873373891552,0.1075545290329129,0.07109553573082919,0.06023064684354384,0.6053229578754188
2026-04-01,278.9289245605469,131.97906494140625,236.8161414588802,0.10361038116220402,0.07325474238150961,0.05900263083672102,0.5144794113452005
2026-04-02,288.5420227050781,132.1863555908203,237.18809266020548,0.13218552631091893,0.07624355518222391,0.05731839396133454,0.9759863677693409
2026-04-06,294.6223449707031,133.1340789794922,238.88863657734302,0.14432326063660772,0.07874521230432034,0.05695234598962567,1.151454732773132
2026-04-07,294.20440673828125,130.3304443359375,233.85794524276028,0.16020701765580753,0.08142571396557229,0.05693829656794894,1.3836259326131988
2026-04-08,295.5080261230469,139.4225616455078,250.17235192460683,0.10870372527303074,0.08322960236671076,0.05603741138672703,0.4545913573793981
2026-04-09,293.38836669921875,141.30812072753906,253.55569780978666,0.09073235683519078,0.08444085328881581,0.05538648978909982,0.1135927474431345
2026-04-10,294.51287841796875,140.90872192382812,252.83903806045362,0.09663750393400083,0.0855620285279619,0.054931750814777726,0.20162247228172123
2026-04-13,298.8417358398437,141.16769409179688,253.3037238012628,0.10816816144154622,0.08666299464884908,0.05470763361367828,0.393092615640394
