Date,CBOE,HLT,hedge_leg,spread,rolling_mean,rolling_std,z_score
2015-01-02,54.53349685668945,50.26693344116211,44.045644433846135,0.14918363922298888,,,
2015-01-05,56.27207946777344,48.63916015625,42.619332573981566,0.20081717431566676,,,
2015-01-06,56.85736846923828,48.19347381591797,42.22880662120459,0.2159124714410335,,,
2015-01-07,57.82135009765625,48.968597412109375,42.90799701482773,0.21723820283350168,,,
2015-01-08,57.23608016967773,50.32505416870117,44.09657184724044,0.18846785783113604,,,
2015-01-09,56.80572509765625,49.82123565673828,43.65510845335584,0.19009122273379764,,,
2015-01-12,56.92621994018555,49.31740188598633,43.213631689186805,0.19956078869681496,,,
2015-01-13,56.26348876953125,49.70495223999024,43.553216858285055,0.1840967425867916,,,
2015-01-14,55.96224594116211,50.24754333496094,44.02865414490657,0.17120908449818406,,,
2015-01-15,55.99666976928711,49.60807037353516,43.468325579867155,0.1817250441702927,,,
2015-01-16,57.22746276855469,50.11190414428711,43.90980234403618,0.19160929022239934,,,
2015-01-20,56.71104049682617,49.95689010620117,43.77397362451066,0.1866430218415923,,,
2015-01-21,55.00686264038086,50.15066146850586,43.94376286648867,0.15835756583017,,,
2015-01-22,56.70243835449219,51.81718444824219,45.404028563663516,0.15777210201601444,,,
2015-01-23,56.69384002685547,51.4683837890625,45.098397231875545,0.16303527664371606,,,
2015-01-26,57.1672248840332,52.146610260009766,45.69268297679635,0.15957036612385433,,,
2015-01-27,56.54750442504883,51.29397964477539,44.94557822341045,0.16357183917269627,,,
2015-01-28,56.2032356262207,51.25522232055664,44.91161770095796,0.15905260477361752,,,
2015-01-29,56.47865676879883,51.11956405639648,44.79274918723203,0.16525819156018037,,,
2015-01-30,55.48887634277344,50.32505416870117,44.09657184724044,0.1629147711963598,,,
2015-02-02,55.07572937011719,50.6157341003418,44.35127576563411,0.15201081852251658,,,
2015-02-03,54.989654541015625,51.48775100708008,45.115367465388466,0.13678827838079508,,,
2015-02-04,55.50607299804688,51.02267837524414,44.70785456624303,0.15216121540239536,,,
2015-02-05,56.06553649902344,52.069091796875,45.624758589320265,0.14426743259002076,,,
2015-02-06,53.75888442993164,51.08082580566406,44.758805377635085,0.1236582979833618,,,
2015-02-09,52.78628921508789,51.33272552490234,44.97952871814961,0.10333011992008499,,,
2015-02-10,53.01007080078125,53.21240997314453,46.62657394624205,0.076044983367063,,,
2015-02-11,53.39738845825195,54.568885803222656,47.8151654915103,0.06048752865619878,,,
2015-02-12,53.50927734375,55.1114616394043,48.29058940784739,0.05356717892641176,,,
2015-02-13,54.23226165771485,55.363380432128906,48.511329461217464,0.06211404782546489,,,
2015-02-17,53.88799285888672,55.51840591430664,48.647168208456314,0.05360150925990747,,,
2015-02-18,53.48345184326172,55.30525588989258,48.460398705252054,0.04993518824531857,,,
2015-02-19,53.32851791381836,54.93705749511719,48.1377703993823,0.053224817100975944,,,
2015-02-20,53.88799285888672,54.93705749511719,48.1377703993823,0.0630544092854836,,,
2015-02-23,54.22364044189453,54.10381317138672,47.40765259236486,0.0823190938665562,,,
2015-02-24,53.956825256347656,53.85189056396485,47.18690919642369,0.08187229579815404,,,
2015-02-25,53.4213981628418,54.10381317138672,47.40765259236486,0.06853805392942197,,,
2015-02-26,52.5491943359375,54.27821350097656,47.560468258258844,0.05016973540294072,,,
2015-02-27,51.841041564941406,54.78203582763672,48.00193499471456,0.028679201326567063,,,
2015-03-02,51.3660774230957,55.94472885131836,49.020727270291474,-0.0001362134263260881,,,
2015-03-03,50.93428421020508,56.71984100341797,49.69990763620129,-0.02194926944667217,,,
2015-03-04,50.56294631958008,56.11912155151367,49.173536251043245,-0.01904431809776161,,,
2015-03-05,50.90836715698242,56.25478744506836,49.29241144991139,-0.014465032690307548,,,
2015-03-06,51.72014999389648,54.72391128540039,47.95100423874915,0.027393556536621885,,,
2015-03-09,52.195106506347656,54.80140686035156,48.01890857079859,0.034942950698267146,,,
2015-03-10,52.32464218139648,54.08442306518555,47.390662303425295,0.049338760250177055,,,
2015-03-11,52.436920166015625,54.33634948730469,47.611409041937584,0.047164559132020466,,,
2015-03-12,51.56469345092773,54.859561920166016,48.06986606733286,0.022156254695379195,,,
2015-03-13,51.30562973022461,54.54951477050781,47.79819191542627,0.022513921350640818,,,
2015-03-16,51.81514358520508,56.15788650512695,49.20750345863795,0.004927000229968687,,,
2015-03-17,51.7028694152832,55.983497619628906,49.054697820457285,0.005721630075167792,,,
2015-03-18,50.76156997680664,56.77798461914063,49.75085510502225,-0.026430073597715133,,,
2015-03-19,51.65968704223633,57.088035583496094,50.02253259949993,-0.01384430491973039,,,
2015-03-20,51.3919792175293,56.79736709594727,49.767838708819596,-0.014169650684495836,,,
2015-03-23,51.34016036987305,57.107421875,50.039519545868394,-0.02048505635014456,,,
2015-03-24,50.30387115478516,57.126800537109375,50.05649980709464,-0.04184520010476768,,,
2015-03-25,49.31939315795898,55.712188720703125,48.81696747814765,-0.03750900211749874,,,
2015-03-26,49.854793548583984,56.54545974731445,49.54710868316284,-0.04101234587990567,,,
2015-03-27,49.630279541015625,57.6500129699707,50.514956832489915,-0.06522276770587394,,,
2015-03-30,50.28658676147461,57.41747283935547,50.31119704034609,-0.04726821472996582,0.08354481077862541,0.08315555324919349,-1.5731123225959651
2015-03-31,49.57845306396485,57.39809036254883,50.29421343654874,-0.06188388473582372,0.0800270187126452,0.08478032172470305,-1.6738660642180518
2015-04-01,48.98257827758789,56.7392463684082,49.716911295425284,-0.0630158727568792,0.07562980126143609,0.08524991674368142,-1.6263438055332937
2015-04-02,48.37807846069336,56.89426040649414,49.85274001495081,-0.0791062518031553,0.07071282254069963,0.08552913744413752,-1.7516729248170861
2015-04-06,48.516258239746094,57.39809036254883,50.29421343654874,-0.08513232983878231,0.06567331366282822,0.08565727859786831,-1.7605700994727085
2015-04-07,48.94804000854492,56.56484222412109,49.56409228696019,-0.06064388237208335,0.061521451326107895,0.08564176962005421,-1.4264690493922785
2015-04-08,48.85304641723633,59.12275695800781,51.80542660254453,-0.10858538978735106,0.05654350778408876,0.08671554954835643,-1.9042593679159774
2015-04-09,49.35392379760742,60.266056060791016,52.80722524661078,-0.11763296419993585,0.05125694523580958,0.08751389638934484,-1.929863900521157
2015-04-10,49.42298889160156,59.97538757324219,52.55253135593043,-0.11091780342461968,0.046340036135619385,0.08820872004727232,-1.782792443603788
2015-04-13,49.4575424194336,59.06461715698242,51.75448247629469,-0.09400562040950061,0.04191979105382464,0.08848999075136527,-1.5360540814750638
2015-04-14,50.19158554077149,58.65767288208008,51.39790367568577,-0.07090162621442736,0.03770934654741264,0.08773203830331339,-1.2379852886392824
2015-04-15,50.43341064453125,58.54139709472656,51.296018765757196,-0.06374653195860194,0.033453416177729275,0.08632212515330186,-1.1260143093524533
2015-04-16,50.5197639465332,57.8631706237793,50.70173302083639,-0.050164842005047845,0.02950661844695195,0.08459568579439015,-0.9417910583010263
2015-04-17,50.08797073364258,57.35934829711914,50.26026628438068,-0.05040416722750824,0.02602725622932398,0.08349222866357563,-0.9154315878284399
2015-04-20,49.78572082519531,57.8631706237793,50.70173302083639,-0.06564852418876711,0.022303579125910956,0.08249314102346456,-1.0661747416025866
2015-04-21,49.50937271118164,58.34761428833008,51.12621949606586,-0.08017055094286701,0.018250148666134565,0.08142915183824802,-1.2086666431759696
2015-04-22,49.492095947265625,58.1732177734375,50.97340717274298,-0.07746000758927489,0.014299642437582414,0.08019725042384172,-1.144174513987804
2015-04-23,49.77707290649414,58.73518753051758,51.465824720590746,-0.08118393630526928,0.010220379512949657,0.07868633735432043,-1.161628802299313
2015-04-24,49.44028472900391,58.677059173583984,51.41489062205423,-0.08751876772098949,0.0061108566380395375,0.077206465481701,-1.2127174035861095
2015-04-27,48.83575820922852,57.43684005737305,50.328167273859016,-0.07872829475412768,0.0020444151994677374,0.07507816390847147,-1.0758482326774297
2015-04-28,49.31073760986328,57.049293518066406,49.98858544733188,-0.061451012224758315,-0.0016950145242175644,0.07247214647207068,-0.8245374341654076
2015-04-29,49.12939453125,57.66939163208008,50.53193709371616,-0.07642857194758887,-0.005502337698719323,0.07022607412687686,-1.0099700877586821
2015-04-30,48.59395217895508,56.11912155151367,49.173536251043245,-0.060335305996470884,-0.008787730771673755,0.06803324141127544,-0.757682188228855
2015-05-01,47.93764877319336,57.80502700805664,50.65078555201544,-0.10566817127379956,-0.013084887216277003,0.06580094759316481,-1.4070205284876447
2015-05-04,47.95491027832031,56.95238876342773,49.90367411348733,-0.08969072640134709,-0.016984189866133134,0.06319897900978316,-1.1504384671144614
2015-05-05,47.92900848388672,56.2741584777832,49.30938502599542,-0.07788025586989905,-0.02034316576368748,0.0609116621054247,-0.9445989178004617
2015-05-06,48.20534896850586,56.31291198730469,49.3433422058768,-0.07240566066347236,-0.023272095440080107,0.05906105836360143,-0.8319113572416548
2015-05-07,49.086212158203125,57.126800537109375,50.05649980709464,-0.06768977285087187,-0.025667674710379017,0.057867327541081696,-0.7261800384795745
2015-05-08,49.4575424194336,58.328250885009766,51.10925260512404,-0.08095948346847227,-0.02802512491245687,0.057175026990329815,-0.9258300580246048
2015-05-11,50.16569137573242,57.53374481201172,50.41307860770356,-0.05182295036475301,-0.029781627067309618,0.05623708189603134,-0.39193575758771465
2015-05-12,50.7529182434082,57.029903411865234,49.97159515839231,-0.03095435438128947,-0.03133276710408886,0.05492771081870408,0.006889286248400026
2015-05-13,50.82201766967773,56.40979766845703,49.428236826865806,-0.01886123580581404,-0.03254047952185088,0.05381392063076699,0.25419526315308116
2015-05-14,51.29698181152344,57.1655502319336,50.09045364440492,-0.02233696203216076,-0.03374501535980887,0.05273457148714591,0.21632968669194244
2015-05-15,50.6838493347168,57.1655502319336,50.09045364440492,-0.03470437299027831,-0.03521050186132978,0.05148366144211273,0.009830863945458707
2015-05-18,50.35567855834961,57.184940338134766,50.10744393334448,-0.04178500493769913,-0.03695782543171615,0.049845102318287315,-0.09684360712430455
2015-05-19,50.476593017578125,57.339962005615234,50.24327933801222,-0.04198051207424239,-0.03902948553072946,0.04732295401971708,-0.06235930542889146
2015-05-20,50.2175178527832,57.39809036254883,50.29421343654874,-0.0483704211166596,-0.04120019747930969,0.04459146942422499,-0.16079810174307868
2015-05-21,50.13980102539063,56.7392463684082,49.716911295425284,-0.03848154824676192,-0.04298385751557942,0.04220401824856524,0.10667963515465873
2015-05-22,51.08971786499024,56.87488555908203,49.83576309629567,-0.021499279687059607,-0.04417834110041276,0.04050276365794771,0.5599386156678452
2015-05-26,50.78747177124024,56.52608108520508,49.530128421936595,-0.021560505272550098,-0.04501566954373138,0.03947735584487712,0.5941422308866464
2015-05-27,50.59680938720703,57.029903411865234,49.97159515839231,-0.03413520920212276,-0.04558231947332799,0.03906409100417569,0.2930340877503487
2015-05-28,50.64013671875,56.991153717041016,49.93764132108203,-0.03257991805397556,-0.045759496950116385,0.0389791006650216,0.3381191118133644
2015-05-29,50.7181396484375,56.11912155151367,49.173536251043245,-0.015926126439410722,-0.045707527089143864,0.039017382956463446,0.7632854485131398
2015-06-01,50.319461822509766,56.52608108520508,49.530128421936595,-0.031061808791734657,-0.04598414002416765,0.03885061064868005,0.3840951527731
2015-06-02,49.7041244506836,56.56484222412109,49.56409228696019,-0.04450968129774836,-0.04718252732140715,0.03763890582440832,0.0710128513333532
2015-06-03,49.76478958129883,56.75861740112305,49.73388487150932,-0.04664828711121141,-0.04854238128489847,0.036062395497573896,0.05252269427898882
2015-06-04,49.8081283569336,56.71984100341797,49.69990763620129,-0.04505542078178194,-0.05011561763543112,0.03370163765091116,0.15014691292048754
2015-06-05,49.48744201660156,56.95238876342773,49.90367411348733,-0.055945081949557,-0.05183411165345741,0.0311925618582947,-0.13179328824530034
2015-06-08,49.73877334594727,55.731571197509766,48.833951081945,-0.029102539946788516,-0.05268842489749353,0.029802723676693982,0.7914003165136683
2015-06-09,49.91211700439453,56.54545974731445,49.54710868316284,-0.039816755935243,-0.05372726951892493,0.028179050117579398,0.49364735594845
2015-06-10,50.302127838134766,55.557167053222656,48.68113207347991,-0.014539168997094698,-0.05405170567270932,0.027598373017593023,1.4316980443168417
2015-06-11,50.76145935058594,55.80907440185547,48.90186209913666,-0.009707160847257887,-0.05430885218808308,0.027099365471775955,1.6458574053063326
2015-06-12,50.53614044189453,55.4215202331543,48.5622735874673,-0.007489294680406012,-0.05399317253946126,0.02753642468468079,1.6888132134643656
2015-06-15,51.541481018066406,55.07270050048828,48.2566255428238,0.01809238994721132,-0.0534608942916789,0.02861326701895419,2.500703054687583
2015-06-16,51.3074836730957,54.31696319580078,47.59442209556912,0.026520783673379473,-0.052782720385714306,0.030008500410260524,2.6427013337853524
2015-06-17,51.359474182128906,54.1231803894043,47.42462282587778,0.030812318062921527,-0.05192776414549654,0.031631144825731296,2.6157789313117332
2015-06-18,50.830810546875,54.95643615722656,48.15475066060854,0.006368440333269461,-0.05112420347152925,0.03249231377944865,1.7694228916736223
2015-06-19,50.64013671875,54.43324279785156,47.696310348068806,0.011680052756556486,-0.050304385890295004,0.03344815154636541,1.8531498986103745
2015-06-22,50.614139556884766,54.39447021484375,47.66233645533188,0.011843650896647162,-0.049423452610685786,0.034380085271331635,1.7820521102203744
2015-06-23,50.1807975769043,54.452613830566406,47.71328392415283,0.0022950362709561393,-0.04829815587773862,0.03495436048622828,1.447407174524851
2015-06-24,49.504791259765625,54.22007751464844,47.50952747458011,-0.007213102165156704,-0.047630570668325135,0.03535457498316137,1.1432033484327957
2015-06-25,49.88613128662109,54.23944854736328,47.526501050664145,0.00014599916975191238,-0.04659673926989887,0.0358343948931471,1.3044098715502455
2015-06-26,49.660770416259766,54.413856506347656,47.679323401700344,-0.007468669626722108,-0.045670952551062925,0.03611941602159779,1.0576661289733358
2015-06-29,49.45278549194336,52.96049880981445,46.405840578014185,0.014045680234440474,-0.044118420350436324,0.03665590253111297,1.5867594730618895
2015-06-30,49.59145736694336,53.38681411743164,46.779392954707134,0.009270094779180713,-0.04254504660680361,0.03689088783542181,1.4045512164722849
2015-07-01,50.68346405029297,53.83250427246094,47.16992225005522,0.022910724824935752,-0.041152469820186624,0.03776283094618142,1.6964616539587174
2015-07-02,51.506813049316406,53.83250427246094,47.16992225005522,0.038529735768238565,-0.038700551060926805,0.03808491705523423,2.0278444276814085
2015-07-06,52.33881759643555,53.87127304077149,47.20389280022104,0.053164706842690465,-0.03585392321021637,0.03846633920928542,2.3141955247828356
2015-07-07,52.20016098022461,53.96814727783203,47.28877739349672,0.04902354009004657,-0.03318823415163859,0.038717389701306795,2.1233811183017415
2015-07-08,52.28683471679688,52.72795486450195,46.20207744329925,0.07138336813667649,-0.030431751009202306,0.04017413647025802,2.5343449316267255
2015-07-09,52.77217483520508,52.86359786987305,46.32093258674075,0.07767152593307435,-0.02795553180674394,0.0421668038002381,2.504981364967051
2015-07-10,53.60419464111328,54.045684814453125,47.356718493828346,0.0726646351308204,-0.025682012355253574,0.043848276560421506,2.2428851302868305
2015-07-13,52.33881759643555,54.58826446533203,47.832145752736544,0.04116113126787105,-0.024159912800704918,0.04456326673058161,1.465804660674692
2015-07-14,52.65949249267578,54.99520111083984,48.18871786820324,0.040228791087575023,-0.022649363495453535,0.045190264158115424,1.3914093169056345
2015-07-15,53.23150634765625,54.53011703491211,47.78119494134449,0.05819794923464913,-0.020585255605063264,0.04601384577521559,1.7121630133803627
2015-07-16,53.36150741577149,54.743289947509766,47.967984499975394,0.05699194346017086,-0.018299214031679296,0.046408908665582706,1.6223427711776124
2015-07-17,53.66484069824219,54.78203582763672,48.00193499471456,0.06168953002089328,-0.01598005507150983,0.0468768511394185,1.6568857166067446
2015-07-20,53.378849029541016,54.87893295288086,48.08683964341689,0.055071672345169805,-0.013709128260669178,0.04696487806324289,1.4645156858114008
2015-07-21,52.99751663208008,54.29758834838867,47.57744517691398,0.05788430756587944,-0.011285743672554695,0.046842989838339906,1.4766361301263493
2015-07-22,53.77752304077149,54.23944854736328,47.526501050664145,0.07249636776585268,-0.008765332630555022,0.04721955073299783,1.7209333662639157
2015-07-23,53.23150634765625,52.41790008544922,45.93039660625045,0.09296680065520507,-0.006191702415888967,0.048490380676996354,2.0449107985273964
2015-07-24,53.67351913452149,51.99157333374024,45.55683420184418,0.1073963124352483,-0.0031279543428416805,0.04976785604347931,2.2207962240031254
2015-07-27,52.68549728393555,51.35211563110352,44.99651900708919,0.10129222745832561,-0.0004341621185950726,0.05097839896582761,1.9954802747946443
2015-07-28,52.304161071777344,51.33272552490234,44.97952871814961,0.09506481605922852,0.0029113876702887287,0.05054002080123442,1.8233753553716183
2015-07-29,52.76349639892578,53.69686126708984,47.05106710661372,0.06368195095906319,0.0054675989596289,0.04964777382745696,1.1725470753582854
2015-07-30,53.44818115234375,51.42961502075195,45.06442668170973,0.11284588995153437,0.00864636805665279,0.05032203806882962,2.0706538505526995
2015-07-31,53.71684646606445,52.03032684326172,45.59079138172556,0.10748412391966208,0.011644531133038365,0.05076804598969163,1.8877936095094892
2015-08-03,54.03752136230469,51.41024017333984,45.04744976305459,0.12283547671513782,0.014819951959138525,0.05167216932273647,2.0904004258336983
2015-08-04,54.20218276977539,50.69325256347656,44.4192001531102,0.13709107889658195,0.018454127998556096,0.05248322830912672,2.260473578325881
2015-08-05,54.61819839477539,49.95689010620117,43.77397362451066,0.15547707756083873,0.021909128463982627,0.05456065901883831,2.44806333902123
2015-08-06,54.51420211791992,49.7824821472168,43.62115127347445,0.1566693377216468,0.025036189999031563,0.05680984048674342,2.317083565008985
2015-08-07,54.93886566162109,50.20880126953125,43.994706992738514,0.15638859053978676,0.02795702043812491,0.05897840953708394,2.1776031451120725
2015-08-10,55.38087844848633,50.79014205932617,44.50409811667031,0.15392376698282662,0.030894699255041364,0.06079265313723275,2.0237489462758047
2015-08-11,54.90421295166016,50.22815704345703,44.01166719853811,0.15554724112763837,0.03406555949033997,0.06225709550335456,1.9512905421479658
2015-08-12,54.86087417602539,50.20874786376953,43.994660196743006,0.15519014607310155,0.03734847867385332,0.0633729898005236,1.8594935755780708
2015-08-13,54.990867614746094,50.20874786376953,43.994660196743006,0.15718720017936633,0.0406679405447468,0.06435588486799358,1.8105455293423927
2015-08-14,55.82289505004883,49.78126525878906,43.62008499329116,0.1764591955633819,0.044415100822747494,0.06561677100557052,2.012352828660596
2015-08-17,55.7882194519043,50.55849838256836,44.301123828736756,0.1637397430981958,0.04778545567849679,0.06647454411603435,1.7443412205624986
2015-08-18,55.640872955322266,50.20874786376953,43.994660196743006,0.1670330705241623,0.050927661515350484,0.06759052279759455,1.7177764604144155
2015-08-19,55.259544372558594,49.956146240234375,43.77332182314469,0.16529046250592586,0.05404184431165841,0.06849256738197478,1.6242436580577764
2015-08-20,54.626861572265625,48.49884796142578,42.49638612350446,0.17899854147064198,0.05759407348953783,0.06936327349400767,1.7502701626616908
2015-08-21,53.23150634765625,47.60503768920898,41.71319831501278,0.17219052698928702,0.06100691424025887,0.06988691936032403,1.5909073366903759
2015-08-24,52.32149124145508,46.05057907104492,40.35112732926381,0.18382536089422108,0.0643361056958194,0.07091022917630328,1.6850778313142512
2015-08-25,52.45150375366211,45.73969650268555,40.07872115428467,0.19104191453178043,0.068037834417878,0.07163925726183472,1.7169926771341883
2015-08-26,54.34952926635742,47.27471923828125,41.42376174024079,0.19454484273619385,0.07202207648511036,0.07192079405698952,1.7035791645180856
2015-08-27,54.93020248413086,48.34341049194336,42.36018637858599,0.18601186125774347,0.07589974562459294,0.07168578721253813,1.5360383126809198
2015-08-28,55.311553955078125,48.65430068969727,42.63259923870736,0.18669892772404612,0.07976231809969007,0.07130067769124147,1.4997979414365659
2015-08-31,54.82619857788086,48.24625015258789,42.27505109247725,0.18602056768005187,0.08379507892685022,0.07033117052492986,1.4534876640076169
2015-09-01,54.23686599731445,46.82780456542969,41.03215947956719,0.2000919377619949,0.08761498688866329,0.07031955203603625,1.5995117661684082
2015-09-02,55.47208786010742,47.39130783081055,41.525920741000185,0.20900277354150096,0.09176197904660903,0.07001329384011958,1.674550475551397
2015-09-03,55.46338653564453,48.03251266479492,42.087766833322426,0.19874864281918384,0.09531677591021366,0.06993917876481638,1.4788830629078338
2015-09-04,55.24592590332031,47.79934310913086,41.88345551694586,0.19929294883092508,0.0988001110715167,0.06982433584116907,1.439223682528132
2015-09-08,56.063602447509766,49.256649017333984,43.1603979017283,0.18819442888017895,0.10206150646419312,0.06934396445219608,1.2421113084090198
2015-09-09,55.985313415527344,49.353797912597656,43.24552316012373,0.1855387193441294,0.10485227862080841,0.06927675606697789,1.1646971553534065
2015-09-10,56.889984130859375,49.47039031982422,43.34768550345423,0.19669458334632076,0.10768850861535745,0.06949861609893064,1.280688447152156
2015-09-11,57.4032096862793,49.72298431396485,43.56901719191034,0.200020968425158,0.11050865278806138,0.06975885125926336,1.2831678564261075
2015-09-14,57.351016998291016,49.48979949951172,43.36469250524934,0.20285564580627044,0.11378343954594473,0.06939824546975103,1.283493633843381
2015-09-15,57.3597297668457,48.59601211547852,42.58152475218432,0.21663034611499596,0.11719927776858538,0.06933133167203843,1.4341433511872306
2015-09-16,57.70767593383789,49.48979949951172,43.36469250524934,0.20778235013534269,0.12046492275589699,0.06889795920675769,1.267344176587474
2015-09-17,56.65511322021485,49.39265060424805,43.27956724685391,0.19456671153947752,0.12366945067703901,0.067770751561538,1.0461336082138848
2015-09-18,56.22887420654297,46.555782318115234,40.79380407646045,0.23266912973963144,0.12766748787545215,0.06698991077293616,1.5674247159409536
2015-09-21,56.88128662109375,46.69179916381836,40.91298679187048,0.23937491107957806,0.13165463640728256,0.06638794786590052,1.6225878059958063
2015-09-22,56.66381454467773,46.01172256469727,40.31707989996253,0.24697221418925266,0.1358953178042155,0.0654706642069092,1.696590339056238
2015-09-23,57.43799591064453,45.38994598388672,39.77225752229092,0.2666073431595607,0.1401046788529675,0.06562260366572022,1.9277300387377856
2015-09-24,57.55108642578125,45.05963516235352,39.48282763266115,0.2730775883993192,0.14450147041330313,0.06554561619262492,1.961628030288977
2015-09-25,57.75986862182617,44.86531448364258,39.312557060443645,0.27865306904617226,0.14876384281699043,0.06581943883886718,1.9734174055656135
2015-09-28,57.10744857788086,42.825103759765625,37.52485309757532,0.3017163085932767,0.1531502856974077,0.06710580549999164,2.213907154365169
2015-09-29,57.22053909301758,42.55307769775391,37.28649435189747,0.30726200971878964,0.15738524074534269,0.06868811552187097,2.181989822180006
2015-09-30,58.35137939453125,44.573856353759766,39.05717125754404,0.2903420863495141,0.16140721651633383,0.06929793976695964,1.8605873459841982
2015-10-01,58.49925994873047,45.62310791015625,39.97656215352528,0.2764197514151485,0.16482448957097504,0.06983673302536783,1.5979450499730146
2015-10-02,58.56013870239258,45.81742858886719,40.146832725742776,0.27426436190778086,0.16810103683722014,0.07028878546501706,1.5103878146165797
2015-10-05,57.64677810668945,46.555782318115234,40.79380407646045,0.251542715903135,0.1710823381834254,0.06996505252785987,1.1500081085148979
2015-10-06,57.07265472412109,46.2254753112793,40.50437752940177,0.24908479132834446,0.1745477325177666,0.06855601831127137,1.0872431136847858
2015-10-07,56.62031555175781,47.041542053222656,41.21944373872201,0.23045659113116226,0.1777181958518264,0.06661002664565988,0.7917485990492715
2015-10-08,57.272735595703125,48.36283493041992,42.37720675066553,0.21900790685772106,0.18039836181221094,0.06493355102097272,0.5946008563899381
2015-10-09,56.91607666015625,48.98461532592773,42.92203247090823,0.20454145770716414,0.18285752038299416,0.06294421718968898,0.34449451104973106
2015-10-12,57.351016998291016,49.0040397644043,42.93905284298777,0.21027730429707367,0.18533398328759715,0.060988840981283064,0.408981718756246
2015-10-13,56.70732498168945,48.576568603515625,42.56448766724924,0.20791829655234753,0.18788142702438343,0.05860107856186622,0.3419198079573026
2015-10-14,57.21183395385742,47.4495964050293,41.57699522752322,0.23216336387398204,0.19078607796285182,0.05632329757707812,0.7346389094939909
2015-10-15,57.72506332397461,47.95479202270508,42.019665289577645,0.2313215501773934,0.1934331643363775,0.05436798069097523,0.6968878622947485
2015-10-16,56.73340606689453,47.06098556518555,41.23648082365708,0.23169027302065517,0.195745222209135,0.05295443221436251,0.6787921106586996
2015-10-19,57.14225387573242,46.96383285522461,41.15135222269055,0.23867722789679865,0.1979332374668275,0.05194464527396461,0.7843732537796848
2015-10-20,57.23792266845703,48.42112731933594,42.42828457975967,0.2176405188330748,0.19987237565640664,0.05042527629798018,0.35236580701452463
2015-10-21,56.66381454467773,47.70219039916992,41.798326915979324,0.2208312452495623,0.20196848280957888,0.04857474245122768,0.3883244972204002
2015-10-22,57.55108642578125,49.0040397644043,42.93905284298777,0.2130226802303167,0.20445749496409976,0.04506833796844384,0.19004883810479437
2015-10-23,58.255706787109375,47.72162628173828,41.81535731577218,0.24183042908763708,0.20660723728303482,0.04367928505980168,0.8064049527454007
2015-10-26,58.6036376953125,48.576568603515625,42.56448766724924,0.23354869533894243,0.20870831347335617,0.04182297153776381,0.5939411034712534
2015-10-27,59.108158111572266,49.17891693115234,43.09228633027019,0.23116140505180202,0.21051374561230055,0.04036589390677627,0.5115125032827609
2015-10-28,59.84757614135742,48.75144958496094,42.71772449710278,0.2469190181928813,0.21234421126723887,0.03945998567007702,0.876199175912548
2015-10-29,60.16071319580078,48.86803817749024,42.81988349786217,0.2491407099339016,0.21390527180678992,0.03902242608012141,0.9029535491915798
2015-10-30,58.31658172607422,48.55713653564453,42.54746061002749,0.2300679123625815,0.21512858138413885,0.038342286279972944,0.3896306774550848
2015-11-02,59.43003082275391,49.14006042480469,43.05823890096892,0.23589832994349427,0.21645374370753398,0.037645391986940134,0.5165196909811955
2015-11-03,59.85624694824219,49.684112548828125,43.534956392324624,0.23337486671674515,0.21777792870309928,0.036796387809482425,0.42387144342539346
2015-11-04,59.064674377441406,49.37323760986328,43.262556902487695,0.227712600035659,0.21898068468489962,0.03589620561955236,0.24325455016903436
2015-11-05,59.48221969604492,49.87842178344727,43.705216936828805,0.2256919113914941,0.22015571410687285,0.034913132683790975,0.15857062540800124
2015-11-06,59.85624694824219,49.82012939453125,43.65413910773466,0.23138371756379053,0.22139232272994658,0.033945610898271465,0.29433539622504545
2015-11-09,60.19551849365234,49.431522369384766,43.313628046439625,0.2413725125822764,0.22247421134692813,0.03352104285900232,0.563774263075261
2015-11-10,60.94363021850586,49.936710357666016,43.75629142335183,0.24342153297658894,0.2238022411782347,0.032723596233302885,0.599545711861206
2015-11-11,61.43944549560547,49.74241256713867,43.586040906560974,0.2522981378135365,0.22522332563305758,0.03206119672809213,0.844472912539658
2015-11-12,60.47387313842773,48.80973815917969,42.76879898362581,0.25387372192040353,0.22669971328996558,0.03128475388054394,0.8686022825750126
2015-11-13,60.50867462158203,47.4495964050293,41.57699522752322,0.2739992669735058,0.22828305871501328,0.03123363048366856,1.4636853785664337
2015-11-16,60.89143753051758,46.32261657714844,40.589496102654984,0.2947802721303739,0.2303262211340314,0.03151052480470499,2.0454769127399155
2015-11-17,61.413368225097656,44.98189926147461,39.41471271863193,0.3199028024688272,0.2325941784936082,0.03297016970188719,2.6481096325755797
2015-11-18,62.1092414855957,45.48710250854492,39.85738946582857,0.3203952365474507,0.23475006719386934,0.03440498020459828,2.4893247676432253
2015-11-19,62.39632034301758,45.66198348999024,40.01062629568211,0.32106616279609396,0.23685875586153438,0.035749996165068215,2.355452194896729
2015-11-20,62.61377334594727,45.70084762573242,40.0446804101256,0.32288017401403357,0.23913989440747255,0.03680174402382503,2.275443238569034
2015-11-23,62.23975372314453,45.93399429321289,40.24897167107552,0.3155288055479449,0.24128705903787084,0.03744291139947022,1.9827984452919565
2015-11-24,62.04836654663086,45.70015335083008,40.04407206218403,0.3167198215841984,0.24346537993627326,0.037971295338699945,1.9292057591004803
2015-11-25,62.48329544067383,45.48577117919922,39.85622290851204,0.32448233543003707,0.24553855323074064,0.038946278874734584,2.026991653123226
2015-11-27,62.9791374206543,45.40782165527344,39.7879208105008,0.3308852829907501,0.24756992838822814,0.04016777476284648,2.074183971963147
2015-11-30,62.813846588134766,45.25192642211914,39.65131995704944,0.33129924147662865,0.24977910503251888,0.04107203467192724,1.9848088144468972
2015-12-01,61.274169921875,45.97296905517578,40.283122720081145,0.30418527616696184,0.2515273104881195,0.041119012066057566,1.2806233183386675
2015-12-02,60.95998001098633,45.38832473754883,39.77083692957022,0.30900266331803816,0.25354078106208383,0.04092256733273917,1.3552884354736785
2015-12-03,59.450191497802734,44.5113525390625,39.00240322994719,0.3043798667379799,0.2555214668519813,0.04044868684290789,1.2079106566735243
2015-12-04,60.62834548950195,44.92061233520508,39.36101097121838,0.31198257949083935,0.25744293345439,0.0403449979582459,1.3518316717451282
2015-12-07,60.44506454467773,44.18006896972656,38.71212098468499,0.3206315818136101,0.2594531103441975,0.040440055512365486,1.5128186817326672
2015-12-08,57.80943298339844,43.88773727416992,38.45596973300176,0.2940889656031059,0.26097366567414476,0.039988585546686925,0.8281188113117629
2015-12-09,56.08144760131836,42.367637634277344,37.12400528521829,0.29608892288120536,0.2622979752869149,0.03981049495594923,0.8487949630287324
2015-12-10,56.29962539672852,43.04973220825195,37.721680397242125,0.2882008180861232,0.2636382830860946,0.03929438511432131,0.6250901987285831
2015-12-11,57.02396774291992,42.48457717895508,37.226471802519576,0.30592660820869255,0.26549428136391484,0.03860043252119183,1.047457870389928
2015-12-14,58.33307266235352,41.47117614746094,36.33849438980689,0.3367254710553967,0.2672285537191776,0.039429305935795494,1.7625701413406578
2015-12-15,58.81307601928711,41.588111877441406,36.440957564537065,0.3403966074819453,0.26891224865921703,0.04036553085522114,1.7709257702845742
2015-12-16,57.60872268676758,43.75131988525391,38.33643604762544,0.2937044764719562,0.26969111969726206,0.04038586760576367,0.594598016541486
2015-12-17,56.76216125488281,43.10820388793945,37.772915327178325,0.2930984067148497,0.2701326374231836,0.04049623857142597,0.5671087019886999
2015-12-18,56.308349609375,41.82196807861328,36.64587054371299,0.30741679135580663,0.2707049574724584,0.040780220644179244,0.9002362739444449
2015-12-21,56.91053771972656,41.64657211303711,36.49218246675994,0.31744575037634104,0.27135150216129456,0.041213582875581765,1.1184237088582856
2015-12-22,57.27707290649414,42.40661239624024,37.15815633422391,0.31018641087102194,0.2714926705325903,0.04133368518910335,0.93613091021055
2015-12-23,56.4654426574707,42.95228958129883,37.63629776087142,0.29180322014552285,0.2712350240397025,0.0411547365818665,0.4997771292960491
2015-12-24,57.11126327514648,42.6209831237793,37.34599546018257,0.304894690017033,0.2714775674341611,0.04131183437166256,0.8088995100588906
2015-12-28,57.11126327514648,42.44560623168945,37.19232409608506,0.3075854265773007,0.27199699535353034,0.04157014816263513,0.8561054698322831
2015-12-29,57.5650749206543,42.46508026123047,37.209387921589,0.31274761861551503,0.2726383829653259,0.041901285433657565,0.9572316275044646
2015-12-30,57.32072067260742,42.09480285644531,36.88493791446564,0.31547816642466925,0.2737039738073515,0.042167831820497895,0.9906649408758834
2015-12-31,56.63999938964844,41.70503234863281,36.54340736898281,0.31328116719050697,0.27477391340505425,0.042346632594126646,0.9093344954846201
2016-01-04,55.845802307128906,41.10090637207031,36.01405106782575,0.31299405890825377,0.2761495378680057,0.0422230184913292,0.872616936371196
2016-01-05,55.0690803527832,41.12039566040039,36.03112826361411,0.3029940772584346,0.2775493073746843,0.04168528500295707,0.6104017252597715
2016-01-06,54.510528564453125,38.97666931152344,34.15272029117189,0.3303116268591059,0.2796454768605499,0.041110062443908274,1.2324513023468726
2016-01-07,54.85962677001953,37.51504135131836,32.87199077332461,0.3579187510116006,0.28210616763912544,0.04130573460195954,1.8354009220036631
2016-01-08,54.58908081054688,37.32016372680664,32.70123218572542,0.3578646394580828,0.28460527335422103,0.04127716014384266,1.7748160447222503
2016-01-11,55.19998550415039,37.49556350708008,32.854923605249574,0.3621869609945937,0.2867723333062312,0.04188592831949044,1.8004764538851206
2016-01-12,55.55780029296875,38.11918640136719,33.40136378733721,0.35645921002979186,0.28885796097043787,0.04219243834425766,1.6022124274444651
2016-01-13,54.72871017456055,36.13136672973633,31.659566696059677,0.3785361743446251,0.29130539265917066,0.04307001620318349,2.025325025974958
2016-01-14,55.19998550415039,35.85853576660156,31.420502667878136,0.3881728543652285,0.29379698643364455,0.04428100761483248,2.1312944988174025
2016-01-15,55.69744110107422,34.591796875,30.31054176534338,0.41356572183851403,0.29706240648373516,0.04576887678076151,2.5454702747643103
2016-01-19,55.69744110107422,33.734310150146484,29.5591819189376,0.42705574636302107,0.3004994815022928,0.04765178855793683,2.655855502818251
2016-01-20,55.40071105957031,34.57231521606445,30.293471254697234,0.41073286727671476,0.30379465128639943,0.04833123777686699,2.2126107442979595
2016-01-21,54.370906829833984,35.78058624267578,31.352200569866902,0.3800995893344239,0.3060991372905126,0.04862217593225205,1.5219485887883795
2016-01-22,56.47416687011719,35.60517883300781,31.198502465200527,0.4059080243791852,0.30897179277451664,0.04934931900575078,1.9642871179918895
2016-01-25,55.28725814819336,33.948673248291016,29.747014359754054,0.41940761149845635,0.3121092295486275,0.05029353918518374,2.133442658603721
2016-01-26,55.75853729248047,36.033939361572266,31.574197429973403,0.39154529549046013,0.3145196675035872,0.05058114427101535,1.522813077817442
2016-01-27,56.09890365600586,34.923091888427734,30.600834038318904,0.4125877906172245,0.3172437855149759,0.051395174991479865,1.8551158765011393
2016-01-28,56.29962539672852,33.480960845947266,29.337188401402205,0.4371270664715543,0.3206947714167921,0.052384527846322325,2.222646644756127
2016-01-29,58.14108657836914,34.70872116088867,30.412994912360237,0.43645116142777346,0.32403731860819673,0.053273031104639774,2.1101454242160838
2016-02-01,57.72217178344727,35.00103759765625,30.669132793759033,0.42792381721445527,0.3272798011164919,0.05358105495924329,1.8783507748124548
2016-02-02,57.31197738647461,33.67583465576172,29.507943646430295,0.4440901884471333,0.33088609425668314,0.05404573637939392,2.0945980529485695
2016-02-03,56.10762786865234,33.9291877746582,29.7299405065368,0.42820096611733033,0.3342612451687804,0.053687170639068534,1.7497610663838803
2016-02-04,53.80363082885742,35.25440216064453,30.891139681578856,0.38213302575193925,0.33677373363858293,0.052300564046268566,0.8672811267050288
2016-02-05,52.93088912963867,34.29948043823242,30.054403883944584,0.3877535155931214,0.33921341702209695,0.05117699643167668,0.9484749390446815
2016-02-08,52.25016021728516,34.065616607666016,29.849484219626444,0.38369890182306965,0.34155137316953826,0.04991533914479444,0.8443802922237954
2016-02-09,53.92582321166992,34.37742233276367,30.122699296813604,0.3977830236999935,0.34397612126764593,0.04903198854396579,1.097383647495762
2016-02-10,54.00435256958008,35.23491287231445,30.874062485790493,0.38474571387208073,0.3461573211335072,0.04785257683507907,0.8064015626904691
2016-02-11,54.3447151184082,34.786678314208984,30.481303695513688,0.3958262449958286,0.34818777076721263,0.04732060345157548,1.0067173863783405
2016-02-12,54.431976318359375,36.13136672973633,31.659566696059677,0.3751482878494208,0.34952723769586336,0.04691896899140578,0.5460701866285781
2016-02-16,54.21380615234375,37.00835037231445,32.42801042339604,0.3584594074087272,0.35016984777819504,0.04677015364596389,0.17724037627247663
2016-02-17,53.93453598022461,38.39201736450195,33.640427815518755,0.3326581185212632,0.3503742291444253,0.04666451051143021,-0.379648482947713
2016-02-18,53.92582321166992,38.21661758422852,33.486736395994605,0.3354003487804756,0.35061313224416496,0.04654847041737251,-0.32681596897353166
2016-02-19,54.7548828125,38.74281692504883,33.94781065456707,0.3370425486786529,0.35084917182190867,0.046441241658243315,-0.29729229129697665
2016-02-22,54.35342788696289,38.78178787231445,33.98195836100158,0.33151768571483936,0.35111565315802357,0.046280732166474686,-0.423458457240674
2016-02-23,55.04290008544922,38.74281692504883,33.94781065456707,0.3405115373568388,0.3515121817542342,0.0460825353823462,-0.23871612762021868
2016-02-24,55.78471374511719,38.76228713989258,33.9648711374999,0.34897545220646237,0.3519204003671746,0.04594732205305423,-0.06409401090474359
2016-02-25,55.1214485168457,39.366432189941406,34.4942441515125,0.331538048343219,0.3519312797897157,0.0459423339423689,-0.4438875802887696
2016-02-26,54.9469108581543,40.340850830078125,35.34806383007735,0.3138757003172008,0.3516408874370586,0.0461296388595033,-0.8186751089658207
2016-02-29,54.545448303222656,40.49675750732422,35.484674711242036,0.30632119103486205,0.3516764860181903,0.046093206069951466,-0.983990892594814
2016-03-01,55.25234603881836,40.82806015014648,35.77497366935977,0.3099420512428593,0.35169214248360403,0.04607862262118906,-0.9060620492928134
2016-03-02,55.16476440429688,41.6855354309082,36.526323488052235,0.29522638571749493,0.3515395844665959,0.046252743777763984,-1.2175104469407398
2016-03-03,55.86549758911133,42.075313568115234,36.86786071867728,0.2979529528341908,0.3513057573556518,0.046490959947088226,-1.1475952439395156
2016-03-04,56.06694793701172,42.65998077392578,37.38016656461484,0.29133803553103693,0.35081753158427553,0.04696989169105994,-1.266332408097924
2016-03-07,55.33993911743164,42.01683807373047,36.81662244616997,0.29221155691443434,0.35078624143946435,0.04700893245934288,-1.2460330720271116
2016-03-08,57.42461395263672,40.80857467651367,35.75789981614252,0.33634300528720223,0.3514571428128976,0.04649956223977839,-0.32503827558113757
2016-03-09,57.0830192565918,40.477272033691406,35.46760085802478,0.3374571238036889,0.35227808124152377,0.045793299328701256,-0.3236490415650334
2016-03-10,57.04795455932617,39.97057342529297,35.023613822954,0.34483258840959174,0.35292651424487204,0.04539960014956471,-0.17828187491994674
2016-03-11,57.03045272827149,41.43219757080078,36.30433999823016,0.3221746444023232,0.3526840004673209,0.0455262957825491,-0.6701479999761457
2016-03-14,57.68737411499024,41.5296516418457,36.389732662314195,0.3284131899071151,0.3524842768410737,0.04560732763388888,-0.5277899009384708
2016-03-15,58.32679748535156,41.15937423706055,36.065282655190835,0.34133826622237984,0.3532781733369141,0.04497702314023946,-0.2654668157406799
2016-03-16,57.8975944519043,41.511322021484375,36.373671608142516,0.33112905852212404,0.35391201753370194,0.04437855213595655,-0.5133776997000902
2016-03-17,57.70490264892578,41.53086853027344,36.3907989424975,0.3285987140396694,0.354265049578433,0.04408569791342573,-0.5821918842969542
2016-03-18,56.80270004272461,43.03647232055664,37.71006162007236,0.29470943296452357,0.3538861109549027,0.044503279612155035,-1.3297149896839602
2016-03-21,56.6888427734375,43.8185920715332,38.3953822891067,0.2812037219710774,0.35340306613990363,0.04513840069510485,-1.5995104624222114
2016-03-22,56.68008041381836,43.56439971923828,38.17265006335654,0.28502223938828986,0.35329004979394973,0.04530343420597183,-1.5069014436141999
2016-03-23,57.32825469970703,42.89959335327149,37.59012348359203,0.30326728774453493,0.35326292642274143,0.04533337709191602,-1.1028439063085347
2016-03-24,56.6888427734375,43.15377807617188,37.81284902419997,0.2914796993311177,0.3529944976353051,0.045654969757846525,-1.3473844935274564
2016-03-28,56.97789001464844,43.56439971923828,38.17265006335654,0.2887592545960383,0.3525946915683138,0.04611609595023963,-1.384233328015352
2016-03-29,57.24941253662109,43.916351318359375,38.48104235887933,0.2867457070416899,0.3521158172452641,0.04665409261812652,-1.401165611313935
2016-03-30,57.09177017211914,44.44430160522461,38.943650857590164,0.2766733692912522,0.35150568728027654,0.0474039179023713,-1.5786104039573696
2016-03-31,57.223140716552734,44.03367614746094,38.58384647586248,0.28462169560315703,0.3510328145585249,0.04793315628645691,-1.385494386359276
2016-04-01,58.58955001831055,43.03647232055664,37.71006162007236,0.3162192146934237,0.3512532335157747,0.047738520175901036,-0.7338731635011301
2016-04-04,57.993953704833984,43.38842010498047,38.01845057302404,0.3038791995334168,0.3508126930603466,0.04805595535491413,-0.9766426071504679
2016-04-05,57.33702087402344,42.704063415527344,37.418793316333435,0.30636193488457425,0.34995341279156283,0.04838654175321677,-0.9009008771347168
2016-04-06,57.310733795166016,43.50573348999024,38.12124466229387,0.29378688974464584,0.3488854502963389,0.04891324837302107,-1.1264547414946087
2016-04-07,56.92533874511719,43.212432861328125,37.86424439754932,0.29352038676790676,0.34774100739256075,0.04939766364074748,-1.0976353258118088
2016-04-08,56.17204666137695,43.60350799560547,38.206918102350926,0.2779457503291255,0.346432449730883,0.050196267785967356,-1.3643783178020126
2016-04-11,56.18080520629883,43.60350799560547,38.206918102350926,0.27805831803901415,0.34475781879245615,0.050779744076920985,-1.3135060439140027
2016-04-12,56.12825393676758,43.916351318359375,38.48104235887933,0.2724984941258288,0.34282991278846614,0.05129672694095129,-1.3710702974011821
2016-04-13,56.59249114990234,44.581172943115234,39.06358230892828,0.2681727139130062,0.3404066959897077,0.05133270034851484,-1.4071728466704634
2016-04-14,56.35600280761719,44.405181884765625,38.90937279088246,0.2678380715902654,0.3377530680768285,0.05089093759519835,-1.3738201689795488
2016-04-15,56.46987533569336,43.97502136230469,38.53245110251312,0.275989228563469,0.33550734076494104,0.050587981345542224,-1.1765267286498813
2016-04-18,56.74140548706055,43.46662902832031,38.08697996587059,0.2873048081739985,0.33396076107893397,0.05062005172009941,-0.9216891591284181
2016-04-19,57.34576034545898,43.62306594848633,38.22405546441922,0.2924254186850398,0.3320693843173648,0.050002563686938964,-0.7928386608441104
2016-04-20,57.62605667114258,42.86048126220703,37.555852102026535,0.3074626078966403,0.33020363425733457,0.04876157702817607,-0.46637183919530995
2016-04-21,57.05672836303711,43.25155258178711,37.89852246425703,0.2945464887093038,0.3285869874776486,0.04829914061757626,-0.7047847711799106
2016-04-22,57.39832305908203,42.33256530761719,37.093273686455674,0.3127739890926791,0.3269234241189062,0.047059911596058934,-0.30066854242480173
2016-04-25,57.004173278808594,42.50852966308594,37.24745980650374,0.30531741044594707,0.3247265965184794,0.04485303599402369,-0.43272847963108796
2016-04-26,57.354522705078125,42.3130111694336,37.07613966695849,0.31254790887354933,0.32266154230924227,0.042407620543663614,-0.2384862273816982
2016-04-27,56.93410873413086,43.56439971923828,38.17265006335654,0.2882123235685329,0.32033301741514364,0.040313864165440264,-0.7967654431436707
2016-04-28,56.10198593139648,43.48618698120117,38.10411732793889,0.2788764326521798,0.31757945481856104,0.03724293485790842,-1.0392044105558118
2016-04-29,54.27132034301758,43.11467742919922,37.7785876703478,0.260549875718697,0.31478526997858386,0.03502588428046441,-1.548437544805586
2016-05-02,55.24360275268555,43.50573348999024,38.12124466229387,0.2673614763017371,0.31287241082108047,0.034414151552515405,-1.3224482506824102
2016-05-03,54.71805191040039,43.407981872558594,38.03559127766344,0.2618900569412675,0.3107746865102163,0.033598751368010035,-1.454953758058185
2016-05-04,54.88446044921875,43.095123291015625,37.761453650850605,0.2691228040736153,0.3088650848810587,0.03262572369337331,-1.2181271802873619
2016-05-05,54.89323425292969,43.095123291015625,37.761453650850605,0.26923962307947513,0.30672269487071674,0.03086059970260477,-1.2145931107125527
2016-05-06,55.26987075805664,43.0755729675293,37.744322973924525,0.27452933531083695,0.3048857552280293,0.02938250958373891,-1.0331459207280382
2016-05-09,55.34869003295898,43.2906494140625,37.93278047553809,0.2721575279603527,0.3028246099441047,0.027147633191109494,-1.1296410912828707
2016-05-10,55.95307922363281,44.659366607666016,39.1320983314904,0.2585851250850259,0.30088189056469816,0.026032122726263738,-1.6247912597999228
2016-05-11,55.4362907409668,43.56439971923828,38.17265006335654,0.2689807268144659,0.2993905792214605,0.025228342494385374,-1.205384476358778
2016-05-12,56.34723663330078,42.88003540039063,37.57298612152373,0.29144115294315726,0.2987036297951587,0.024865685590094,-0.29206823297462825
2016-05-13,55.69906997680664,42.039249420166016,36.8362600514267,0.2964225979006116,0.2980540006138276,0.024395425283109007,-0.06687330490383157
2016-05-16,55.72533416748047,42.54763412475586,37.28172450292702,0.28876027398929155,0.2972492960356716,0.02387839361515051,-0.3555106002186787
2016-05-17,54.96330261230469,42.52808380126953,37.26459382600093,0.2792110581917832,0.29637751891028735,0.0235587757547497,-0.7286652284995411
2016-05-18,54.998348236083984,41.35110855102539,36.23328696419743,0.29842195076890216,0.29567602580048835,0.022837963321245446,0.12023510721113015
2016-05-19,55.4362907409668,40.44876480102539,35.44262182413822,0.3182269552819283,0.29516355085174617,0.021949379081591242,1.0507542989917744
2016-05-20,55.82169723510742,40.29182815551758,35.305108448774504,0.32539752074578787,0.29506120872512226,0.021790644748638278,1.3921713822883264
2016-05-23,55.56767272949219,40.44876480102539,35.44262182413822,0.319838912269476,0.29516059559099356,0.02189127856260829,1.1273127153310527
2016-05-24,56.27716827392578,40.88031768798828,35.82076355096181,0.321694541072795,0.2954168180916258,0.022112964570324353,1.1883401204573885
2016-05-25,56.21584701538086,41.11570739746094,36.02702024372296,0.3172856199172951,0.2955392109028664,0.022214811145046517,0.9789148722642974
2016-05-26,55.75160217285156,40.213356018066406,35.23634841852154,0.32578268864473203,0.2960484826183203,0.0225551605744865,1.3182883769865907
2016-05-27,55.97935485839844,40.70377349853516,35.666069360105396,0.3208493317137871,0.29643008893298023,0.022780492156333307,1.0719365768407232
2016-05-31,55.75160217285156,40.76261520385742,35.71762851943902,0.3171501098100408,0.2968602901709636,0.022925962050748358,0.8850149709819882
2016-06-01,55.584590911865234,41.07647705078125,35.992645242453136,0.3101506817697048,0.29715927558521815,0.022981217338967293,0.5653053967014275
2016-06-02,55.26811218261719,42.390769958496094,37.14427463641434,0.28536329578046105,0.2963096137601058,0.022444096134219483,-0.4877148054519063
2016-06-03,55.37361907958984,42.606544494628906,37.33334382854058,0.28331051156858034,0.29540717022285395,0.02184207742974297,-0.5538236320782042
2016-06-06,55.23295593261719,43.17543411254883,37.831824800377404,0.27246023639205474,0.294200964355895,0.02105034252068779,-1.0327968745626803
2016-06-07,54.88131713867188,42.82233428955078,37.522426390951246,0.27343629176383927,0.2933886584785869,0.020892360413933112,-0.955007778893256
2016-06-08,55.38240432739258,42.606544494628906,37.33334382854058,0.28342419920691886,0.29263884196691703,0.020415925926603656,-0.45134581664947765
2016-06-09,55.602169036865234,42.37115859985352,37.127090478350546,0.2899658760725336,0.29178263546441957,0.01939042106008562,-0.09369365349294521
2016-06-10,56.62190628051758,41.54726791381836,36.40516865568876,0.31550316646206983,0.2915222039300854,0.018953006296434018,1.265285419996744
2016-06-13,56.7889404296875,41.54726791381836,36.40516865568876,0.31751648710750563,0.2913375001478826,0.01863692281988179,1.404683982041036
2016-06-14,57.281227111816406,41.46881103515625,36.33642199572022,0.3245820515959902,0.29183537712507374,0.01912125271606268,1.712579973560405
2016-06-15,56.639495849609375,42.5280876159668,37.264597168572045,0.30054207798793053,0.29215768305868794,0.019101982194673482,0.4389280046329719
2016-06-16,56.96476364135742,42.645774841308594,37.3677188298104,0.30272569930967125,0.29245274072404437,0.01912660874887778,0.537102981532449
2016-06-17,55.88348007202149,44.07776641845703,38.62247991272329,0.26678104580955353,0.2918446366917946,0.019355591594936324,-1.2949018251035036
2016-06-20,55.5494270324707,45.43128967285156,39.808484307954316,0.24102131268578691,0.2910036635810391,0.020437643720852577,-2.445602417672789
2016-06-21,55.5758056640625,44.862422943115234,39.31002339154414,0.2503505833889939,0.29036351906092167,0.02109991887998725,-1.8963549528088017
2016-06-22,56.04171371459961,44.862422943115234,39.31002339154414,0.2565828642228422,0.2898608050139409,0.02154225993388366,-1.5447748236830097
2016-06-23,56.84168243408203,45.9609375,40.272580250808,0.25011144414231423,0.28941810626145864,0.022083974217885372,-1.7798726683583395
2016-06-24,56.95596694946289,42.8615608215332,37.55679804964996,0.2992982633888322,0.2896627157245532,0.02211121160522445,0.43577655699347995
2016-06-27,55.87469482421875,41.44918823242188,36.3192278099431,0.3078875001678226,0.2895238538157932,0.021967299739611992,0.8359537389529776
2016-06-28,56.18235778808594,42.21421051025391,36.9895670752735,0.299746120910872,0.2894549691720841,0.021927966548969103,0.4693162822829888
2016-06-29,57.79989242553711,43.72467041015625,38.31308484586824,0.29644450808513223,0.2892896787254267,0.02183554721560814,0.3276688827194225
2016-06-30,58.564697265625,44.19546127319336,38.725608259103865,0.2985884486861021,0.28936970470778434,0.0218610923542947,0.42169640148410653
2016-07-01,57.90537643432617,44.88203048706055,39.327204207036836,0.2802127595782927,0.28914791092129083,0.02188576044688735,-0.4082632342011623
2016-07-05,59.25917053222656,43.90122222900391,38.46778572186688,0.3111592305890466,0.28970146892562276,0.022017261453851356,0.9745881297907897
2016-07-06,58.81084442138672,44.27393341064453,38.79436828935683,0.3003549669046976,0.29007307974005087,0.022005575832119095,0.4672400869255783
2016-07-07,58.79325866699219,44.80356979370117,39.25845420449719,0.29225217227046885,0.29040230770912817,0.021885625503037315,0.0845241805441635
2016-07-08,59.46136093139648,45.764774322509766,40.100695216745564,0.28603985085486516,0.29070009332482577,0.02169878979245913,-0.21476969520116543
2016-07-11,59.795406341552734,46.01978302001953,40.32414275271273,0.28629150187306024,0.29100765049620575,0.021499112865008246,-0.21936480136450048
2016-07-12,60.06792831420898,46.60827255249024,40.83979785490004,0.28094499062505596,0.29109024653056553,0.02144989991877353,-0.472974510087582
2016-07-13,59.55807113647461,46.33363342285156,40.59914944801353,0.2788299632505041,0.2909489991151739,0.02150308694339353,-0.563595166432288
2016-07-14,60.09429168701172,46.51018905639648,40.75385366658326,0.2826905957507635,0.29078675206626936,0.02152846916972007,-0.3760674412880764
2016-07-15,60.27011489868164,46.667118072509766,40.89136035680477,0.2825016621968038,0.29037073630460536,0.021441761288621845,-0.36699756152855467
2016-07-18,59.94486618041992,47.0594482421875,41.23513376750075,0.27287383479146216,0.29000952540597474,0.02155248806194405,-0.7950678624789336
2016-07-19,60.33164978027344,46.86328125,41.06324539086721,0.2803844673369149,0.28946970004337863,0.021377562690471603,-0.42498917383660323
2016-07-20,59.7602424621582,47.07906723022461,41.252324610706765,0.2703397824979479,0.28888673957757866,0.021414957648655066,-0.8660748895198301
2016-07-21,59.35586929321289,47.02021789550781,41.200758766230926,0.2662375905356673,0.28811490093861397,0.021382240841694673,-1.0231533058166016
2016-07-22,59.65477752685547,47.74600601196289,41.8367196877204,0.2592535179594918,0.2876322541784633,0.02170441111298073,-1.307510075774368
2016-07-25,60.14704895019531,46.961368560791016,41.14919292175509,0.27674689642739675,0.2875967619080502,0.021720706852674184,-0.49951714528653446
2016-07-26,59.95364761352539,46.82405090332031,41.02887038959739,0.27642071802787765,0.28786127594653654,0.02148106344157884,-0.5325880606317885
2016-07-27,60.51625442504883,45.45091247558594,39.825678493731445,0.3030298091535533,0.2884557481607335,0.02139751604848107,0.681109945649714
2016-07-28,60.07671356201172,44.90165328979492,39.344398392813964,0.30594163990043877,0.28918994121005304,0.021225602538252283,0.7892213500274592
2016-07-29,60.48110580444336,45.490142822265625,39.86005349500127,0.3020564052896828,0.2897388345636542,0.02112345665963692,0.5831228725725208
2016-08-01,60.14704895019531,45.745155334472656,40.08350437353954,0.2944649485482579,0.2901592566548005,0.020958934040885422,0.2054346793142285
2016-08-02,60.234981536865234,44.862422943115234,39.31002339154414,0.30833596639765304,0.29072270050624743,0.020986027736436475,0.8392853622710602
2016-08-03,60.47231674194336,44.7839469909668,39.24126001872006,0.31218763953725187,0.2913898690325291,0.021022086607440343,0.9893295034452863
2016-08-04,60.4107666015625,45.27436828613281,39.67098430287503,0.3043734822594509,0.2921530083187695,0.020638633957909314,0.5921164145652257
2016-08-05,60.419578552246094,46.00017547607422,40.30696193722004,0.29394891752615276,0.29256914483063096,0.020413986552611382,0.06758957599809459
2016-08-08,60.2964973449707,46.72597122192383,40.94292954385172,0.2819603401113661,0.29241113128343443,0.02045950785822652,-0.5108036441778917
2016-08-09,60.04155731201172,46.45133972167969,40.70228782210742,0.28291942028457323,0.2921860783231672,0.020488880005711738,-0.45227743224669453
2016-08-10,60.03276443481445,46.215946197509766,40.496027786775166,0.28625018200672236,0.29214424345679096,0.020498553793469373,-0.2875354773538408
2016-08-11,59.01302337646485,46.412109375,40.6679128208376,0.2710039706218206,0.2920074586639583,0.020613379314673788,-1.0189250254171671
2016-08-12,58.98666763305664,46.90251541137695,41.09762373470814,0.26339336700272664,0.291423648934522,0.020922351807434156,-1.3397290223289142
2016-08-15,59.90091323852539,47.31445693969727,41.45858130346792,0.26861001215090324,0.29059669988233827,0.02082532585137302,-1.0557668047237514
2016-08-16,59.09214401245117,47.80485153198242,41.88828218962513,0.2513280770027527,0.28936220915328775,0.02092255582008044,-1.8178530614329507
2016-08-17,59.98881530761719,47.76551818847656,41.8538169389354,0.26309323472288665,0.28841644786084447,0.020803767952421698,-1.2172416648691773
2016-08-18,60.33164978027344,47.5097770690918,41.62972762931559,0.27099499695923596,0.2875714554589519,0.020455923527417156,-0.8103500424949506
2016-08-19,59.95364761352539,47.54910659790039,41.664189537434204,0.26582387908436206,0.28671375977840297,0.02026691828525792,-1.0307378951261736
2016-08-22,60.129486083984375,47.5097770690918,41.62972762931559,0.2685439807336508,0.28575978131321833,0.019736950549730813,-0.8722624367016165
2016-08-23,59.98002243041992,47.47043228149414,41.59525235091254,0.26729605171286663,0.2848672266465363,0.01932992732658331,-0.9090140193908056
2016-08-24,60.4107666015625,47.54910659790039,41.664189537434204,0.2713792769763876,0.2841043794326421,0.018933399519824316,-0.6720981323470535
2016-08-25,60.31406021118164,47.60813522338867,41.7159124827521,0.2693534603596586,0.2834244257424746,0.018713442531804313,-0.7519175244694701
2016-08-26,60.56900405883789,47.254024505615234,41.40562829198245,0.2775516805314798,0.28329423215499167,0.018726893490810363,-0.30664731586847627
2016-08-29,60.70088577270508,47.214691162109375,41.371163041292725,0.27968909535813535,0.28323387521815085,0.018732675167923093,-0.18922977248254466
2016-08-30,60.72722625732422,46.78188705444336,40.99192495114587,0.28624647419780447,0.28346364584824674,0.018682771363930956,0.14895158193341018
2016-08-31,60.603736877441406,46.95893096923828,41.14705701881737,0.2822323149974575,0.28361024623547365,0.01863720975046922,-0.07393441703264995
2016-09-01,60.83311462402344,46.762203216552734,40.97467728423103,0.28777238426441126,0.28368271598643185,0.018644926295486346,0.2193448347912995
2016-09-02,60.46257400512695,46.70318222045898,40.92296102405534,0.28426289091508494,0.2835876662338077,0.018626880408879297,0.03625001430488363
2016-09-06,60.444915771484375,46.486793518066406,40.733353677980794,0.2871906589616929,0.2831157911088015,0.0181573640036006,0.22441957170013008
2016-09-07,60.55078125,46.5261344909668,40.76782561381273,0.28786761085729684,0.282621643171298,0.01760018449473523,0.2980632213013486
2016-09-08,60.47139739990234,46.05400085449219,40.35412561554726,0.293774009630821,0.28210817580521186,0.01678584130919581,0.6949805857641608
2016-09-09,59.99497222900391,44.71625518798828,39.18194609441697,0.30770377160797097,0.28222753736554584,0.016943862737158196,1.5035670813453466
2016-09-12,61.247779846191406,45.34576034545898,39.73354052115241,0.3128585635422601,0.2823964184360889,0.01720019139402555,1.771035240732969
2016-09-13,60.26844787597656,45.10969543457031,39.52669219330524,0.3051249771407257,0.2830354839582752,0.01732206963478166,1.275222513717189
2016-09-14,59.774391174316406,45.50315856933594,39.871458347620155,0.2936137964719304,0.28391202535471094,0.01646969600752866,0.5890680139320477
2016-09-15,60.1273078918457,45.444129943847656,39.81973540230226,0.29862014809699344,0.2847165180998442,0.01597398747827519,0.8703919429045707
2016-09-16,60.82430267333984,45.306427001953125,39.6990752704627,0.30864111342946143,0.2855841555866212,0.01583315785612255,1.4562450556206827
2016-09-19,61.23015594482422,45.2867431640625,39.68182760354785,0.31350534949424774,0.2866407206758202,0.015538331170819833,1.728926261327079
2016-09-20,61.424259185791016,45.85725784301758,40.18173251067648,0.3075361432649944,0.28677801867375613,0.015687746838954464,1.3232062452520894
2016-09-21,61.53011322021485,45.85725784301758,40.18173251067648,0.3087274313854266,0.28679201752738287,0.015707265620697262,1.396513841921645
2016-09-22,61.23895263671875,46.368743896484375,40.629914472487215,0.29812219961250447,0.2867649521724101,0.01568595057609967,0.7240394762813513
2016-09-23,62.024200439453125,46.42776870727539,40.68163407523401,0.3061743533566395,0.28692711626026857,0.015837280039141956,1.2153120389865715
2016-09-26,58.75092697143555,45.14904022216797,39.56116747170829,0.2865897350982492,0.28672713770047104,0.01576311644845952,-0.008716715547404623
2016-09-27,59.03326797485352,45.36543655395508,39.75078150292506,0.2867898076883234,0.2868367551689715,0.015739898787034138,-0.002982705370810239
2016-09-28,58.50389862060547,44.97198486328125,39.40602537632346,0.28622923833963365,0.28642125529814794,0.015412601202228478,-0.012458439428545109
2016-09-29,57.58632278442383,44.89329147338867,39.33707147694626,0.2760534730578502,0.28601623040070046,0.01535944922692335,-0.6486402732063249
2016-09-30,57.215782165527344,45.10969543457031,39.52669219330524,0.2680509203849628,0.2856128762026087,0.015509948621975618,-1.1323026430121672
2016-10-03,58.018646240234375,45.011322021484375,39.440493969584296,0.27966535622458144,0.28550663462543735,0.015528795187909946,-0.37615786222769415
2016-10-04,58.97151565551758,44.9129524230957,39.35429908843446,0.2927662528758628,0.2856145471421507,0.01555681367596073,0.45971533005909304
2016-10-05,59.47441482543945,44.73590087890625,39.199160335620746,0.30135492110710843,0.28595471265018485,0.015675666402877573,0.9824276723633627
2016-10-06,59.60673522949219,44.32278060913086,38.83716991238874,0.3089788149608977,0.2864571935120248,0.01592464379800073,1.4142621797104413
2016-10-07,59.86260986328125,44.12605285644531,38.66479017780239,0.3148120809686149,0.286992551598989,0.016330629645558405,1.7035184786761872
2016-10-10,59.01564025878906,44.9129524230957,39.35429908843446,0.2932950348796708,0.2871724411437035,0.01633976640580795,0.3747050957711996
2016-10-11,59.20089340209961,44.36211395263672,38.87163516307846,0.3036594602502506,0.2876855349013499,0.016366494167493324,0.9760138723311712
2016-10-12,58.94502639770508,44.75557708740234,39.21640131739337,0.2947878598079865,0.28792559144253443,0.016363221240031076,0.41937148344998054
2016-10-13,58.13334655761719,44.696563720703125,39.164691742359906,0.28583091972146396,0.28818377706292636,0.016202465252981853,-0.14521600909030724
2016-10-14,58.309818267822266,45.03100204467773,39.45773829392803,0.2829666351540063,0.288462594473232,0.015960540353349074,-0.3443466948832036
2016-10-17,56.977577209472656,44.75557708740234,39.21640131739337,0.2704367181711365,0.28864898114342613,0.015676426067158186,-1.1617611625422686
2016-10-18,57.35694122314453,45.306427001953125,39.6990752704627,0.2668468492929122,0.2884839803578514,0.015854908632628444,-1.3646960424868857
2016-10-19,57.215782165527344,45.444129943847656,39.81973540230226,0.26292920050443697,0.28825912173246065,0.016122308120296386,-1.5711101065073823
2016-10-20,56.27174758911133,45.24739456176758,39.647348982573696,0.2536273052783656,0.28743574666787425,0.01660932607262509,-2.0355095228836864
2016-10-21,56.39525604248047,45.070343017578125,39.492210229759976,0.2580128175950301,0.2866369329627841,0.016854948231539327,-1.6982618382767836
2016-10-24,56.756980895996094,45.12935256958008,39.543916462222334,0.26183065584122966,0.28596650380530986,0.017030327014916267,-1.41722751083643
2016-10-25,56.39525604248047,44.71625518798828,39.18194609441697,0.26351441750104515,0.28545066162118965,0.017236046816952417,-1.2726957841962478
2016-10-26,56.03350830078125,43.9096565246582,38.47517614658562,0.2713730714551147,0.2848346133721474,0.01706392156239065,-0.7888891113225871
2016-10-27,54.84245681762695,43.77194595336914,38.35450932960384,0.2577492221550661,0.28392730641577757,0.017032126049584238,-1.5369827691799205
2016-10-28,55.7952995300293,43.77194595336914,38.35450932960384,0.27042498965522754,0.28336149820570716,0.01690480017267358,-0.7652565199434501
2016-10-31,55.76884460449219,44.46048355102539,38.957830044228295,0.2592606635585971,0.2827833606395813,0.017128262927500595,-1.3733264826999418
2016-11-01,55.680606842041016,44.14572143554688,38.68202447443281,0.2630401552007291,0.2824680242244039,0.01731679729207225,-1.1219089012821695
2016-11-02,55.49533462524414,43.87031173706055,38.440700868182574,0.2649283395467034,0.2821681728787728,0.017463986560847345,-0.987164830435654
2016-11-03,55.574737548828125,43.83095550537109,38.406215562066194,0.26659910128297837,0.28184065486671045,0.017570080442302915,-0.8674720433854979
2016-11-04,55.93647766113281,44.44081115722656,38.94059240502677,0.26178871044778124,0.2816870671971431,0.01770616443330388,-1.123809553690501
2016-11-07,56.20115280151367,45.070343017578125,39.492210229759976,0.2554501990421817,0.2815546810644674,0.01787415969147407,-1.4604592592253434
2016-11-08,56.10409927368164,45.97807693481445,40.287598422794126,0.23998520826439096,0.28107760099969215,0.01859307771142616,-2.2100909474523593
2016-11-09,58.39802932739258,46.58979415893555,40.82360644045517,0.2606607818800193,0.2812331460809799,0.018377773263239316,-1.1194154975298922
2016-11-10,59.67732620239258,46.29380798339844,40.56425300565093,0.2808558519812289,0.28152918970195234,0.01822302413739563,-0.036949834212295155
2016-11-11,59.942020416259766,46.7871322631836,40.99652098641873,0.276820040639355,0.2816262737632876,0.018181420607577634,-0.264348602217004
2016-11-14,60.67432022094727,47.990840911865234,42.05125258654379,0.2681648623824087,0.28166529015158837,0.018149418371094638,-0.7438490585836554
2016-11-15,60.46257400512695,48.32630920410156,42.345201632310946,0.26074023029969323,0.28153522764435573,0.01827258585642711,-1.1380434881004087
2016-11-16,60.52430725097656,48.444705963134766,42.44894501177531,0.2597801784297267,0.2814099630896368,0.018397191569732334,-1.175711226244776
2016-11-17,60.76255416870117,48.48416519165039,42.48352056731158,0.2621135157512269,0.2812555337358841,0.018521288764332636,-1.033514364374035
2016-11-18,60.59488677978516,48.18816757202149,42.224157104794024,0.2643520538457052,0.2811721769606515,0.018586901480745703,-0.9049449760289726
2016-11-21,60.40079498291016,48.60255813598633,42.587260604204836,0.25597655595216856,0.28081259155099636,0.018864752675177374,-1.3165312064497703
2016-11-22,60.224342346191406,49.03668975830078,42.96766190909711,0.2474802206923541,0.28027577697323325,0.019349308762737757,-1.6949213371402563
2016-11-23,59.942020416259766,49.39189147949219,43.27890207520351,0.23874356151944753,0.27948406176192736,0.020059663609204952,-2.0309662732222926
2016-11-25,60.37433242797852,49.94441223144531,43.76304007441793,0.23617562096215888,0.27871645019467234,0.020819535578402895,-2.0433130735463236
2016-11-28,60.55078125,48.95775985717773,42.89850077031123,0.2526793752554895,0.2781315667111903,0.02105244647342973,-1.2089897242025534
2016-11-29,60.70079040527344,48.95775985717773,42.89850077031123,0.25452621999816694,0.27763595552924175,0.021254712769055988,-1.0872758329964116
2016-11-30,61.01071548461914,49.4708251953125,43.34806655656049,0.2509444759701504,0.2770318524793827,0.021492313317488916,-1.2138003072942487
2016-12-01,61.52430725097656,49.7470932006836,43.59014224130992,0.2532627965057234,0.2764551055735231,0.021660261401594497,-1.0707308022650364
2016-12-02,63.80886459350586,49.84574890136719,43.67658781529281,0.2786435707526386,0.2762029315922201,0.021542971622846106,0.11329166668122334
2016-12-05,64.32245635986328,51.48360443115234,45.111734090594574,0.26209159788215497,0.2754427286967898,0.021214813446679758,-0.6293305782862955
2016-12-06,65.12825775146484,51.91773986816406,45.49213873805797,0.26538053846237236,0.2746514282787917,0.020674131817939465,-0.4484294623861661
2016-12-07,66.27054595947266,53.358245849609375,46.754360439682856,0.25899648733962866,0.27388262011544007,0.020377263790284896,-0.7305265775137363
2016-12-08,66.6601791381836,51.77959060668945,45.37108752539882,0.2840788151997429,0.2737237037609036,0.020257606943044577,0.5111715054968368
2016-12-09,67.89985656738281,52.33212661743164,45.855238894897674,0.2900193279603744,0.2735803567586267,0.02010832917489962,0.8175204940581425
2016-12-12,67.88217163085938,51.28626251220703,44.938816202059925,0.303334557983289,0.27349191416785706,0.01996264975823835,1.4949239793738425
2016-12-13,67.82017517089844,52.05585479736328,45.61315986757714,0.29275460216791,0.2731460683790848,0.019430334191420574,1.0091712059941471
2016-12-14,67.53681182861328,52.64785385131836,46.131890135183376,0.28210651754738225,0.27272224128379124,0.018938602831283034,0.4955104844423864
2016-12-15,66.9169692993164,53.89102554321289,47.22120063341582,0.2591782315501667,0.27189642128653696,0.018415044383993013,-0.6906412752078578
2016-12-16,67.04981994628906,54.32516860961914,47.601611966021416,0.2549725128532112,0.2711772598405487,0.018214965609394746,-0.8896391755458242
2016-12-19,66.78414916992188,54.66062927246094,47.89555432664636,0.24760737610049718,0.27020114355294633,0.017873798663655516,-1.2640719456234668
2016-12-20,66.32369232177734,54.73955154418945,47.96470878029002,0.2413411569672908,0.26944700058409704,0.018123436010746737,-1.5508010511991317
2016-12-21,65.6418228149414,54.71981430053711,47.94741431737966,0.2337238811695921,0.2685625684754515,0.01855249635103855,-1.877843641452012
2016-12-22,65.26110076904297,54.167293548583984,47.46327631816524,0.2366720353573538,0.26773661509241353,0.018853347978304826,-1.6476956650249488
2016-12-23,64.99542999267578,54.00941848754883,47.32494067030907,0.23568029970547047,0.26706372886987384,0.019267407162484623,-1.628835104783052
2016-12-27,65.29650115966797,54.12783432006836,47.42870076262897,0.23761538856258885,0.2665564700061676,0.0196380542261704,-1.4737244897211255
2016-12-28,64.91573333740234,53.377967834472656,46.77164153230878,0.24326529318876097,0.26594980228890397,0.019787896715987484,-1.1463830353336752
2016-12-29,65.2345199584961,53.77264404296875,47.117470624235885,0.24166196734617137,0.2650980641967424,0.01971377388544338,-1.1888183859040924
2016-12-30,65.42930603027344,53.67397689819336,47.03101502253966,0.24524093375073439,0.2641628310741362,0.019291082626168864,-0.9808623854906797
2017-01-03,64.65009307861328,54.04890441894531,47.3595396238431,0.23106241369828576,0.262864224386426,0.018840359097051777,-1.687962024732146
2017-01-04,67.19145965576172,55.775760650634766,48.87267142565461,0.23762605262186792,0.2615777905806469,0.01784190435880711,-1.3424429072760906
2017-01-05,66.49193572998047,55.121829986572266,48.299674516117655,0.23822308882660206,0.26065992481309574,0.017597471588339356,-1.2750033931784293
2017-01-06,66.85496520996094,55.266075134277344,48.42606715740663,0.24046906762808473,0.2596067516027263,0.01685569340479684,-1.1353839628570424
2017-01-09,65.99605560302734,54.775634765625,47.99632616039612,0.23709572333450926,0.25864521599483503,0.016455544933713217,-1.309558130534854
2017-01-10,65.24339294433594,53.87168884277344,47.20425714047175,0.24043490373103077,0.2578886157283278,0.016226426934562114,-1.075634954490245
2017-01-11,65.47359466552734,53.85245132446289,47.18740055437649,0.24336295097805685,0.25722855432539526,0.0159928299334221,-0.8669887321418849
2017-01-12,65.376220703125,53.27545928955078,46.68181996150727,0.2499693873957693,0.25688743214580584,0.015924463644393014,-0.4344287446360795
2017-01-13,66.4299545288086,54.06400680541992,47.3727728628578,0.25146539512531907,0.256631074576346,0.015885175555156516,-0.3251886913739569
2017-01-17,66.19970703125,53.938995361328125,47.26323346509299,0.2505166171826321,0.2564241981876492,0.01588258916222832,-0.37195327189262367
2017-01-18,66.66902160644531,54.76601409912109,47.987896196062934,0.24492302593798396,0.2562791268653095,0.015948185850353944,-0.7120622391714558
2017-01-19,67.07634735107422,55.29493713378906,48.45135705040619,0.24259883015529865,0.25602222707464733,0.016043647175862152,-0.8366798878215382
2017-01-20,67.86443328857422,55.48725891113281,48.61987611536334,0.24891109307838163,0.2558069010285999,0.016051066140797668,-0.4296168173334528
2017-01-23,67.34201049804688,55.535343170166016,48.66200922417374,0.24245867105704735,0.2554559719211999,0.01610976495636731,-0.8067964305720936
2017-01-24,67.99726867675781,55.871917724609375,48.95692761556208,0.24542153653728896,0.2550234463392361,0.01602331893039956,-0.5992460016339282
2017-01-25,69.02445220947266,56.52582931518555,49.5299078122435,0.24834963474972227,0.2548667865491471,0.016042156113337636,-0.4062516131485821
2017-01-26,69.04216003417969,56.49699783325195,49.5046446598128,0.2489083259221948,0.2545081754869299,0.015928561410902837,-0.3515602834605062
2017-01-27,68.91817474365234,56.30465698242188,49.33610888200011,0.25000254321204585,0.254353873481154,0.015926585322160385,-0.2732117513635323
2017-01-30,68.95360565185547,55.81421661376953,48.906367884989606,0.2566202404845924,0.2542468749025517,0.0158887600656225,0.14937387009674907
2017-01-31,70.50323486328125,55.371856689453125,48.51875665421839,0.2784571707231053,0.2544723554221584,0.016136968472698694,1.4863272083307062
2017-02-01,69.46719360351562,55.15068054199219,48.32495438140389,0.27048584152036115,0.2545371344261148,0.01619417416198143,0.9848422608476469
2017-02-02,69.01559448242188,55.10259246826172,48.28281793002239,0.26632284758300506,0.25461270337836855,0.016239103449803845,0.7211078025848746
2017-02-03,69.19268035888672,55.58341598510742,48.70413230527081,0.26211155655974866,0.25472372600366133,0.016267672116340937,0.4541418405320712
2017-02-06,68.88277435302734,55.50648880004883,48.636726016316395,0.2597703359449194,0.2550534781316701,0.016164049033242322,0.2918116496398129
2017-02-07,70.12244415283203,55.59303283691406,48.712558927032894,0.27177515778052785,0.25523871773001194,0.016292572020849654,1.0149680498176825
2017-02-08,68.15666198730469,56.02577972412109,49.09174687861313,0.24520813841495923,0.25464458917057414,0.01598973288678967,-0.5901568726899175
2017-02-09,69.18382263183594,56.39120864868164,49.41194847785882,0.2517861342306678,0.25422735739709595,0.01572571956010083,-0.15523761294980698
2017-02-10,68.77650451660156,56.43929672241211,49.454084929240324,0.24674229672515519,0.2538703146361418,0.015646909263954647,-0.45555437120142467
2017-02-13,70.04277038574219,56.5931510925293,49.58889750714916,0.25843532282770454,0.2538318995116086,0.015632579743409033,0.2944762407520618
2017-02-14,70.50323486328125,56.22773361206055,49.268705935616794,0.2678200803420371,0.2539658978768138,0.01571865202298023,0.8813848951531512
2017-02-15,70.98139953613281,57.17976760864258,50.10291140692267,0.26099994291564393,0.2539473383295541,0.01570952356565162,0.44893815885735455
2017-02-16,71.19392395019531,56.96820831298828,49.91753575587025,0.2658097804154843,0.25397163377238374,0.0157270051240186,0.7527273342730149
2017-02-17,71.67208099365234,56.25658798217773,49.293989143474136,0.2794078903575415,0.2543621560124733,0.016064918985696355,1.5590327201380867
2017-02-21,71.31790161132812,55.79498291015625,48.889514641465446,0.2815007117997824,0.2549291641975971,0.016414475824273033,1.6187874585000424
2017-02-22,71.31790161132812,55.63150405883789,48.74626875665231,0.2835092661960377,0.25567525927554025,0.016681520783220216,1.668553322098513
2017-02-23,71.06993865966797,55.016056060791016,48.20699170444811,0.28859740756541025,0.2565489557189278,0.017012431261384034,1.8838255011338805
2017-02-24,70.57405853271484,55.56419372558594,48.68728908945997,0.2767932431148573,0.2569508535165839,0.017203228134590895,1.1534108274932353
2017-02-27,69.91879272460938,55.79498291015625,48.889514641465446,0.2671231932522089,0.25716080307081796,0.017249939992956282,0.5775318746302258
2017-02-28,69.11299133300781,55.00643157958984,48.198558397543806,0.2685759316048001,0.2574546606647288,0.017292374461050284,0.6431315123970456
2017-03-01,70.44550323486328,55.48725891113281,48.61987611536334,0.27643042242695925,0.257840787763416,0.017455079789358195,1.0649985498706656
2017-03-02,69.51274108886719,55.93922424316406,49.015903940183314,0.2610239498868337,0.2575471274156526,0.017246130184319444,0.20160015226733516
2017-03-03,69.530517578125,55.535343170166016,48.66200922417374,0.2663026552468764,0.25761731170506463,0.017273484568644488,0.5028136336531515
2017-03-06,69.2817611694336,55.11220550537109,48.291241209213354,0.26901990860815833,0.2576779678741611,0.01730756357421143,0.65531700550255
2017-03-07,69.2640151977539,54.46790313720703,47.726680949151806,0.27698347102201015,0.2579777509355341,0.017485648071734437,1.0869325522568885
2017-03-08,69.63715362548828,54.27508163452149,47.55772400737957,0.28328387489808793,0.2579645019305065,0.017465825829723617,1.4496522073690041
2017-03-09,69.80589294433594,53.84117126464844,47.17751657161153,0.290463005561519,0.25797189655719227,0.01747971552175128,1.8587893472233958
2017-03-10,70.73867797851562,54.45825958251953,47.71823092939197,0.2921753803936497,0.2577859102640316,0.017042777002459066,2.017832547163889
2017-03-13,71.2894287109375,55.45138931274414,48.588445919239255,0.28543693304094775,0.25766394911191554,0.01681292672833078,1.6518827672182195
2017-03-14,71.40492248535156,55.23927307128906,48.40258225280513,0.28919565502750505,0.257782101403251,0.017011345931440366,1.8466236446462212
2017-03-15,71.2983169555664,56.06849670410156,49.12917698987523,0.27794194743522727,0.2580948300013353,0.017208772790146893,1.1533139333012563
2017-03-16,71.46709442138672,56.12633514404297,49.17985705300758,0.27893802913871657,0.2584942552727604,0.017412000268999646,1.1741197765976563
2017-03-17,71.5737075805664,55.84672164916992,48.934849933396855,0.28343523663528586,0.2590913862816735,0.017645099158938245,1.3796380589496897
2017-03-20,71.52040100097656,55.44174575805664,48.57999589947942,0.28786273442467225,0.2598667459059632,0.01787255770482742,1.5664231712704033
2017-03-21,70.74754333496094,54.6607551574707,47.895664631492906,0.2897560937798801,0.26080061611613464,0.017947129387273133,1.6133765483564566
2017-03-22,70.82749938964844,55.63460540771485,48.748986266962746,0.2785099910411597,0.2614979153775315,0.017805982481888208,0.9554134786402533
2017-03-23,70.9341049194336,56.23239517211914,49.2727905575102,0.27220992612294764,0.2621067424844894,0.017530644058393392,0.5763155994044042
2017-03-24,70.56986999511719,56.22275924682617,49.26434722289258,0.26857320087636605,0.2626227060230523,0.01725094001361214,0.34493742651811377
2017-03-27,70.3388900756836,55.77921676635742,48.875699795078035,0.27169668668123165,0.2630965625812602,0.01710003282825863,0.5029302684003824
2017-03-28,70.30337524414062,56.56987380981445,49.56850113825102,0.26147431954505934,0.26342676845124163,0.016868837926030313,-0.11574294060703888
2017-03-29,70.36555480957031,56.51201629638672,49.51780436226314,0.2628474058813884,0.26372020965341925,0.016699410574390113,-0.05226554363358045
2017-03-30,71.06734466552734,56.666297912597656,49.652991308136016,0.26822454876987656,0.2643395785712791,0.016147670693771824,0.24059013044499955
2017-03-31,72.01786804199219,56.36739349365234,49.391080806434516,0.28151958513308234,0.265071137446466,0.015909446247794987,1.0338793337257774
2017-04-03,71.66252136230469,55.55746078491211,48.68138945145519,0.28786016199945647,0.2658984219993469,0.01577972108638027,1.3917698468742337
2017-04-04,71.85794830322266,55.027137756347656,48.216701873515476,0.29626367061951675,0.26682833204920414,0.01589930632441067,1.8513599253773525
2017-04-05,71.4404525756836,54.71860504150391,47.94635472233858,0.29593528860613816,0.2678089914703979,0.015848848474051266,1.7746587193252823
2017-04-06,71.35162353515625,55.05607223510742,48.24205527536608,0.29091449260934826,0.2686503179517032,0.015710315928424454,1.4171691237197093
2017-04-07,72.0267562866211,54.57397079467773,47.81962113879663,0.3034259679645884,0.26965136823481206,0.015982933892486274,2.1131664534791117
2017-04-10,72.05340576171875,55.13319778442383,48.30963537801809,0.29688289200701107,0.2704332599783328,0.01615040042961408,1.6377075072503517
2017-04-11,71.59147644042969,55.42246627807617,48.56310254510197,0.28880570734317795,0.2710555985152971,0.016126522641547448,1.1006780086706665
2017-04-12,72.426513671875,55.3646125793457,48.512409111685194,0.2977053093521442,0.2718420767181222,0.01625801688747143,1.590798731052641
2017-04-13,72.21329498291016,55.06572723388672,48.250515322839234,0.2992583673543527,0.2727476657417284,0.016246447268609642,1.631784547988323
2017-04-17,72.98616790771484,55.27783966064453,48.436375646702245,0.30413222114733474,0.2737732222582624,0.016253191573372888,1.8678792255675232
2017-04-18,72.78182983398438,54.82466125488281,48.03928488427008,0.3076344480288481,0.27475194484077015,0.0164969392192652,1.9932487324483572
2017-04-19,73.03947448730469,54.88252258300781,48.089985002829074,0.3093826008591609,0.2758673436708054,0.016538896702609007,2.026450602540404
2017-04-20,73.73239135742188,55.52854537963867,48.65605276246012,0.3081955064036778,0.27691357650191184,0.016565769224361527,1.8883475604478994
2017-04-21,73.72347259521484,55.297119140625,48.4532690010797,0.31086241444106516,0.27795545616343426,0.016704080453967336,1.9699951977790715
2017-04-24,74.47859954833984,55.9624252319336,49.03623345765931,0.31002219870537645,0.2789740207098206,0.016766008642809284,1.8518526774631012
2017-04-25,74.76284790039062,56.44451522827149,49.45865756651543,0.30699530684341836,0.2799239001036768,0.016711182402069563,1.619957588182926
2017-04-26,74.29204559326172,58.4307975769043,51.199107601636626,0.27917647069472135,0.2802998372738456,0.01642939273507846,-0.0683754169882225
2017-04-27,73.19934844970703,58.08367538452149,50.894947001135975,0.2725714773277323,0.28020174238392265,0.01645812692143267,-0.46361685583149853
2017-04-28,73.208251953125,56.859130859375,49.82195827762158,0.2873166099740289,0.2804822551914839,0.016433135154356276,0.41588867360670917
2017-05-01,73.43033599853516,57.19660186767578,50.1176621732202,0.28544506351606685,0.2808009587903682,0.016339032112842836,0.28423377184308746
2017-05-02,73.71460723876953,59.28893661499024,51.951039027701796,0.26332937305065934,0.2808212557318834,0.016316162355815268,-1.0720586311762046
2017-05-03,73.75901794433594,58.81646728515625,51.53704488317886,0.26938572004775363,0.2809815121335973,0.01615229501083542,-0.7179036835362944
2017-05-04,73.71460723876953,58.3343620300293,51.1146074040383,0.2746762641892664,0.28102986390707624,0.016128593584819082,-0.3939338966163877
2017-05-05,74.40752410888672,58.88396453857422,51.59618833635547,0.27495860284754203,0.28152570498095264,0.01545176914988538,-0.4250064875878191
2017-05-08,73.07502746582031,58.5079231262207,51.266687704288636,0.2662468087121137,0.2817667162223101,0.015088546806674222,-1.0285886181783495
2017-05-09,75.50017547607422,60.09886169433594,52.66072369753891,0.2713517517958703,0.282176873806822,0.014440913046711404,-0.7496147906947536
2017-05-10,75.36692810058594,60.04087066650391,52.60990993156227,0.27073773312857197,0.28238191397850315,0.01418314135077077,-0.8209874358544973
2017-05-11,74.94051361083984,60.12785720825195,52.686130580527234,0.26557111993461036,0.282344431305046,0.014225186493944272,-1.1791276956246666
2017-05-12,74.68290710449219,60.02153015136719,52.59296309604709,0.26428533477710475,0.2823991878360703,0.014147745704480996,-1.280334933729293
2017-05-15,75.5090560913086,60.52413177490234,53.03336020974839,0.2665024570697756,0.28241073244697523,0.014134255429604156,-1.1255120905682656
2017-05-16,74.55851745605469,60.34050750732422,52.87246220691641,0.259309184337346,0.28207575401330526,0.014441457065199705,-1.5764731753294465
2017-05-17,74.75395965576172,59.24830627441406,51.91543730283551,0.2740480309679524,0.28195154266610806,0.014478489716638492,-0.5458795670568499
2017-05-18,74.98490905761719,60.35015869140625,52.880918911818455,0.26340824429639476,0.2816165256344474,0.014673085259635798,-1.2409306574495147
2017-05-19,75.5445785522461,61.71296310424805,54.075055782554095,0.25305821058044203,0.28102420568469794,0.015097682223044192,-1.8523369806770933
2017-05-22,75.5534896850586,63.06612014770508,55.2607392909588,0.23745300934048996,0.2803685351217918,0.016105170437980616,-2.6647048503190427
2017-05-23,76.15755462646484,63.29806137084961,55.463974299438746,0.2408327514555665,0.2799303610918477,0.016813701885905124,-2.3253421466367623
2017-05-24,76.42402648925781,63.28842926025391,55.45553430739224,0.24359021808770182,0.2795139325332295,0.017398914760281402,-2.0647100661436113
2017-05-25,76.64613342285156,62.95011138916016,55.15908836100776,0.24964988193301282,0.2790675901916637,0.017817821991069575,-1.6510271723106937
2017-05-26,76.95704650878906,63.15309524536133,55.33694991221045,0.2503701813994529,0.27889002738354063,0.01805222586055482,-1.579852047298239
2017-05-30,76.97480773925781,63.346412658691406,55.50634138822667,0.24834254232342556,0.27859069216814986,0.018409844209207087,-1.6430421409865412
2017-05-31,76.94810485839844,64.2452621459961,56.293944733151385,0.23784618551320377,0.2780711301165672,0.019111065968950597,-2.104798584689947
2017-06-01,77.34901428222656,64.40960693359375,56.437949381605925,0.23993477060609605,0.277453651776302,0.019735135942758112,-1.9011209894388208
2017-06-02,77.28666687011719,65.15380096435547,57.090038208689215,0.23088434890340037,0.27658032634305724,0.020612653049969475,-2.216889661358975
2017-06-05,77.42028045654297,64.74787902832031,56.734355217137114,0.23680588896199847,0.27568604106639855,0.021156919290124095,-1.8377038533464114
2017-06-06,77.3044662475586,63.55905151367188,55.692662986902526,0.24913769272751887,0.274968746271963,0.021317353707292205,-1.2117382813612496
2017-06-07,79.18429565429688,63.93598556518555,56.02294578060852,0.2627920448055689,0.27459133146804005,0.021329333340454254,-0.5531952862348516
2017-06-08,79.27335357666016,62.84381484985352,55.065947617096484,0.27569237418752685,0.2743662767873738,0.021243692677515892,0.06242311166347157
2017-06-09,79.95936584472656,62.58283996582031,54.83727229991713,0.28476647359634066,0.27448001889005896,0.021281398208635255,0.4833542704965604
2017-06-12,79.96829986572266,63.646026611328125,55.76887360815417,0.27319674661141546,0.27438433084793723,0.02127391983094516,-0.05582347992090764
2017-06-13,80.11976623535156,64.22594451904297,56.27701795306286,0.26822845834264863,0.27413088454306,0.02125483873220799,-0.27769799972498854
2017-06-14,80.18213653564453,64.03262329101562,56.10762313447553,0.27091029794779253,0.2738483439351119,0.021181756112091766,-0.13870644019181144
2017-06-15,79.77230834960938,64.61256408691406,56.61578753481087,0.2607944328427274,0.27336564958615944,0.021143059600581035,-0.5945788821919872
2017-06-16,78.90808868408203,64.18729400634766,56.24315102260138,0.25742089433438914,0.2730141646410466,0.021231200121832352,-0.7344507242726558
2017-06-19,79.84356689453125,64.60289764404297,56.60731745962439,0.2615602401667041,0.27283666987510924,0.021282491802043228,-0.5298453683568458
2017-06-20,79.25555419921875,63.67502212524414,55.794280491142494,0.26634003154920055,0.2727994503863231,0.02129202484784428,-0.30337268922436555
2017-06-21,79.13082885742188,63.40438079833984,55.55713509877667,0.2681805203212887,0.2727408476136574,0.021299948824323994,-0.2141003872817262
2017-06-22,78.90808868408203,63.01778030395508,55.218382229884206,0.27040776057087806,0.272889738297421,0.021251025861377996,-0.1167933135432183
2017-06-23,79.08627319335938,63.21109008789063,55.38776702075821,0.2699097884939478,0.27300744467429705,0.02121398654489977,-0.14601952225212347
2017-06-26,79.84356689453125,63.046783447265625,55.243795798014744,0.27863765434849763,0.2731809964339407,0.021216789097735916,0.25718584887753804
2017-06-27,80.19100952148438,61.326358795166016,53.73629957109052,0.30056191076793354,0.273498368527855,0.02148437159337181,1.259685074914083
2017-06-28,80.67210388183594,61.23937225341797,53.66007892212555,0.30567788455875117,0.2737953305705098,0.021806966736257382,1.4620352465265969
2017-06-29,81.07300567626953,60.16652297973633,52.72001088127314,0.32070659865025763,0.27420271270435553,0.02245257421806733,2.071205087409574
2017-06-30,81.42938232421875,59.779903411865234,52.381241299525136,0.32783982096529773,0.27473445491034154,0.023336389272689433,2.275646220776124
2017-07-03,81.88375854492188,59.25798797607422,51.923920748306415,0.3371546614981392,0.27550512439182134,0.024608627905622026,2.505200100661995
2017-07-05,82.88155364990234,59.45128631591797,52.0932955114671,0.34309095310089893,0.27616620747742654,0.0258717627507903,2.586787234720914
2017-07-06,82.12430572509766,59.035675048828125,51.72912238930187,0.3414681705494014,0.27690929545313303,0.02708854687649831,2.3832535348095334
2017-07-07,82.83702087402344,59.69292449951172,52.30502733570238,0.3401817972059743,0.277765563617513,0.028257732133077362,2.2088196354370346
2017-07-10,82.57865905761719,60.118202209472656,52.677670533054076,0.3336048555006782,0.27836388938665524,0.029055884064517673,1.9011972236453774
2017-07-11,82.66775512695312,60.36949157714844,52.89785906219141,0.331659534245844,0.2789039088348468,0.02974375559551541,1.7736706194207497
2017-07-12,81.91046905517578,59.85721969604492,52.44898853073252,0.3309605467400668,0.27935104759472557,0.03032540989767076,1.7018566053844262
2017-07-13,82.44501495361328,60.002220153808594,52.576043001100786,0.33375729346143534,0.2797864283519354,0.030920048377187734,1.7454974342575316
2017-07-14,81.94612884521484,60.359825134277344,52.88938898700493,0.32587741888874266,0.2800613419857617,0.03125912082176514,1.4656866763533565
2017-07-17,81.98174285888672,60.52413177490234,53.03336020974839,0.32441412953016274,0.2803316523712031,0.03157505986725641,1.3961169779023448
2017-07-18,82.96174621582031,60.39847946166992,52.92325926003752,0.3337217611301466,0.2807126414826878,0.03208351048308356,1.6522231778660423
2017-07-19,82.77465057373047,60.04087066650391,52.60990993156227,0.33600134276843246,0.28114562721707215,0.032655959249727855,1.6798072024730821
2017-07-20,82.98849487304688,59.93453979492188,52.51673910451102,0.33883502658223963,0.2816762892127191,0.03333478193937237,1.7146876038810748
2017-07-21,83.69229125976562,60.379154205322266,52.906325794806776,0.33973999438609126,0.282685681274242,0.03416442444345256,1.6699919299469848
2017-07-24,83.61210632324219,59.93453979492188,52.51673910451102,0.3437662508513355,0.28387226083296874,0.03503250949052741,1.709668844436102
2017-07-25,83.21121978759766,60.9687385559082,53.42294021490194,0.32971434309604947,0.2845788897183357,0.03552726335621775,1.2704455427697452
2017-07-26,83.78140258789062,60.42748260498047,52.94867282816806,0.33993681148556026,0.28548708551782725,0.036239144516520584,1.5025113504793317
2017-07-27,83.11322021484375,60.46614456176758,52.98254978634286,0.3342226838821583,0.28666864069835224,0.03665775985313128,1.2972435679193322
2017-07-28,83.29137420654297,60.36949157714844,52.89785906219141,0.3366635321997343,0.2877899375675519,0.037145851222460315,1.3157214876968795
2017-07-31,84.21793365478516,60.43715286254883,52.95714624592564,0.34325753734531356,0.2889329587868194,0.03778515040231315,1.4377229673583218
2017-08-01,84.82376098632812,60.66912078857422,53.16040465240334,0.3455518723868206,0.29010951327914064,0.03843610145081932,1.4424553223385808
2017-08-02,84.44957733154297,59.90555191040039,52.49133890666491,0.3505747744176445,0.2915149793742328,0.03908504391841251,1.5110586844086749
2017-08-03,84.62776184082031,60.050537109375,52.61838000674874,0.3504409698043025,0.29283313300770675,0.039721970970661685,1.4502763933628677
2017-08-04,83.30030822753906,60.87209701538086,53.338259518463815,0.33144777485637833,0.2938449670365035,0.03992232268662881,0.9418993006754379
2017-08-07,84.31591796875,61.6356315612793,54.00729518106228,0.33156581294462323,0.2949448785866704,0.04003908737128859,0.914629597282308
2017-08-08,85.0464859008789,60.002220153808594,52.576043001100786,0.3541368661919035,0.29644240411025036,0.040549971544314084,1.422799076902017
2017-08-09,86.2403335571289,59.31597900390625,51.974734514283064,0.37005019373560655,0.29816819972134756,0.0414476830490025,1.7342825636182075
2017-08-10,86.1244888305664,58.95835494995117,51.66137181552338,0.3728413433722424,0.3000604023719291,0.04222778120644513,1.7235322084411318
2017-08-11,85.73249816894531,59.24830627441406,51.91543730283551,0.3670103477201629,0.30160977431779934,0.042956336392963056,1.5224895532077365
2017-08-14,86.4808578491211,59.683250427246094,52.296550575373686,0.36808099691929635,0.3033543201948477,0.04350063772397386,1.4879477660801463
2017-08-15,86.89958953857422,60.12785720825195,52.686130580527234,0.3666428371528391,0.3052473973043876,0.043745554106498455,1.4034669602991976
2017-08-16,87.15794372558594,60.49601745605469,53.00872546068591,0.36481897120937734,0.30737016333553574,0.043489539358202274,1.3209799119890324
2017-08-17,86.58777618408203,58.92647171020508,51.633434606206656,0.3765195979436858,0.30963161077700446,0.043498807783553105,1.5376970214795556
2017-08-18,85.79483795166016,59.15899658203125,51.83718102806605,0.3683824199212859,0.31171148080756417,0.04327038970790483,1.309693291331019
2017-08-21,86.49864959716797,59.85655975341797,52.44841026593092,0.36645534440884386,0.3136582385154947,0.0430579285629295,1.2261877813324393
2017-08-22,88.29833221435547,61.348628997802734,53.755813501216274,0.3645614928805958,0.3155614270401804,0.04273560081685858,1.1465865672604647
2017-08-23,87.66576385498047,61.15485382080078,53.58602091666715,0.3619131875539331,0.3174542711273555,0.042219904288435355,1.0530321462323995
2017-08-24,87.71920776367188,60.95140838623047,53.407754914360446,0.3643341836055666,0.31956240442889494,0.041325972484818986,1.0833811398659392
2017-08-25,88.88630676269531,61.50364685058594,53.891645563312906,0.3672367036727315,0.3216841033133388,0.04042664553382681,1.1267964422444288
2017-08-28,89.22486114501953,61.20330047607422,53.62847156973276,0.3725872166844551,0.32404581777635644,0.039151244393414886,1.2398430665530307
2017-08-29,89.3941421508789,60.9320182800293,53.39076462542088,0.3764344040178277,0.3263729596939536,0.03801097070320368,1.3170262005346465
2017-08-30,89.57282257080078,62.3174934387207,54.604766396248564,0.36412505865342043,0.32828941579271853,0.036934382036334375,0.9702515890329074
2017-08-31,90.1266860961914,62.327178955078125,54.61325318429058,0.36793859228665454,0.3300418582507367,0.03626238054490977,1.0450702206101445
2017-09-01,90.17131805419922,62.57908248901367,54.833979867376215,0.36580358362722143,0.33154371174139824,0.03583681353915473,0.9559965996527956
2017-09-05,91.2969207763672,61.61991500854492,53.99352378809927,0.38282835597132514,0.333178076447648,0.03590337572521634,1.3828861080827504
2017-09-06,92.66370391845705,61.6877326965332,54.05294801724891,0.39129030532718767,0.3351463024262442,0.03579625189302694,1.568432445629321
2017-09-07,92.61903381347656,61.90088653564453,54.239720863024274,0.388980154131161,0.33715883068938607,0.03536204919136702,1.4654502390779471
2017-09-08,93.56592559814452,63.1119499206543,55.30089694024465,0.3838222250900822,0.3390406961417576,0.03477631087574916,1.2877021115989753
2017-09-11,93.2443389892578,63.8967399597168,55.98855740905426,0.37432229190897714,0.340932827126195,0.03351236042887189,0.9963328263208862
2017-09-12,93.55701446533205,64.01302337646484,56.09044900412505,0.375324274290644,0.3428978834587993,0.0319529478562066,1.0148168794243555
2017-09-13,94.1287078857422,64.60403442382812,56.60831354581443,0.3736165961229322,0.34476548939140306,0.030353011103986714,0.9505187683913074
2017-09-14,94.55748748779295,64.44898223876953,56.47245140057783,0.37789380972734843,0.3466247190277056,0.02884691940246822,1.0839663765610748
2017-09-15,93.5033950805664,64.5555648803711,56.56584283732218,0.3698818135024639,0.3483197405807251,0.027094171938998678,0.7958195943498414
2017-09-18,94.23590850830078,64.48773193359375,56.50640523788811,0.3754105725535559,0.35006978744710315,0.025308748315450942,1.00126583861843
2017-09-19,94.18230438232422,64.8074722290039,56.78657286297893,0.37208034828796505,0.35177263011033677,0.023170806700005212,0.8764355268486922
2017-09-20,95.04884338378906,64.95282745361328,56.913938192460186,0.37646495228394083,0.35340308507592744,0.021304003680203982,1.08251329441155
2017-09-21,94.9237823486328,65.24345397949219,57.16859531485835,0.37296069810557225,0.35460973153155473,0.020286392107911222,0.9045948868779419
2017-09-22,95.22750091552734,66.06700134277344,57.89021630612045,0.3673827137208371,0.3556381453509229,0.019304030450943064,0.6083998054064614
2017-09-25,94.96841430664062,66.57080841064453,58.33166967229173,0.3610084256165643,0.356309842467028,0.018761503247246066,0.2504374562963655
2017-09-26,93.53913879394533,67.3362045288086,59.00233650959067,0.34407474557838197,0.35658042454391276,0.018458569657219374,-0.6774998928825269
2017-09-27,95.31684112548828,66.95838165283203,58.67127489681663,0.35978132428157533,0.3569575355903033,0.01828529165258066,0.15442951334459593
2017-09-28,95.87067413330078,67.20060729980469,58.88352147700247,0.36126590396072866,0.35726045143796714,0.018202037512047978,0.2200551734996866
2017-09-29,96.1476058959961,67.28776550292969,58.95989254166727,0.36231132462937926,0.3576078373393001,0.01809410924474058,0.2599457771841572
2017-10-02,96.63895416259766,67.26842498779297,58.94294570615211,0.3657289326079825,0.35803362292933355,0.017977301264155268,0.4280570017476729
2017-10-03,97.43397521972656,66.71614074707031,58.45901494634635,0.37587107873392617,0.35873805998322106,0.017831344779231525,0.9608371641526573
2017-10-04,97.67518615722656,66.76461029052734,58.50148565483861,0.37697756256036313,0.3594933604551297,0.017623491021589017,0.9920964060874802
2017-10-05,96.86227416992188,67.21029663085938,58.892011607615586,0.36771711138658736,0.36010596986590504,0.0172497358933197,0.4412323509039859
2017-10-06,96.6300048828125,67.31685638427734,58.98538298893329,0.365231017368495,0.3606305319310227,0.01691010797758145,0.27205535550520493
2017-10-09,97.56800079345705,67.49125671386719,59.13819865482727,0.3697672899211663,0.36136202978156307,0.01632028450395637,0.5150192165807916
2017-10-10,96.86227416992188,67.74312591552734,59.358895254772946,0.3628970341051236,0.3620034115244791,0.015583170063250933,0.0573453653536034
2017-10-11,97.46080017089844,68.03380584716797,59.61359917316661,0.36419621051011586,0.3625113190141453,0.015135968263570193,0.1113170605692814
2017-10-12,98.2826156616211,68.1888198852539,59.74942789269214,0.3681306263896113,0.36304680707449827,0.01474549486403825,0.3447710207075929
2017-10-13,98.71144104003906,68.94454956054688,60.4116246548046,0.364167203966221,0.363469010030898,0.014399091992760883,0.04848874746227158
2017-10-16,97.99674224853516,68.91547393798828,60.38614757782302,0.35978999872347506,0.36380317676985435,0.014067914002731465,-0.28527172156441144
2017-10-17,97.84488677978516,69.0026626586914,60.462545383056685,0.3580155861732648,0.3640406656918865,0.013842393618494488,-0.43526283709861613
2017-10-18,97.8984832763672,68.84764099121094,60.32670997838895,0.3597545663332386,0.364541336079173,0.01310332716114453,-0.365309488732653
2017-10-19,97.30892944335938,68.8863754272461,60.36065044541479,0.35552679793764336,0.36480116918670774,0.012757159672472412,-0.7269934285667647
2017-10-20,98.2558364868164,68.82827758789062,60.30974308744713,0.36225579843227074,0.36526838776254295,0.012115475331882054,-0.24865630507657713
2017-10-23,98.88117218017578,68.22759246826172,59.78340178542906,0.371611932609216,0.36585086110270093,0.011543540343796104,0.4990731902809398
2017-10-24,98.48812103271484,68.9251708984375,60.39464439357835,0.36289787399901136,0.3661782000469292,0.011164242939126243,-0.2938243162392673
2017-10-25,98.0235595703125,69.09956359863281,60.547453374330125,0.3583195657017645,0.36639099493551164,0.01088255854215189,-0.741684889861491
2017-10-26,99.5958251953125,70.22343444824219,61.532228303745725,0.35856171600896153,0.3665241106287003,0.010733644503048803,-0.7418165020722544
2017-10-27,100.00675201416016,69.67121124267578,61.04835102507769,0.366035826077947,0.3667840248999276,0.010524365605160312,-0.0710920591369204
2017-10-30,99.9263153076172,70.38815307617188,61.676560524168806,0.3592387828044435,0.3672472083657288,0.009505022568677949,-0.8425467171088655
2017-10-31,100.9983139038086,70.0296630859375,61.36243906176771,0.36915000358662403,0.3678736115430954,0.008272168553273281,0.1542995691285297
2017-11-01,100.61418914794922,70.1846923828125,61.498281151577665,0.36539141651387974,0.36806118738179505,0.00808078870485245,-0.3303849370931002
2017-11-02,103.24053192138672,70.1846923828125,61.498281151577665,0.38153526657142595,0.368252605262392,0.008262684993583284,1.6075478272921109
2017-11-03,102.74920654296876,70.88227081298828,62.10952375972696,0.37262901748076693,0.36824906649753414,0.008260731643614419,0.530213445030443
2017-11-06,102.23106384277344,71.10511016845703,62.30478339354435,0.36753929906089083,0.3682578823532129,0.00825966945662237,-0.08699903744282532
2017-11-07,101.31991577148438,70.3493881225586,61.6425933165741,0.3683873527578288,0.3682629882838551,0.008259652947857738,0.015056864345122068
2017-11-08,101.31991577148438,70.63037872314453,61.88880710435465,0.365957289666029,0.36825156249240826,0.00826240584020867,-0.27767612372830885
2017-11-09,101.95415496826172,69.80682373046875,61.16717942795033,0.37697952231636966,0.36845423834419144,0.008325683781710435,1.0239740297254938
2017-11-10,102.2400131225586,70.42689514160156,61.71050767633686,0.37340721482743267,0.3684023652922539,0.008284173308911149,0.6041459236246463
2017-11-13,103.39241027832033,70.35908508300781,61.651090132329436,0.38096580917064804,0.3686120884464099,0.00844144819840693,1.4634598748789953
2017-11-14,104.16067504882812,70.64006042480469,61.897290549825556,0.3831680005730208,0.36889063271581285,0.008642418674219993,1.6520106691656589
2017-11-15,103.18694305419922,71.09540557861328,62.296279892646794,0.37348055014192166,0.3690392836701683,0.008643399260473887,0.5138333123246073
2017-11-16,103.64252471923828,71.8624038696289,62.96835060981089,0.3697500356251653,0.36916989780468884,0.008592954361763026,0.06751319698123215
2017-11-17,104.053466796875,71.94976806640625,63.044902173315506,0.37150340984615304,0.3692893849086986,0.008574397771695136,0.25821346249682114
2017-11-20,106.51008605957033,72.14393615722656,63.21503904268871,0.3844020940117887,0.36957547474768293,0.008788443070023608,1.6870586912803374
2017-11-21,106.86740112304688,73.4351577758789,64.34645256659158,0.3758732900035466,0.3696302426363344,0.008817720102266866,0.7080115148594004
2017-11-22,106.6172866821289,73.47400665283203,64.38049331075065,0.3740898658215121,0.36959116699972916,0.008792214480541865,0.5116684575585658
2017-11-24,107.31407928466795,73.55167388916016,64.44854805849992,0.377519749449588,0.369814411846332,0.008821077297248268,0.8735143501870976
2017-11-27,107.64459991455078,73.78467559814453,64.65271230174777,0.37753441178522723,0.3699743421713082,0.008873325016313495,0.8519996281010712
2017-11-28,109.6277313232422,73.91089630126953,64.76331129455367,0.3877857601662197,0.3703407117802915,0.009147765955478204,1.9070282810942607
2017-11-29,108.02871704101562,74.3283462524414,65.12909553599272,0.375337926001854,0.3702158712808003,0.009024741397404619,0.5675569521057667
2017-11-30,110.50872802734376,75.29922485351562,65.97981330856979,0.3816582506146577,0.37005533703559146,0.008724173973742037,1.3299727417161336
2017-12-01,111.24288177490234,74.99824523925781,65.7160844481858,0.38810978047001865,0.37004083080790573,0.008692840498208785,2.07860131171579
2017-12-04,110.22224426269533,75.39628601074219,66.06486168782973,0.37927948167180925,0.3699651184176012,0.008589947790110061,1.0843329298150126
2017-12-05,110.81314086914062,75.36717224121094,66.03935118513708,0.38281960468832954,0.3701067402972571,0.008731876562842869,1.4559143500917138
2017-12-06,110.4908218383789,74.5128173828125,65.29073558961058,0.3877945573546113,0.37031457834832326,0.009002390306090919,1.9417041932142507
2017-12-07,111.18915557861328,75.02738189697266,65.7416150063051,0.38758450359515445,0.3705473768061936,0.009265970300977191,1.8386770338735183
2017-12-08,112.15612030029295,76.09528350830078,66.67734773243103,0.38452137565195643,0.37065783623827037,0.009393655108369838,1.4758407939986553
2017-12-11,113.123046875,75.21184539794922,65.90324837478074,0.3966252044783628,0.37110355942120204,0.009972832990975174,2.5591168608013732
2017-12-12,114.26010131835938,74.75550842285156,65.50338996347153,0.4061292079847351,0.37161553667838837,0.010939358986076111,3.1549994245802346
2017-12-13,113.06037902832033,74.5128173828125,65.29073558961058,0.40170833431512093,0.37210933644550764,0.011608905884095137,2.549680233876786
2017-12-14,112.86338806152344,73.8041000366211,64.6697326738273,0.4061663332355434,0.37260435946136766,0.012403826519736632,2.705775812066772
2017-12-15,113.14094543457033,74.84290313720703,65.57996826754501,0.39957797852204274,0.3730479808016422,0.012883494224124454,2.059223783461081
2017-12-18,112.62166595458984,75.81375122070312,66.43065929955323,0.3892560048836947,0.37341253565435645,0.013029114569256001,1.2160050589103828
2017-12-19,111.60100555419922,75.54190826416016,66.19246099728853,0.38580474647957724,0.37382580766873996,0.013022255447140248,0.9198820326833563
2017-12-20,111.22498321533205,76.06619262695312,66.65185728516502,0.37959798066429423,0.3744178615868386,0.01244127200291058,0.41636571214292
2017-12-21,111.5831069946289,77.05646514892578,67.51956868925276,0.37381277978912136,0.374651719178631,0.01229247132913119,-0.06824822828925195
2017-12-22,111.43985748291016,77.03703308105469,67.50254163203101,0.3731606436687111,0.3748499648404307,0.012168221607215696,-0.1388305724739468
2017-12-26,111.05487823486328,77.05646514892578,67.51956868925276,0.370834341525351,0.37499201512203023,0.012068707570682723,-0.3445003180604894
2017-12-27,111.6994857788086,77.813720703125,68.18310247980824,0.36852485138837543,0.37503861376837017,0.012037693389500639,-0.5411138304682263
2017-12-28,111.78008270263672,78.10496520996094,68.43830109872582,0.3666971226953392,0.3748857145010603,0.01208510951717447,-0.677576963128389
2017-12-29,111.54729461669922,77.53217315673828,67.93640067664599,0.3698749232746488,0.37476733717963173,0.012099050151457617,-0.4043634701682346
2018-01-02,109.89990234375,77.35742950439453,67.78328417935232,0.3618226259911878,0.3746690957563751,0.012180920507969201,-1.0546386668218257
2018-01-03,110.62510681152344,78.49332427978516,68.77859489289885,0.35700905657614834,0.37453206307650266,0.012334179892585253,-1.4206867949841038
2018-01-04,111.05487823486328,77.91080474853516,68.26817091449483,0.3640935099910631,0.3744375000776676,0.012392939092303703,-0.8346680323014194
2018-01-05,114.24217224121094,76.97875213623047,67.45147383065019,0.3889837757507503,0.3748722791050947,0.01243871841613636,1.1344815577904905
2018-01-08,115.97016143798828,78.58067321777344,68.85513308611904,0.38598447130383484,0.37523541678499,0.012439801806873521,0.8640856732062664
2018-01-09,117.0982437133789,79.54182434082031,69.69732730237192,0.3847074736583181,0.3755116975728018,0.012463392783647961,0.7378228581210418
2018-01-10,118.4770278930664,79.2699966430664,69.45914237039165,0.3938783699282753,0.37600688367216933,0.012594562980106954,1.4189842302852333
2018-01-11,118.3516845703125,80.64859771728516,70.66712082808357,0.38302975580453347,0.37639421295685366,0.01244383307887197,0.5332394613156705
2018-01-12,117.74288177490234,81.50293731689453,71.41572305332564,0.37348170145384757,0.3766519815448634,0.012214753542475532,-0.25954515414424967
2018-01-16,117.0982437133789,80.968994140625,70.94786337540488,0.3740280985167584,0.37688987374792204,0.012017486271881149,-0.23813426255869471
2018-01-17,117.75183868408205,81.58061981201172,71.48379117135934,0.3729512940204505,0.37718028201596887,0.011698797407311088,-0.36148912134126476
2018-01-18,118.9963150024414,81.50293731689453,71.41572305332564,0.3800810558375768,0.3774773696393906,0.0115386075600207,0.22564994819717335
2018-01-19,119.86478424072266,82.998046875,72.72579031778369,0.3736430787777305,0.3775112220755325,0.01152407801866526,-0.3356575069638422
2018-01-22,120.47359466552734,83.26988220214844,72.96398193490617,0.3748312313066196,0.37771011136399263,0.01136953785281485,-0.253209945262663
2018-01-23,120.6973876953125,84.00775146484375,73.61052877909319,0.3706336389561288,0.3779153459182321,0.011122029594331437,-0.6547102667137846
2018-01-24,121.37786865234376,83.289306640625,72.9810023069857,0.3793485579733979,0.378261793284306,0.010828839832545385,0.10035836764578518
2018-01-25,122.80140686035156,84.10482025146484,73.69558384349536,0.38072427108116763,0.3785066007010264,0.010713175981882747,0.20700400925846832
2018-01-26,122.6760482788086,85.13392639160156,74.59732262145774,0.3727408846038188,0.37873163573101587,0.010439910762690043,-0.5738316412250075
2018-01-29,120.96600341796876,84.73587799072266,74.24853869667156,0.3667569115745464,0.37869175086414797,0.010481625054464047,-1.1386439819766911
2018-01-30,119.33655548095705,83.8912582397461,73.50845334261147,0.3643121343742504,0.37867376282848747,0.010505735661493768,-1.3670273950329939
2018-01-31,120.32137298583984,83.15340423583984,72.8619198687089,0.3748885596595749,0.37856298437995667,0.01051009335139023,-0.3496091421391349
2018-02-01,122.26422119140624,83.26018524169922,72.95548511915084,0.38405666606698946,0.37875344518972703,0.010504279780856034,0.5048628737905005
2018-02-02,120.55416107177734,80.2408676147461,70.30985345782649,0.39726509882333516,0.3792488751857677,0.010666159796249597,1.6891012305949373
2018-02-05,116.86547088623048,77.5807113647461,67.97893155141819,0.39818598324826643,0.37974551902727505,0.010844113461469693,1.7005045443790627
2018-02-06,104.69815063476562,78.33795928955078,68.64245865683144,0.3219096504703287,0.3790113917073467,0.013058297483348925,-4.372832010438601
2018-02-07,102.57624053955078,79.62921905517578,69.77390560644538,0.2968522522441023,0.37767593720614223,0.01682392275609809,-4.80409272758603
2018-02-08,99.51426696777344,76.36713409423828,66.91555271983795,0.3039400104863705,0.37651815046712456,0.01932678606993126,-3.755313465888238
2018-02-09,95.8971710205078,78.08555603027344,68.42129409693071,0.2619840580698404,0.37453512128211114,0.024321395789628608,-4.627656413546216
2018-02-12,99.0934600830078,79.43504333496094,69.60376205192998,0.2738561263895586,0.3727132567123867,0.02754437691339664,-3.5890131272037378
2018-02-13,100.47223663330078,80.78450775146484,70.7862099515026,0.27205206826789874,0.37102278201448635,0.030455161013986674,-3.249718945867167
2018-02-14,102.9612274169922,83.46407318115234,73.13413885970601,0.2668455140283704,0.3693077066545397,0.033293325890737704,-3.0775595373808704
2018-02-15,105.1547393798828,82.09515380859375,71.934643847485,0.2935459572457098,0.36800841577786575,0.034697730970896325,-2.1460325055437592
2018-02-16,99.78282928466795,80.84275817871094,70.83725101231455,0.2665110977589067,0.36604356584031766,0.03701427445664815,-2.6890292878220636
2018-02-20,99.1829833984375,81.85244750976562,71.72197610333961,0.2531549216665979,0.3639982597013685,0.03975125201603698,-2.7884238209667633
2018-02-21,99.64857482910156,81.83304595947266,71.70497578668672,0.25681503407446793,0.3620436791722511,0.04206265311004872,-2.5017120252132687
2018-02-22,98.44886779785156,80.9495620727539,70.93083631818314,0.25562187905639533,0.36001204799903125,0.04419241051643835,-2.3621741317732754
2018-02-23,97.36551666259766,81.3670425415039,71.29664730019104,0.24358236132392658,0.3577795138246762,0.04660962399060307,-2.4500766735164574
2018-02-26,99.67542266845705,79.74569702148438,69.87596767264266,0.2753648528273886,0.35590583203569565,0.04763137521459626,-1.69092281810973
2018-02-27,98.65476989746094,77.51277160644531,67.9194003599931,0.287700459539477,0.35444520759465614,0.048363469811656616,-1.3800653326799202
2018-02-28,100.28425598144533,78.43505859375,68.72754046180246,0.2912158875949513,0.352937834877661,0.04890730671692484,-1.26201893798724
2018-03-01,99.94319152832033,77.18033599853516,67.62810865825642,0.2997976701531147,0.35146596637237926,0.0491590952158963,-1.0510424569929202
2018-03-02,103.20999145507812,76.74264526367188,67.24458873452083,0.32567637439423996,0.3505725812510864,0.049132129897371396,-0.5067194707180489
2018-03-05,103.52413177490234,76.08123016357422,66.6650337004709,0.33332084588020716,0.3497476019376177,0.04899687321527739,-0.3352613132114856
2018-03-06,106.05501556396484,76.78153228759766,67.27866290439097,0.3434444430909403,0.3490084333665565,0.048747063934517644,-0.11414000816726874
2018-03-07,106.61145782470705,77.034423828125,67.50025531339347,0.3447927301542612,0.3482952371425416,0.048485440470585825,-0.07223832462459012
2018-03-08,107.59869384765624,77.04413604736328,67.50876549943322,0.3507252745971699,0.34773196879162854,0.04825321171651945,0.06203329683268734
2018-03-09,111.77195739746094,79.24238586425781,69.43494884071536,0.35773428850631295,0.34708378685876107,0.04784478143642656,0.22260529419919423
2018-03-12,111.1257781982422,78.91166687011719,69.14516129597708,0.35660735648000175,0.3462584226670155,0.04723215770930309,0.21910779254846235
2018-03-13,107.6256103515625,79.02838134765625,69.247430601583,0.3347329016773331,0.34514216545638565,0.04668776737284567,-0.22295484159533266
2018-03-14,107.06018829345705,79.01864624023438,69.2389003601166,0.33129907201275827,0.34389437776933923,0.04602493308249302,-0.27366266310492415
2018-03-15,106.44989776611328,79.65087127685547,69.79287804005172,0.32226120967468863,0.34260576495521666,0.04551905405461138,-0.4469459153549126
2018-03-16,106.99736785888672,79.28126525878906,69.46901632544329,0.3287557940455907,0.34159742810791494,0.04513663716447428,-0.2845057777682986
2018-03-19,106.37812042236328,79.07703399658203,69.29006175348843,0.3265306026159642,0.3406095257101881,0.0448000851278837,-0.31426107905900186
2018-03-20,107.60767364501952,79.12566375732422,69.3326728499672,0.3338298531696582,0.33984672358527745,0.04451371191061535,-0.13516892115627865
2018-03-21,105.3011474609375,79.60224914550781,69.75027362871516,0.31527222381247744,0.33887104765233345,0.04439801850615258,-0.5315287626312812
2018-03-22,101.0740203857422,78.24053192138672,68.55708939074516,0.29844052880917343,0.3376257124046745,0.044467786408320414,-0.8812038277706818
2018-03-23,100.2573013305664,76.03257751464844,66.62240254856549,0.3120226802898847,0.33664551805075,0.04437145077759674,-0.5549252352437708
2018-03-26,102.84205627441406,77.79312133789062,68.16505259582758,0.31431359841860274,0.33574199716792047,0.04426311061998705,-0.4841141629942682
2018-03-27,100.57140350341795,76.63563537597656,67.15082292981243,0.3089171731638675,0.33477899800906263,0.04420673008186245,-0.5850200817229398
2018-03-28,100.43682098388672,76.16876983642578,66.74173902224646,0.31206418873474373,0.3338154857667309,0.04405858990622342,-0.4936902673981119
2018-03-29,102.40225982666016,76.6064682006836,67.12526563112428,0.3215226631625279,0.3331438197195865,0.043931388491804696,-0.264529689500401
2018-04-02,100.9483871459961,74.9626693725586,65.68491163003698,0.32601936042974716,0.3326273247838131,0.0438281020372535,-0.15077003216906937
2018-04-03,99.6111297607422,75.41009521484375,66.07696179523899,0.3130355125796931,0.3317763581602904,0.043702289977111695,-0.42882982997944696
2018-04-04,99.80858612060548,75.89642333984375,66.50309950059558,0.3101250195088443,0.3304620455562585,0.043134783947594395,-0.4714762469222569
2018-04-05,100.1585922241211,76.87879943847656,67.36389178249074,0.30394150779699153,0.32909466283114447,0.04264245926885516,-0.5898617355900035
2018-04-06,98.13027954101562,75.39065551757812,66.05992805287502,0.30284235125930087,0.3277302441244942,0.04213961489121307,-0.5906056077978762
2018-04-09,98.7495346069336,74.06782531738281,64.90081798477517,0.3189520826130554,0.3264814726692406,0.04124687912404182,-0.18254447890571412
2018-04-10,98.97389221191406,72.95901489257812,63.9292395260921,0.3303124192955568,0.325602850394091,0.04057795310457887,0.11606225896432439
2018-04-11,97.33155059814452,77.43321990966797,67.84969438211671,0.27873294062509296,0.32402370438027833,0.04052670773412456,-1.1175534921887906
2018-04-12,98.42643737792967,77.76393127441406,68.13947524171277,0.28381211367784165,0.32252010463296316,0.040313036165530364,-0.9601854545557338
2018-04-13,97.24178314208984,77.43321990966797,67.84969438211671,0.27806711255238564,0.32093870160849536,0.040161965673425205,-1.0674673994972672
2018-04-16,97.65461730957033,78.32806396484375,68.63378802737851,0.27308982529156145,0.31915551443272844,0.03986565091064933,-1.1555233161604153
2018-04-17,98.80338287353516,78.94084930419922,69.17073196494967,0.276106983515902,0.3175299128450313,0.03959384127416581,-1.0461962768981676
2018-04-18,98.12132263183594,79.93295288085938,70.04004780316902,0.26221546180128724,0.3156529833532757,0.03950059842533164,-1.3528281515279292
2018-04-19,98.61491394042967,79.7384262084961,69.86959673211172,0.26763670170674386,0.31393636773245265,0.039308304195074834,-1.177859665375998
2018-04-20,98.86620330810548,80.07887268066406,70.1679078331742,0.2664808366375729,0.3120552390435222,0.03882258167647771,-1.1739147794378266
2018-04-23,96.87381744384766,79.84541320800781,69.96334248139345,0.25350635195606097,0.30993494039143715,0.03848115855697396,-1.466395258132102
2018-04-24,94.72883605957033,79.7967758178711,69.92072469977246,0.2370531022197884,0.3076734773517033,0.03871396565586275,-1.824157611743408
2018-04-25,95.37501525878906,79.59252166748047,69.74175007239096,0.24409871097814315,0.30562917400842987,0.038779613118087586,-1.5866703683433008
2018-04-26,95.91351318359376,79.68977355957031,69.82696558020629,0.24745418985695442,0.30368154159980837,0.03871685303903016,-1.4522707123477108
2018-04-27,95.30321502685548,77.97789764404297,68.32696005513404,0.2583743692442665,0.3017396384262198,0.03800016258111092,-1.1411864117525983
2018-04-30,95.8327407836914,76.68428802490234,67.19345408171786,0.27430019829131336,0.2999103639632919,0.036585813715183296,-0.7000026259180946
2018-05-01,96.29044342041016,78.0459976196289,68.38663163454564,0.26535826376973104,0.29771191671239855,0.03454270193374818,-0.9366277428071725
2018-05-02,95.84172058105467,77.27758026123047,67.71331748092955,0.26894400519572265,0.29555788374485614,0.03211548556234445,-0.8286930146975074
2018-05-03,94.63908386230467,77.68612670898438,68.07130016140363,0.25587142024669624,0.29445724657446226,0.032327973929812084,-1.1935739125359508
2018-05-04,91.9825439453125,78.94084930419922,69.17073196494967,0.2224276933492934,0.2932168372595488,0.033635881661978416,-2.1045722726000236
2018-05-07,92.58387756347656,79.12566375732422,69.3326728499672,0.22572891048956026,0.2919133189262686,0.03471156300981703,-1.9066962907429506
2018-05-08,91.8748779296875,80.17613220214844,70.25313002613174,0.2097352555515318,0.29104250555096345,0.036102640468018844,-2.252113666629366
2018-05-09,93.25697326660156,80.5846176147461,70.6110592254681,0.21760911198470462,0.29010505531088254,0.03726792622050397,-1.9452636805503898
2018-05-10,94.60317993164062,80.6430892944336,70.6622941554043,0.22820098531179442,0.2893742039282808,0.038049734643166896,-1.6077173517811132
2018-05-11,95.86863708496094,81.3739242553711,71.30267729846902,0.2317088628745056,0.2887885930757164,0.03866771292858342,-1.4761599763252904
2018-05-14,97.02638244628906,80.84774780273438,70.8416230953232,0.2456281667715667,0.2879899632344806,0.03906063315203298,-1.0845138197845396
2018-05-15,97.02638244628906,80.89643859863281,70.88428767293969,0.24518844536239112,0.28763458569453876,0.03935524890160023,-1.078538225949874
2018-05-16,97.33155059814452,82.04627227783203,71.89181214131312,0.2372035728676099,0.28736872988122225,0.03964492837694422,-1.2653612723585153
2018-05-17,97.26871490478516,81.1692886352539,71.12336841397678,0.24461102022260722,0.2871653296503579,0.03983519258384582,-1.068259161498507
2018-05-18,95.6352996826172,81.69547271728516,71.58442930226481,0.22688822589729787,0.2866864354310396,0.040389688880598004,-1.480531571077959
2018-05-21,95.57247161865234,81.77342224121094,71.65273140027605,0.2256653296801434,0.28638781823697657,0.04077814197501488,-1.4890940493080422
2018-05-22,93.73262786865234,80.6430892944336,70.6622941554043,0.22103281730320448,0.2854822843115735,0.04162160573881473,-1.5484618112238258
2018-05-23,93.1941375732422,80.22408294677734,70.29514614495338,0.2204714272926669,0.28436180044079334,0.042457413953013085,-1.5048107550505283
2018-05-24,92.2428207397461,79.9317626953125,70.03900492098347,0.21520882337894456,0.2830950160371932,0.04337345887212058,-1.56515515302572
2018-05-25,92.52104949951172,79.73687744140625,69.86823964824205,0.21941453386961246,0.2817552970991349,0.04408441314960531,-1.414122561141104
2018-05-29,91.5338134765625,78.2752456665039,68.58750678782367,0.22498745550249594,0.2800771484509391,0.044300064911306565,-1.2435578380920795
2018-05-30,88.86830139160156,79.63944244384766,69.78286369701357,0.18829088134188623,0.27765998237530043,0.045291244958068536,-1.973209195643744
2018-05-31,87.79739379882812,78.64551544189453,68.9119501098048,0.18830965329903715,0.2750744025454354,0.04589621452804344,-1.8904554577890818
2018-06-01,88.57132720947266,80.5359115600586,70.56838127756718,0.17670051384331845,0.2722728656069197,0.046691767537899186,-2.046878000196207
2018-06-04,88.25634002685547,81.06210327148438,71.02944885099744,0.16853796870711954,0.2692364105087522,0.04742167368634325,-2.1234687427456262
2018-06-05,89.36328125,80.9451675415039,70.92698567626726,0.17998386413911782,0.26627390343596563,0.0473514892847674,-1.8223299963789445
2018-06-06,90.28119659423828,82.51400756835938,72.30165815509163,0.17309464347459716,0.2632153582192089,0.04734450168158049,-1.9035096271733163
2018-06-07,92.61202239990234,82.01704406738281,71.86620136148724,0.19860784441985727,0.2609466072649176,0.0471203195747282,-1.3229698653931488
2018-06-08,93.54795837402344,81.98780059814453,71.84057721137694,0.20689959029414884,0.25887328256960745,0.04670731745423269,-1.1127526714927765
2018-06-11,94.4208755493164,81.84162902832031,71.71249657167866,0.21558825796736816,0.2570954000411521,0.046281882972530206,-0.8968334779814334
2018-06-12,95.03284454345705,81.66622924804688,71.5588051521545,0.22225676386480211,0.2553204162048056,0.045522993490176994,-0.7263066377025055
2018-06-13,94.04293060302734,80.61384582519531,70.63667000529398,0.2238755593910496,0.2536094988177237,0.0447233468235922,-0.6648415545454891
2018-06-14,93.4219741821289,80.80876159667969,70.80746201860426,0.2168886435841743,0.25166047865796565,0.04370464864869374,-0.7956095323702048
2018-06-15,92.531005859375,81.69547271728516,71.58442930226481,0.20095134038812906,0.2497551306008932,0.04337515183506698,-1.1251554899067424
2018-06-18,93.17897033691406,82.17294311523438,72.00280555750972,0.2020178781664438,0.24814808642351432,0.04332698807006709,-1.0646991704678426
2018-06-19,94.6728744506836,80.85746002197266,70.85013328136297,0.22678506796894485,0.24672745955149866,0.04258824732277541,-0.4682604435775639
2018-06-20,93.79095458984376,79.91227722167969,70.02193106776622,0.22834479842462024,0.24529464621826563,0.04171302861375732,-0.4063442132335407
2018-06-21,93.54795837402344,78.94760131835938,69.17664831580998,0.2353762020970065,0.24406896336715128,0.040884094189394135,-0.21261963711060533
2018-06-22,94.47491455078124,78.80143737792969,69.04857436125393,0.24423407416704082,0.24293846145768958,0.0398979704717889,0.0324731482336263
2018-06-25,93.72793579101562,77.24237823486328,67.68247223474927,0.2527860712401448,0.2417928515923165,0.03856796513866929,0.2850349923389188
2018-06-26,95.1858367919922,77.16439819335938,67.61414339616917,0.26494851906095473,0.24077500423616996,0.03708481061253105,0.6518440953455075
2018-06-27,93.54795837402344,76.25819396972656,66.82009557414915,0.26056705374808015,0.23990052992230976,0.035953352393172724,0.5748149324093296
2018-06-28,93.4219741821289,76.24845886230469,66.81156533268273,0.259661200264805,0.23905946626824243,0.03485624988839107,0.5910484938147064
2018-06-29,93.65595245361328,77.13516998291016,67.58853261634329,0.25321479643067896,0.2382140210788039,0.03385671168110838,0.44306651789356416
2018-07-02,93.3679656982422,77.27161407470703,67.70808969971736,0.24963089772830596,0.237327163519954,0.03281604394100327,0.37493045263078106
2018-07-03,92.17105865478516,77.41773986816406,67.83613022856235,0.2384976569092992,0.2359862564248914,0.031018729274887597,0.08096400281751674
2018-07-05,92.6390380859375,77.65162658691406,68.04106994830714,0.24013225628257318,0.23448325370800832,0.028449108790305756,0.19856518586233513
2018-07-06,90.70418548583984,78.49933624267578,68.78386278496433,0.21573398949405023,0.23343327118915758,0.02794640997098255,-0.6333293511934072
2018-07-09,92.88201141357422,78.86964416503906,69.10833953265654,0.23062942600724193,0.23254689306131426,0.02715361254858482,-0.07061554151004742
2018-07-10,92.60301971435548,79.2009506225586,69.39864183334538,0.22517657678036415,0.2316653841317806,0.026501490041855744,-0.24484688752097292
2018-07-11,91.92809295654295,78.54808807373047,68.82658084371853,0.22571081965581716,0.2308757340378515,0.025946316536957576,-0.19906156523903917
2018-07-12,92.81002044677734,78.92810821533203,69.15956777745052,0.22948067099428596,0.2300986288291579,0.02525776131414976,-0.024466057271899346
2018-07-13,92.60301971435548,78.89888763427734,69.13396368276685,0.22803477893613577,0.2295289507814054,0.024904091427894525,-0.05999704303992522
2018-07-16,93.3499755859375,78.03165435791016,68.37406356718134,0.2423521267632477,0.2291075411990138,0.024458262761246557,0.5415178376944894
2018-07-17,94.38489532470705,78.996337890625,69.21935300427977,0.24170388005132987,0.22869459192257638,0.02402183446573193,0.5415609764238337
2018-07-18,95.41079711914062,80.8379898071289,70.83307279843014,0.2329440492017945,0.22835188687667196,0.023807579971243432,0.1928865651472895
2018-07-19,94.27689361572266,80.0389633178711,70.13293785424723,0.231144748448036,0.2282534143138094,0.023783186661123685,0.12157051010127297
2018-07-20,94.15090942382812,79.86355590820312,69.97923974958086,0.23174840164122917,0.22804757582486085,0.023697013127503514,0.15617267022032527
2018-07-23,93.85392761230467,79.52252960205078,69.68042057771004,0.23250129949305204,0.22779836098546247,0.02356773503383952,0.19954987192604207
2018-07-24,93.70994567871094,78.43115997314453,68.72412435413058,0.24152691860449213,0.22751757014146626,0.02329606802724187,0.6013610728919434
2018-07-25,94.78985595703124,78.31423950195312,68.62167454968483,0.25124876775775773,0.22713337963257363,0.022693760678082976,1.0626439781077843
2018-07-26,93.52096557617188,77.57368469238281,67.97277453543812,0.2480282789599089,0.22684454655240993,0.022305980510989042,0.9496884657037513
2018-07-27,91.9460906982422,76.44334411621094,66.98233060542415,0.24592033243500766,0.2264608186730647,0.02176084790483185,0.8942442797746916
2018-07-30,87.00545501708984,75.30326843261719,65.98335643394377,0.21458139236524829,0.22577265154170723,0.021465880864140675,-0.5213510336374891
2018-07-31,87.410400390625,76.64798736572266,67.16164617505862,0.2047400221642144,0.2254778570219559,0.02163339656125898,-0.9586028157445582
2018-08-01,86.71748352050781,76.53102111816406,67.05915625975958,0.1995673727599416,0.22504183139312894,0.021890370154954205,-1.163729002884037
2018-08-02,86.21353149414062,76.43359375,66.9737869936733,0.1958787362678455,0.2248108894050675,0.022126410642347855,-1.30758456962959
2018-08-03,85.16058349609375,76.18025970458984,66.75180684642234,0.18854297479303844,0.22432645378520638,0.022599880075810524,-1.5833481802617309
2018-08-06,83.65768432617188,76.13152313232422,66.70910215795256,0.1744757266900107,0.2234310328081767,0.023490530533806814,-2.0840442938362367
2018-08-07,84.25165557861328,75.61507415771484,66.25657151113093,0.18566682230569956,0.22266366546536323,0.023962816685532726,-1.5439271453426462
2018-08-08,83.42372131347656,74.92326354980469,65.65038287049622,0.18485139835499312,0.221650719325087,0.024258360102733488,-1.51697480020289
2018-08-09,82.88373565673828,74.34720611572266,65.14562120754834,0.1856307202501453,0.22065809057321625,0.024496250537571488,-1.4299074166206462
2018-08-10,83.23473358154297,73.85905456542969,64.71788575320235,0.19420379246240635,0.21994142756646287,0.024632612971299254,-1.0448601264528772
2018-08-13,83.4957275390625,73.52709197998047,64.42700853028302,0.20020631712864545,0.2192013491815635,0.024545769944199484,-0.7738617324329177
2018-08-14,84.10765838623047,74.72798919677734,65.47927665550183,0.19351430227412295,0.21864511712117723,0.024745952302446507,-1.0155525453174712
2018-08-15,85.17860412597656,74.4155502319336,65.20550671151082,0.20686827041915629,0.2183318328001608,0.024774538965374484,-0.462715467562334
2018-08-16,85.59254455566406,75.4113998413086,66.07810495455777,0.200509200748649,0.21798977252425153,0.024878082266369013,-0.702649488350367
2018-08-17,86.18649291992188,75.37236785888672,66.04390376698554,0.20641566500749436,0.21775550981949865,0.024920459320321053,-0.4550415650949644
2018-08-20,88.89530181884766,74.48388671875,65.26538553033109,0.23935538719098337,0.21815795254969927,0.025073140383578007,0.8454240002248639
2018-08-21,88.04937744140625,74.9134750366211,65.6418058330343,0.2277724759554494,0.21829725158446323,0.025103438741897223,0.3774472680179935
2018-08-22,89.20130157470703,75.37236785888672,66.04390376698554,0.23323707769095817,0.2184347452876043,0.02516322338892859,0.58825263260456
2018-08-23,90.06523132324219,74.95252990722656,65.67602707603317,0.24467663071793214,0.21937450777720505,0.025071110957209902,1.0092142699185316
2018-08-24,92.342041015625,75.28448486328125,65.96689761381029,0.26015015734320734,0.22057184951127456,0.025277003165665272,1.565783236744359
2018-08-27,91.0191421508789,75.91909790039062,66.52296774325873,0.2432875874473333,0.22168163407134148,0.02477495311312313,0.8720885677296115
2018-08-28,90.20023345947266,75.63597106933594,66.27488211565796,0.23916794462955107,0.22285880033671532,0.023868452502614115,0.6832929068631302
2018-08-29,90.68616485595705,76.32917022705078,66.88228745217582,0.23654689263403278,0.22380151747829727,0.02325549297151874,0.5480586961258965
2018-08-30,90.84864807128906,75.74337005615234,66.36898886261932,0.24356237298214334,0.22497597963675633,0.022415491731703763,0.829176248634287
2018-08-31,90.99310302734376,75.78243255615234,66.40321679076041,0.24438708643328638,0.22573896700364682,0.022281475711785466,0.8369337682501842
2018-09-04,93.89079284667967,75.33330535888672,66.00967583884444,0.27189854650940953,0.22682228294056783,0.022920923641427733,1.9665989152099423
2018-09-05,93.2588882446289,73.9273910522461,64.77776457202262,0.2801746542577315,0.22789872287874058,0.023880885387168614,2.1890281926933586
2018-09-06,92.88878631591795,73.89811706542969,64.75211368134345,0.2775827605785931,0.22882082282397043,0.024712983044921387,1.9731303851901214
2018-09-07,94.17967224121094,74.63035583496094,65.39372689057575,0.2806720157267809,0.22976743042956593,0.025592466762775032,1.989045673833096
2018-09-10,93.34915924072266,74.77680969238281,65.52205488053598,0.2728975564984693,0.23070091231147086,0.026130554964982625,1.6148391889703788
2018-09-11,93.91788482666016,75.57737731933594,66.22354022344634,0.2698314357034275,0.23184891390005913,0.02631382785171216,1.4434434251608497
2018-09-12,93.43038940429688,76.11434936523438,66.69405390282647,0.2609856252845931,0.23283170968536165,0.026281958315315816,1.071225943723713
2018-09-13,93.94493865966795,77.07117462158203,67.5324576434434,0.2561088916261861,0.233320440079649,0.026439785288351444,0.8619000229391802
2018-09-14,94.06231689453124,78.16466522216797,68.49061233655864,0.24685079447703465,0.23362887334718924,0.02648865383420795,0.4991541364314396
2018-09-17,94.58588409423828,77.22737884521484,67.66932924515447,0.2597026837789338,0.23403431470855468,0.026701172958994348,0.961319905676004
2018-09-18,95.8586883544922,77.510498046875,67.91740818761302,0.26694432924058525,0.23441281895978042,0.027007420085616726,1.204539721960709
2018-09-19,96.53573608398438,78.52588653564453,68.80712707987271,0.26286910041093803,0.23458086944596032,0.027154652108814133,1.041745291069136
2018-09-20,96.75236511230467,79.16053009033203,69.36322394989001,0.25877190941168626,0.23447792595180586,0.027049079425294543,0.8981445570810165
2018-09-21,96.72528076171876,79.04334259033203,69.26054016546674,0.2596259581392073,0.2344622410249913,0.02703396336572746,0.9308186437108781
2018-09-24,95.04625701904295,78.26228332519531,68.57614873120029,0.2537476187074216,0.23436368133236826,0.026951189636053884,0.7192238130046215
2018-09-25,92.06731414794922,78.21346282958984,68.53337050616614,0.23006641320651514,0.23397787494529884,0.026842226385946976,-0.1457204660501455
2018-09-26,89.25086212158203,78.75043487548828,69.00388418554627,0.20049813086905346,0.23315899549764466,0.02710476981355095,-1.204985869766084
2018-09-27,88.24884796142578,80.09777069091797,70.18446693044089,0.17804237099668174,0.232151407399101,0.028011459887351563,-1.931674986595466
2018-09-28,86.62395477294922,78.86760711669922,69.10655459968511,0.17506766241285562,0.2310669975012724,0.02894125391711045,-1.9349311971348016
2018-10-01,87.5898666381836,76.53418731689453,67.06193059377883,0.20750789834259675,0.23092989598208152,0.029034455489405503,-0.8066966383451316
2018-10-02,87.21976470947266,75.25521087646484,65.94124672313112,0.2169940626092869,0.23070263992544893,0.02909015652115189,-0.471244536143844
2018-10-03,86.33511352539062,74.73776245117188,65.48784032267932,0.21422252830032015,0.23052007245078152,0.02915971566187622,-0.5589061409048298
2018-10-04,86.14553833007812,73.62474060058594,64.51257166549352,0.22381449040925802,0.23048846696333886,0.02916604364582682,-0.2288269411897342
2018-10-05,87.75236511230469,72.6191177368164,63.6314097552691,0.2480686238709277,0.23079826617794955,0.02925374544933188,0.5903639834048189
2018-10-08,90.1987075805664,73.17561340332031,64.11903071357756,0.26305620780196204,0.23138195665904665,0.029545601642168007,1.0720462397932466
2018-10-09,91.5347137451172,73.44902038574219,64.35859946999634,0.27119511666401097,0.2318626731573927,0.029958867220733258,1.3128815324298362
2018-10-10,92.04022979736328,71.66232299804688,62.79303275522103,0.2922075509714314,0.2327044010060611,0.03093367271832181,1.9235721056209079
2018-10-11,90.99310302734376,71.36943817138672,62.536396830727206,0.28688283425794525,0.23360338075699694,0.031714667965519604,1.679962519515389
2018-10-12,90.37020111083984,71.87710571289062,62.98123287885931,0.2770450991811553,0.2343683866025489,0.0322041721888602,1.3251920381101656
2018-10-15,89.60291290283203,71.26200866699219,62.44226334319699,0.27686937682852913,0.23512040285567054,0.03266547231654352,1.2780765441960167
2018-10-16,92.78947448730467,72.86318969726562,63.84527413987098,0.2865826495101553,0.23602175868928896,0.03333133823562599,1.5169175165857764
2018-10-17,92.6540756225586,72.75578308105469,63.75116070776741,0.28655585665483585,0.23677224099012803,0.03395842504397071,1.4660166247476445
2018-10-18,93.24986267089844,70.34427642822266,61.638114271290014,0.31377420469416717,0.23781433160573487,0.035341404793165325,2.1493167442829604
2018-10-19,94.7032470703125,68.9871826171875,60.44898122950234,0.33686193372987094,0.23929489251856756,0.03756721835511187,2.597132433097144
2018-10-22,94.2699203491211,68.49901580810547,60.021232404871924,0.3383512039038186,0.24083540704304776,0.039679291245860615,2.4575992614521263
2018-10-23,96.39128875732422,67.23955535888672,58.91764912801033,0.36436168848752176,0.2433317453117523,0.04260339162681239,2.840852301993708
2018-10-24,95.50662994384766,62.30911636352539,54.59742611009643,0.4037086949273936,0.24664788985780525,0.047059199230699976,3.337515462165508
2018-10-25,96.3190689086914,65.9508056640625,57.78840159018514,0.3756091169298537,0.2495819189273038,0.04949874799045546,2.546068398070411
2018-10-26,96.52669525146484,66.65376281738281,58.40435722359605,0.3705709703670706,0.2524934561622909,0.05138804399973955,2.2977623784508734
2018-10-29,98.31407165527344,66.9759521484375,58.6866707793379,0.3791426125085034,0.255670116790882,0.05322609390520315,2.3197737549091744
2018-10-30,101.05831909179688,67.0735855102539,58.77222054426398,0.3951555102460382,0.25934811318348244,0.05511159615703228,2.4642254358881712
2018-10-31,101.87073516845705,69.48509979248047,60.885273665883595,0.3792366329395916,0.2625742766940473,0.05637643312645742,2.0693461749142608
2018-11-01,99.74935913085938,70.93006134033203,62.15139949056208,0.3533417462046273,0.26538244915820786,0.05663510444292376,1.553087928619676
2018-11-02,101.3291015625,71.09603118896484,62.29682807430843,0.36198807667667277,0.2683217384319833,0.05700111684583915,1.6432368947789608
2018-11-05,101.22981262207033,70.68599700927734,61.93754179110241,0.3649115114602834,0.2711668670819479,0.05749708038210758,1.6304244277333375
2018-11-06,101.5006332397461,68.91883850097656,60.38909572553986,0.38186156455250336,0.27419445453901226,0.05847161851663492,1.8413567598246026
2018-11-07,100.40831756591795,71.24250030517578,62.42516943455309,0.35485906041365867,0.27688353384133785,0.058408338005760195,1.3350067684622513
2018-11-08,99.11748504638672,70.4598159790039,61.739354064994835,0.353376440723783,0.2793253366797483,0.05849406555329852,1.2659592617401665
2018-11-09,98.30503845214844,69.61845397949219,61.002123266660575,0.35553181030790865,0.2819090468390693,0.05837730816991508,1.2611537903486452
2018-11-12,97.13151550292967,68.66946411132812,60.17058516709851,0.3563064290145905,0.2844072262391875,0.05829904819353297,1.2332826178691993
2018-11-13,98.83763885498048,69.324951171875,60.74494584564734,0.36160663610718385,0.2864447470544576,0.0588316981051252,1.2775746999248765
2018-11-14,98.93693542480467,69.5401840209961,60.933540392676306,0.3603411403117229,0.28865422479372876,0.059079705919669,1.2133932354955728
2018-11-15,99.0362319946289,71.31098175048828,62.48517527107544,0.3453151350023214,0.2905221924155848,0.059069669840976724,0.9275985922089354
2018-11-16,99.39729309082033,71.45773315429688,62.61376398158206,0.34639959637101164,0.29221757517646957,0.05919120657253929,0.915372811806794
2018-11-19,100.1285171508789,69.65757751464844,61.03640467593939,0.36692609276707006,0.2939971741002006,0.059812611641267964,1.2192899902827825
2018-11-20,99.29802703857422,69.94129180908203,61.28500505949071,0.359127730332683,0.2959278431482897,0.06001726310522304,1.0530284773830905
2018-11-21,97.46550750732422,70.9979248046875,62.21086383056501,0.33757887909299344,0.29756802538934707,0.059784067830624954,0.6692561271842803
2018-11-23,96.94195556640624,71.53600311279297,62.68234685556633,0.32913779820313344,0.2991112071488321,0.05937586945410627,0.5057036019912089
2018-11-26,96.8336181640625,73.46331787109375,64.37112742650736,0.31094721447187285,0.3002342878403275,0.058943074809245356,0.18175038655881218
2018-11-27,97.42940521240234,73.54158782958984,64.43971030049163,0.3144568925871237,0.3014021179428915,0.05851038166059009,0.22311894528326606
2018-11-28,95.9038314819336,75.28300476074219,65.96560069622058,0.2876411031471949,0.3016644938868546,0.05841105004797649,-0.24008112725488578
2018-11-29,96.71863555908205,74.80365753173828,65.54557989599077,0.29798506352251786,0.30196133404126774,0.058345207847979225,-0.06815076448283829
2018-11-30,97.43387603759766,73.90357208251953,64.75689355802722,0.3112329798484241,0.3025221710290983,0.05826857887096833,0.14949410107658986
2018-12-03,95.17955017089844,76.28093719482422,66.84002398309222,0.27303322235646527,0.30239485780625963,0.05832544666949531,-0.5034103830558531
2018-12-04,94.06595611572266,73.52203369140625,64.42257628099443,0.2901265671392001,0.3026820079836051,0.05822007908054651,-0.21565482291830584
2018-12-06,93.81246185302734,73.95247650146484,64.79974531962573,0.2841879330803887,0.30292128293988785,0.058112181755937034,-0.32236528200191444
2018-12-07,94.4643096923828,71.2816390991211,62.45946421411633,0.31390160657100064,0.303803215961328,0.057865978150344416,0.17451343487939558
2018-12-10,95.4783172607422,71.09574127197266,62.296574038904254,0.3228942151906473,0.30491630468740233,0.05757459331053454,0.3122542334998228
2018-12-11,93.59517669677734,70.83159637451172,62.06512104513455,0.31174372205058803,0.3059978534802949,0.057072659485171505,0.10067637678223165
2018-12-12,94.60012817382812,71.203369140625,62.39088134013206,0.3156116223925926,0.3069296691238559,0.056759543985536336,0.1529602364485008
2018-12-13,93.1244125366211,70.6554946899414,61.91081459252661,0.3099214293624441,0.30764595412588686,0.05651705060629146,0.04026174777605857
2018-12-14,91.34089660644533,70.30329132080078,61.602201687310725,0.2998256972988282,0.3082618974073517,0.05622139501152667,-0.15005319784032245
2018-12-17,90.77954864501952,68.74772644042969,60.23916135594056,0.3105109114068997,0.3091242141072719,0.055844981249124084,0.024831189278078758
2018-12-18,89.76553344726562,68.96297454833984,60.427769273253965,0.300621143054397,0.3098074671891918,0.055478697805156886,-0.1655829083634487
2018-12-19,88.79681396484375,68.15096282958984,59.71625621702103,0.3010041650390513,0.31059507629471894,0.05500274885734108,-0.17437148969669283
2018-12-20,87.59270477294922,66.0377197265625,57.864558730299066,0.3125351501749437,0.31196955524419273,0.05397714320014599,0.010478415440657281
2018-12-21,86.98613739013672,65.03004455566406,56.98159851681878,0.3178919400351077,0.31392611873029364,0.05195791893181452,0.07632756250338807
2018-12-24,82.5951919555664,65.06919860839844,57.01590666666645,0.28121417042275715,0.31564564872072826,0.04900815682790415,-0.7025662772603313
2018-12-26,85.21163940429688,68.00421142578125,59.58766750651441,0.2731038289870294,0.3172795848302978,0.04576906254038362,-0.9651881290837144
2018-12-27,86.56967163085938,68.80643463134766,60.29060352528543,0.2763868772125256,0.31842756781146325,0.043790126692731496,-0.9600495311176114
2018-12-28,87.10382080078125,69.41300201416016,60.82209907195131,0.2747224473809575,0.3193897075576578,0.042126278153105434,-1.0603182178677113
2018-12-31,88.57051086425781,70.24459838867188,61.55077288825029,0.27850568810205384,0.32046109355435337,0.040178683683039305,-1.0442205071544004
2019-01-02,86.8141098022461,69.4032211303711,60.813528719631606,0.2724008140413563,0.32127086561488827,0.03865868715220302,-1.264141520924542
2019-01-03,86.54249572753906,65.84208679199219,57.69313831362057,0.3061734040480162,0.32223927861783974,0.03750440588181953,-0.4283729922412017
2019-01-04,89.05032348632812,68.42488861083984,59.95627956311043,0.30029870722610436,0.3228599869415755,0.036810067535187,-0.6129105765400915
2019-01-07,87.41163635253906,69.20755004882812,60.64207487724204,0.2793359739270092,0.3229956678959588,0.03663097225525913,-1.1918792016960822
2019-01-08,84.66842651367188,70.30329132080078,61.602201687310725,0.24464701633269878,0.3222029923186466,0.03780430487488882,-2.0515117588490215
2019-01-09,84.01658630371094,69.50103759765625,60.89923892797085,0.24715358463232345,0.32154083815821954,0.03876905888831308,-1.918727347501337
2019-01-10,82.88488006591797,70.50874328613281,61.78222588201999,0.22622108238292654,0.3206937712115824,0.04028337954938423,-2.3452026588990584
2019-01-11,82.74002838134766,70.33264923095703,61.62792611455426,0.2267313141122333,0.3198581368329775,0.04170289550559588,-2.233102080603684
2019-01-14,83.47335052490234,69.45213317871094,60.856387166372336,0.24276749799659195,0.3191278843077514,0.0426679077063231,-1.7896444990163733
2019-01-15,83.94414520263672,70.92942810058594,62.15084462375823,0.2315939203352669,0.3182118520357586,0.043949775165734284,-1.9708390173523318
2019-01-16,84.17047882080078,70.4793930053711,61.75650813991867,0.23834513073623365,0.3169547008031264,0.04514150185502421,-1.7414035164216308
2019-01-17,84.67747497558594,70.44025421142578,61.722213360355425,0.2433104520294653,0.3153955094414529,0.04604877093749889,-1.565406762100714
2019-01-18,86.08981323242188,71.49685668945312,62.64804539086087,0.24496999293537386,0.3138391559253122,0.04683116524919851,-1.4705840143731421
2019-01-22,88.05443572998047,69.4717025756836,60.873534556153956,0.28196824005273835,0.3124659317847325,0.04653163833221206,-0.6554183954206863
2019-01-23,88.91452026367188,69.19778442382812,60.633517895206765,0.29161328643924445,0.3105976749765967,0.045032300379148855,-0.4215727017610344
2019-01-24,86.99518585205078,69.52063751220703,60.91641305832133,0.2727326306523796,0.30888306687197203,0.04447003518053477,-0.812916744338804
2019-01-25,86.94084167480469,70.20545959472656,61.51647810868705,0.265376044439617,0.3071298181065145,0.04406860760489456,-0.9474720427123291
2019-01-28,87.57459259033203,70.7435302734375,61.987954448546155,0.26530858497129806,0.30523258431422773,0.04336047008966892,-0.9207464600906616
2019-01-29,86.49723815917969,71.56533813476562,62.70805122738322,0.2478326532245987,0.30277720336387043,0.04234134441427775,-1.2976571929715137
2019-01-30,84.66842651367188,72.52410888671875,63.54815967926499,0.22166373824331512,0.30015098845226584,0.04240524970075182,-1.8508852267779288
2019-01-31,84.44210052490234,72.86652374267578,63.84819554701896,0.2160244470742045,0.2978623668000921,0.04318424419183065,-1.8950874620463825
2019-02-01,85.14827728271484,72.80783081054688,63.79676674795853,0.22313033497397836,0.2955480711050472,0.043409611893243084,-1.6682419623830138
2019-02-04,84.84043884277344,73.11112213134766,64.06252120643369,0.21717910686764733,0.2930858643618366,0.04359791820825875,-1.7410638079460008
2019-02-05,86.09888458251953,73.00350189208984,63.96822059034809,0.22971629871706875,0.290550109931246,0.042763580205447134,-1.4225612290158154
2019-02-06,86.04456329345703,73.93292999267578,64.78261798527075,0.21976517379125615,0.288298545154206,0.042876526935849174,-1.5983890548198512
2019-02-07,86.00835418701172,73.06221008300781,64.01966275969295,0.22830740932928037,0.28621406129763094,0.04269888592038001,-1.3561630642150304
2019-02-08,85.69146728515625,72.30890655517578,63.359591872804884,0.23315656906256899,0.28417447394354195,0.04225207824225328,-1.2074649816858858
2019-02-11,85.21163940429688,72.78826141357422,63.77961935817691,0.22390923678145894,0.2819678540729898,0.04187669114707507,-1.3864184514393287
2019-02-12,85.10299682617188,72.71001434326172,63.711056539619285,0.22372412364320346,0.27966981219859005,0.041210274177093394,-1.357566521275023
2019-02-13,86.00835418701172,77.6506118774414,68.04018082439254,0.18156174022883928,0.276690155530542,0.041738399289927494,-2.2791582073119785
2019-02-14,83.87171173095703,78.42349243164062,68.71740578620444,0.1526373884392827,0.27347885975449143,0.04373349577776022,-2.7631331355098347
2019-02-15,84.68653106689453,79.97904205322266,70.08043274729017,0.14469539917413862,0.27011712313454345,0.04573952969526547,-2.7420859986102415
2019-02-19,85.24786376953125,79.6268539428711,69.77183321235871,0.15394736096197825,0.26656747760445865,0.046359247165335606,-2.4292913178859883
2019-02-20,86.14415740966797,81.53459930419922,71.44346639351812,0.1433451145760122,0.26297110067518076,0.04741485192669937,-2.5229644560338063
2019-02-21,85.86347198486328,81.4465560913086,71.36631985235637,0.1414432115258621,0.2597021728823953,0.048921153567548406,-2.4173379557218713
2019-02-22,87.45690155029297,83.18799591064453,72.89223030351197,0.13963820039463923,0.2565438462522537,0.050455388336006914,-2.3170101294054666
2019-02-25,86.3704833984375,81.74005889892578,71.62349727336961,0.14350549788731595,0.25375315097584444,0.05200223095539978,-2.120056218031943
2019-02-26,85.91780090332031,81.68135833740234,71.57206178916697,0.13959147098564645,0.25083872728248646,0.053423159207153056,-2.08237883996094
2019-02-27,85.23880004882812,81.68135833740234,71.57206178916697,0.13273757198567873,0.24825700176312787,0.055323632130479895,-2.088066624132675
2019-02-28,87.11906433105469,81.4461441040039,71.36595885467676,0.15382119490227464,0.24585427061945714,0.056250108328121676,-1.6361404173718095
2019-03-01,87.38248443603516,82.11259460449219,71.94992608258862,0.14968916866645537,0.24316187376642434,0.05692975417169563,-1.6418954632767726
2019-03-04,88.59967041015625,81.72055053710938,71.60640336472571,0.16524802039833866,0.24136545373378887,0.05766699571267113,-1.3199479597430281
2019-03-05,88.02741241455078,82.33800506591797,72.14743860933248,0.15367516245172788,0.23909126365566433,0.058397394568491884,-1.4626697275638803
2019-03-06,86.1108169555664,82.28900146484375,72.10449994088516,0.1353368894234018,0.23661041292804788,0.05959852535003995,-1.6992622369401997
2019-03-07,84.23053741455078,81.26969909667969,71.21135157066914,0.12663861906966764,0.23348936313635898,0.060380499564465034,-1.7696233856530537
2019-03-08,83.8672103881836,80.8090591430664,70.80772273915065,0.12766778216739827,0.23023558925263818,0.06074010147303843,-1.6886341082384944
2019-03-11,85.83828735351562,81.15208435058594,71.10829341828182,0.14419727390471873,0.22744314845020702,0.06078071005156049,-1.3696101028578067
2019-03-12,86.89197540283203,81.74996948242188,71.63218127310697,0.14854590619765584,0.22465871984695812,0.06049923667075158,-1.2580789087228121
2019-03-13,87.0464096069336,82.0047836303711,71.85545833794765,0.14749148672246137,0.2219515541362917,0.06025294536579299,-1.235791328735658
2019-03-14,86.53772735595703,83.3083267211914,72.99766836652785,0.1292813253715761,0.2191091479375042,0.060539000013580244,-1.4838008976986357
2019-03-15,88.16365814208984,84.05319213867188,73.65034548612606,0.13793626546391127,0.21623290383845437,0.060221575123748115,-1.30014265175982
2019-03-18,87.0464096069336,84.49421691894531,74.03678681700964,0.12243211335011912,0.2132630866767164,0.06038291276042449,-1.5042496158967793
2019-03-19,86.75572204589844,83.994384765625,73.5988164099324,0.12454001279642267,0.2103220174726726,0.06033437432348151,-1.4217766511728698
2019-03-20,86.01087951660156,83.22989654541016,72.92894510455706,0.12474686423554768,0.20719221270701602,0.05981069124680686,-1.3784383151711173
2019-03-21,86.029052734375,84.08259582519531,73.6761100242229,0.11624672700771428,0.20383145915655942,0.05914658325458249,-1.4808079745174352
2019-03-22,86.692138671875,82.88687133789062,72.62837442542589,0.13509203399133138,0.2013960902160357,0.058914178257744775,-1.1254346268673971
2019-03-25,86.51956176757812,82.34781646728516,72.15603570222103,0.1388261673749154,0.1991581291891671,0.05869404018752626,-1.0279060978166148
2019-03-26,86.08357238769531,81.8381576538086,71.7094548319708,0.13965232064690578,0.19687921991307344,0.05829781618409755,-0.981630239552232
2019-03-27,85.63847351074219,80.8090591430664,70.80772273915065,0.14571025565769025,0.19472901671768564,0.05775470915596543,-0.8487405057762686
2019-03-28,85.52949523925781,81.5539321899414,71.46040654389108,0.13699065755484333,0.19237043287523214,0.05716200464658842,-0.9688214341463623
2019-03-29,86.692138671875,81.45594024658203,71.37454257728089,0.14955507374734295,0.19032300387033194,0.056442406054738006,-0.722292562855172
2019-04-01,87.95475006103516,82.47521209716797,72.26766420692806,0.15160908242757384,0.18774693184332453,0.05456115376974723,-0.6623366061549123
2019-04-02,87.65499877929688,83.34752655029297,73.0320166272288,0.1399878548941273,0.1850750843044583,0.05285460576333252,-0.8530425827451714
2019-04-03,86.92829132080078,85.06269073486328,74.53490344859574,0.1155094712829745,0.18234464259372438,0.05212922212464563,-1.282105670998524
2019-04-04,86.97373962402344,85.57233428955078,74.98147094856154,0.1108371540067969,0.180114478221626,0.052280730047361786,-1.3251024641788642
2019-04-05,87.06455993652344,85.69975280761719,75.09311950869521,0.11048230798655967,0.17783662361086325,0.0522877127492693,-1.2881480577909736
2019-04-08,86.82838439941406,86.42503356933594,75.72863586822737,0.10074357238689748,0.1757453317775961,0.05282625213655498,-1.4197819522918327
2019-04-09,86.21072387695312,85.36652374267578,74.80113255216817,0.10505937098388389,0.1737174660587903,0.05317007605423734,-1.2912920230708371
2019-04-10,87.3279800415039,86.23881530761719,75.56546491704226,0.10775662299508544,0.1714672848087652,0.05305505443049986,-1.2008405701880551
2019-04-11,87.11906433105469,86.76807403564453,76.02921991764298,0.10029374831210348,0.16927894860837914,0.05324051921885844,-1.2957274141654174
2019-04-12,87.33708953857422,86.96409606933594,76.20098127657444,0.10057309450314682,0.16698274800449434,0.05318222988497143,-1.2487188605100965
2019-04-15,88.73591613769531,86.41523742675781,75.72005214562324,0.12017137540247035,0.1649304300607111,0.05255913386784714,-0.8515942209166033
2019-04-16,89.86226654052734,86.39561462402344,75.70285795984611,0.1313906507482688,0.16303744102425935,0.051665296903747555,-0.6125347607108212
2019-04-17,91.56085205078124,86.01339721679688,75.3679457051562,0.15116241421324758,0.1608573439269345,0.049265827405674124,-0.19678812321277092
2019-04-18,91.97869110107422,85.49394226074219,74.91278111230183,0.15996708488052827,0.15866324056762254,0.04617854332137844,0.02823485149437597
2019-04-22,91.80609130859376,86.16040802001953,75.49676171049813,0.15202676093652825,0.15665147607235835,0.0436869447314781,-0.10586034716448862
2019-04-23,91.85153198242188,86.16040802001953,75.49676171049813,0.15244626918576057,0.15476931315146075,0.041290311380694174,-0.05626123630509488
2019-04-24,92.06044006347656,85.75855255126953,75.14464189974665,0.15819445628851347,0.15298407767341438,0.038661958719416724,0.13476758001095152
2019-04-25,92.41468811035156,85.88597106933594,75.25629045988032,0.16021317661738477,0.15152375306329413,0.03661946569020469,0.23728974168006398
2019-04-26,92.24211883544922,86.25839233398438,75.5826189919661,0.15510433977344665,0.15041442975546296,0.03544809955623737,0.13230356709372484
2019-04-29,91.74253845214844,85.51354217529297,74.92995524265231,0.15761757360606946,0.1494409818643274,0.03440236807668707,0.23767525896808755
2019-04-30,92.29661560058594,85.25871276855469,74.7066648075272,0.1650938530269905,0.14847370716521094,0.033086073474861116,0.5023305613586211
2019-05-01,91.77886962890624,90.757080078125,79.52452646935883,0.10788971685288394,0.14665221733163153,0.032236984242394746,-1.2024232846126828
2019-05-02,90.74334716796876,89.41433715820312,78.34796818007767,0.11067513376043057,0.14466819791568758,0.030662928252741056,-1.1086046275511294
2019-05-03,91.72434997558594,91.47252655029295,80.15142568057578,0.10052485948668388,0.1426808593439447,0.02955741400554311,-1.426241140356697
2019-05-06,93.622802734375,90.46305084228516,79.26688777353276,0.12821201361266227,0.14101260274866773,0.027387755296090277,-0.46738365366630824
2019-05-07,92.45104217529295,88.68903350830078,77.71243176511886,0.13397646166586202,0.1393596009587226,0.024581345802953614,-0.21899286296252168
2019-05-08,93.2230987548828,88.89488220214844,77.89280358722331,0.13921386908169872,0.13794801149705993,0.021932924078400782,0.05771494854556984
2019-05-09,94.10421752929688,89.32610321044922,78.27065451036054,0.14325836259711047,0.13660691547962506,0.01884139081434935,0.3530231490352486
2019-05-10,93.94071197509766,89.70836639404297,78.60560687590376,0.13820161593440425,0.1358842467413845,0.017895721606071054,0.12949291702401058
2019-05-13,93.6863784790039,87.59133911132812,76.75059355864312,0.15566230923764576,0.13593466208802385,0.017947902834500436,1.099161686550941
2019-05-14,95.43946075439452,89.9141616821289,78.7859319020127,0.14984558627146635,0.13602049853964598,0.018002743188711545,0.7679433954537142
2019-05-15,94.35855102539062,91.78614807128906,80.42623182161013,0.12272308313061651,0.1355000939091233,0.01792688851517069,-0.712728857977456
2019-05-16,95.6029815673828,92.32608032226562,80.8993393361697,0.12919362060168288,0.13526423567621781,0.017915014102956147,-0.33885628220260383
2019-05-17,96.09347534179688,91.22663116455078,79.93596354698451,0.14366391519821223,0.1353012474040903,0.01793028343035535,0.4663990854692357
2019-05-20,97.77391052246094,89.79337310791016,78.68009273046391,0.17122636090068383,0.13582771674585772,0.01851402729316494,1.911990492089999
2019-05-21,97.50141143798828,90.42164611816406,79.23060750673164,0.1632638624844313,0.1361570228224763,0.01882599645563962,1.4398621462522763
2019-05-22,97.9101791381836,90.3332977294922,79.15319355988129,0.16754783639955334,0.13662296224604142,0.019253541246089353,1.60619149268414
2019-05-23,96.47499084472656,88.99821472167969,77.98334715338405,0.1672899540888399,0.13719883528109414,0.019648048389925288,1.5315067537789275
2019-05-24,97.14713287353516,88.26197052001953,77.33822424448884,0.17969199100877298,0.13763001521620238,0.020292318410775015,2.072802867622859
2019-05-28,95.8300552368164,87.56497192382812,76.72748970714788,0.1747908689613944,0.13804837688778474,0.020797619356271148,1.7666681673607332
2019-05-29,97.43782806396484,87.28028106689453,76.47803362539304,0.19096738819085382,0.13847703301766,0.02161664991838416,2.4282372787354394
2019-05-30,97.10986328125,88.01656341552734,77.12318995999932,0.18159150701274396,0.13894230542701028,0.02224073971937292,1.9176161460395966
2019-05-31,98.87716674804688,87.80058288574219,76.93394026903327,0.1981335046414406,0.13998891568064425,0.02350955635161334,2.47323208023048
2019-06-03,99.42376708984376,86.80909729003906,76.06516592733334,0.21128000753905526,0.14139960548846736,0.025175331538342054,2.775749028137325
2019-06-04,100.15253448486328,88.6644515991211,77.69089223690195,0.2007866845226331,0.14261825386105462,0.026246290365477883,2.2162534153050535
2019-06-05,101.0452651977539,88.35033416748047,77.41565156162363,0.21057163531890336,0.1437244932179577,0.027673930869175273,2.4155275380630385
2019-06-06,101.1819305419922,89.33196258544922,78.27578869958171,0.2031370110266216,0.1446343449651071,0.028713037248059365,2.0374948688323986
2019-06-07,101.40054321289062,90.81430053710938,79.57466503597176,0.19204563070068756,0.14537691403141087,0.02935708103287704,1.5896919934584886
2019-06-10,101.23657989501952,91.32477569580078,80.021961216439,0.18631873771252833,0.14632753757042674,0.02974792345544131,1.3443358559801135
2019-06-11,98.41259002685548,92.20826721191406,80.7961073700848,0.1551034857470812,0.14661365790847958,0.029748405447282873,0.2853876606477758
2019-06-12,98.11194610595705,91.63892364501952,80.29722863228616,0.15759926477011443,0.14719977709881285,0.029610011560245276,0.3512152519813281
2019-06-13,97.71112060546876,91.32477569580078,80.021961216439,0.15696076753380747,0.1477401230111026,0.02948504587506029,0.31272274636357594
2019-06-14,98.1483917236328,91.7076187133789,80.35742165279055,0.15729878908365116,0.1482826550919043,0.02935398381112835,0.3071519712540267
2019-06-17,97.2009735107422,91.50147247314452,80.17678911013971,0.1509433184511683,0.14886093161596187,0.029052389786604276,0.07167695499413229
2019-06-18,96.87303161621094,93.35680389404295,81.80249536428167,0.1312872028214096,0.14879751776312983,0.029087084882107764,-0.6019962128446665
2019-06-19,96.7819366455078,94.0047378540039,82.3702377520376,0.12460333414730222,0.14856047054266963,0.029227341250722735,-0.8196823717167567
2019-06-20,97.5471420288086,95.09439849853516,83.32503650376088,0.12168227972619898,0.14826096986065787,0.0294116635131617,-0.9036785737251802
2019-06-21,96.9641342163086,94.3777847290039,82.69711446578502,0.12287711270372649,0.1478804174780918,0.02959238791847736,-0.8449235270653287
2019-06-24,97.79309844970705,93.7593231201172,82.15519678240588,0.13585370517661519,0.14786146827178798,0.029599842341996644,-0.40566983284691416
2019-06-25,97.92976379394533,91.54076385498048,80.21121759254727,0.15691040909200207,0.14798405719419896,0.0296221981243623,0.30133995662063223
2019-06-26,96.42665100097656,92.78746032714844,81.30361662648306,0.13243939657467937,0.14766456242998408,0.029685747802490527,-0.5128779627383132
2019-06-27,96.61795806884766,94.7606201171875,83.03256821699436,0.11626247515645004,0.1472691394343561,0.029946605426824927,-1.0353982976024247
2019-06-28,94.40428924560548,95.94845581054688,84.073391378741,0.08451470826606462,0.14675256005074094,0.030760028617771676,-2.0233353017337006
2019-07-01,97.2009735107422,97.4798583984375,85.41525986471608,0.09705012617776541,0.14652277625359042,0.031082675369493013,-1.5916470988331128
2019-07-02,98.81342315673828,98.54986572265624,86.35283769009337,0.10229620876916917,0.14638634126663388,0.03126100804831151,-1.4103874203073288
2019-07-03,100.20719909667967,98.7952880859375,86.56788534486734,0.11263628712659395,0.14658455317896218,0.03100334409336245,-1.0949872358974422
2019-07-05,100.57158660888672,98.75604248046876,86.53349697331309,0.11619328209279826,0.14677011836411075,0.03078312763950584,-0.9932985572288434
2019-07-08,100.77198028564452,98.35352325439452,86.18079555518888,0.12145080203402693,0.14699835468142644,0.03053876262532137,-0.836561486162397
2019-07-09,101.0999526977539,97.18534088134766,85.15719331978823,0.1344255077585278,0.14756721733886685,0.029966559124144282,-0.4385458312346138
2019-07-10,101.75584411621094,97.37185668945312,85.32062499151974,0.13839865753951983,0.14819764338947308,0.029352750561521684,-0.33383535316103147
2019-07-11,102.94009399414062,98.85417938232422,86.61948795762535,0.13569308704054017,0.1484563385834409,0.029169385741046838,-0.43755640438257226
2019-07-12,103.90574645996094,97.7154541015625,85.62169705631703,0.15332840621645571,0.148821967841244,0.029089228323391184,0.15491776973636714
2019-07-15,103.91484832763672,97.38168334960938,85.32923545469272,0.15621700105411895,0.14890621095525855,0.029103436827579116,0.2512002325420386
2019-07-16,103.92396545410156,98.04920959472656,85.91414528765692,0.15066277730859748,0.14875113916239302,0.02906826909807932,0.06576374189169625
2019-07-17,104.03329467773438,95.9778823852539,84.09917597226448,0.16900139381076298,0.14903404971029696,0.02918306702140483,0.6842099250850031
2019-07-18,104.33391571044922,95.32017517089844,83.52286991733106,0.17691944910932278,0.1494419360423563,0.02940177632938682,0.9345528229021637
2019-07-19,104.68008422851562,92.79727172851562,81.31221371937163,0.20075952137237824,0.15015135379375405,0.030121250499836185,1.6801482919475543
2019-07-22,104.32478332519533,91.53093719482422,80.20260712937427,0.20867361138680166,0.15095902770657768,0.03103157721840404,1.859866266997055
2019-07-23,104.5525360107422,93.37645721435548,81.81971629062768,0.194930449279715,0.1516227961983488,0.03154346887231815,1.37295150564027
2019-07-24,101.71029663085938,93.56298065185548,81.9831546475014,0.17082631411655355,0.15184294187352354,0.0316319847726049,0.6001321883371256
2019-07-25,101.3094711303711,94.63300323486328,82.9207458431631,0.1582910087879588,0.15172956113620636,0.031595854906114045,0.20766798908431297
2019-07-26,101.25482177734376,95.42815399169922,83.61748473510076,0.15095567669505425,0.15244732713357584,0.0310678155053976,-0.04801272359372798
2019-07-29,100.61711120605467,95.61467742919922,83.78092309197447,0.1439500800436583,0.15300190957162965,0.030603027939376103,-0.29578215416797354
2019-07-30,100.71732330322266,95.52630615234376,83.70348908969748,0.14557066084031928,0.15375267292752356,0.029836769989090434,-0.27422579891174453
2019-07-31,99.57865142822266,94.78026580810548,83.04978245819815,0.14236507388369415,0.1539885572653741,0.029686997498484365,-0.391534488534025
2019-08-01,104.82583618164062,93.50408935546876,81.93155203474336,0.19596254122977416,0.15502165859143932,0.03005504691722261,1.362196597166989
2019-08-02,106.11029815673828,92.18865203857422,80.7789198694499,0.21655797584451703,0.15631072703748627,0.03100906787851379,1.9428913195025808
2019-08-05,104.5525360107422,89.67557525634766,78.57687413466344,0.22594683854865685,0.1576888683033454,0.032232482447494465,2.117676488508175
2019-08-06,107.93226623535156,90.86339569091795,79.61768392612564,0.24054192793846324,0.1593945401700797,0.03385095949218359,2.3971960909149708
2019-08-07,107.5041046142578,91.68797302246094,80.34020741158677,0.2307963067037481,0.16064677346118145,0.035078014138324405,1.9998148403140341
2019-08-08,108.2784423828125,94.16578674316406,82.51135441905524,0.21624563991019347,0.16175344102182684,0.035772028414822556,1.5233186739219726
2019-08-09,108.41506958007812,93.97895050048828,82.34764197135071,0.21874339792775663,0.1633537796017792,0.036142248233404374,1.5325449033572776
2019-08-12,108.75213623046876,92.3074188232422,80.88298747831169,0.23463264938423478,0.16511109674815508,0.03700616882517226,1.8786476645155954
2019-08-13,109.97284698486328,93.6643295288086,82.0719600766862,0.23231680097803267,0.1665886448444854,0.037894494819054915,1.7345040868705932
2019-08-14,108.77945709228516,90.46875762939452,79.2718882599096,0.249635571421642,0.1678954650198347,0.03938002341016924,2.075674398423523
2019-08-15,111.02046966552734,90.0754623413086,78.92726917872344,0.2678862166066993,0.16963917092187247,0.041434174143000144,2.3711597423361366
2019-08-16,110.56497192382812,91.45203399658205,80.13346938858616,0.2539606816196694,0.17107938500887443,0.04283827429248364,1.9347487259853797
2019-08-19,109.6175537109375,91.89447021484376,80.52114747077952,0.24397606434892122,0.17235748684654245,0.04385521253652186,1.633068758764675
2019-08-20,108.81591796875,91.17671966552734,79.8922293466136,0.24418616518550396,0.17343238974948796,0.04481784969700893,1.5786963434066312
2019-08-21,108.5608367919922,90.08528137207033,78.93587295675422,0.25121966391330114,0.17470620299868642,0.045929459173970955,1.665890743995006
2019-08-22,109.21674346923828,90.86206817626952,79.61652071138022,0.24948441960573264,0.17568148685560106,0.0468918125193744,1.5738980599147931
2019-08-23,109.18029022216795,89.5543441772461,78.47064722486618,0.25972907781607224,0.17698377970232318,0.048127477969796356,1.7192942910010371
2019-08-26,109.95464324951172,90.11478424072266,78.96172440169984,0.26047623910354606,0.17802282527669164,0.0492516707068922,1.6741242001221295
2019-08-27,109.37158966064452,89.6034927368164,78.51371291101559,0.2606301136873682,0.17884532704583017,0.050219050736343473,1.6285609831798449
2019-08-28,109.28050231933594,90.37043762207033,79.18573683218419,0.2538643032942582,0.17972995402535727,0.051072348167063894,1.4515555271983658
2019-08-29,108.6774444580078,90.9898681640625,79.72850352862464,0.24472965995674412,0.18029925443598793,0.0516095192867033,1.2484209582117938
2019-08-30,108.8784637451172,90.82274627685548,79.58206548840384,0.24746906254649226,0.18103812196131913,0.0522553169562322,1.2712761964646409
2019-09-03,108.8144989013672,89.78046417236328,78.66878146983605,0.2554197355126081,0.18209435704151783,0.05311500029034355,1.3805022699853213
2019-09-04,108.896728515625,90.75391387939452,79.52175213533957,0.24814913952351783,0.18312486373836764,0.05379380979262535,1.208768741902055
2019-09-05,108.92415618896484,91.90431213378906,80.52977130423693,0.23908413793302613,0.18452454127480006,0.05414377615136326,1.0076799317746208
2019-09-06,108.45816040039062,92.16979217529295,80.76239419789425,0.23367000884700728,0.18579238700941492,0.05439267488061631,0.8802218670561155
2019-09-09,108.45816040039062,90.98005676269533,79.71990643573609,0.24328189750812462,0.18723107250898688,0.0547575262743113,1.0236186477516822
2019-09-10,105.2875747680664,92.0124740600586,80.62454656541979,0.21190231942930512,0.1881411313480811,0.054705351076121934,0.43434851643965444
2019-09-11,105.06824493408205,93.5856475830078,82.0030162050223,0.1971374114019671,0.18891103289726108,0.054497635092853006,0.15094927496743554
2019-09-12,105.1322250366211,93.18253326416016,81.64979334580535,0.20098580412664588,0.1900726762523484,0.05398899307198413,0.2021361624534633
2019-09-13,101.47736358642578,94.4410629272461,82.7525610353167,0.1613409638392714,0.19068497008054786,0.053439440351732384,-0.5491076637056358
2019-09-16,101.42254638671876,92.0911102294922,80.6934503262304,0.18118998006825657,0.19167676508624878,0.05268396620985554,-0.19905078854959982
2019-09-17,103.68853759765624,93.2710189819336,81.72732762521558,0.18911312209187656,0.1927806985760513,0.05190612082860049,-0.07065788052791423
2019-09-18,105.68045806884766,93.75281524658205,82.14949435609644,0.20040239413749533,0.19385651005873267,0.05137242596692082,0.12742018613210168
2019-09-19,106.39315795898438,94.17561340332033,82.51996488222824,0.2022765992418956,0.19461261322789752,0.05115281605630863,0.14982530004920172
2019-09-20,105.58908081054688,93.625,82.03749816856758,0.20077109846054106,0.19575147492599523,0.0505016567193007,0.0993952250407545
2019-09-23,105.91802978515624,92.67122650146484,81.20176848483666,0.2111436026847884,0.19733282705146754,0.04944488432899387,0.2793165728010895
2019-09-24,108.0287094116211,90.67526245117188,79.45283500424456,0.24274591123041406,0.19997001376754003,0.04750738277219881,0.9004052626512264
2019-09-25,107.75458526611328,91.21602630615234,79.92667119930557,0.23642211699563115,0.2022928802811711,0.0457651787716084,0.7457468239069351
2019-09-26,107.60840606689452,90.46875762939452,79.2718882599096,0.24146971277155574,0.2046124386812109,0.04410797854573461,0.8356146734797272
2019-09-27,105.47943878173828,89.91812896728516,78.78940817596452,0.23073391349689656,0.20658073245404926,0.042541222417402,0.567759450019169
2019-09-30,104.99517059326172,91.55034637451172,80.21961413116937,0.21356419950732905,0.2082035810776248,0.04085867334249611,0.1311990329389576
2019-10-01,105.60736083984376,90.6064224243164,79.3925149660381,0.22595488403300582,0.20994531577760778,0.03929537984446758,0.40741604531536385
2019-10-02,103.06721496582033,89.41668701171875,78.35002720387992,0.21699277376564594,0.2113214368777264,0.03803127358382597,0.14912298099665697
2019-10-03,106.13732147216795,90.4490966796875,79.2546606484214,0.23111864499022705,0.21286677000190485,0.03688442850190613,0.49483957674385476
2019-10-04,106.24693298339844,91.78631591796876,80.42637889473887,0.220883620142895,0.21428661222027742,0.03547611713167492,0.18595631247162137
2019-10-07,108.04698944091795,89.47566986083984,78.40171003834452,0.25260243382617104,0.21594117934710605,0.03489516553402619,1.0506112786115511
2019-10-08,106.4296875,89.18070983886719,78.1432557551682,0.2436734096642428,0.21739878615727473,0.03417733021824865,0.7687734337113026
2019-10-09,107.0418930053711,89.9673080444336,78.83250060268279,0.24156005442825929,0.21891374077593578,0.033168718903330514,0.682761179843143
2019-10-10,106.9779281616211,90.01647186279297,78.87557965911661,0.24070387268479063,0.2201087820905029,0.032627208919837156,0.6312244067486268
2019-10-11,105.62561798095705,91.8649673461914,80.49529602583388,0.2156482062620716,0.22075426137638204,0.032137714945948484,-0.1588804656117642
2019-10-14,105.24186706542967,89.9968032836914,78.85834536248619,0.22834234578712062,0.22121397511662774,0.032043995124472,0.2224557407028483
2019-10-15,105.12310028076172,90.12462615966795,78.97034823515725,0.2264050915529663,0.22150949978606382,0.03200812573374818,0.15294840465278267
2019-10-16,105.5159683227539,90.65558624267578,79.43559402247193,0.22487617538129726,0.2220085952210902,0.031819573304036765,0.09012000672690533
2019-10-17,106.40226745605467,90.65558624267578,79.43559402247193,0.23133272551303263,0.22301703541103152,0.03112112092210352,0.26720406770743804
2019-10-18,106.69465637207033,89.62317657470703,78.53096057793043,0.24191791575692845,0.22441081719384767,0.03002658510624047,0.5830532676671997
2019-10-21,105.32410430908205,90.8423843383789,79.59927304446538,0.22191011749619322,0.2255933912072,0.02843989795055854,-0.129510792106568
2019-10-22,104.78500366210938,89.21021270751953,78.16910720011383,0.23155555386559928,0.22705348243756568,0.026349298087525674,0.17086115209137137
2019-10-23,104.19110107421876,94.16578674316406,82.51135441905524,0.18549952494684763,0.22771896350600782,0.024709688739013264,-1.7086187934250014
2019-10-24,105.71700286865234,95.28668975830078,83.49352882814918,0.18796529034203707,0.2284789671136469,0.02265585046771359,-1.7882214057399912
2019-10-25,104.25503540039062,96.05361938476562,84.16553937903335,0.1701323015337431,0.22804846311871302,0.02351337934142125,-2.4631151798306004
2019-10-28,103.4509735107422,95.56198120117188,83.73474881469508,0.1678464416967243,0.22723660421624983,0.02472649257478588,-2.4018838231867514
2019-10-29,104.01746368408205,95.67996215820312,83.83812785390872,0.171384576171842,0.22632723317663625,0.025756596939372493,-2.1331489223565425
2019-10-30,106.5759048461914,95.68982696533205,83.8467717427928,0.19119505699340852,0.22550478532755197,0.026080826744288438,-1.3155153657717962
2019-10-31,105.2144775390625,95.33584594726562,83.5366011994408,0.18367747376058435,0.2247194714451659,0.026622560401348402,-1.541624737284954
2019-11-01,104.94035339355467,94.69671630859376,82.97657346580105,0.18688171319567115,0.22423007266659054,0.02704747930724628,-1.3808443680337117
2019-11-04,103.72510528564452,96.3485870361328,84.42400034735186,0.16340073109023287,0.22330769488596516,0.028158588546336634,-2.127484610855115
2019-11-05,105.3149871826172,98.4723892211914,86.28495007089947,0.1583600839317532,0.22203648546175714,0.029335707286123777,-2.170610747814621
2019-11-06,104.57484436035156,97.90213775634766,85.78527580117726,0.1571814116244512,0.22078422897253078,0.030471116229794926,-2.0873149794850043
2019-11-07,105.4428939819336,97.41959381103516,85.36245392635935,0.16812980452153356,0.2194257995241956,0.030975719072726053,-1.6560065928486511
2019-11-08,104.96776580810548,97.57716369628906,85.50052216852691,0.16304907135643748,0.21767851377002462,0.031152157516207476,-1.7536327101955997
2019-11-11,105.16879272460938,96.63182067871094,84.67217956694364,0.1725251929340921,0.216321255625265,0.03131817468091482,-1.398423220299044
2019-11-12,105.88145446777344,96.59243774414062,84.63767086282952,0.17842063841772063,0.2152286651930783,0.031480125277929434,-1.1692465150754527
2019-11-13,107.2703094482422,96.26747131347656,84.35292391532138,0.19171230824719923,0.21435410091077323,0.031390781719440326,-0.7212879521745685
2019-11-14,107.37995147705078,97.34083557128906,85.29344320327331,0.1837788255639889,0.21323008693828469,0.03125549788190836,-0.9422745875164282
2019-11-15,109.17998504638672,98.1680145263672,86.0182463222298,0.19059713017096297,0.21224863211437187,0.031021463756867297,-0.6979522988697092
2019-11-18,110.075439453125,98.64067840576172,86.4324109378792,0.19341900172113652,0.21114346417945626,0.0304776717632375,-0.581555658057161
2019-11-19,111.93028259277344,98.68006134033205,86.46691964199334,0.20647688465735414,0.2102434749386864,0.029785639679261806,-0.1264565851830515
2019-11-20,112.67955017089844,97.7445831298828,85.64722092929411,0.21902805169141887,0.20955010723875392,0.02906841300215343,0.3260564810319301
2019-11-21,112.52417755126952,97.56731414794922,85.49189164992728,0.2193300989726437,0.208974537166727,0.028512681937585955,0.3631914328011979
2019-11-22,113.09070587158205,99.67465209960938,87.33841483657478,0.20691306109072882,0.2083442605189601,0.028124238537001047,-0.05088846854816536
2019-11-25,113.08155822753906,101.51609802246094,88.95195413188534,0.192580094710291,0.20742944438835673,0.027719827169668993,-0.535694165305398
2019-11-26,109.52599334716795,103.7120590209961,90.87613193050295,0.1488004264229707,0.20565245590352943,0.02800719420336207,-2.0299080681824972
2019-11-27,108.53632354736328,104.74601745605467,91.7821224589141,0.13269156090364082,0.20372816292653145,0.02898711653457515,-2.450626709909551
2019-11-29,108.95783233642578,103.39694213867188,90.60001550159446,0.14689600177805265,0.20219169399061526,0.02951963665290086,-1.8731833613923825
2019-12-02,109.30603790283205,103.1507568359375,90.384299332599,0.15158715827533242,0.2008236464810874,0.029935175564480405,-1.6447703171040207
2019-12-03,110.0300064086914,102.36296844482422,89.69401160289888,0.1634431232948198,0.19949300024419891,0.0297899803134416,-1.2101342991862594
2019-12-04,110.18577575683594,102.58946228027344,89.89247341983727,0.1628246051866513,0.1986750383401547,0.030115475212810133,-1.1904322578397775
2019-12-05,109.84673309326172,103.3083038330078,90.52234751933992,0.15450654010170056,0.1979645238184836,0.030650509735916286,-1.4178551708019047
2019-12-06,110.50653076171876,103.85975646972656,91.00554959864424,0.15518208872057115,0.19720112856171568,0.031140472699334457,-1.3493385359575023
2019-12-09,109.65428924560548,103.1507568359375,90.384299332599,0.15428163482877635,0.19708347307820742,0.031291227534394235,-1.3678542397349152
2019-12-10,105.98876190185548,103.10150909423828,90.34114673960082,0.12544035821796834,0.19615431271403597,0.032572642873946,-2.170961526509409
2019-12-11,106.0254135131836,104.08623504638672,91.2039980452982,0.11760452661783749,0.19496250278946864,0.034106739887739906,-2.268114056818384
2019-12-12,105.7688217163086,104.89373779296876,91.91156018248205,0.10877415900952248,0.19343536553733573,0.035865053557643994,-2.360548727237833
2019-12-13,105.84214782714844,105.5633544921875,92.49830174441315,0.10384803602510616,0.1917948894837226,0.037659958151329415,-2.335288135616579
2019-12-16,107.29918670654295,106.82379913330078,93.60274740462049,0.10572393647997483,0.19021077011737983,0.039241785279409504,-2.152981395618001
2019-12-17,106.95095825195312,107.13893127441406,93.87887720381342,0.1002303702663364,0.18836221624373897,0.040819653955889386,-2.159054216202807
2019-12-18,106.69437408447266,107.5820770263672,94.26717700423279,0.09442719229091112,0.18589023759474724,0.041945882514195156,-2.1805011558138885
2019-12-19,107.72988891601562,108.6554183959961,95.20767623675806,0.09440152477070551,0.18352322772433183,0.043038909500511695,-2.070724002720532
2019-12-20,109.06780242919922,109.71891021728516,96.1395449506837,0.09696638550294304,0.1811148389365216,0.043778097561745374,-1.9221587533559257
2019-12-23,108.40802764892578,109.58106994628906,96.01876448628427,0.09258462198886808,0.17881235074472113,0.04474641305226366,-1.9270310819135237
2019-12-24,109.02198028564452,109.669677734375,96.09640572796994,0.09698253166714722,0.17686932294738478,0.045732115010773754,-1.7468422630665017
2019-12-26,109.09530639648438,110.23098754882812,96.5882450110161,0.09308113078995445,0.17465476039333394,0.04652518287612061,-1.7533220626038153
2019-12-27,108.90284729003906,110.67411041259766,96.97652475600881,0.08791299649241571,0.17250343077211341,0.047508232816901766,-1.7805426399612023
2019-12-30,109.278564453125,109.669677734375,96.09640572796994,0.09910280096691375,0.1703031667050582,0.0478036836992378,-1.4894326174967916
2019-12-31,109.96585083007812,109.2166976928711,95.69948877923537,0.1083428633407804,0.16842748742502295,0.04799292760310796,-1.251947465700166
2020-01-02,109.52599334716795,109.74847412109376,96.16544987676706,0.10050761679285496,0.16589257380780104,0.047485606186196155,-1.3769426625526195
2020-01-03,111.18466186523438,108.31072998046876,94.90564819662401,0.12525708611934036,0.16391896841538597,0.04665156858514489,-0.8287370278982772
2020-01-06,110.13998413085938,107.7494659423828,94.41384902443112,0.12142536890446298,0.16191672365665605,0.04583366961523616,-0.8834412581865977
2020-01-07,108.33470916748048,106.63671112060548,93.43881434722287,0.11578512569465525,0.15983474454015376,0.04502417847801179,-0.9783547492601287
2020-01-08,107.22589874267578,107.54268646240234,94.23266161497644,0.0992380604897399,0.15789457544394828,0.04508642970155852,-1.3009793710097382
2020-01-09,106.30950164794922,107.42446899414062,94.12907533635413,0.09244779871073466,0.15562966632600847,0.0449004522061091,-1.4071543717476716
2020-01-10,106.1628646850586,106.94196319580078,93.70628688724729,0.09517669785550181,0.15344252643105077,0.04458953506778349,-1.306715319793652
2020-01-13,105.4664306640625,107.6214370727539,94.30166565292026,0.08355661657883423,0.1510872004510097,0.044484579728050214,-1.5180672557774748
2020-01-14,105.83296966552734,107.42446899414062,94.12907533635413,0.08836138168021473,0.14870434472046273,0.04393915209895382,-1.3733301658701045
2020-01-15,107.09760284423828,107.95626068115234,94.59504980417024,0.0947752878523662,0.14625196758872003,0.042738269334514224,-1.2044633659225574
2020-01-16,107.70240783691406,109.89617156982422,96.29486754490833,0.08407605337394496,0.14395473318668253,0.04230480034147791,-1.415411001338051
2020-01-17,106.7860107421875,112.1807632446289,98.29670664063825,0.05746967375866012,0.1410533018515669,0.04216447522261484,-1.9823234524232105
2020-01-21,107.57411193847656,108.93113708496094,95.449270591268,0.09084429579665647,0.13947571469906375,0.04224402193095421,-1.1512023874500625
2020-01-22,108.79290771484376,109.15760040283205,95.64770566763754,0.09920550311320232,0.13799638491191646,0.04207097150180978,-0.9220343722522656
2020-01-23,109.61763763427734,109.26594543457033,95.74264137223356,0.10511674588609905,0.13691279231778905,0.04206652018217433,-0.7558515963287014
2020-01-24,109.79174041748048,106.8336410522461,93.61137123807791,0.12594774638433537,0.13621448072924924,0.04189171236307823,-0.24507793465044855
2020-01-27,109.71843719482422,103.33787536621094,90.5482591305655,0.15328172358296327,0.1359127665194346,0.041698862236086744,0.4165331170234508
2020-01-28,111.0655288696289,106.21328735351562,93.06779563942942,0.14086626595329516,0.1350739533354327,0.04106941223500489,0.14103714425514616
2020-01-29,111.3404312133789,108.3304443359375,94.92292260410771,0.1263257340912304,0.13411809100761016,0.04058356297337898,-0.19200770818203397
2020-01-30,112.87996673583984,107.4048080444336,94.11184772486594,0.14542679789393373,0.13342717575258117,0.04001901129249406,0.2998480410635032
2020-01-31,112.91658782958984,106.1541976928711,93.0160192129738,0.15540871409338283,0.13329397546930039,0.03993075873461887,0.5538271579325033
2020-02-03,113.50310516357422,106.20342254638672,93.05915175054535,0.1593930534741698,0.13331119162834065,0.039941970277591256,0.6529938724745863
2020-02-04,112.22931671142578,109.24626159667967,95.7253937053187,0.1260951818880618,0.13279308779940083,0.03982854693131938,-0.16816847280140423
2020-02-05,113.4206314086914,111.53082275390624,97.72720606047976,0.11762479436331512,0.1319513376300972,0.0396021221964241,-0.3617620085035671
2020-02-06,117.23274993896484,110.9793930053711,97.24402403660211,0.15043901136276203,0.1317411699635359,0.0394675218709534,0.47375260753290466
2020-02-07,112.2934799194336,109.14777374267578,95.63909520446454,0.12736302965250765,0.1309884672421762,0.03910552208071945,-0.09270909571761038
2020-02-10,113.3473129272461,109.669677734375,96.09640572796994,0.13144167172831075,0.13020548446401933,0.03860685817382121,0.03201988772890263
2020-02-11,112.99908447265624,111.21570587158205,97.45108963157129,0.11677659160213014,0.1289565558532682,0.037786764972083914,-0.3223341363076828
2020-02-12,113.20069885253906,111.96410369873048,98.10686197201508,0.1125566370832633,0.12776951937858944,0.03714868648821226,-0.4095133296342354
2020-02-13,113.87881469726562,111.2353973388672,97.46834398362836,0.12344810445035181,0.12665036894991258,0.036223806585330164,-0.08840220842106666
2020-02-14,115.12510681152344,111.50128173828124,97.70132118982306,0.1309135699145761,0.1256086117531366,0.03515406641021571,0.150905960623033
2020-02-18,113.20986938476562,110.22113037109376,96.57960780727426,0.12611899256555234,0.12426931355160654,0.033513380700080427,0.055192253819423144
2020-02-19,110.36907196044922,110.9498519897461,97.2181391659454,0.09784068761732935,0.12224952415037173,0.03128332401720666,-0.7802507342127988
2020-02-20,112.55924224853516,110.2900619506836,96.64000806718728,0.12053108219389665,0.12060287387072592,0.028569203206289747,-0.002512904413570388
2020-02-21,112.35760498046876,107.89714813232422,94.54325332228798,0.13761422521120487,0.11944789327273388,0.026334118419906943,0.6898401400343966
2020-02-24,111.78947448730467,102.431884765625,89.75439849252749,0.17606960926187634,0.11917271851526029,0.025633934854013895,2.219592546780107
2020-02-25,111.8902587890625,97.3703842163086,85.31933475907223,0.21644937986461,0.12030020107262095,0.02830748032607978,3.3965996861757586
2020-02-26,113.45728302001952,96.40534210205078,84.47373112028968,0.234724508543218,0.12200075019994723,0.03190116022646188,3.5335316190088557
2020-02-27,111.09302520751952,94.51175689697266,82.81450556308143,0.2333735416224517,0.12344204253068722,0.034861187953691516,3.1534065688694817
2020-02-28,104.77873229980467,95.86290740966795,83.99843087908356,0.1758749520445239,0.12384683909350708,0.03533137894505471,1.4725752151346232
2020-03-02,108.62061309814452,95.13308715820312,83.35893685993344,0.21091143460315695,0.12463797761531269,0.036736555942957105,2.3484361768099835
2020-03-03,107.72906494140624,92.046142578125,80.65404809801484,0.2294893207755129,0.12574905620846039,0.03885793636827812,2.6697317012372643
2020-03-04,108.99745178222656,97.03651428222656,85.02678625059913,0.1983378352056632,0.12647957779352642,0.03980812713175239,1.8051152513231412
2020-03-05,106.57097625732422,90.2413101196289,79.07259080019433,0.23595578681953505,0.12782580609517583,0.04209533138277391,2.5686929446196918
2020-03-06,107.32466888427734,89.20576477050781,78.16520976220245,0.24977586698890875,0.12941737663117803,0.04482903856121418,2.6848331844855617
2020-03-09,102.72908020019533,84.99449157714844,74.47514496233535,0.25213491919889464,0.13152895264752681,0.04754037937269357,2.5369163675761905
2020-03-10,101.92947387695312,89.07752990722656,78.05284589185177,0.21116837224999316,0.1330883500747294,0.0485986358316742,1.6066299154095809
2020-03-11,97.74749755859376,79.9745101928711,70.07646177281443,0.25902135109285374,0.13559246994278493,0.051129533201159816,2.4140427933198687
2020-03-12,85.90935516357422,75.66462707519531,66.29999150981772,0.20087470938050483,0.1372095811653749,0.05164032708997522,1.2328567962825518
2020-03-13,87.13177490234375,77.5483627319336,67.95058654842634,0.1931424152735556,0.13866655581193457,0.05196909921803322,1.0482355915593389
2020-03-16,76.01050567626953,68.58340454101562,60.095176762912665,0.17843562400327861,0.13996997670755026,0.05196947493923677,0.7401584745796022
2020-03-17,81.37814331054688,63.93818283081055,56.024871101566454,0.2826425422241412,0.14310689920643746,0.0547783905146202,2.5472753344306835
2020-03-18,69.7146224975586,55.90030670166016,48.98180302974431,0.2636530459051256,0.14592775789201112,0.05655676274755345,2.0815421939652494
2020-03-19,76.20353698730469,57.23173522949219,50.14844725312053,0.3110451793848626,0.1494957377900431,0.060059870609132905,2.6898066871668176
2020-03-20,73.24398040771484,60.75261688232422,53.23356684880492,0.24108556851237192,0.15197075356543485,0.06073091179536186,1.4673715956581925
2020-03-23,70.34879302978516,62.45882797241211,54.72860865578249,0.18860078333082708,0.1534977244264962,0.060476151811077315,0.5804446521992677
2020-03-24,71.82855987548828,68.43547058105469,59.96555185536271,0.132407793423743,0.15415316880372598,0.06002165926829955,-0.3622921399553477
2020-03-25,73.5289077758789,71.25611114501953,62.43709572826475,0.11885754065660376,0.15466891120646245,0.05957411518760563,-0.6011229950639575
2020-03-26,83.47370910644531,72.19305419921875,63.25807798826924,0.2139989274130604,0.15658384664723154,0.059604327617619544,0.9632703372507547
2020-03-27,83.53807067871094,68.19876098632812,59.75813863299836,0.25650083811387664,0.15905314622678318,0.06063201630379007,1.6071986027784806
2020-03-30,85.50493621826172,67.73522186279297,59.351969447438144,0.2783537526753151,0.16201724849149085,0.06205193890780649,1.8748246425735529
2020-03-31,82.03069305419922,67.30127716064453,58.97173192853014,0.25242520150086833,0.16413671708118296,0.06294050241547444,1.4027292606736312
2020-04-01,81.04725646972656,62.17281723022461,54.47799604442444,0.2987999172080657,0.16709295955290968,0.06503121282483497,2.0252883489950544
2020-04-02,84.8983383178711,57.0640754699707,50.00153791037355,0.383334399119093,0.17155211410998364,0.07040431451716321,3.008086741011887
2020-04-03,82.37076568603516,55.17047882080078,48.34230232545197,0.38455532365831196,0.17630740182945986,0.07492748606400909,2.7793261561044496
2020-04-06,87.21449279785156,62.92236328125,55.13477449877159,0.34085357196052296,0.18044749805028965,0.07704809714771844,2.0818953335433967
2020-04-07,85.93694305419922,64.9244384765625,56.88906277827796,0.31064094701248335,0.18403856886957268,0.07802146864263174,1.6226607925415777
2020-04-08,87.95897674560547,69.12584686279297,60.570483689260996,0.28463434978952673,0.18738986442308422,0.07795072781751684,1.2475122181551976
2020-04-09,85.8634033203125,67.50839233398438,59.15321348424229,0.28368131231645427,0.1906451966003549,0.07782337818741017,1.1954777328228374
2020-04-13,85.7623062133789,65.72329711914062,57.58905064933214,0.3010752602384164,0.19408352947345572,0.07807283050628504,1.3704092713322031
2020-04-14,92.37991333007812,69.04694366455078,60.50134594847288,0.3196173217212231,0.1980092172792437,0.07836886614236269,1.5517400012023845
2020-04-15,90.15564727783205,68.90886688232422,60.38035824466478,0.3041733153603924,0.20212094463927255,0.07733529748202353,1.3196092087813038
2020-04-16,90.0177993774414,69.18500518798828,60.62232028199655,0.3004198323027984,0.20561387024770825,0.07695610601661967,1.2319485348520047
2020-04-17,93.74937438964844,74.57976531982422,65.3493977125477,0.2778432383626646,0.2085911658351993,0.07622166343402839,0.908561548088026
2020-04-20,94.63172912597656,71.28569793701172,62.46302070977474,0.3150778474553967,0.2120905175280209,0.07621029187412758,1.3513572431591574
2020-04-21,92.26960754394533,70.36849975585938,61.659339597822814,0.3062538336955332,0.21509561898320756,0.07631078534861652,1.1945652805940925
2020-04-22,92.09498596191406,69.81620788574219,61.17540215287485,0.3101931837922886,0.2177108099866963,0.07684334244398136,1.203518364300873
2020-04-23,91.03800964355467,70.95037078857422,62.16919533913856,0.29126809237185985,0.22021750709367235,0.07674717854040312,0.9257745578332018
2020-04-24,88.71265411376953,70.38822937011719,61.676627375590954,0.278243054303347,0.22274946243054097,0.0761003225724922,0.7292162502983287
2020-04-27,89.2824935913086,74.15568542480469,64.97780408252376,0.24587510634576265,0.22442360090473815,0.07547276119036908,0.28422844351641247
2020-04-28,90.53248596191406,74.70800018310547,65.46176158289838,0.25094171705796386,0.2260158176208145,0.0749983242590968,0.3323527516566615
2020-04-29,91.28614044189452,78.18940734863281,68.51229225276207,0.22370867240163572,0.22708774460293893,0.07448785117960087,-0.045364071426302534
2020-04-30,91.34130859375,74.66849517822266,65.42714591650882,0.25795356052788615,0.229285384246936,0.07339484373158117,0.39060204809203064
2020-05-01,86.40567779541016,71.03914642333984,62.24698365395297,0.25237169356952344,0.23153116590037282,0.0719679378150255,0.2895807258326016
2020-05-04,86.81008911132812,70.42768859863281,61.71120293112723,0.2620264477418405,0.23339095650669078,0.07127532624500395,0.40175882375784844
2020-05-05,90.93690490722656,70.75312805175781,61.9963643574527,0.29238067509216487,0.23614125059735175,0.07029166528686791,0.8000866712332668
2020-05-06,89.59500122070312,69.81620788574219,61.17540215287485,0.29094538546194953,0.23879964582624572,0.06927367022383835,0.752749774441134
2020-05-07,91.4148406982422,70.91092681884766,62.13463315388672,0.294567713912412,0.24176283119808373,0.06775144821688062,0.7793912027576653
2020-05-08,92.07660675048828,71.19693756103516,62.38524576524477,0.29691595995843506,0.2448354865793366,0.06594892987431832,0.7897091503736366
2020-05-11,91.8008804321289,67.3604736328125,59.02360194697677,0.3314230913660923,0.2483017363612656,0.06491820711049594,1.280401272686838
2020-05-12,89.98102569580078,66.07833862304688,57.900150427452026,0.33038663580747735,0.2516262874594806,0.0639044352651801,1.232470767031584
2020-05-13,90.12804412841795,63.95793533325195,56.04217893476123,0.35209371953345187,0.25539253290894565,0.06303528491249204,1.5340802656599468
2020-05-14,91.30455017089844,67.23223876953125,58.91123807662609,0.3290193658019944,0.25924551087869,0.06024539953023366,1.1581607138033663
2020-05-15,91.8008804321289,67.5971450805664,59.230981743630046,0.3291640738525664,0.26272272740633457,0.05808562241443509,1.1438518463687881
2020-05-18,94.44789123535156,72.06484985351562,63.14574085848743,0.30651614446867975,0.2655377593939591,0.05597406997979465,0.7320958631293539
2020-05-19,90.93690490722656,74.25431823730469,65.06422960108003,0.25864447913567007,0.26691400722518904,0.05473851834336052,-0.15107329061496275
2020-05-20,92.36153411865234,76.65088653564453,67.16418652910033,0.24734323552916732,0.2674289048195983,0.054400032302042156,-0.3692216427172411
2020-05-21,90.05455780029297,76.59171295166016,67.11233656608036,0.22863778175077182,0.2673274593730575,0.05446768651379714,-0.7103234981806189
2020-05-22,91.27696990966795,77.3116455078125,67.74316664091977,0.23205696231484685,0.26730551638459743,0.05448186047343838,-0.646977797076797
2020-05-26,93.21630859375,80.56627655029297,70.59498814358311,0.21744020819677612,0.26799827065380166,0.05355597744332042,-0.9440227752454403
2020-05-27,94.35599517822266,82.00616455078125,71.85666834868857,0.21352093090929575,0.26804176225890397,0.0535098724739998,-1.018892941224998
2020-05-28,94.6603546142578,79.510986328125,69.67030595753864,0.23914659782082084,0.26820271687632574,0.05340636762629781,-0.544057204167493
2020-05-29,98.19295501708984,78.21900177001953,68.53822391941428,0.27804829980640466,0.26953122461967144,0.05262468711159621,0.16184562140335138
2020-06-01,96.92009735107422,80.78323364257812,70.78509353275268,0.24538416248145647,0.26968836421403686,0.052536733385982644,-0.46261349281120323
2020-06-02,94.70648193359376,82.44998931884766,72.24556312676508,0.212325191413207,0.2690641862877751,0.052997768277339964,-1.0705921535723946
2020-06-03,95.92398834228516,84.92546081542969,74.41465779557352,0.19971004099774184,0.2681904383177559,0.05370898267107943,-1.2750268933484858
2020-06-04,93.18460845947266,85.15229034423828,74.61341375876937,0.17405071574186137,0.2675718107092871,0.054583545620084176,-1.713356908295352
2020-06-05,90.2423324584961,86.00045776367188,75.35660770395945,0.13888579240894489,0.26556955139788857,0.05705021310444127,-2.2205659207096207
2020-06-08,95.3982391357422,88.46607208251953,77.51706516902604,0.1627789695616208,0.26493462240090715,0.057986727753971505,-1.7617074940444406
2020-06-09,95.04776000976562,84.9451904296875,74.43194557334165,0.19215042555806203,0.26491808923898225,0.05800768170145975,-1.2544487479334834
2020-06-10,93.49820709228516,81.69058227539062,71.58014412610497,0.2092630080559872,0.2654318789731941,0.057361625618331,-0.9792063999535096
2020-06-11,89.46754455566406,76.52265930175781,67.05182934389188,0.22425303398242236,0.26445872050249875,0.057559648887306136,-0.6985047215766306
2020-06-12,92.14234924316406,76.38459777832031,66.9308550103682,0.24808513694678552,0.2641992553531931,0.05759841738333756,-0.27976668697618035
2020-06-15,93.24918365478516,76.41417694091797,66.95677330673598,0.25673215043329456,0.2632940382040003,0.057275595328101316,-0.11456690643049998
2020-06-16,93.5719757080078,77.1736068725586,67.62221236282275,0.2521846553354184,0.26347902298438436,0.05722054930314351,-0.19738306930838023
2020-06-17,93.19383239746094,75.3687515258789,66.0407350095756,0.2661200837830774,0.2647710113252552,0.05637004777554333,0.02393243417486482
2020-06-18,92.46517944335938,77.08482360839844,67.54441736286613,0.24407474591136044,0.26663212720004886,0.053706333259347226,-0.42001343081381304
2020-06-19,91.08165740966795,75.1221923828125,65.8246912686116,0.25147345678865696,0.2688423924689164,0.05013155307427788,-0.34646713726432116
2020-06-22,92.28070068359376,75.0334243774414,65.74690963893941,0.262042268462603,0.2696431148197422,0.049621815673762504,-0.1531754985974474
2020-06-23,88.32384490966797,74.63894653320312,65.4012543607099,0.23289569954511208,0.26924969584359604,0.04982095353172298,-0.7296929047200176
2020-06-24,86.4791488647461,72.18318939208984,63.24943409938518,0.24141504787247947,0.26863405076354874,0.04993464540349623,-0.5450925438866439
2020-06-25,87.70586395263672,71.51254272460938,62.66179004325503,0.258725311906497,0.26873905260364256,0.04990659999675548,-0.2006496274600267
2020-06-26,84.40386962890625,70.18112182617188,61.49515250502102,0.2435477225399417,0.26781818269250723,0.049852243054605436,-0.4868479062412697
2020-06-29,85.6029281616211,72.90314483642578,63.88028422965123,0.22628077620418727,0.2652006223105921,0.04776350366446844,-0.8148448736049811
2020-06-30,86.03642272949219,72.43960571289062,63.47411504409102,0.23490005909167685,0.26270636790114815,0.04526739496162137,-0.6142679258005913
2020-07-01,88.96949005126953,73.41600799560547,64.32967285963178,0.25050689035744067,0.2612005898744301,0.044111738983387314,-0.24242298679307903
2020-07-02,87.70586395263672,73.49488067626953,64.39878385985105,0.2389205492792907,0.26000524991221025,0.04371929072137709,-0.48227453568019363
2020-07-06,87.62288665771484,75.19124603271484,65.88519849080008,0.22123604921204684,0.25894861156925225,0.04387978102330357,-0.859451927008868
2020-07-07,86.43302917480469,73.14972686767578,64.09634802604187,0.23121177676347496,0.25807411931003593,0.04390135650825664,-0.6118795564211986
2020-07-08,85.78739929199219,74.05705261230469,64.8913785639675,0.21615847990333792,0.25665883963778463,0.04386034439285412,-0.9233935641655648
2020-07-09,83.18638610839844,73.11026763916016,64.0617724705056,0.20162273564607416,0.2546922632031988,0.043634307701988714,-1.21623397624585
2020-07-10,84.44078063964844,74.2049789428711,65.02099678637525,0.20212315449689672,0.25299142718880724,0.04366179375260366,-1.1650522875935927
2020-07-13,84.38542938232422,72.56782531738281,63.58646554415727,0.21859955055017952,0.2516277558262636,0.04343250235339216,-0.7604490528164224
2020-07-14,83.57376098632812,72.4988021850586,63.52598506253765,0.2117342669845661,0.2505259396366286,0.04359442360007996,-0.889831071238005
2020-07-15,86.7374038696289,79.8068618774414,69.92956245778078,0.16665814129471265,0.24805227786728387,0.04407768008427691,-1.8466066366683753
2020-07-16,85.69517517089844,79.77725982666016,69.90362410598635,0.15682568051122903,0.24556180864754548,0.04494637025810983,-1.9742668346017438
2020-07-17,85.4645767211914,78.80087280273438,69.04807966073001,0.16456116320724903,0.24313460830446146,0.04532758496778288,-1.733457565697785
2020-07-20,86.07333374023438,77.09468078613281,67.55305456660798,0.18783903874588564,0.2414107907440286,0.045432625193633266,-1.1791471826648985
2020-07-21,85.88886260986328,79.01786804199219,69.23821847561067,0.1664744042192459,0.23954797990929358,0.04618201370870181,-1.5822951366081044
2020-07-22,84.53302001953125,78.52473449707031,68.80611762339825,0.15821693689443325,0.2380870104184381,0.047350221508798,-1.6867940841451912
2020-07-23,84.12715148925781,77.77519989013672,68.14934919676442,0.1619626380910599,0.2366040257689897,0.04832416792101013,-1.5445974734616714
2020-07-24,82.5130615234375,76.36486053466797,66.91356054745786,0.16054614662443323,0.23555131700603626,0.049288205727671716,-1.5217671098847312
2020-07-27,80.54849243164062,76.27610778808594,66.8357922880701,0.141037440905611,0.2336027150123317,0.05067903245171323,-1.8265004209564681
2020-07-28,80.64069366455078,75.61531829833984,66.2567854356818,0.149199625894972,0.23188318055108917,0.051769975994686565,-1.5971333396910101
2020-07-29,82.21792602539062,76.32540893554688,66.8789916770638,0.1579532356740468,0.23014862701662595,0.052481505069895955,-1.3756349259882665
2020-07-30,80.14266967773438,75.09260559082031,65.79876628710161,0.14962761456095283,0.22776940934110576,0.05284697434118425,-1.4786427369647184
2020-07-31,80.8897476196289,74.01761627197266,64.85682306385789,0.1691262249685187,0.22573908999954856,0.05271860804868525,-1.0738687367987465
2020-08-03,79.62611389160156,73.71187591552734,64.58892267473169,0.15930507838083538,0.22348471274068898,0.052617425073629896,-1.219741069998089
2020-08-04,78.93436431884766,77.24263000488281,67.68269284444237,0.11274334884424193,0.2204151692221191,0.05362348138994869,-2.007922976781202
2020-08-05,79.93972778320312,78.89949798583984,69.13449849414405,0.10574069516193954,0.2166537959520499,0.05362009933609692,-2.0684986071154836
2020-08-06,78.39939880371094,81.5623550415039,71.4677869408965,0.058409439746758884,0.21212084268437123,0.055311911489634186,-2.7789927846991667
2020-08-07,81.22177124023438,82.54861450195312,72.33198196017912,0.08048879355895994,0.2075940939181297,0.054773825934949574,-2.3205481484919894
2020-08-10,78.89747619628906,85.01421356201172,74.49242605496127,0.026017349832761567,0.2025440603186425,0.05729879985503187,-3.080809911071439
2020-08-11,81.92276763916016,85.82295227050781,75.20107118518395,0.0533349846164211,0.1979469088313734,0.05802814743091248,-2.492099620914579
2020-08-12,80.07807922363281,84.70848083496094,74.2245323509773,0.043722327063699995,0.19356701187462375,0.05959120919912222,-2.5145434506996205
2020-08-13,79.54312133789062,84.32383728027344,73.887494221063,0.04152816936349143,0.18994840671175411,0.062111258198156674,-2.3895867134867905
2020-08-14,81.40625762939453,84.81697845458984,74.31960175841762,0.058156573052689585,0.18679529567047942,0.06392382778897122,-2.012375151288795
2020-08-17,82.84510040283203,83.8110122680664,73.43813901679351,0.08515427526225072,0.18440390389567077,0.06500665779507304,-1.5267609811028053
2020-08-18,83.1771469116211,82.91352081298828,72.65172562718308,0.09826105710160093,0.18217397214211667,0.06563606494198151,-1.2784574321250046
2020-08-19,82.10723114013672,83.3277359008789,73.01467536832294,0.08209031989037542,0.17991814067034334,0.06672041231478688,-1.4662352552381765
2020-08-20,82.66062927246094,83.9293441772461,73.54182557254904,0.08185827832742175,0.17772376312731206,0.06775364938206037,-1.414912490680883
2020-08-21,84.52377319335938,86.14838409423828,75.4862259263672,0.07909254535397908,0.17505619558619806,0.06844164417349703,-1.4021236834836213
2020-08-24,85.49226379394531,87.18396759033203,76.39364039007016,0.0789109587497667,0.17173723990192077,0.06819051897388011,-1.3612784086261394
2020-08-25,83.56454467773438,87.22343444824219,76.42822263074865,0.05724886269922376,0.16860165157221688,0.06906649587030486,-1.6122547911232492
2020-08-26,84.14561462402344,85.6059799194336,75.01095242572994,0.08060212438153844,0.16640626712168907,0.06974331343112626,-1.2302848620016449
2020-08-27,85.62821960449219,87.57847595214844,76.73932240886853,0.07633640315784142,0.16435003982435742,0.07055871591837755,-1.2473814966861123
2020-08-28,85.01665496826172,90.46815490722656,79.27136013367462,0.03990921465502011,0.1621143481395767,0.07234860615573402,-1.6891152432363918
2020-08-31,85.05370330810547,89.11700439453125,78.08743481767247,0.05424715689935556,0.16070370421441688,0.07362310089239346,-1.4459666330905674
2020-09-01,83.45992279052734,90.44841766357422,79.25406567076428,0.022208386439658664,0.15836086116238418,0.0757615135984505,-1.7971192529805813
2020-09-02,81.97734832763672,90.0835189819336,78.93432868890253,0.008425165617297592,0.1552987734967048,0.07805094000510665,-1.8817660347178098
2020-09-03,83.20974731445312,90.04405975341797,78.89975313336626,0.02352665813876195,0.15220316766475103,0.07954337801236835,-1.6176897780979445
2020-09-04,84.34947204589844,89.68901062011719,78.58864667010415,0.04040900779713965,0.14913910056166296,0.08025861067515606,-1.3547467598785703
2020-09-08,83.08927917480469,90.63580322265624,79.41825944870827,0.015870553180696276,0.14526885749889484,0.08100185092943633,-1.5974734260198837
2020-09-09,83.3487319946289,89.14657592773438,78.11334642889804,0.03459007227260148,0.14156648952954995,0.08089750446573626,-1.3223698056379205
2020-09-10,80.69863891601562,88.13075256347656,77.22324648353208,0.013916536206333744,0.13759535421073188,0.0812228473046493,-1.5227097067959914
2020-09-11,82.32946014404297,86.16812133789062,75.50352038927755,0.05433769205739345,0.13406564768197046,0.08013734048251613,-0.994891459393659
2020-09-14,83.33948516845703,91.0401611328125,79.7725719861063,0.014573719500291193,0.1302406305751193,0.08027453750135201,-1.4408916535069418
2020-09-15,83.03367614746094,90.6752471923828,79.45282163396011,0.014795293527798722,0.12629599452077167,0.08003100028288554,-1.393218885167641
2020-09-16,83.91397094726562,92.73651123046876,81.25897324677092,0.0036066794941445367,0.12198873470463072,0.07955439108097968,-1.488064374598546
2020-09-17,82.4128646850586,89.91584777832031,78.78740931844223,0.015447933636023913,0.11836460527281258,0.07936909015709726,-1.296684533400636
2020-09-18,84.18267822265625,88.40687561035156,77.46519515057942,0.05185313964856814,0.11520524013574737,0.07815143537518633,-0.8106325902146386
2020-09-21,83.39506530761719,84.30411529541016,73.87021312843707,0.08600635122133574,0.11232659079099469,0.07592464272594329,-0.3466626726801229
2020-09-22,83.2468032836914,84.06743621826172,73.66282664664158,0.08686975895276922,0.10971529139787516,0.07400509176357804,-0.3087021703599789
2020-09-23,82.53333282470703,82.70641326904297,72.47025075661314,0.09342570937082839,0.10750104028398584,0.07242905664750063,-0.19433265549294101
2020-09-24,82.74644470214844,81.92727661132812,71.78754397818489,0.10401116147934185,0.1053195586571136,0.07047156706360018,-0.018566313086112073
2020-09-25,83.11707305908203,84.7479248046875,74.25909453622914,0.07827070156839543,0.1024489555106295,0.06791895990220459,-0.35598681100311247
2020-09-28,82.46846771240234,87.83487701416016,76.96398998328995,0.03822225529760133,0.09910398394426802,0.06599889120349417,-0.9224659314192151
2020-09-29,80.5133056640625,85.4087142944336,74.83810138861743,0.041270909768660526,0.0961045649535449,0.06442496581695886,-0.8511243194241676
2020-09-30,81.3009262084961,84.1463394165039,73.73196438742968,0.06416427416191359,0.09332043991018554,0.06205316738495917,-0.46985781672345395
2020-10-01,82.0885238647461,86.02020263671875,75.37390885201202,0.05314102270513041,0.09060348229021543,0.06012239343416451,-0.6231032639461922
2020-10-02,81.06927490234375,86.7500228881836,76.01340287116216,0.033348332425956764,0.08779890890321347,0.05876531448434545,-0.9265767903235138
2020-10-05,81.38432312011719,88.07157897949219,77.17139652051209,0.022861647379582677,0.0848112171179249,0.057395388356584774,-1.0793475140104172
2020-10-06,80.46695709228516,88.3674545288086,77.43065302075422,0.008499851293488887,0.08130955546364672,0.05547147900582638,-1.3125610759812327
2020-10-07,78.66007995605469,90.45830535888672,79.26272961507499,-0.03756666104176528,0.0771545399965412,0.05487012620971757,-2.0907770578079923
2020-10-08,78.78978729248047,91.26702880859376,79.97136137501325,-0.04485252602118659,0.07362936220794289,0.055808742871417,-2.1229986939879835
2020-10-09,79.09556579589844,90.11309814453124,78.96024698527029,-0.028029739332034426,0.0705484385438885,0.056238859715164964,-1.7528480907186859
2020-10-12,78.28015899658203,90.09337615966795,78.94296589264437,-0.038517471565188664,0.06716379463101453,0.05659481060625784,-1.8673313871734687
2020-10-13,78.02996826171875,87.420654296875,76.60103355700787,-0.011834071166079152,0.06383590946581512,0.05523279573290262,-1.3700190190955164
2020-10-14,78.37283325195312,87.08534240722656,76.30722155665612,-0.0036586045828936107,0.06100035931911279,0.05423231100931198,-1.1922590555085162
2020-10-15,77.6037368774414,87.4601058959961,76.63560242740193,-0.01783693038330819,0.0580661281978171,0.053642751487685915,-1.414973253162627
2020-10-16,77.74272918701172,88.26883697509766,77.34424087248239,-0.02513236424949249,0.05494787815880789,0.05293411924304374,-1.5128284659014894
2020-10-19,75.97290802001953,86.34563446044922,75.65906359319528,-0.026831965874539784,0.05182490961715834,0.05211964892805232,-1.5091597336021711
2020-10-20,75.73200225830078,88.33787536621094,77.40473472438644,-0.05314898917585986,0.048588469115800496,0.052513627177418594,-1.9373534787063524
2020-10-21,74.22161865234375,87.7461166381836,76.88621503875999,-0.06759409697224075,0.04497524040134694,0.05293034114505594,-2.126744981013644
2020-10-22,74.81464385986328,93.09156799316406,81.57008639517522,-0.12173805778690701,0.04031371884366439,0.05508408813792139,-2.941898143522331
2020-10-23,75.72272491455078,93.30854034423828,81.76020515462923,-0.11079668820361262,0.035973313797588294,0.056564891422461204,-2.5947190617769027
2020-10-26,74.71269989013672,89.13671112060547,78.10470254001397,-0.07688585154239036,0.031873112522406474,0.05565852668540059,-1.9540395792281124
2020-10-27,75.33354949951172,86.46400451660156,75.76278357466188,-0.0369235353416495,0.02860263562703173,0.05377711939609569,-1.218476774221539
2020-10-28,72.71123504638672,82.86419677734375,72.60850618276274,-0.03093907065596972,0.026207928635361533,0.05316240125645815,-1.0749514307235897
2020-10-29,73.40621185302734,85.3199691772461,74.76033981437189,-0.05049265954457024,0.023604039390253035,0.053026842971757776,-1.3973432092551192
2020-10-30,75.32427215576172,86.60206604003906,75.88375790818556,-0.038657295600672686,0.021986260467795844,0.0534261638246203,-1.135090969052924
2020-11-02,77.25163269042969,86.78945922851562,76.04795837127179,-0.014869233737131952,0.02039696001286098,0.05307352948676019,-0.6644780192881368
2020-11-03,80.37433624267578,89.40302276611328,78.33805411417275,-0.003932409130566602,0.019897797363472178,0.05316054227110125,-0.4482686871874365
2020-11-04,80.6152114868164,91.8094482421875,80.44664824593492,-0.02708897763894855,0.01855739799254935,0.05331684367115686,-0.8561342436741336
2020-11-05,76.95511627197266,92.78581237792967,81.30217263576459,-0.08705598263697048,0.016377759497538176,0.0549197143447649,-1.8833627117066067
2020-11-06,78.43769073486328,91.5628890991211,80.23060450497093,-0.05284781631736843,0.014804826402857178,0.05553522573032688,-1.2181933508065603
2020-11-09,80.80054473876953,102.75675201416016,90.03905853318682,-0.14345027912989733,0.011444712199814062,0.05886689941542007,-2.6312748398149357
2020-11-10,79.72569274902344,102.8060531616211,90.08225792218052,-0.15940798552069918,0.0073686745200982305,0.06205712220995004,-2.6874700937075837
2020-11-11,81.6067123413086,102.32279205322266,89.6588076439944,-0.1274949315612378,0.0036060747090509177,0.06328459209423565,-2.0716101966031353
2020-11-12,79.85541534423828,100.64618682861328,88.18970753138234,-0.1338248513677298,7.488521415830821e-06,0.0648651704016856,-2.063238854694627
2020-11-13,81.21753692626953,104.34461212158205,91.43039707155333,-0.1547105160169735,-0.003935324717657423,0.06696157411952633,-2.2516673671706484
2020-11-16,81.7549819946289,105.11387634277344,92.1044532759553,-0.15536445454012607,-0.007842941382559174,0.06884867687951018,-2.142692058058566
2020-11-17,80.4299087524414,101.91844177246094,89.30450179173859,-0.13958663034245147,-0.011484567867429478,0.06995189048471713,-1.8312880693769
2020-11-18,82.15340423583984,101.92829895019533,89.31313899548046,-0.1157843883686305,-0.01436845538522705,0.0706336827999279,-1.4358012914414675
2020-11-19,83.31169128417969,101.38587951660156,88.83785212455875,-0.09456665230468198,-0.017287934996664055,0.07026087583376893,-1.0998826358335267
2020-11-20,83.33948516845703,100.36016845703124,87.93908823488206,-0.08341724159418279,-0.019950495742531126,0.06967735137888781,-0.9108662226056147
2020-11-23,85.79500579833984,103.60491180419922,90.7822457932347,-0.08554795035917852,-0.02204144849276777,0.06973297502379988,-0.9107097731702392
2020-11-24,85.26680755615234,107.44141387939452,94.14392303721377,-0.13169793387506898,-0.02514053333900818,0.07041365843949475,-1.513305840054082
2020-11-25,85.07223510742188,104.83772277832033,91.86247786833911,-0.10746854895230772,-0.027301815595540953,0.07092400180454186,-1.1303188105163153
2020-11-27,85.37010955810547,102.97371673583984,90.22917060749862,-0.08447228179661415,-0.028850106385772813,0.07114449853584179,-0.7818197689989973
2020-11-30,85.00706481933594,102.20442962646484,89.55509434766999,-0.08117415235082247,-0.030595119893932553,0.07112207417216934,-0.7111580060847256
2020-12-01,86.98982238769531,103.3978042602539,90.60077092266476,-0.06855164516372113,-0.03241113077661357,0.0706679816943429,-0.5114128565808563
2020-12-02,87.25048065185547,105.2815170288086,92.25134590584673,-0.08427703894880322,-0.03408025731210522,0.07069097789503825,-0.7100875264624296
2020-12-03,86.7477798461914,107.65836334228516,94.33402174124113,-0.11456879720585761,-0.036566238470079546,0.07085765532120923,-1.1008346011758339
2020-12-04,86.7198715209961,109.32514190673828,95.79451139068019,-0.13176895412171383,-0.038994329975547005,0.0715907555539594,-1.295902291130881
2020-12-07,87.05498504638672,108.31916809082033,94.91304196391387,-0.11728683675373168,-0.04185473878906576,0.07122617050604872,-1.059050310142113
2020-12-08,85.04429626464844,107.5499038696289,94.23898575951188,-0.13577672935451546,-0.04436057960331253,0.07184933502259172,-1.2723311875114611
2020-12-09,82.73572540283203,105.23221588134766,92.20814651685305,-0.14292215314066997,-0.04698920371445368,0.07253025975380654,-1.3226610486691595
2020-12-10,80.92986297607422,105.88314819335938,92.77851616549948,-0.1754729288968468,-0.04997386385430353,0.07408095762634996,-1.694079950687683
2020-12-11,80.02693176269531,103.29917907714844,90.51435208925072,-0.16044307767335456,-0.05290538070945984,0.07492359009808847,-1.435298239487837
2020-12-14,82.14930725097656,101.6225814819336,89.04525866178089,-0.1125791394047495,-0.05564591869368181,0.07402875000611896,-0.7690690536630944
2020-12-15,84.50438690185547,103.5260238647461,90.713121422731,-0.1013093134800854,-0.05876784643870549,0.07187207183733506,-0.5919053945969746
2020-12-16,84.17859649658203,102.97371673583984,90.22917060749862,-0.09982253640288165,-0.061879384694633006,0.0694609222105516,-0.5462517700705796
2020-12-17,83.3501205444336,103.2597198486328,90.47977653371444,-0.11376111791503642,-0.06533249848273075,0.0667046316913113,-0.7260158433438109
2020-12-18,84.50438690185547,103.17097473144533,90.40201495946891,-0.09762777131797948,-0.06869314736268611,0.06300511645619036,-0.45924244859403773
2020-12-21,84.02033996582031,102.55949401855467,89.86621418121652,-0.09757424358123551,-0.07162389644851327,0.060074730959811626,-0.43196776278669174
2020-12-22,84.43923950195312,101.53380584716795,88.96747034696648,-0.08148554851753684,-0.07361902651209891,0.05832719910688438,-0.13486884551103775
2020-12-23,84.80228424072266,105.04483032226562,92.04395273890903,-0.11313392659517793,-0.07619244045149623,0.05655146890678117,-0.6532365446523705
2020-12-24,85.68661499023438,105.41960144042967,92.37234029479704,-0.10547822676621883,-0.0790198154669651,0.053577768041414786,-0.49383190577856456
2020-12-28,86.85018920898438,105.90287017822266,92.7957972581254,-0.09554331460788104,-0.0814978877555153,0.05072393624969956,-0.27689938697233774
2020-12-29,85.32357788085938,106.4650421142578,93.28839196224186,-0.12091805383496339,-0.0840689941931973,0.0486721659775942,-0.7570869079204164
2020-12-30,86.21720886230469,108.66433715820312,95.21549116800746,-0.13165155028432357,-0.0866442141542624,0.046976704789914,-0.9580777606973475
2020-12-31,86.68264770507812,109.72950744628906,96.14883061322041,-0.13634251056289415,-0.08905825351853545,0.045709048374541386,-1.0344616378120586
2021-01-04,86.20789337158203,105.98177337646484,92.86493499891353,-0.10450769850859563,-0.09017393747631597,0.045245530785596615,-0.31679948899710225
2021-01-05,86.15204620361328,106.4650421142578,93.28839196224186,-0.11013891229477933,-0.09126204391420917,0.04492099593168206,-0.42022372810431413
2021-01-06,88.87017822265625,109.2462387084961,95.72537364989206,-0.10360665988959877,-0.09252165925683524,0.04417122385734432,-0.2509552524187178
2021-01-07,90.09893035888672,111.7315673828125,97.90310552244235,-0.11272633343488767,-0.09375847362133022,0.043669544518813073,-0.43434984318157915
2021-01-08,91.97928619384766,112.58960723876952,98.65495004165871,-0.09815265070650094,-0.0951971166136706,0.042326062301163515,-0.0698277593554714
2021-01-11,92.90084075927734,111.62308502197266,97.80804948528646,-0.07814305628327822,-0.09643852414201033,0.04065508363051697,0.45001673160989303
2021-01-12,94.03651428222656,110.78477478027344,97.07349274383822,-0.05731098610954391,-0.09709642507078092,0.03966899001256562,1.0029355158433453
2021-01-13,90.64815521240234,110.33110809326172,96.67597413230429,-0.09244717448990451,-0.09821833857478778,0.038534898432470925,0.149764611291158
2021-01-14,89.15875244140625,110.56780242919922,96.88337398438422,-0.11302276186297423,-0.0996548518412617,0.037418999061376385,-0.35724926793968653
2021-01-15,89.93136596679688,106.91868591308594,93.68589051834915,-0.06790591233779245,-0.09990080056062724,0.03715571411801279,0.8611027666219427
2021-01-19,90.71330261230467,106.4452896118164,93.27108412904708,-0.054127986497576185,-0.0996763653860495,0.03739407266254221,1.21806413811939
2021-01-20,90.75984954833984,106.21845245361328,93.07232148070902,-0.051397383951056426,-0.09850402082211866,0.037791210936194614,1.2464971538116487
2021-01-21,89.43802642822266,107.32305145263672,94.04020974088938,-0.07775809119016008,-0.0979533775385611,0.03784971469807434,0.5335650878612431
2021-01-22,88.61885070800781,103.51615142822266,90.70447084870473,-0.05007926651550281,-0.09750660112144632,0.03825861298075206,1.2396511768423033
2021-01-25,88.98188781738281,103.67396545410156,90.84275301542317,-0.047349097705075414,-0.09768036049417009,0.03800161065185035,1.324450777894699
2021-01-26,89.11221313476562,103.23016357421876,90.45387829277333,-0.04145348802669905,-0.09785560078368225,0.037711761682939195,1.4956106593794984
2021-01-27,85.23046875,97.31267547607422,85.26876834335754,-0.028049200369609565,-0.09748154313076625,0.03829628724158412,1.8130306555086468
2021-01-28,86.12411499023438,102.56937408447266,89.87487144038502,-0.0708640472305537,-0.09801832232459759,0.03767853375490367,0.7206829031798484
2021-01-29,85.38872528076172,99.9952621459961,87.61934456787812,-0.053671795360035794,-0.09866503168497931,0.036543076969685596,1.2312383098518982
2021-02-01,88.3861312866211,100.5179672241211,88.0773570313161,-0.02312096498799125,-0.09898484094926972,0.03577587757264501,2.120531517563264
2021-02-02,90.7505340576172,104.33474731445312,91.42175318266925,-0.03331733591054524,-0.099088646920463,0.03557218754216805,1.8489532287535313
2021-02-03,88.75848388671875,105.1335906982422,92.12172768343902,-0.06439486625551154,-0.09871096164743869,0.035821536392756315,0.9579738572817443
2021-02-04,88.54437255859375,108.9996566772461,95.50930985350142,-0.1052272880577359,-0.09958395284311149,0.035319623703624264,-0.15977902998002025
2021-02-05,83.36872863769531,110.13385772705078,96.50313646547622,-0.18576215546347558,-0.10028915078200445,0.0366091734063713,-2.334742817946165
2021-02-08,85.64935302734375,110.77490997314452,97.06484885495414,-0.16074660511938638,-0.10031146110864925,0.036646201359648675,-1.6491516656152685
2021-02-09,85.77037811279297,108.8320083618164,95.36241053846777,-0.1392599588656846,-0.10050754489705668,0.036825156713620896,-1.0523353442863737
2021-02-10,84.04829406738281,107.8359146118164,94.48959837086994,-0.15221785697919368,-0.10081409499058108,0.03718203341864355,-1.3824892632912889
2021-02-11,81.91659545898438,107.99371337890624,94.62786716730395,-0.18388970545130728,-0.10130041481448664,0.03807892236387857,-2.168897792001707
2021-02-12,83.21051025390625,110.59738159179688,96.909292280752,-0.19289785485120495,-0.10192597148633795,0.03927174918007617,-2.316471388827773
2021-02-16,90.1454849243164,112.04718780517578,98.17966317073704,-0.1152195826263271,-0.10151985402440257,0.03900074873774912,-0.3512683485654331
2021-02-17,89.38214111328125,109.89716339111328,96.29573661339629,-0.10366659700597813,-0.101317890835025,0.038956979736622384,-0.06028973978044758
2021-02-18,92.70535278320312,112.5501480102539,98.62037448612244,-0.08917897787908756,-0.10122809626126511,0.03897900785405588,0.3091181393659769
2021-02-19,89.568359375,115.3017807006836,101.0314512476893,-0.15424463361056473,-0.10240855279487147,0.03949948254859099,-1.3123230349138417
2021-02-22,89.4659423828125,118.309814453125,103.66719558367757,-0.1850268343705747,-0.10406653419506141,0.04084466327636222,-1.9821512452611392
2021-02-23,90.76914978027344,120.2724380493164,105.38691499278987,-0.18695902909527362,-0.1049875524487315,0.042082582160515386,-1.9478718376614517
2021-02-24,93.44076538085938,125.50939178466795,109.97571694176479,-0.20213124738575067,-0.10656526408928887,0.04391190550073359,-2.1763114628415585
2021-02-25,93.47814178466795,121.28829193115234,106.2770416787247,-0.16208331174538576,-0.10785878125510173,0.04439056889205969,-1.2215326778563402
2021-02-26,92.50598907470705,121.97864532470705,106.88195345719635,-0.18083490001049143,-0.1095197937160962,0.04523174611351814,-1.5766604746015258
2021-03-01,93.77728271484376,122.05754852294922,106.95109119798445,-0.165564142358009,-0.11113666866933433,0.045475727046528296,-1.1968466965462132
2021-03-02,91.25337982177734,122.54080963134766,107.37454147617059,-0.20244191056462724,-0.11310608319626474,0.04683127941159956,-1.9076102231414813
2021-03-03,89.75769805908203,121.43619537353516,106.40663984570578,-0.21169536540836106,-0.11472485933297313,0.04853051390485447,-1.9981347460177634
2021-03-04,91.81423950195312,119.05935668945312,104.32397069545361,-0.16187116700336326,-0.11522656288100062,0.04886415045559326,-0.9545772040946932
2021-03-05,97.81551361083984,121.17980194091795,106.18197895642658,-0.10958192470816656,-0.11509814768024122,0.04886876833026488,0.11287828935640291
2021-03-08,98.50728607177734,123.68484497070312,108.37698523646058,-0.12407250828110933,-0.11490307732901776,0.04880814860255355,-0.1878668053311868
2021-03-09,96.98355865478516,122.41259002685548,107.26219097610435,-0.13023835584840074,-0.11469168070747995,0.048712109599529894,-0.31915421583529247
2021-03-10,96.74053955078124,122.79722595214844,107.59922242087643,-0.136561464652235,-0.11404315630340309,0.04814490837798189,-0.46771941431568326
2021-03-11,95.96465301513672,122.9451675415039,107.72885401356861,-0.1471015364210426,-0.11382079728253122,0.04795742058159277,-0.693964327833039
2021-03-12,97.53508758544922,124.36534118652344,108.97325981119036,-0.14139033930601033,-0.11430098394755224,0.0480888373390456,-0.5633189916293311
2021-03-15,97.96510314941406,125.50939178466795,109.97571694176479,-0.14661303089378303,-0.1150560459044472,0.0482368306579402,-0.6542093367019601
2021-03-16,96.46009063720705,122.25479888916016,107.12392886481254,-0.13493855379803874,-0.11564131286103314,0.04826189502050094,-0.3998442441766617
2021-03-17,97.0209732055664,125.39105224609376,109.87202370086706,-0.15670217371758283,-0.11635699712440892,0.04855106469020168,-0.8309843841862475
2021-03-18,95.7216339111328,123.9116668701172,108.57573451451424,-0.1588611360280994,-0.11737755320291092,0.048793663264717985,-0.8501838158805485
2021-03-19,95.41314697265624,122.67887115478516,107.49551580969425,-0.15128644424003454,-0.11827275654722423,0.04891674549341525,-0.6748954240476674
2021-03-22,94.403564453125,121.22909545898438,106.22517166027806,-0.15014214973204681,-0.11941703323413273,0.04884458729785403,-0.6290383069581996
2021-03-23,95.0205307006836,117.264404296875,102.7511706568016,-0.10611377124472778,-0.11930003064495857,0.04886829528570717,0.26983260461895975
2021-03-24,96.3385772705078,116.8699188232422,102.4055086934299,-0.08739259561088054,-0.11899860345903626,0.04901056569083784,0.6448815148865794
2021-03-25,92.4966049194336,118.74378967285156,104.04745984315443,-0.150310401533524,-0.1199113882411303,0.049076278395996695,-0.6194237681819299
2021-03-26,91.34684753417967,119.45384216308594,104.66963265882535,-0.171600142205098,-0.12075608971396588,0.04952799031380171,-1.0265720892164623
2021-03-29,92.69293975830078,117.4123306274414,102.88078887920935,-0.135287499304849,-0.12081668886430798,0.04954376906129801,-0.29208133968647054
2021-03-30,90.86075592041016,120.38092803955078,105.48197771508798,-0.18680857896177805,-0.12165779000428938,0.0502353696497061,-1.296910710755959
2021-03-31,92.25357055664062,119.25659942626952,104.49680167713946,-0.1582115243305905,-0.12255285376798929,0.050402772820741265,-0.7074743822015938
2021-04-01,94.28205871582033,119.97657012939452,105.12766517768995,-0.13998372059160386,-0.12305026723960302,0.050425446720163324,-0.3358116675886533
2021-04-05,94.88966369628906,123.67497253417967,108.3683346624343,-0.16683606255600322,-0.12410409061737644,0.05067231456193703,-0.8433001789644969
2021-04-06,93.32857513427734,124.91765594482422,109.45721731156497,-0.19802069251464408,-0.1255256632687057,0.05153677029766205,-1.406666130361434
2021-04-07,93.72119140625,122.80706787109376,107.60784625433386,-0.17326926287033834,-0.12677760680476965,0.05177238492348524,-0.8980010508358659
2021-04-08,92.8798828125,123.0339126586914,107.80661558781415,-0.18603683762610917,-0.12857583649381685,0.05192803523056494,-1.1065506498977007
2021-04-09,93.56228637695312,122.63941955566406,107.4609469393002,-0.17369185912238555,-0.13051551771069755,0.051391776123680344,-0.8401410627992125
2021-04-12,94.8055419921875,123.556640625,108.26464810667876,-0.1667777292808597,-0.1317543602905468,0.05135443966280608,-0.6819930120993786
2021-04-13,94.403564453125,124.3752212524414,108.98191707035886,-0.17934385865109537,-0.13285971190368215,0.05165728152768565,-0.8998566198745883
2021-04-14,95.21682739257812,124.77957153320312,109.33622292261467,-0.172991926777088,-0.13461114547767042,0.05119711935317933,-0.7496668129831827
2021-04-15,96.7499008178711,125.5290985107422,109.9929846641063,-0.16119324791660633,-0.1363955665013209,0.05020054300486892,-0.4939723742207394
2021-04-16,97.89032745361328,126.2885513305664,110.65844377561969,-0.15446330212122758,-0.1381133318041571,0.048991574082966866,-0.33373025103014486
2021-04-19,96.93682861328124,124.19768524169922,108.82635381101449,-0.14691910498492358,-0.13926601536740316,0.04835696212024013,-0.15826241521315862
2021-04-20,97.47901153564452,120.5387191772461,105.62023982637979,-0.10764958556340216,-0.14022552068486815,0.04711245737952693,0.6914505617705713
2021-04-21,98.14270782470705,122.20548248291016,107.0807161055344,-0.11504018416936342,-0.14135370545927295,0.04563810071151201,0.5765691577798737
2021-04-22,97.49771881103516,123.77361297607422,108.45476686613277,-0.13650980884075997,-0.14293797747284062,0.04372102484169713,0.1470269431093035
2021-04-23,97.56314086914062,125.64746856689452,110.09670464557288,-0.1525771981716474,-0.1450134441028746,0.04104878919058061,-0.18426253777318333
2021-04-26,98.0959701538086,125.8151397705078,110.24362401603318,-0.1478144386736419,-0.14629595062692605,0.03987824811312667,-0.03807810319069726
2021-04-27,97.19856262207033,128.2215576171875,112.35221146265314,-0.18010550023107844,-0.14840317904144346,0.03820631603030105,-0.8297665015515284
2021-04-28,96.0114288330078,127.33394622802734,111.57445533221122,-0.18659625858261622,-0.15112776726802052,0.03479755197854339,-1.019281222324663
2021-04-29,96.60031127929688,128.59632873535156,112.68059901854117,-0.19081340833527616,-0.1537527018084327,0.031548602077081565,-1.1747178666203455
2021-04-30,97.56314086914062,126.9295654296875,111.22012273938655,-0.1640919780752637,-0.15541432033876193,0.029308401808824533,-0.2960808915172238
2021-05-03,99.7972640991211,126.89997863769533,111.19419775787658,-0.13777211915655646,-0.15595673419040892,0.02865777584449685,0.6345438366370799
2021-05-04,100.87227630615234,126.48580932617188,110.83128812758999,-0.1220489828769108,-0.15489484798063285,0.028715003810792103,1.1438572434170262
2021-05-05,102.48944091796876,120.93321990966795,105.96591516003593,-0.0568724064846782,-0.15316361133672104,0.03136522427719288,3.069998926233111
2021-05-06,100.24596405029295,119.10867309570312,104.36718345473174,-0.06457682728651291,-0.1519188924770682,0.03334570020244936,2.619290183150501
2021-05-07,101.04988098144533,121.74195098876952,106.6745536051164,-0.07894140446679761,-0.15069761826852826,0.034650883847282814,2.070833578675295
2021-05-10,103.41488647460938,119.90753936767578,105.06717801092813,-0.038724003623104526,-0.14827818990472486,0.03726349125296615,2.939987172374781
2021-05-11,102.38662719726562,120.15409088134766,105.2832150667499,-0.05126582362732053,-0.14591765605099344,0.03884162901931283,2.4368656725651268
2021-05-12,103.91033172607422,116.6627960205078,102.2240204525755,-0.006409715161568629,-0.14410415825991416,0.04265240350341858,3.2282927054112984
2021-05-13,106.24725341796876,118.50704956054688,103.84001988022122,0.0005165934532412198,-0.14236777175226048,0.04629190490644293,3.086595064391377
2021-05-14,106.40616607666016,121.90960693359376,106.8214596052923,-0.026010150848261616,-0.1413149579684134,0.04820103210603086,2.3921646919615434
2021-05-17,105.29377746582033,120.03573608398438,105.17950845556773,-0.021255557031191797,-0.1390984733587572,0.05059465793278788,2.329157289374562
2021-05-18,102.74183654785156,119.12840270996094,104.38447123249988,-0.038883688681140414,-0.13666275426393326,0.05184837253563231,1.885865665611685
2021-05-19,104.32161712646484,118.9114227294922,104.19434578790367,-0.02132899800573854,-0.13390225374577433,0.053507786321577246,2.103866810401763
2021-05-20,104.48987579345705,118.9212875366211,104.20298967678772,-0.019767090063542533,-0.13086285112373755,0.05473189980859298,2.029817372477775
2021-05-21,104.13465118408205,119.3157958984375,104.54867169558611,-0.02656529197779546,-0.1286042174609444,0.05619826414229538,1.8156953251222114
2021-05-24,102.8914031982422,121.8898696899414,106.80416514238193,-0.0608904986384103,-0.12660514410474302,0.05644162644114776,1.1642939725497463
2021-05-25,102.61097717285156,122.09699249267578,106.9856533832363,-0.06555851330856935,-0.12493838362058571,0.05674742982008988,1.0463887175202873
2021-05-26,103.26531219482422,124.4836883544922,109.07695973723034,-0.0790584395775668,-0.12288199243746803,0.056123414941147975,0.7808425931646427
2021-05-27,103.43421936035156,124.53301239013672,109.12017918165067,-0.07771419142732289,-0.12064897287111738,0.05518743977424555,0.7779810337175845
2021-05-28,104.4382553100586,123.54676818847656,108.25599753265249,-0.059078822281001885,-0.11893576712574469,0.055480805466941695,1.0788766374419103
2021-06-01,103.80956268310548,124.86833190917967,109.41399786714463,-0.07664787212846083,-0.11838686624941627,0.05573724083003644,0.7488528943912589
2021-06-02,105.92082977294922,123.4481430053711,108.16957869923844,-0.0434390085345729,-0.117042974586974,0.05656378626301765,1.3012559963745676
2021-06-03,105.2827606201172,121.43619537353516,106.40663984570578,-0.03301799940769517,-0.11542263531296224,0.05756305333911145,1.4315542891689677
2021-06-04,105.0481948852539,123.0339126586914,107.80661558781415,-0.04865164613585022,-0.11395747167102249,0.05813186560051111,1.1234083898831229
2021-06-07,105.09510040283205,123.18184661865234,107.9362404953641,-0.04941702300899146,-0.1123293964474883,0.058554250789099226,1.0744288004827303
2021-06-08,105.51734161376952,126.08141326904295,110.47694216448089,-0.06929616820411023,-0.1111278269291233,0.05868735188680625,0.7127883160531123
2021-06-09,107.07502746582033,124.71051788330078,109.27571570042619,-0.04252191425555514,-0.10939297498515282,0.059157230870972834,1.1303953843858816
2021-06-10,106.42755889892578,124.8486099243164,109.39671677451871,-0.050001191729425264,-0.10797735228400929,0.0595505294570756,0.9735624701099191
2021-06-11,106.89672088623048,126.8408203125,111.14236116514101,-0.0617230082121947,-0.10639436619225281,0.05949571603752377,0.7508331852310849
2021-06-14,107.68495178222656,126.8408203125,111.14236116514101,-0.05395142207864471,-0.1046458709597619,0.05946922572590144,0.8524484430783088
2021-06-15,107.50664520263672,127.4720230102539,111.69544303601931,-0.06084409687661917,-0.10313849850370498,0.05941318431144186,0.7118689583338945
2021-06-16,109.15813446044922,125.1839370727539,109.6905421451549,-0.026427298351804053,-0.10107658431403427,0.059899044632305366,1.246251696007345
2021-06-17,110.1434097290039,124.50341796875,109.09424751499847,-0.011831708237541153,-0.09950521659724781,0.06099138035620544,1.4374737519903746
2021-06-18,106.42755889892578,122.01809692382812,106.9165223275904,-0.026697129580600176,-0.09849362549674316,0.06169496630046994,1.1637334489571818
2021-06-21,110.7627182006836,124.9965362548828,109.52633499692644,-0.01007526464299895,-0.0961563732152344,0.06235150855224811,1.380577801098475
2021-06-22,112.5925064086914,124.36534118652344,108.97325981119036,0.01125207827504486,-0.09310883620723202,0.06306607925038815,1.6547867843177293
2021-06-23,111.3726577758789,123.95113372802734,108.61031675519271,0.003681281623935793,-0.09079268985841894,0.0640352003335189,1.4753443573269
2021-06-24,113.66221618652344,122.79722595214844,107.59922242087643,0.03264626529321541,-0.0871351091208357,0.06472174560573853,1.8507129758785548
2021-06-25,114.26275634765624,122.76765441894533,107.57331080965089,0.037957237987523366,-0.08386562974886715,0.06601235447866098,1.8454555771945798
2021-06-28,112.03887176513672,119.05935668945312,104.32397069545361,0.04786333602785191,-0.08073484547187622,0.06773770416643071,1.898472690833512
2021-06-29,112.57373809814452,117.3136978149414,102.7943633606531,0.0659747820473848,-0.07685466472848643,0.06937033318503755,2.058941340167558
2021-06-30,111.71046447753906,118.96073150634766,104.23755186203957,0.045837833879225305,-0.07279035595525526,0.06929468771955176,1.7119377219014318
2021-07-01,111.19436645507812,121.91946411132812,106.83009680903415,0.01809374708429877,-0.06960097245601132,0.0689948475657939,1.2710328761388143
2021-07-02,110.72517395019533,125.06558227539062,109.58683553397272,-0.010964159663731191,-0.06668309448997167,0.06767659571591723,0.823311725964012
2021-07-06,110.1434097290039,124.0990753173828,108.73994834788486,-0.008615000420111816,-0.06393181351160045,0.06659948972592739,0.8305891429368358
2021-07-07,109.9932861328125,122.7380599975586,107.54737914299866,0.0008505981673636395,-0.06113800805413006,0.06572221813132086,0.943191024040501
2021-07-08,109.07369232177734,121.43619537353516,106.40663984570578,0.002885256446038245,-0.0581008561358445,0.0643636497560667,0.9475241508680045
2021-07-09,111.46649169921876,124.3160400390625,108.93006042219668,0.0016514772467394238,-0.05519013273544738,0.06301467810906171,0.9020376154871257
2021-07-12,110.95037841796876,124.1187973022461,108.7572294405108,-0.0014348569785789203,-0.05252749288648026,0.0618236584575949,0.8264253067932883
2021-07-13,109.18628692626952,121.76166534423828,106.69182801260011,0.0013015554925721456,-0.04993141192625026,0.06073141747233271,0.843599071965717
2021-07-14,109.0455322265625,122.16605377197266,107.046167290567,-0.0032370144746331556,-0.04753671041774542,0.059665689748027245,0.7424651609692816
2021-07-15,109.91820526123048,121.20938110351562,106.20789725279437,0.012354287472232996,-0.0455366458671515,0.05962780545664437,0.9708714398600036
2021-07-16,109.43963623046876,118.10270690917967,103.48572071310761,0.03290917933580897,-0.0430708231420653,0.05976383246501883,1.2713375187634952
2021-07-19,108.43561553955078,115.40038299560548,101.1178500256767,0.04579139968874924,-0.040032469666573464,0.05956665255089361,1.440803967991906
2021-07-20,108.43561553955078,119.23688507080078,104.47952726965578,0.01478980277566734,-0.03724301965078489,0.05810791880295377,0.8954514892005955
2021-07-21,111.0066909790039,123.21144104003906,107.9621721620163,0.006235407151372194,-0.03467552222036799,0.05652119682453322,0.7238156951761971
2021-07-22,109.80561065673828,121.51512908935548,106.47580432706278,0.008901725709847078,-0.031525401788019235,0.053462769914173806,0.756173456084782
2021-07-23,112.78955841064452,123.53691864013672,108.24736701405284,0.01941531224381537,-0.028091875607578705,0.049826553033364404,0.9534512214718674
2021-07-26,110.74396514892578,124.92752075195312,109.46586120044905,-0.009700239216517293,-0.025073322788932723,0.045059601443535616,0.341172204811432
2021-07-27,108.45438385009766,126.73235321044922,111.04731849826955,-0.04559780227246571,-0.023098419858886093,0.04130349566570959,-0.5447331285390147
2021-07-28,109.5991668701172,127.74816131591795,111.93740507335107,-0.042797634684573,-0.021515511784353028,0.0385632679302206,-0.5518755033605945
2021-07-29,108.80157470703124,132.64979553222656,116.23238833683205,-0.08991745347758776,-0.020979986294364317,0.03734744152934476,-1.8458417594430843
2021-07-30,111.1662139892578,129.64175415039062,113.59663731570156,-0.04302359554237304,-0.02074917277865923,0.03716420510572893,-0.5993515184932656
2021-08-02,113.23995971679688,126.11099243164062,110.50286046084868,0.0033976730007981805,-0.019616264440537375,0.036840174347335504,0.6246967569793832
2021-08-03,114.88207244873048,124.34563446044922,108.95599208884887,0.03110784286442546,-0.017782110318350326,0.03657505027458027,1.3367022824505694
2021-08-04,115.80165100097656,122.67887115478516,107.49551580969425,0.05141367361873916,-0.01627981569765293,0.03753877184913302,1.803295259324141
2021-08-05,113.54022216796876,124.66122436523438,109.2325229965747,0.017221670275529316,-0.015138357465938768,0.03749814850172913,0.8629766811013584
2021-08-06,115.25740814208984,124.91765594482422,109.45721731156497,0.0299142934401873,-0.014532957322576168,0.03793216937130364,1.1717560977777508
2021-08-09,113.5777816772461,122.89585876464844,107.68564793943268,0.031166190986767633,-0.014022130697017394,0.03834243245485355,1.178546033483718
2021-08-10,114.7413101196289,124.6119155883789,109.18931692243879,0.027885739596726005,-0.0131238658562676,0.03868660032741778,1.0600467631147592
2021-08-11,117.25609588623048,123.31006622314452,108.04859099543033,0.05846312668677382,-0.01179522112763484,0.039756714589009576,1.7672070879275075
2021-08-12,119.0577392578125,121.73209381103516,106.66591640137456,0.08432442961554215,-0.009741752489356797,0.04147847780036675,2.2678311040639785
2021-08-13,119.1703109741211,120.52886962890624,105.61160930778014,0.09403646489239717,-0.007818994774387869,0.043554216637592263,2.338590095978724
2021-08-16,117.99739074707033,119.81877899169922,104.98940306639815,0.09030403732660312,-0.005984475984552109,0.0453245663032683,2.1244221658269233
2021-08-17,116.45849609375,118.33939361572266,103.69311388004533,0.08941413173595453,-0.004051485589322942,0.04687845798863901,1.9937860871603084
2021-08-18,115.06975555419922,117.36302185058594,102.83758280507344,0.08585944933432403,-0.001605653123110703,0.04768401939026273,1.8342644679675526
2021-08-19,119.75210571289062,117.58985900878906,103.0363454534115,0.11994288761576262,0.0014860368922948299,0.04944826832981289,2.39557126517308
2021-08-20,121.76017761230467,120.09491729736328,105.23136510372993,0.1164294097164257,0.004744167713861371,0.0504808042872163,2.2124299241968965
2021-08-23,118.56979370117188,121.33757019042967,106.32022101229174,0.08347172983716979,0.007430599734936249,0.05030685796038947,1.5115460035708586
2021-08-24,117.8566436767578,125.11490631103516,109.63005497839306,0.049842262709168084,0.009245951151439082,0.049829120443531646,0.8147105788016942
2021-08-25,117.8660125732422,125.56857299804688,110.02757358992699,0.04654515717751276,0.011299168306538643,0.048756411704871355,0.7228995662011078
2021-08-26,117.38745880126952,123.89195251464844,108.55846010703051,0.055173285614749164,0.012942706542360677,0.04854155486037227,0.8699881821639823
2021-08-27,117.66896057128906,125.8052749633789,110.23498012714913,0.04318584541973832,0.014212770622817901,0.048315023374864784,0.5996700978932623
2021-08-30,116.82121276855467,123.99059295654295,108.64489231072898,0.049853733047243304,0.015854526942536126,0.047813686612006995,0.7110768592390716
2021-08-31,118.82757568359376,123.14239501953124,107.90167162497002,0.07215124189056828,0.017880664690862122,0.04757605861533104,1.1407119206427465
2021-09-01,119.90139770507812,123.5960693359375,108.29919692164619,0.07714550504220874,0.020321359244967436,0.046777602485406855,1.214772514580427
2021-09-02,120.39119720458984,122.67887115478516,107.49551580969425,0.08757562627084392,0.02248965158707409,0.04683043184684503,1.3898222185229472
2021-09-03,118.92176818847656,121.38688659667967,106.36343377156986,0.08582102057652298,0.02475335512550656,0.0465488171273738,1.3119058489480837
2021-09-07,116.22777557373048,121.67291259765624,106.61405975321235,0.062475332444995826,0.026823327469793067,0.04538506608856005,0.7855448509347738
2021-09-08,117.71605682373048,121.07128143310548,106.08688949355962,0.07880675481557393,0.02903596375136338,0.04460987581680304,1.1156899711759245
2021-09-09,117.07552337646484,124.02017211914062,108.67081060709677,0.051696252919573055,0.03091163624796658,0.043107354119306655,0.48215941563199743
2021-09-10,118.81814575195312,125.64746856689452,110.09670464557288,0.053603716535599824,0.03224548649608998,0.042537485456459044,0.5021037282838903
2021-09-13,117.17916107177734,128.4188232421875,112.52506249976567,0.0196430120232282,0.032770065167102805,0.042177256054490485,-0.3112353522219473
2021-09-14,117.0190200805664,130.00669860839844,113.9164144084166,0.006411425847065721,0.03332187442423057,0.04159866681720165,-0.6469065149471807
2021-09-15,116.64222717285156,129.5924530029297,113.55343792670786,0.006313685547562581,0.033595023594073264,0.04136201273177404,-0.6595747219417427
2021-09-16,116.52922058105467,130.2039337158203,114.08923870496024,0.0007520429077831041,0.033420023004618896,0.04148019057509692,-0.7875561718476858
2021-09-17,116.43502044677734,129.4050750732422,113.38925083390606,0.005955448008713897,0.03345792577769854,0.04145358653131036,-0.6634523106513767
2021-09-20,114.68296813964844,127.05782318115234,111.33250666516388,0.008703250259988086,0.033058875527144746,0.041576592796077214,-0.5858013759476374
2021-09-21,116.68933868408205,126.06168365478516,110.45965438671276,0.03322786330685794,0.032980052615800316,0.041571631637312076,0.005961052797244616
2021-09-22,116.7929458618164,127.41285705566406,111.64359975814155,0.023948357332960572,0.03258146963755213,0.041541149734266314,-0.2078207358201814
2021-09-23,116.6610870361328,132.63990783691406,116.22372439252133,-0.016414935838908976,0.03120830767278057,0.041779639872051924,-1.139867257294064
2021-09-24,118.53555297851562,133.6162872314453,117.07926215263545,-0.0075593866465464175,0.03031835399735104,0.042030688988817955,-0.9011924751929389
2021-09-27,116.42557525634766,136.890625,119.94835137764028,-0.0504624779440741,0.02917575024687816,0.043281874585555255,-1.8399902719909098
2021-09-28,115.57785034179688,134.671630859375,118.0039911346754,-0.041344320567947304,0.02866941423180789,0.04393222917199701,-1.5936758985219646
2021-09-29,117.91387939453124,133.3007354736328,116.80276467062069,-0.01052659945266784,0.02863755424793196,0.04396041051198148,-0.8908959958398374
2021-09-30,116.6705093383789,130.2926788330078,114.16700027920578,0.0012956329566347464,0.02864497149441981,0.04395567996718493,-0.6222026040366726
2021-10-01,116.2748794555664,136.24957275390625,119.38663898816233,-0.04699300881142564,0.027813667073462077,0.044912359743158235,-1.6656144614241395
2021-10-04,116.24662017822266,136.60464477539062,119.69776550685108,-0.049923965289810635,0.026954076364519575,0.045904179666782875,-1.6747503650514117
2021-10-05,113.82579803466795,137.8275909423828,120.76935369307141,-0.08166780045573815,0.025616860639900256,0.04787163640896968,-2.2410903228605017
2021-10-06,114.62646484375,137.4429473876953,120.4323155631571,-0.07117202500081193,0.02440896763167719,0.04938592998763769,-1.9353891413286133
2021-10-07,117.75375366210938,139.2280731201172,121.99650513863611,-0.05600754263560989,0.023529458828994244,0.05034715709355676,-1.5797714519770367
2021-10-08,119.0348129272461,139.5633544921875,122.290290398419,-0.047110792510820884,0.02253837416261001,0.051149757383379485,-1.3616714963356322
2021-10-11,117.88561248779295,140.8849639892578,123.44833084376445,-0.06714191062966282,0.020870855996518813,0.05242100206828812,-1.6789600189543994
2021-10-12,117.93270111083984,142.7095184326172,125.04706923421088,-0.08027218011975017,0.018769796333043823,0.053910430921614544,-1.8371579443837214
2021-10-13,117.70665740966795,138.8927459716797,121.70267976799994,-0.05393381649131356,0.017624402678594144,0.054720398473787395,-1.3077064708179365
2021-10-14,119.2420425415039,139.63241577148438,122.3508043057497,-0.04579851661423815,0.01675717061583397,0.055313073595476846,-1.130938549673861
2021-10-15,118.2529754638672,142.53196716308594,124.89149260458207,-0.07603076377278162,0.015341629124456826,0.05658955671379211,-1.6146511512603703
2021-10-18,119.86373138427734,142.0782928466797,124.49396730790593,-0.058254342203395336,0.01404713488366998,0.057377655692892264,-1.2600981377498446
2021-10-19,118.5732421875,139.01107788085938,121.80636632375547,-0.04710566174474776,0.013423711174866137,0.05784138661504186,-1.0464716781854089
2021-10-20,119.656494140625,138.31085205078125,121.19280397125755,-0.032498501320533474,0.013642032857398342,0.05763920291044404,-0.8005061112594134
2021-10-21,119.7129898071289,139.5535125732422,122.28166656496158,-0.04110684786979224,0.01367021263764469,0.0576115485773822,-0.9508000020839906
2021-10-22,121.83238220214844,139.71128845214844,122.41991530596896,-0.024130530429500512,0.01476666135511281,0.056215791987387694,-0.6919264215532196
2021-10-25,121.888916015625,140.2142791748047,122.86065336192323,-0.02727142349907412,0.015029197555834458,0.055977606316702226,-0.7556704160514844
2021-10-26,123.64093780517578,142.4629364013672,124.83100543782024,-0.028650822274037514,0.01449505596792053,0.05624275252182164,-0.7671366764138697
2021-10-27,122.58597564697266,145.19483947753906,127.22479442161895,-0.057030713668149595,0.013026080025710946,0.05694809755264336,-1.2301867262396147
2021-10-28,123.5561752319336,144.0310516357422,126.20504282813417,-0.04047725246447213,0.011494564590990757,0.05713355301858823,-0.9096549104613538
2021-10-29,124.281494140625,141.96978759765625,124.39889121532339,-0.01987217802604484,0.010876333785964523,0.057271057883456995,-0.5368944271045359
2021-11-01,125.91107177734376,142.7884063720703,125.11619360471457,-0.012369593138972962,0.010171602342978515,0.057292973009641396,-0.3934373501294512
2021-11-02,127.22981262207033,139.39572143554688,122.14340445366977,0.021489155802775422,0.010010318423245313,0.05724647189699516,0.20051606674004704
2021-11-03,126.86241912841795,143.24205017089844,125.51369216082185,-0.007911089363627279,0.009413704607239426,0.057243553915356765,-0.302650565624979
2021-11-04,124.82784271240234,145.4117889404297,127.4148931256463,-0.039569676188597316,0.0077798245593165725,0.05721887731852533,-0.8275153754648011
2021-11-05,125.5343017578125,149.75125122070312,131.2172816850108,-0.06400901360735198,0.005307600505601671,0.05705986190400681,-1.2148051502397021
2021-11-08,126.00528717041016,149.0904998779297,130.63830825833358,-0.055437102259711844,0.0028163743863998543,0.05637925115300026,-1.033243178204429
2021-11-09,123.6032943725586,146.41775512695312,128.29635586727042,-0.05700016680528664,0.0003613043175350247,0.05570820816565175,-1.029677187825784
2021-11-10,120.4383316040039,144.51431274414062,126.6284931063203,-0.07092848506579087,-0.002311072629160732,0.055207496888820456,-1.2429002636148352
2021-11-11,121.7005386352539,141.60488891601562,124.07915423346165,-0.03887380083496403,-0.0043899601319821995,0.054169802208409314,-0.6365879013238959
2021-11-12,123.35839080810548,141.4963836669922,123.9840781408791,-0.024141318766172707,-0.0067913635716811225,0.05170206953150821,-0.3355756423622113
2021-11-15,123.39606475830078,140.94412231445312,123.5001674365,-0.019907033382447818,-0.009063637623329015,0.049126609810951696,-0.2207234694363442
2021-11-16,124.3474349975586,139.79017639160156,122.48903967647264,-0.003972350383670625,-0.01052103896034302,0.04760851824415025,0.1375528753717733
2021-11-17,121.97371673583984,142.5418243408203,124.90012980832392,-0.04327784801477621,-0.012073040805742091,0.04712271166446185,-0.6622031310767625
2021-11-18,121.99252319335938,141.61477661132812,124.08781817777236,-0.03645831539667715,-0.013456432015311924,0.04658801939719595,-0.4937295828195192
2021-11-19,121.96428680419922,142.384033203125,124.76186769703212,-0.042224883447295705,-0.015079734833012672,0.04584713887962174,-0.5920794465616825
2021-11-22,119.50579071044922,141.8909149169922,124.32978021510414,-0.0600501144270861,-0.016800334163793076,0.045559697834337574,-0.9492991024777252
2021-11-23,121.5027313232422,143.72531127929688,125.93714243900799,-0.05585683501976147,-0.018562176964909822,0.04497869139910899,-0.829162807871072
2021-11-24,123.35839080810548,143.2913818359375,125.5569182903844,-0.036891486299988736,-0.020379555768085773,0.04342746639190812,-0.38021860135454844
2021-11-26,121.3991241455078,134.33628845214844,117.7101523937548,0.011010168804380958,-0.02148181137204957,0.04171575011945378,0.7788899895935988
2021-11-29,122.62822723388672,136.17071533203125,119.3175413582275,0.007814994924654936,-0.022811155227819388,0.03938742239285437,0.7775616755776963
2021-11-30,121.90966033935548,133.2119903564453,116.72500309637515,0.02323286221033818,-0.023854291200589135,0.03723143092731565,1.2647151140350288
2021-12-01,120.1605453491211,128.17227172851562,112.30902544394388,0.04576521342336331,-0.024132793184283012,0.03663239401590032,1.9080927819597877
2021-12-02,122.70386505126952,137.66978454589844,120.63107821149518,-0.0022783313493492134,-0.025484211287031728,0.03418431900770391,0.678845757683596
2021-12-03,122.04202270507812,136.8314666748047,119.89651478490472,-0.0016948177148243312,-0.026374062464271687,0.032808404612423195,0.7522232501394578
2021-12-06,124.04644012451172,142.32481384277344,124.70997762315885,-0.024312542930106616,-0.027672666788700125,0.03108591585744908,0.10809151880877674
2021-12-07,123.82899475097656,141.1807861328125,123.70754054801107,-0.01801591544636093,-0.028300315579859948,0.030488830553265775,0.3373169763114255
2021-12-08,124.1977310180664,142.4037628173828,124.77915547480025,-0.02362177903647887,-0.028800868994585685,0.030153985882038877,0.17175473844045677
2021-12-09,122.0041961669922,142.32481384277344,124.70997762315885,-0.04145864254906723,-0.029597074462862853,0.029840156004408275,-0.39750355475527926
2021-12-10,124.85011291503906,144.11981201171875,126.28281777266415,-0.030316766813080775,-0.030114887958210584,0.029572955147905516,-0.006826468773936142
2021-12-13,123.5642318725586,140.4509735107422,123.06805321400316,-0.015021889551063084,-0.030464510250873534,0.029261653107930188,0.5277425934499016
2021-12-14,121.4274673461914,140.02691650390625,122.69647963940587,-0.029823229245956963,-0.031106618242639283,0.028806771753144268,0.044551642498512095
2021-12-15,122.7794952392578,138.36016845703125,121.23601673053567,-0.0065879762081494505,-0.03177021556788941,0.027738424807657907,0.9078467697555684
2021-12-16,124.85011291503906,137.087890625,120.12120241475279,0.019035333990419175,-0.0318520992902651,0.027577943360889833,1.8452221985795803
2021-12-17,121.25728607177734,139.00125122070312,121.79775586058247,-0.023856848398369275,-0.031976131166256104,0.027524020211627656,0.2949889843656196
2021-12-20,119.10161590576172,138.43905639648438,121.30514110103935,-0.038251975532300045,-0.032487674314352,0.02734718336874418,-0.21078226376088954
2021-12-21,119.05431365966795,146.5065460205078,128.37415755236924,-0.09804088937318729,-0.03328064783817055,0.02854097259174262,-2.2690271442870507
2021-12-22,122.1460418701172,150.6388702392578,131.99504450059493,-0.0998914851916272,-0.03425643391523188,0.029794633574196653,-2.2029152032679438
2021-12-23,121.96639251708984,152.58175659179688,133.6974694467969,-0.1154697088375444,-0.03600548573831316,0.03141424464831179,-2.5295602039408474
2021-12-27,122.7227783203125,153.15379333496094,134.19870803979742,-0.112678972974352,-0.037905062503829606,0.032546024235406985,-2.2974821726205032
2021-12-28,123.07262420654295,152.88755798339844,133.9654233170608,-0.10762057035930708,-0.03891552186296096,0.03375178024152014,-2.035597767131341
2021-12-29,121.96639251708984,153.23269653320312,134.26784578058556,-0.12014621293033158,-0.040085892656969636,0.03532100512412098,-2.266648981024839
2021-12-30,122.21222686767578,152.8480682373047,133.93082102095568,-0.11513529714765809,-0.04064368426850164,0.036241076270409484,-2.0554470381437926
2021-12-31,123.29005432128906,153.84417724609375,134.80364655883793,-0.11246599911150763,-0.04133191717034657,0.03720979604819084,-1.9117030861721058
2022-01-03,121.45584869384766,152.35496520996094,133.4987469093121,-0.11852245299406976,-0.04237383234298756,0.038481216196835394,-1.9788517146021096
2022-01-04,118.87469482421876,153.8145751953125,134.7777082070435,-0.15356809379848327,-0.04414812069778194,0.04107047994220724,-2.6642000106809753
2022-01-05,117.70230102539062,149.71180725097656,131.18271949975895,-0.13451534284924346,-0.04527101123477495,0.04260224839152285,-2.0948267986772895
2022-01-06,118.63832092285156,150.08657836914062,131.51110705564696,-0.1283323374485635,-0.04607201385692184,0.04370892712017421,-1.8820028083845086
2022-01-07,117.39973449707033,149.90907287597656,131.35557053687145,-0.13891158282317115,-0.0474883099624528,0.04531523712677026,-2.0174951883173415
2022-01-10,115.98152923583984,146.5657196044922,128.42600751538922,-0.12757915229474243,-0.04885132055712787,0.04647853377062013,-1.6938535997316624
2022-01-11,119.07324981689452,150.40219116210938,131.78765801879945,-0.12653350040652178,-0.04969303283435687,0.04742671101524967,-1.6201938934255316
2022-01-12,117.78739166259766,147.93658447265625,129.6272072388751,-0.12048965749354468,-0.05073028808919269,0.04828983720905006,-1.4445973197705935
2022-01-13,113.79747772216795,147.83798217773438,129.5408084608877,-0.15901650900476527,-0.052595468876859654,0.050268200691469804,-2.1170648374920766
2022-01-14,111.71743774414062,145.94435119628906,127.88154279282614,-0.16574361464769297,-0.05481622076564564,0.05226875439820299,-2.1222505712870214
2022-01-18,112.79527282714844,142.53196716308594,124.89149260458207,-0.12809549830853373,-0.05626603160629134,0.053082144052854385,-1.3531756861727573
2022-01-19,113.7313003540039,140.25375366210938,122.89524228774393,-0.10125874583426892,-0.05755150186303747,0.05322444240474886,-0.8211874469037507
2022-01-20,113.78802490234376,140.28330993652344,122.92114052868506,-0.10093735732213839,-0.05877926742675522,0.05336358176997259,-0.790016121427316
2022-01-21,111.6512451171875,140.30307006835938,122.93845504702206,-0.12216215607560528,-0.06033778965678135,0.05383222013790494,-1.1484639916474757
2022-01-24,111.66071319580078,138.54754638671875,121.40020382333746,-0.10829088569889575,-0.061192125857293785,0.05418445221075484,-0.869230155883232
2022-01-25,109.30646514892578,140.43125915527344,123.05077880651945,-0.14726174282435678,-0.06297186736329186,0.055236036047604097,-1.5259942872877652
2022-01-26,108.5879135131836,142.82786560058594,125.15076916025083,-0.1741925223287186,-0.06554387310166974,0.05676679906301125,-1.9139470785810673
2022-01-27,108.49337005615234,135.3619842529297,118.60890291314705,-0.11491835632673895,-0.06725301915479918,0.056682398518395356,-0.8409195520628993
2022-01-28,109.97777557373048,141.41748046875,123.91494040009098,-0.14811639573167007,-0.07007977834703995,0.05641027701316973,-1.3833758938360015
2022-01-31,112.0672607421875,143.11383056640625,125.4013416607556,-0.13997333134484247,-0.07228081571339354,0.05651976266652005,-1.1976786956953582
2022-02-01,112.40764617919922,143.71546936035156,125.92851860555055,-0.1412112064267706,-0.0739748412173631,0.057043505180191224,-1.1786857241156319
2022-02-02,113.45712280273438,142.6009979248047,124.9519797713439,-0.12204790257983486,-0.07494215603357114,0.0573628485367705,-0.8211891101619228
2022-02-03,110.31813049316406,142.1670379638672,124.57172888215148,-0.15052779825908463,-0.07652700096689401,0.05812338210951278,-1.2731674346266106
2022-02-04,113.6934814453125,143.49847412109375,125.73837979066991,-0.12663210823119675,-0.07768753332399252,0.05842128410084941,-0.837786701550653
2022-02-07,113.40983581542967,146.59527587890625,128.45190575633035,-0.1533766160407498,-0.07906166884024184,0.05922373512506446,-1.2548169588354225
2022-02-08,115.90587615966795,151.2700958251953,132.54814642689988,-0.1638796737386511,-0.08114510005530327,0.05997996634613521,-1.3793701251164303
2022-02-09,114.6862335205078,151.0333709716797,132.3407198342511,-0.17444842856725878,-0.08365021855198805,0.06069341241433997,-1.4960142526739515
2022-02-10,114.49713134765624,152.0787811279297,133.25674476112707,-0.18438855250944203,-0.08639157720410462,0.0614750664293002,-1.5940930363701105
2022-02-11,113.7313003540039,147.47303771972656,129.22103136817265,-0.15687922199816448,-0.08894002506434619,0.06116908320743922,-1.110678685561135
2022-02-14,114.0054931640625,149.34690856933594,130.8629825178972,-0.1684992163351046,-0.09102704786968499,0.061718474878345565,-1.2552508567025746
2022-02-15,115.16841888427734,155.8264923095703,136.5406203200073,-0.20599873270619118,-0.09385272149151022,0.06304460543631785,-1.7788359596914451
2022-02-16,114.610595703125,154.18936157226562,135.10610913321597,-0.1993520772850756,-0.09647150805547322,0.06411799398808643,-1.6045506546683026
2022-02-17,111.97273254394533,150.93472290039062,132.25428094541041,-0.20213756322137666,-0.09883963220204474,0.06536186477076525,-1.5804006109925821
2022-02-18,112.33199310302734,148.34095764160156,129.98153314655752,-0.1780604651730166,-0.10087635937126566,0.06590153835318817,-1.1712034002620055
2022-02-22,110.1195831298828,145.13565063476562,127.17293108831454,-0.17622383148463483,-0.10319856512434308,0.06606331989277307,-1.1053829338098442
2022-02-23,108.29480743408205,141.39776611328125,123.89766599260729,-0.16579932026437513,-0.1061453899421557,0.06481414954955918,-0.9203843718817285
2022-02-24,110.8759536743164,144.08035278320312,126.24824221712787,-0.15986004952058602,-0.10893997401624304,0.06341700545260007,-0.8029403965219124
2022-02-25,111.4930419921875,148.5973663330078,130.20620740612117,-0.1889401521362806,-0.11247619092202002,0.06181730303499562,-1.2369346034228197
2022-02-28,111.35063934326172,146.81227111816406,128.64204457121102,-0.17641346512255102,-0.11617916889778526,0.05875635826341719,-1.0251536685565612
2022-03-01,111.26519775390624,140.2142791748047,122.86065336192323,-0.1253563808970472,-0.11823046972358023,0.05682930416003802,-0.12539149086533893
2022-03-02,112.6322784423828,143.90281677246094,126.09267895778349,-0.14039267993408022,-0.12054210076056782,0.05479307854916012,-0.3622826039187148
2022-03-03,111.39810943603516,140.05650329589844,122.72240462091585,-0.12277265885684345,-0.1221831026926801,0.05331675100173419,-0.011057616097878479
2022-03-04,114.41707611083984,135.7761993408203,118.97185265428692,-0.060367942272557845,-0.12288896980645006,0.05218258306771054,1.1981205961530654
2022-03-07,110.5247039794922,127.31422424316406,111.5571742395853,-0.03062498283576587,-0.1230056898697715,0.051964157672717226,1.7777774368217718
2022-03-08,107.93293762207033,132.0777587890625,115.73114974383151,-0.09404505471268242,-0.12388213007249842,0.050999976053783924,0.5850409680261458
2022-03-09,109.2525634765625,136.61448669433594,119.7063893403085,-0.11721622228754587,-0.12533045433040618,0.049509963802381346,0.16389089023066566
2022-03-10,108.34117126464844,140.97372436523438,123.52610578829442,-0.16187088639658567,-0.12777793761116488,0.04755563515672318,-0.7169066015639348
2022-03-11,108.2272491455078,139.81979370117188,122.5149913985515,-0.1537513822686063,-0.12984340682820902,0.04589122969748075,-0.5209704686058941
2022-03-14,107.96141815185548,139.61265563964844,122.3334897874127,-0.1549110675282172,-0.13231545835021016,0.04304591890686711,-0.524918732177474
2022-03-15,108.54054260253906,142.25579833984375,124.64950382668144,-0.17008674992488454,-0.13546749308213188,0.03845481735391759,-0.9002579969145482
2022-03-16,109.39495849609376,148.7156982421875,130.3098939618767,-0.2126906275010901,-0.1386147227338439,0.03685973847346295,-2.009669841270765
2022-03-17,111.68292999267578,149.06089782714844,130.61236990653916,-0.19055541269794773,-0.14115311335327135,0.03502984866002023,-1.4102915437673447
2022-03-18,110.88546752929688,149.70193481445312,131.17406892573266,-0.20418318832141652,-0.14292215166907518,0.03549282196031858,-1.7260120009852116
2022-03-21,110.14495849609376,148.28176879882812,129.92966981325313,-0.2009811299729293,-0.14460697908209688,0.03581344609036927,-1.5741057352755619
2022-03-22,113.41075134277344,149.3369903564453,130.85429183301764,-0.1745503592743155,-0.1455916565893764,0.0358109495715218,-0.8086549793130353
2022-03-23,109.4519271850586,146.36846923828125,128.25316984856116,-0.19326831522978632,-0.14693481229363364,0.03606599352440649,-1.2846867203255607
2022-03-24,107.9424285888672,149.80056762695312,131.26049444428892,-0.23781577914466376,-0.14910473244005626,0.037546767392428224,-2.3626813402449445
2022-03-25,108.92028045654295,149.41600036621094,130.92352316579675,-0.22360931783661867,-0.1508291175218277,0.03855652946834324,-1.887623220200537
2022-03-28,107.22091674804688,148.60723876953125,130.21485798014743,-0.23639313021234,-0.15285008140623907,0.03981138702351355,-2.0984711925951847
2022-03-29,108.96773529052734,153.1735076904297,134.21598244728114,-0.25329143516998553,-0.1551971720072137,0.041505341100687036,-2.3634130105040407
2022-03-30,108.88231658935548,151.04322814941406,132.34935703799295,-0.23713113533597033,-0.15717398337957875,0.042540624530873525,-1.8795481457580225
2022-03-31,108.62596893310548,149.65264892578125,131.1308829070234,-0.22883350197255847,-0.15842840684914664,0.043530672775305986,-1.617367493648091
2022-04-01,110.93292236328124,148.6367950439453,130.24075622108856,-0.19525475664547892,-0.15944073041241721,0.04367117234275159,-0.8200839206233493
2022-04-04,107.2019271850586,150.244384765625,131.6493825372232,-0.2499936611037607,-0.16146841914000384,0.04500631145627738,-1.9669517251987456
2022-04-05,107.4487762451172,149.46527099609375,130.9666958142216,-0.2407683677317542,-0.16316603222181358,0.04604994962263117,-1.6851774246415914
2022-04-06,109.10066223144533,143.6069793701172,125.83345588325244,-0.17493148220793564,-0.16395523772036677,0.045834984570825445,-0.23947307041432694
2022-04-07,111.96771240234376,143.54782104492188,125.7816192905169,-0.1443831747878212,-0.16425273229338844,0.045645515469935484,0.43530141572515185
2022-04-08,110.458251953125,143.4787139892578,125.72106527233291,-0.1594734654038359,-0.16490246242522663,0.045288075579104616,0.11987696434369176
2022-04-11,110.8379898071289,141.72323608398438,124.18285415950162,-0.14162302367531798,-0.1646125710030692,0.04538196147065321,0.50657897064713
2022-04-12,111.7968521118164,142.88697814941406,125.2025656421331,-0.14095263090916757,-0.16419938794076042,0.045484229615543485,0.5110948833933564
2022-04-13,113.49620056152344,151.81248474121094,133.0234065572527,-0.1927778444537082,-0.16527742704318,0.04538042598853537,-0.6059973394140408
2022-04-14,111.38861083984376,153.4398193359375,134.4493340214399,-0.22814783210055833,-0.16739224514761814,0.04530303796125474,-1.3410929970060992
2022-04-18,110.44873046875,154.4161834716797,135.3048584112696,-0.24634484008328952,-0.16981570319363734,0.04557623913723002,-1.6791455007777851
2022-04-19,111.81582641601562,160.8957977294922,140.98252295394857,-0.281883562018063,-0.17247772662601163,0.04737473816626987,-2.3093707665058245
2022-04-20,112.22406005859376,160.6689910888672,140.78378704617936,-0.27544961279829766,-0.17526370541100167,0.048439223021607636,-2.068280644026956
2022-04-21,109.17660522460938,154.80084228515625,135.64190991146833,-0.26395445736547013,-0.17720858398668687,0.04962403185280792,-1.74806177853674
2022-04-22,108.3316650390625,151.240478515625,132.52219470482103,-0.24501494146143324,-0.1783889576388988,0.05038750454985192,-1.3222719485267749
2022-04-25,109.43293762207033,153.7948760986328,134.76044716984424,-0.252938987579535,-0.18068930149311208,0.05059088668070987,-1.4281166199439523
2022-04-26,105.91080474853516,149.63291931152344,131.11359512925526,-0.2601730517330261,-0.182556912426468,0.05142943581386895,-1.5091773432526627
2022-04-27,109.61331176757812,154.8994598388672,135.72832205974018,-0.2597071170947798,-0.18455247552230028,0.05206809127272417,-1.4433915232043317
2022-04-28,109.43293762207033,159.0022735595703,139.32335087787803,-0.2946348773836806,-0.18710953670491548,0.053646905462676635,-2.004315808179708
2022-04-29,107.25890350341795,153.15379333496094,134.19870803979742,-0.2730976215662413,-0.18962703202135556,0.05408438244148869,-1.5433399768443057
2022-05-02,106.29054260253906,153.2721710205078,134.30243470640625,-0.2856720669835851,-0.19187943650009723,0.05523042702991563,-1.69820578125686
2022-05-03,106.6607894897461,146.910888671875,128.72845671948284,-0.2289502473098733,-0.19358473881807517,0.054759280914888686,-0.6458358820811775
2022-05-04,108.89179229736328,149.3074493408203,130.82840696236093,-0.22305594438996798,-0.19474606095722882,0.05463082426097164,-0.5182034833943333
2022-05-05,105.65446472167967,147.8280792236328,129.53213114629253,-0.24826223289206226,-0.196152436943119,0.054908192065833174,-0.9490349980284409
2022-05-06,105.6165008544922,141.50625610351562,123.9927287149054,-0.1962626539879209,-0.1965160073667967,0.05483421562068431,0.004620352019410209
2022-05-09,101.76210021972656,131.47616577148438,115.20401290988984,-0.1552076810351495,-0.1960296595088918,0.05507249329871409,0.7412407906125339
2022-05-10,102.7589111328125,135.89453125,119.07553921004245,-0.18167743092672398,-0.19644296299103445,0.05486636648303164,0.2691180956711789
2022-05-11,103.02474975585938,132.65968322753906,116.24105228114276,-0.15111562478320797,-0.19615323646516955,0.055061975900846466,0.8179439793999331
2022-05-12,101.63865661621094,130.60824584960938,114.44351113150496,-0.14912831320404796,-0.1952053961401338,0.055378199796719096,0.832043712240998
2022-05-13,103.84120178222656,134.7110595703125,118.03853994964282,-0.15937493774706932,-0.19453911048116707,0.05556763268644637,0.6328175420486236
2022-05-16,103.74625396728516,131.0225067138672,114.80650098349813,-0.12928268159590026,-0.1933248624540758,0.05619128158907019,1.1397173911518763
2022-05-17,102.9677734375,133.2218017578125,116.73360018926371,-0.15653609975119234,-0.1929661230303787,0.0563588437812373,0.6463940853824691
2022-05-18,99.53108978271484,126.89015197753906,111.18558729470358,-0.14072833367718443,-0.1923745314002545,0.05672268558522433,0.9105033936637756
2022-05-19,100.21463775634766,129.89820861816406,113.82135168611849,-0.15924880026787241,-0.19226535606697948,0.05678097640382726,0.5814721389130888
2022-05-20,101.52474975585938,128.48785400390625,112.5855496665275,-0.1321170142761269,-0.1918029721462385,0.057161022751130636,1.0441723222828623
2022-05-23,102.18929290771484,130.5293731689453,114.37440013128571,-0.14226005202821315,-0.1910249704777707,0.05751721286872753,0.8478317362291965
2022-05-24,101.53424072265624,126.51536560058594,110.85718636853112,-0.11498872168624619,-0.19000122475383233,0.05832269792737011,1.2861631188769769
2022-05-25,102.2652587890625,129.92776489257812,113.84724992705961,-0.13625681101483095,-0.19018289858912868,0.05813459169863359,0.927607574055865
2022-05-26,103.86018371582033,136.7208709716797,119.79960696335526,-0.17611917768017227,-0.19077834021823023,0.057797962502078824,0.2536276696177779
2022-05-27,106.654052734375,140.45310974121094,123.06992505382337,-0.17597286498243175,-0.19166501032032335,0.057141353433637625,0.2746197700080033
2022-05-31,107.09269714355467,139.08065795898438,121.86733482075678,-0.15992672737012906,-0.19332432340528288,0.05465548825595256,0.6110565855482313
2022-06-01,107.19757843017578,136.67147827148438,119.75632735265498,-0.13909918528988646,-0.19513222677951825,0.05084361211790148,1.1020664967645595
2022-06-02,110.1726531982422,140.49261474609375,123.10454072021294,-0.13872983885280124,-0.19587697318185354,0.049651093639051846,1.1509743318947687
2022-06-03,108.70419311523438,140.37411499023438,123.00070709132866,-0.1531574854766848,-0.19647599423500586,0.048897080811082835,0.8859119612004043
2022-06-06,109.56239318847656,142.595703125,124.94734028264665,-0.16189217376681583,-0.19647634902450972,0.048896825542693416,0.7072887631017543
2022-06-07,108.36090850830078,142.0032958984375,124.42825235993192,-0.16998464674580585,-0.19674690343246304,0.04870093251901435,0.5495224691274315
2022-06-08,108.2178955078125,138.93260192871094,121.73760295093139,-0.14666755688461905,-0.19660951158840306,0.048832407976600635,1.0227215239460452
2022-06-09,108.34185791015624,134.08457946777344,117.48959618179563,-0.10614627989288258,-0.19554383708786968,0.05010220735569482,1.7843037645092061
2022-06-10,104.67068481445312,125.8598175048828,110.28277220884456,-0.07609040019864907,-0.193267166632829,0.05236245213056065,2.2378013570107664
2022-06-13,103.478759765625,119.32343292236328,104.55536352294338,-0.03313675837719517,-0.1906435223941498,0.05629660264422642,2.7978022939028624
2022-06-14,102.52520751953124,117.63504028320312,103.07593486560907,-0.028315711994357628,-0.18771239778869883,0.06003398002152139,2.655107752929251
2022-06-15,104.62300872802734,120.3502960205078,105.45513686909452,-0.03043761675361806,-0.1848700059017103,0.06334131281971091,2.4380989637466923
2022-06-16,103.8125,113.96202087402344,99.85750684901423,0.01543789282387777,-0.18170353503340705,0.06841180882223864,2.881687112959364
2022-06-17,104.0794906616211,114.8111801147461,100.60156986269227,0.010814560001847813,-0.1783021537795465,0.07276216989506583,2.5991076689181964
2022-06-21,104.59440612792967,112.99441528320312,99.00965700244743,0.030904159628974113,-0.1738234881333192,0.07717332154182863,2.6528292896053345
2022-06-22,104.29878997802734,110.60498046875,96.91595068239819,0.048231550859621365,-0.16929280698838187,0.08202787445976123,2.6518346267122865
2022-06-23,107.13082122802734,109.12391662597656,95.61819076475805,0.08550558519069612,-0.16392782839833125,0.08788267860019604,2.838254563493368
2022-06-24,109.60053253173828,115.23572540283205,100.97357128639135,0.05724985269868977,-0.15875214026718668,0.09159648004312454,2.3581909792186395
2022-06-27,109.20957946777344,115.55170440673828,101.25044313637014,0.051339721813056176,-0.15394429264803622,0.09492310839562379,2.1626347675584183
2022-06-28,108.77094268798828,113.82379150390624,99.73638544236182,0.06143378165423792,-0.14910650458758964,0.0983756604491507,2.140166432231004
2022-06-29,108.6088409423828,111.63182830810548,97.81571065826492,0.07771727705287612,-0.14455697069261705,0.10243360270211767,2.1699348834959795
2022-06-30,107.93183135986328,110.03230285644533,96.4141505374516,0.08491780232696985,-0.13897511296877152,0.10566482685456943,2.1188972902391994
2022-07-01,109.35260009765624,111.5627212524414,97.75515664008093,0.08454391159526256,-0.13355324164665458,0.10865692929356983,2.0072088789906917
2022-07-05,111.984375,110.6148452758789,96.92459457128226,0.11347505869913355,-0.1287464659648701,0.11308448061181876,2.1419519579832462
2022-07-06,112.26090240478516,108.3636474609375,94.95201634302764,0.13323017042586174,-0.1241195768779754,0.11800607932873818,2.180817706746439
2022-07-07,113.6530990600586,112.46124267578124,98.54247252389038,0.11225632859530996,-0.11959074697798962,0.12178013697884038,1.903816840127086
2022-07-08,113.0046844482422,110.18040466308594,96.54392251813027,0.12484805472260602,-0.11514956233802423,0.1257570406623188,1.9084229065557354
2022-07-11,115.64601135253906,110.18040466308594,96.54392251813027,0.14483631330043342,-0.1103864132678642,0.13010040224096786,1.9617366447152267
2022-07-12,114.5398941040039,111.21715545654295,97.45235980859212,0.12864676983047546,-0.1050293363631278,0.13323023168426376,1.7539270422300368
2022-07-13,112.6232681274414,112.67843627929688,98.73278515246864,0.1024489545065374,-0.09951938991967622,0.1348781553121991,1.497413305799761
2022-07-14,112.4516143798828,111.87869262695312,98.0320218049175,0.1073105596509526,-0.09362513325743885,0.13607520786735583,1.4766517432349666
2022-07-15,113.45285034179688,114.8704071044922,100.65346662170778,0.0920826298009136,-0.08739236339378924,0.13587048678814656,1.3209269903812575
2022-07-18,112.69000244140624,115.936767578125,101.58784894910627,0.07764492324545391,-0.08150745445972671,0.13523240568919587,1.1768804739816574
2022-07-19,116.19905853271484,119.87635803222656,105.03985583469519,0.07579111145150286,-0.07584502831277716,0.13457482041770588,1.126779432390232
2022-07-20,116.12277221679688,121.14019775390624,106.14727638318821,0.0656473212434988,-0.07066732393436162,0.13393051975870815,1.0178012108326582
2022-07-21,118.2396469116211,120.42928314208984,105.52434814644701,0.08764362998066944,-0.06499094697502489,0.13329029022870317,1.1451290014733984
2022-07-22,117.9822006225586,119.30370330810548,104.53807574517525,0.0940122994540551,-0.059087857788573526,0.132339251855997,1.1568763998244627
2022-07-25,118.95479583740234,120.64651489257812,105.71469420073633,0.09152850591531737,-0.053233930738405245,0.1310769001499828,1.1044084540302703
2022-07-26,119.26949310302734,118.70140838623048,104.0103238781498,0.1082156215044983,-0.046519755756935594,0.12879985811393888,1.2013629481218213
2022-07-27,119.33621215820312,127.6173095703125,111.82274819922064,0.04324854093687396,-0.04124731971521701,0.12580774318466129,0.6716268690081142
2022-07-28,119.83206176757812,126.38311004638672,110.7412994282331,0.05623215805305631,-0.03554891596460632,0.12224164660090377,0.7508167352924389
2022-07-29,117.64844512939452,126.45223236083984,110.80186681670152,0.03820051684952657,-0.031096403228616325,0.11992113237052783,0.5778541171878853
2022-08-01,111.11663818359376,127.0644073486328,111.33827594289546,-0.023164709656314154,-0.027764882649722093,0.1172446454207743,0.03923567662214828
2022-08-02,112.17508697509766,127.0545425415039,111.3296320540114,-0.013433392580789578,-0.023851068644534217,0.113622877534234,0.09168643049552978
2022-08-03,112.37532806396484,129.31561279296875,113.31086085629231,-0.02925802087681506,-0.02106765809268245,0.11135056700473063,-0.0735547469981419
2022-08-04,113.5577392578125,129.39459228515625,113.38006544850258,-0.01915037325602117,-0.018800036296363645,0.10994910851055609,-0.0031863556185532083
2022-08-05,114.88318634033205,128.67379760742188,112.74847995259286,-0.0018944505405954898,-0.015803653289928173,0.1078650786041582,0.1289500080037626
2022-08-08,113.2907257080078,129.06875610351562,113.09455639478193,-0.0190322515413871,-0.013602263735897823,0.10639452985602155,-0.05103634381238781
2022-08-09,113.23353576660156,129.78953552246094,113.72612852040722,-0.025124532557886735,-0.011535534058461803,0.10491135348510598,-0.1295283879961965
2022-08-10,112.9570083618164,131.97161865234375,115.63814604533563,-0.04456106494608339,-0.009621969511778704,0.10320225542515372,-0.33854972733269256
2022-08-11,112.04158020019533,132.9886016845703,116.5292621323183,-0.06104902146246241,-0.008484741842888074,0.10223270931797224,-0.5141630303084775
2022-08-12,114.0821762084961,135.70388793945312,118.90849087637261,-0.06292535616575008,-0.006924562783130702,0.10063683751216422,-0.5564641613052519
2022-08-15,113.80565643310548,135.28915405273438,118.54508654556211,-0.06231480259359613,-0.005617670598404231,0.09937096755126315,-0.5705603295644996
2022-08-16,114.34917449951172,137.26390075683594,120.27542864565415,-0.07239755848333419,-0.0041701499019952595,0.09771387431496383,-0.6982366532865093
2022-08-17,117.8200912475586,135.72364807128906,118.9258053947096,-0.029350351139111188,-0.0024573721830449978,0.09632393253532225,-0.27919311689443804
2022-08-18,120.45186614990234,137.01708984375,120.05916429499706,-0.016269113214592283,-0.0003575232028179834,0.09458214183746116,-0.16823038369249738
2022-08-19,118.02985382080078,133.7686309814453,117.2127510723857,-0.01300725286098184,0.0013421679442697557,0.0933961381550255,-0.15364040835857062
2022-08-22,117.69610595703124,129.91787719726562,113.8385859827489,0.012788639520706756,0.003826258786528717,0.09163993457967792,0.09779994688217006
2022-08-23,116.29440307617188,130.60903930664062,114.44420638629533,-0.004317922436916555,0.006689613040582979,0.08855418897381971,-0.12430282073673352
2022-08-24,116.7997817993164,131.61619567871094,115.326712010105,-0.00752807153789305,0.009497026264658624,0.08527448067812085,-0.1996505597825336
2022-08-25,117.56262969970705,134.5124053955078,117.86447221664717,-0.02257681225680937,0.011786191516547286,0.08244591369438757,-0.41679450482815
2022-08-26,114.75920867919922,129.5798797607422,113.54242081233745,-0.009895145221152283,0.013939592184359521,0.0800918802642789,-0.2975924316780229
2022-08-29,114.74012756347656,127.97856903076172,112.13929636824581,0.0021656267802763825,0.016287849944910816,0.07756546278317458,-0.18206844461318436
2022-08-30,112.77720642089844,125.36898040771484,109.85268358443889,0.005073506893912172,0.01892503315108743,0.07432913698229873,-0.1863539228294008
2022-08-31,112.9591293334961,125.8928680419922,110.31173224492021,0.0026120083264614307,0.021666769519308723,0.0704807511923975,-0.2703541161306842
2022-09-01,116.08065032958984,126.19930267333984,110.58024098198796,0.02711961413428145,0.02495184053397684,0.06583706231652371,0.03292634154729811
2022-09-02,114.72097778320312,126.02137756347656,110.42433678039062,0.016948025881367793,0.02767876691340996,0.06187758329120766,-0.1734188774235293
2022-09-06,116.32962799072266,125.40850830078124,109.88731930625508,0.035158384436566686,0.03003384465223411,0.059334630123247405,0.086366760417788
2022-09-07,118.43617248535156,129.66885375976562,113.62038294084944,0.02079974884868765,0.03164868046968972,0.05769319101454278,-0.1880452689515366
2022-09-08,118.8383331298828,131.438232421875,115.17077438279658,0.011067235716288735,0.03238541370458112,0.05713137244165829,-0.37314310994475386
2022-09-09,118.70427703857422,134.3443603515625,117.71722527421832,-0.011501650756925939,0.03266564805853831,0.05686921737343048,-0.7766468549310367
2022-09-12,118.4744873046875,135.07586669921875,118.35819670979798,-0.018873736938543138,0.03285837938878956,0.056670983614955595,-0.9128501576542335
2022-09-13,115.7934112548828,128.95716857910156,112.99677950474451,0.003836875026968287,0.032665029092174405,0.05675115976599445,-0.5079747124829699
2022-09-14,116.2625961303711,133.2768096923828,116.78180006463428,-0.02469883635877299,0.03207313915283073,0.05716658737147514,-0.9930971590571397
2022-09-15,114.07942962646484,133.6820831298828,117.1369148190981,-0.04742162642777805,0.030767709385218188,0.058080730842863505,-1.3462181807687001
2022-09-16,115.42955017089844,129.293212890625,113.2912332787489,-0.0018542046619825449,0.02993294679319146,0.05818531182543821,-0.5463088614277544
2022-09-19,115.51571655273438,130.7759552001953,114.59046392767635,-0.012354113533091857,0.028301951814461657,0.05797231497009552,-0.7013013947869007
2022-09-20,114.36669921875,130.16307067871094,114.0534330832564,-0.01782932252694633,0.027050632227367723,0.05814691130155483,-0.7718372953906836
2022-09-21,113.0548858642578,123.19432067871094,107.94717070288571,0.02437195206648058,0.02660116939825813,0.058060142515335034,-0.03839496830702337
2022-09-22,112.6240005493164,118.0443344116211,103.43457269002023,0.060707139896840685,0.026589058702301507,0.05805282899894982,0.5877074689186358
2022-09-23,111.19727325439452,116.96688842773438,102.49047685098324,0.057145731322626535,0.026246199606797353,0.05780597129445951,0.5345387513416073
2022-09-26,111.46540069580078,116.12667083740234,101.75424882398124,0.06601873696839279,0.0259312151841544,0.057531691129897845,0.6967902558909113
2022-09-27,112.0016098022461,116.80873107910156,102.35189385286512,0.06515414430255513,0.025608052395942608,0.05725064687792002,0.690753625735264
2022-09-28,113.33255767822266,122.24537658691406,107.11567271417694,0.034099098626284206,0.024285119728061785,0.05609118416596219,0.1749647300935008
2022-09-29,112.72931671142578,120.45623016357422,105.5479600687506,0.04283721290380867,0.02277857043602757,0.054300795975492096,0.36939868205310084
2022-09-30,112.3846206665039,119.23050689697266,104.47393849076398,0.04945814863785553,0.021731934103403332,0.05313969661150411,0.5217608737429225
2022-10-03,113.11233520507812,120.36726379394533,105.47000462538082,0.046767522462509016,0.020430591899068377,0.051502517770076396,0.5113717096514984
2022-10-04,114.87418365478516,124.51887512207033,109.10779161312618,0.029719864209975605,0.01851198441422741,0.0488662468245901,0.22935831016406708
2022-10-05,114.68267059326172,124.46946716308594,109.06449863214146,0.028477057972394127,0.016842489216592725,0.04670300928932089,0.2491181817369906
2022-10-06,116.51154327392578,121.92906188964844,106.83850671794067,0.06283231213036768,0.016182211843656563,0.04574237594410057,1.0198442762072488
2022-10-07,113.887939453125,119.9718780517578,105.1235538152277,0.05630129727941446,0.015332057470797595,0.044476490068183265,0.9211437266252411
2022-10-10,113.66769409179688,118.94384002685548,104.22275095717545,0.06239764331531663,0.014837307696037643,0.04376771589704785,1.0866533618330068
2022-10-11,113.0453109741211,116.5220718383789,102.1007130044188,0.07600714256482803,0.014810011351360546,0.04372837417227579,1.3994833416941226
2022-10-12,113.12191772460938,119.60612487792967,104.80306809743787,0.052744002621045956,0.014425892870852932,0.0432825780234652,0.8853010033140646
2022-10-13,114.96994018554688,121.68194580078124,106.62197496159497,0.05214944282017348,0.014200928230464175,0.04304627132260162,0.8815749523416743
2022-10-14,111.17810821533205,121.1679458618164,106.17159024542438,0.023873144725219182,0.013138086809540006,0.04197615352698764,0.2557418203832637
2022-10-17,115.04653930664062,124.9538116455078,109.48889820052213,0.02786084851599288,0.012035562627238967,0.0406641970324611,0.3891700081061732
2022-10-18,116.8083724975586,127.11861419677734,111.38577387833345,0.02628451755102017,0.010948162821167347,0.03935367591663009,0.38970577392420874
2022-10-19,114.6635284423828,127.2174301147461,111.47235984030287,0.007315505734628296,0.009266494225002848,0.03722504938555723,-0.052410635380688235
2022-10-20,113.92623901367188,125.09220886230467,109.61016668030325,0.017236814347272568,0.00883296544850949,0.03697319768490897,0.22729570134511803
2022-10-21,114.77843475341795,129.71827697753906,113.66368929211858,-0.01078252586007432,0.007716054049957315,0.03652657682327625,-0.5064416520478199
2022-10-24,116.90412902832033,129.12521362304688,113.14402644717335,0.012041967128457782,0.007280078221272835,0.03631203391312489,0.1311380386617169
2022-10-25,119.1255874633789,129.1350860595703,113.15267702119964,0.030392828418036786,0.008172703855845351,0.03620908489074955,0.6136615887762488
2022-10-26,118.69471740722656,128.49256896972656,112.5896810844164,0.031616313704410294,0.008923532293932014,0.03622054074220381,0.6265169140348277
2022-10-27,118.68512725830078,131.86328125,115.54321702588183,0.0066525886473847865,0.00952204245266868,0.03587396961154416,-0.07998707241923152
2022-10-28,120.12141418457033,133.0889892578125,116.61722523358401,0.009588981753157819,0.010001031702821662,0.03567596429205284,-0.011549791514833183
2022-10-31,119.21176147460938,133.7018585205078,117.15424270771953,-0.002473146371383104,0.009991386772308536,0.03567931278819759,-0.3493490252372462
2022-11-01,121.95028686523438,132.19940185546875,115.83773765130837,0.030833894764629707,0.010822489210742149,0.03557240955798489,0.5625541199638984
2022-11-02,120.7437973022461,128.23558044433594,112.36449875404442,0.04991520708022821,0.012073151538044065,0.03560627106851579,1.0627918736383857
2022-11-03,119.59476470947266,127.0197525024414,111.29914780551074,0.04969506830999442,0.013644087092312027,0.035141479102881595,1.0258811563434227
2022-11-04,122.85034942626952,128.5123291015625,112.6069956027534,0.06423267787321242,0.015732115414573273,0.03434102230739565,1.4123214511349629
2022-11-07,121.91199493408205,127.3854751586914,111.61960678273171,0.06512928652702768,0.017866359459452905,0.03333416473947349,1.417852447690318
2022-11-08,120.41825103759766,129.3228759765625,113.31722511168104,0.039434877876004,0.01956218746727957,0.031735789045584085,0.6261917855636123
2022-11-09,118.0244369506836,128.54110717773438,112.6322119591886,0.02575634476916207,0.021198085854821178,0.029355697328157265,0.1552768058406408
2022-11-10,115.82212829589844,135.2012481689453,118.46806033696022,-0.043154784122938154,0.020968011971757395,0.02980917624731481,-2.1511092947585793
2022-11-11,110.21102905273438,139.16957092285156,121.94524346813105,-0.12781444324291197,0.01910892313795207,0.03516760719033,-4.1778038973679
2022-11-14,113.5815200805664,137.31898498535156,120.32369537244686,-0.08007043916683304,0.01799120336618788,0.03721194778772034,-2.6352192874295204
2022-11-15,117.4211883544922,137.10125732421875,120.13291478391356,-0.0431274236157446,0.01705926898058036,0.03803551512148612,-1.5823814244157752
2022-11-16,117.30628967285156,136.94296264648438,119.99421145323556,-0.04296673858364683,0.01641512204480152,0.03872470546277878,-1.5334360821807855
2022-11-17,118.455322265625,136.5272674560547,119.62996479450598,-0.029774849822104207,0.016044342406731336,0.03906286855984196,-1.1729602540234163
2022-11-18,116.34877014160156,138.06121826171875,120.97406611798088,-0.05997178027833197,0.015421092939705956,0.039977134403946825,-1.8858998860757414
2022-11-21,118.76172637939452,136.47781372070312,119.58663170266797,-0.026753166380643637,0.015140125920381102,0.04021660103307714,-1.0416915210355187
2022-11-22,120.03524017333984,138.5362091064453,121.3902697020059,-0.03088573343560844,0.014589269916783023,0.040621644160093694,-1.1194771726415167
2022-11-23,119.53732299804688,137.10125732421875,120.13291478391356,-0.024661240641316813,0.014093690791195873,0.04091998753145017,-0.9470904995444227
2022-11-25,120.50443267822266,136.81431579589844,119.88148658520528,-0.014351346010710848,0.013810968218909668,0.041059025836961534,-0.685898256365076
2022-11-28,119.37454223632812,135.5772705078125,118.79754425617152,-0.014872089884421607,0.013111106485264616,0.0411860149741125,-0.6794344242159646
2022-11-29,118.49005126953124,137.30909729003906,120.31503142813615,-0.03525466497866258,0.012241061637597443,0.04165233205143417,-1.1402897335402533
2022-11-30,121.9414291381836,141.13893127441406,123.67086585781927,-0.0334733129723875,0.011097200014114874,0.04195360317669383,-1.0623762826469765
2022-12-01,121.92219543457033,140.8222198486328,123.39335223418782,-0.03136019400074154,0.010227867633291055,0.04228822228074713,-0.9834431288677439
2022-12-02,123.37388610839844,139.9513397216797,122.63025662062351,-0.013039367285704113,0.009826090916591172,0.042394496182293386,-0.5393496859586537
2022-12-05,122.3259735107422,137.69503784179688,120.65320603222702,-0.005555479381752879,0.009925193772844057,0.04235072207253927,-0.36553504632297157
2022-12-06,123.43157196044922,136.141357421875,119.29181693098397,0.0144809638155708,0.01048110545207929,0.04218487766372811,0.09481735126449624
2022-12-07,123.5373306274414,132.9251251220703,116.47364174908901,0.03813699027020179,0.011052774039466513,0.04232548700760424,0.6399032390547401
2022-12-08,121.92219543457033,135.73561096191406,118.93628769770281,0.005196435582564275,0.011551028571822134,0.04207269491248333,-0.15103841107578772
2022-12-09,119.5860595703125,136.00279235839844,119.1704013780741,-0.01619493707650646,0.012071473394343328,0.041520344324768775,-0.6807845871833869
2022-12-12,120.83583068847656,137.30909729003906,120.31503142813615,-0.01515732238882365,0.011849754765562642,0.04163133879855542,-0.6487198810748652
2022-12-13,118.22089385986328,136.67572021484375,119.76004429172656,-0.03291717062030627,0.011507037147442405,0.041917622378350484,-1.0597978904140513
2022-12-14,116.98070526123048,134.6371307373047,117.97376092157891,-0.028597900440801318,0.011327560848878152,0.04206814250206976,-0.949066417365947
2022-12-15,119.34569549560548,131.8662109375,115.54578412049241,0.012129172040054101,0.011123514515104379,0.04203347667961666,0.023925156908027007
2022-12-16,119.23033142089844,129.6296844482422,113.58606142071734,0.027609778977743686,0.01057189183311943,0.04158654041950326,0.40969715135606305
2022-12-19,118.49968719482422,128.55096435546875,112.64084916293045,0.029590720555420696,0.010112641653665997,0.04121397635598915,0.47260858145574636
2022-12-20,118.42278289794922,128.145263671875,112.28536004050258,0.03196239661502858,0.009545035981109928,0.0406617941494768,0.5513126290372284
2022-12-21,121.31652069091795,125.9285125732422,110.34296522934896,0.07106376370063039,0.009643529637744515,0.04080567997512559,1.505188348786898
2022-12-22,119.46107482910156,124.6321258544922,109.20702586416648,0.06614457532742045,0.010177620916096785,0.04133744673991976,1.3539044818962203
2022-12-23,121.3069305419922,125.1170425415039,109.63192681821327,0.07685180706426985,0.01074453081877114,0.042020535862276456,1.5732135463994856
2022-12-27,121.48958587646484,124.43418884277344,109.03358653453904,0.0831647615458383,0.01130630770057085,0.042765583071849994,1.6802870131465022
2022-12-28,121.24923706054688,122.73207092285156,107.54213130635985,0.09364808494679407,0.012087650408642268,0.04383923855252951,1.860443685408076
2022-12-29,122.26828002929688,124.73108673095705,109.29373884383799,0.08687612421395582,0.01304025474204194,0.04483847185225856,1.6467079813781542
2022-12-30,120.62432861328124,125.04776000976562,109.57121904175834,0.07213107645316208,0.013767821716721406,0.04544329564377136,1.2843094654478515
2023-01-03,121.45111846923828,123.7315673828125,108.4179250473856,0.08794358301731921,0.014186342898170596,0.04601486564609799,1.6029002602423799
2023-01-04,119.66294860839844,126.51238250732422,110.85457247792503,0.05395178126016305,0.014147184297849742,0.045979404465866125,0.8657049264712242
2023-01-05,118.99000549316406,125.5227508544922,109.98742262578337,0.05588902981902786,0.014038707406244928,0.04587119056460864,0.9123443690400318
2023-01-06,118.72079467773438,128.89739990234375,112.94440810063175,0.028841111485061785,0.013252606888248825,0.045190322249181875,0.34495227785403043
2023-01-09,117.46141052246094,127.73951721191406,111.92983080722142,0.027066189643828804,0.012824643338628539,0.04493083268829348,0.3169659998068728
2023-01-10,117.7594223022461,128.11553955078125,112.25931472643272,0.026730435765277817,0.012400993221046942,0.04467285344897906,0.3207639861330227
2023-01-11,118.6631088256836,133.04383850097656,116.5776625619553,-0.002249230119790116,0.011965620306963456,0.04468644281015811,-0.3181020804708639
2023-01-12,118.99000549316406,133.5980224609375,117.0632579221726,-0.0035767653716088344,0.011441660075503426,0.04468121500855863,-0.3361239268949043
2023-01-13,119.68218994140624,135.45846557617188,118.69344322159866,-0.011393509619659946,0.010813692955992093,0.04473381186200282,-0.4964299184732561
2023-01-17,118.84578704833984,134.7756805419922,118.09516310420436,-0.013477322148743778,0.010467145824602557,0.04484178059043558,-0.5339767435206066
2023-01-18,117.84595489501952,133.13290405273438,116.65570491217387,-0.009861152386575731,0.010015513045705084,0.04490885399678385,-0.44260014815128185
2023-01-19,117.567138671875,133.65740966796875,117.1152950691746,-0.0161652594506939,0.00992580081919476,0.0449564565978314,-0.5803629165726383
2023-01-20,117.57676696777344,137.2793731689453,120.28898611406628,-0.04307454762630056,0.009007192239948785,0.04547262627349219,-1.1453426849156911
2023-01-23,118.27855682373048,138.5460968017578,121.3989336463166,-0.04626978779381826,0.007729481969751203,0.04593622534671574,-1.1755269257758072
2023-01-24,116.87496185302734,138.78366088867188,121.60709560460904,-0.06061589703616365,0.006192278457408303,0.0466608393078726,-1.4317825500901376
2023-01-25,117.66329956054688,140.79251098632812,123.36732029040239,-0.06846967288994688,0.004940240765119441,0.04764575154207521,-1.5407441645712983
2023-01-26,118.56698608398438,142.56393432617188,124.91950335046316,-0.07341726779256952,0.0035568032726906525,0.048701859352214064,-1.5805160642549638
2023-01-27,117.3844757080078,143.20721435546875,125.4831678014679,-0.08903254823630913,0.0021141465749418857,0.050144189953032256,-1.8176920376343482
2023-01-30,117.91324615478516,141.43576049804688,123.93095800083826,-0.07098488949471085,0.0004171668372862099,0.050873356901153036,-1.4035255521024748
2023-01-31,118.13436126708984,143.58328247070312,125.81269183153248,-0.08490905913454973,-0.0018299042662934222,0.051622055009227355,-1.6093732582595954
2023-02-01,118.29779052734376,145.8494873046875,127.79841973452412,-0.1001960903627154,-0.004328090244171919,0.05270190956186143,-1.8190612240722273
2023-02-02,116.1539077758789,145.56246948242188,127.54692468439367,-0.11833750645086913,-0.007370926649573279,0.05393247848115188,-2.05750936961067
2023-02-03,119.46107482910156,145.29530334472656,127.31282437430681,-0.08541775186612018,-0.009880043956125743,0.054004285408788925,-1.398735439941606
2023-02-06,121.3742218017578,144.71141052246094,126.80119707030408,-0.06409369349827282,-0.011605520145697023,0.05405581389024086,-0.9709995942185214
2023-02-07,122.47016143798828,146.65106201171875,128.50078751620686,-0.06844910533305847,-0.013175610980734031,0.05431970691773136,-1.017558773578024
2023-02-08,121.97987365722656,145.75047302246094,127.71165995885711,-0.06627432019280972,-0.013560936581898558,0.054617160115621274,-0.9651432534998171
2023-02-09,120.78776550292967,149.2339630126953,130.7640156725455,-0.1020682601461301,-0.013131833530285526,0.05379932129574108,-1.653114286088309
2023-02-10,121.32614135742188,145.6416473388672,127.61630309030154,-0.07123368911590247,-0.012984554362770018,0.053624779019701294,-1.0862354273149024
2023-02-13,123.61421966552734,147.45263671875,129.2031552978896,-0.0642424678654006,-0.01333647176693095,0.053894553189786386,-0.9445480681360745
2023-02-14,121.66263580322266,149.79803466796875,131.2582749770735,-0.09820587888119166,-0.014257124105223366,0.0548722331771019,-1.5298949927009708
2023-02-15,123.57577514648438,151.17359924316406,132.46359274816385,-0.09095766941831888,-0.015276837765160277,0.055727323630136244,-1.3580560974981384
2023-02-16,121.83568572998048,146.7401580810547,128.5788566069943,-0.07465397124598452,-0.015521540947954484,0.055958664322840204,-1.056716256786966
2023-02-17,124.10453033447266,144.82025146484375,126.89656730914409,-0.041452023250189374,-0.015766521895780247,0.05604078330572899,-0.4583358732564919
2023-02-21,123.4988784790039,142.58372497558594,124.93684460936902,-0.030691072495985985,-0.01576327754678654,0.05603989880692673,-0.26637797831559107
2023-02-22,123.31621551513672,142.41551208496094,124.78945059381144,-0.031022537992273207,-0.015869299169302478,0.05606303082415058,-0.2702893261425867
2023-02-23,123.7584228515625,143.88011169433594,126.07278397455148,-0.03770820537033876,-0.01625858015862961,0.05613335866520207,-0.38211904154251336
2023-02-24,124.6813735961914,143.28636169433594,125.5525194668069,-0.025853843921085258,-0.016441609392574007,0.056146663286839586,-0.16763657851627697
2023-02-27,123.1275405883789,143.73214721679688,125.94313232643267,-0.04197223964326055,-0.016553568970317307,0.05619149311637173,-0.4523579862934335
2023-02-28,121.76675415039062,143.15757751464844,125.43967426621674,-0.04948203686690574,-0.016820381035225943,0.05631107380638046,-0.5800218966518623
2023-03-01,122.28791046142578,144.13829040527344,126.29900918710901,-0.05203658811307809,-0.017164987603764885,0.05646461841301005,-0.6175832138675786
2023-03-02,121.77642822265624,144.8218536376953,126.89797118900924,-0.06137386337932898,-0.017970562538658634,0.056748837323245385,-0.7648315434806545
2023-03-03,121.9983901977539,146.19883728027344,128.10453239655158,-0.06933279273024669,-0.01903351776113353,0.057108513077140176,-0.8807666713572223
2023-03-06,120.9464340209961,147.2489471435547,129.024675371032,-0.08624138724447335,-0.020712223612134265,0.0575850362701912,-1.1379547166537107
2023-03-07,119.18028259277344,145.61436462402344,127.5923970217405,-0.0903208240238451,-0.02285318718370171,0.057747734786880375,-1.1683165943934353
2023-03-08,118.92937469482422,146.06015014648438,127.98300988136627,-0.09590550793710176,-0.024538219575696147,0.058386896557642835,-1.2223168650683087
2023-03-09,116.94125366210938,141.0772247314453,123.61679642758388,-0.07720021279886986,-0.025554974171068872,0.058769068230657924,-0.8787826688880416
2023-03-10,114.50920867919922,139.2346649169922,122.00228110150992,-0.08597928007781351,-0.026735340132552035,0.05926581734301898,-0.9996308597647294
2023-03-13,117.99321746826172,136.25282287597656,119.38948685874595,-0.031769760780525486,-0.026716216635222355,0.05926397391324849,-0.08527177324795307
2023-03-14,120.26119995117188,137.7684783935547,120.71755721118915,-0.023355031908584095,-0.026628835493018737,0.05926501759711623,0.05524006770216401
2023-03-15,117.98355865478516,134.55885314941406,117.90517136245244,-0.019273529598541336,-0.027152213853661997,0.059055228132737066,0.13341213816686856
2023-03-16,119.65319061279295,137.03543090820312,120.07523537688205,-0.02318694263050788,-0.027998825880466188,0.058619358262067114,0.08208693156356338
2023-03-17,121.16838836669922,135.26217651367188,118.52144788268967,0.002431274243831988,-0.028451483318992665,0.05827094252608539,0.5299855506713277
2023-03-20,121.2649154663086,136.7382354736328,119.81482234703672,-0.007440353044123194,-0.029108195813311862,0.05779865933853014,0.37488486787001135
2023-03-21,123.89962768554688,139.54173278808594,122.27134470538154,-0.005843955591854342,-0.030389991134853276,0.05637475088508909,0.43540831946259245
2023-03-22,122.6256866455078,136.35186767578125,119.47627337498182,0.006499995148840389,-0.03138406747116294,0.055156372006800694,0.6868483412094667
2023-03-23,122.74151611328124,134.40029907226562,117.76624073693912,0.02136952970105391,-0.032308772093883206,0.0537583938678818,0.9985101475847377
2023-03-24,124.76822662353516,130.59625244140625,114.4330020879429,0.06398165502081025,-0.032628490535967,0.05311316762806965,1.8189490454288024
2023-03-27,126.87214660644533,131.0618438720703,114.84096957675897,0.07628806153570432,-0.03291782425948517,0.05245684665740504,2.081823303417601
2023-03-28,127.17131805419922,131.26986694335938,115.0232466643947,0.07702778140132752,-0.03308196330636231,0.052089778191238764,2.1138455284535986
2023-03-29,128.05923461914062,134.63809204101562,117.97460324949802,0.06038053007603972,-0.033277805745981014,0.051708194807845796,1.8112861253437096
2023-03-30,127.69247436523438,136.17356872558594,119.32004160141594,0.04714518918626664,-0.03395777897649856,0.05033716799293653,1.6111944989465006
2023-03-31,129.55514526367188,139.5516357421875,122.28002201997667,0.037997536350018075,-0.03422368305833431,0.049905203820791305,1.4471681083138643
2023-04-03,129.86395263671875,138.26385498046875,121.15162349521279,0.04897419268525121,-0.03433893034389725,0.04970114436584614,1.6762817857047159
2023-04-04,130.52023315429688,137.69915771484375,120.65681600902315,0.05754717151161858,-0.0338604960101213,0.050452129583178976,1.811770251859016
2023-04-05,130.88694763183594,138.1845703125,121.08215149731392,0.05693806271101691,-0.0333626314590015,0.051205314621476636,1.7635023793437314
2023-04-06,131.2730255126953,139.3138885498047,122.07169961827107,0.052173544149440844,-0.03293857965259878,0.05181314895883677,1.6426742151815055
2023-04-10,128.541748046875,139.68043518066406,122.39288059085126,0.029535311379399545,-0.03240883729427896,0.052292504431723105,1.1845703193381623
2023-04-11,129.28488159179688,140.42343139648438,123.0439198506068,0.030077877560819522,-0.031847926578738486,0.0527851865257516,1.1731663410784217
2023-04-12,129.82534790039062,137.0651397705078,120.10126732066749,0.056781928927871525,-0.03071166926961296,0.05395379101846369,1.6216394908662308
2023-04-13,130.45263671875,141.0772247314453,123.61679642758388,0.03436874486964469,-0.029914234819306485,0.05456297338813132,1.17814289979538
2023-04-14,131.98719787597656,142.9594268798828,125.26604775260728,0.0331002043491182,-0.02919821220704492,0.055109736129275284,1.1304430202682296
2023-04-17,132.7495880126953,143.79161071777344,125.99523632485682,0.03316021429166736,-0.028376120978005567,0.055672477973149295,1.1053277581671819
2023-04-18,132.41180419921875,145.64410400390625,127.61845570609479,0.018434924330797686,-0.027350963112053928,0.05596279586104837,0.8181486778561726
2023-04-19,133.16461181640625,145.61436462402344,127.5923970217405,0.02417960634239687,-0.02617680654311701,0.05629718296179492,0.8944748251380067
2023-04-20,133.87875366210938,145.63418579101562,127.60976502121521,0.029255140427825028,-0.0246789559187172,0.05656030712134855,0.953567954127762
2023-04-21,134.64120483398438,146.634765625,128.48650805243548,0.028240610918702894,-0.0230671178552397,0.056669126575481454,0.9053912046024276
2023-04-24,134.84388732910156,147.0607147216797,128.85973954230212,0.026933374263593157,-0.021394607154303653,0.05663877192027477,0.8532667601960666
2023-04-25,134.2455291748047,144.96055603027344,127.01950707447898,0.03630419000228011,-0.019305661516993835,0.05641275205647633,0.9857673928689283
2023-04-26,132.8557586669922,140.0172576904297,122.6880162493616,0.05882617053140471,-0.017142143849891912,0.05688443669281258,1.3354850429747738
2023-04-27,133.3769073486328,140.4134979248047,123.0352157954428,0.05990050908962654,-0.014728651046155639,0.05703228759155097,1.3085422887164373
2023-04-28,134.82456970214844,142.6721649169922,125.01433877792596,0.055315466895175844,-0.012136791758524118,0.05661446467988902,1.1914315367122212
2023-05-01,133.49273681640625,143.09814453125,125.38759700836144,0.043094426281406736,-0.009446259546319521,0.05530259087294323,0.9500583064623066
2023-05-02,133.88841247558594,144.59402465820312,126.69833947218322,0.03613252268621751,-0.007420421637113892,0.05469541756729569,0.7962814118704751
2023-05-03,133.4830780029297,144.3661346435547,126.49865427421946,0.03470160334781612,-0.005773833356345743,0.05444690517985605,0.7433927891853205
2023-05-04,132.286376953125,141.28524780273438,123.79907351521962,0.04637632896902386,-0.0038600761179777053,0.054224137042676215,0.9264583601849455
2023-05-05,131.81344604492188,143.25665283203125,125.52648752302146,0.02984985020687908,-0.002258006611316225,0.053766915180011254,0.5971675464493068
2023-05-08,131.70729064941406,144.18785095214844,126.34243587093802,0.02287274957532873,-0.00017565644929191086,0.05223338859688666,0.4412581041313952
2023-05-09,131.3115997314453,144.35626220703125,126.49000370019318,0.01880450115675389,0.0013249800552523618,0.051444749687747315,0.33977269221050665
2023-05-10,133.6182098388672,141.0772247314453,123.61679642758388,0.05724568917889641,0.003349782672657312,0.05121063513408729,1.0524358146529686
2023-05-11,134.1876220703125,140.37388610839844,123.00050653706222,0.06583892384957846,0.006083862718170147,0.05006301937863563,1.1935968280193014
2023-05-12,133.93666076660156,140.2550048828125,122.8963386510672,0.06486629697650219,0.008680928824750498,0.04897347589365085,1.1472611883575907
2023-05-15,134.16831970214844,141.91928100585938,124.35463557385971,0.05561176619522268,0.010852024448770618,0.04809606518301309,0.930632091754995
2023-05-16,133.21282958984375,141.13668823242188,123.66890042600804,0.053985658016358545,0.01244265246987975,0.047914763438766717,0.8670189011695573
2023-05-17,131.80380249023438,142.85047912597656,125.17058392177627,0.03247912112830222,0.013495489030284554,0.04764417596962999,0.3984460159436587
2023-05-18,132.46006774902344,145.0321502685547,127.08224044902508,0.022840697949240655,0.014393209629309785,0.04729732976821654,0.1786039161476621
2023-05-19,134.12001037597656,142.9793701171875,125.28352271435743,0.048345811644625425,0.015827443246225856,0.04699441130919559,0.6919624587793605
2023-05-22,134.41920471191406,142.35464477539062,124.73611652921971,0.05453641312786042,0.017167280863708282,0.04693185678978444,0.7962423569034287
2023-05-23,130.81939697265625,136.5633087158203,119.6615454063299,0.06731039026238518,0.01898865802880238,0.04671789759211171,1.0343301972934222
2023-05-24,130.8000946044922,135.71044921875,118.91424009867755,0.07288609104171287,0.021028126827279354,0.04634767041432839,1.1188904156529433
2023-05-25,129.17872619628906,138.76478576660156,121.590556562769,0.040531617592800794,0.02257093025571067,0.04540540654264621,0.39556274692135773
2023-05-26,129.10150146484375,136.94012451171875,119.99172458033156,0.052341993746256886,0.024466194541137097,0.044199369558949646,0.6306831858300883
2023-05-30,128.17153930664062,134.94683837890625,118.24513758465694,0.059093109599443694,0.026606626246631942,0.042662919686667675,0.7614688256547969
2023-05-31,128.27813720703125,134.9865264892578,118.27991369445967,0.05960389491799959,0.029037380949339824,0.0402085642577843,0.7601990902408844
2023-06-01,129.4211883544922,136.5236053466797,119.62675592624275,0.05750283721439931,0.0315011086366439,0.03718635926314087,0.699227595628818
2023-06-02,130.95175170898438,141.61093139648438,124.08444886609597,0.03447801103657694,0.0336741672862052,0.03321215281123657,0.024203301572783723
2023-06-05,130.8355255126953,141.3828125,123.88456311386577,0.03514806455358617,0.03554663857541281,0.029852307027569847,-0.013351531640705147
2023-06-06,127.5999984741211,143.3959197998047,125.64851810901511,-0.003141587318923691,0.03692726678806098,0.02577356276545842,-1.5546494084506128
2023-06-07,128.86904907226562,141.44232177734375,123.93670722314322,0.02002028388886978,0.03779043419921756,0.024256460511108108,-0.7325945309378521
2023-06-08,131.39736938476562,141.6902313232422,124.15393423427928,0.037223639036159176,0.03880007871496328,0.02289051577097567,-0.06886868319511479
2023-06-09,134.10009765625,140.35147094726562,122.98086558923438,0.06537568068952154,0.04021089888643099,0.021834842645473383,1.1525057547555764
2023-06-12,131.23272705078125,141.48194885253906,123.97142985180822,0.03740644888730019,0.04122078874506114,0.020192399487623656,-0.1888997818262679
2023-06-13,131.52333068847656,142.09678649902344,124.51017209263523,0.0354371476850284,0.04177088663574773,0.019557353480411994,-0.3238546031835545
2023-06-14,134.4682159423828,142.35464477539062,124.73611652921971,0.05488101748980018,0.042809576144646456,0.018527264060616125,0.6515501320464412
2023-06-15,133.7610626220703,139.49864196777344,122.23358702215089,0.06859341962343672,0.04405019906490131,0.01768730418039745,1.3876179381669853
2023-06-16,133.06361389160156,139.63746643066406,122.35522986989606,0.06279731081335028,0.044988487659309816,0.017146535093285807,1.0386251832893048
2023-06-20,132.59860229492188,138.46730041503906,121.3298894975195,0.06724328719064396,0.04575305028413631,0.017098202821270437,1.2568710952342577
2023-06-21,132.24017333984375,139.97462463378906,122.65065967466386,0.054727444619829355,0.045598813444119965,0.016972257635847907,0.5378560337446432
2023-06-22,133.11203002929688,139.89532470703125,122.58117430648056,0.061440794034989386,0.04535135898577471,0.016621845236179985,0.9679692489371493
2023-06-23,131.09710693359375,135.96826171875,119.14014442440876,0.07326336813704955,0.04528861876470342,0.01650696152165552,1.6947243340723843
2023-06-26,129.56649780273438,137.1880340576172,120.20895159146762,0.054066440228439615,0.045183383933910075,0.016429060054615093,0.5406916929513687
2023-06-27,129.89585876464844,140.1729736328125,122.8244600019709,0.036329501997602376,0.04500312248076567,0.016466462956935355,-0.5267446023986672
2023-06-28,130.31243896484375,140.73822021484375,123.31974881840004,0.0356093653153759,0.044963319630188306,0.0164865580156743,-0.5673685378063328
2023-06-29,131.5136260986328,142.72157287597656,125.05763175891066,0.031203211098730803,0.0446671366037463,0.01657268486685654,-0.8124166731693424
2023-06-30,133.69325256347656,144.33798217773438,126.47398609944591,0.03640362896783378,0.044314744228016546,0.016518873937749565,-0.47891371348890693
2023-07-03,133.10232543945312,144.26853942871094,126.41313793500446,0.03258275607073816,0.04390882245067857,0.016502657002991503,-0.6863177473716678
2023-07-05,133.75137329101562,143.79257202148438,125.99607865277592,0.04039545615936992,0.04371252098417739,0.016472704522751392,-0.20136734804088055
2023-07-06,132.61795043945312,144.48678588867188,126.60437311320838,0.02760735188491185,0.04368038832593593,0.016502681298531496,-0.9739651484667738
2023-07-07,131.59112548828125,147.08494567871094,128.88097155397713,0.002719081782829044,0.04322440839630275,0.017246122720844227,-2.3486627846221717
2023-07-10,131.7461395263672,150.87310791015625,132.2002917368816,-0.02130232523556943,0.0419230041602454,0.019056815141250467,-3.317728011065028
2023-07-11,133.29611206054688,150.8929443359375,132.21767310664077,-0.009556977533764935,0.041190908786855246,0.020163540624309025,-2.5168142473667983
2023-07-12,132.19175720214844,149.77235412597656,131.23577278837763,-0.010563158535678043,0.040463186072108644,0.02122070584024508,-2.4045545417728373
2023-07-13,136.0860137939453,150.62518310546875,131.98305135546113,0.012864037144389566,0.04012491645298734,0.021499033115716482,-1.26800489872585
2023-07-14,137.20004272460938,146.5493927001953,128.411701311049,0.04690956637872095,0.04059949382045273,0.021325706364767667,0.29589043618705796
2023-07-17,136.6188201904297,147.75924682617188,129.4718177932283,0.03509513175645402,0.040781419244020345,0.02122959991909936,-0.2678471336829394
2023-07-18,135.80506896972656,148.72119140625,130.31470726427153,0.02310675755370803,0.0406789461961184,0.021300898114972513,-0.8249505982125133
2023-07-19,135.80506896972656,147.67994689941406,129.402332425045,0.029825025481026186,0.04070535310549046,0.021286193878712566,-0.5111448146371174
2023-07-20,137.7715606689453,148.04684448242188,129.72382091416708,0.041339394174802695,0.040945453437343945,0.02120932664102697,0.018573938915001514
2023-07-21,139.00184631347656,150.5756072998047,131.9396113013477,0.03388363705112362,0.040905110888158,0.021220603567553002,-0.3308800249098684
2023-07-24,137.8587646484375,149.2071075439453,130.7404839719485,0.03457113362676621,0.04050086027308069,0.02110413113471636,-0.2809746872999694
2023-07-25,138.5077667236328,149.8715362548828,131.32267963717337,0.03489147430912914,0.040084043026739076,0.020960969114047594,-0.24772560320839315
2023-07-26,139.22467041015625,149.00877380371094,130.5666970149259,0.045291013973651394,0.03991696881138033,0.020877289904477025,0.257411052241921
2023-07-27,137.1709747314453,151.36895751953125,132.6347724997226,0.015920680988024797,0.03946407305649063,0.02110073960910295,-1.1157614616650267
2023-07-28,135.96975708007812,152.8861846923828,133.9642199914621,-0.0025506393556817696,0.03881935368912565,0.021784160222147485,-1.8990859699400964
2023-07-31,135.31101989746094,154.19522094726562,135.11124332243713,-0.015908314997657838,0.03797585505003442,0.02289767252373024,-2.3532597032230607
2023-08-01,135.47573852539062,153.28289794921875,134.31183401636062,-0.008772363274138715,0.037056710179315035,0.023649287562298973,-1.937862750948708
2023-08-02,135.4369659423828,151.96397399902344,133.15614674107488,-0.00052812539325087,0.036550410585979534,0.02412655194190328,-1.5368352704736048
2023-08-03,135.63072204589844,149.40545654296875,130.91428429925554,0.017430349177348696,0.03645970391267987,0.024188996196698134,-0.7866946846652834
2023-08-04,141.01678466796875,150.08970642089844,131.51384796395516,0.05070736663470992,0.03699141833731247,0.024144926539458444,0.5680675099583505
2023-08-07,141.71424865722656,152.20196533203125,133.36468306733136,0.042319094547748036,0.03674264176012667,0.02400921660512348,0.2322630046342858
2023-08-08,141.39462280273438,152.44985961914062,133.581896708183,0.03861801166203064,0.036288959890334205,0.02370535238996538,0.09825003794005342
2023-08-09,141.60769653320312,152.90606689453125,133.98164147207453,0.03724167745137423,0.03582854956491541,0.02340730184487322,0.06037124209462584
2023-08-10,143.71954345703125,154.08615112304688,135.0156725293307,0.04419387838782384,0.03563825143479209,0.023289859313289894,0.36735417066901976
2023-08-11,145.55043029785156,153.5506134033203,134.54641565668697,0.059441031684021976,0.03572917432925314,0.02337320074253407,1.0144890986889308
2023-08-14,143.8842010498047,154.02664184570312,134.96352842005322,0.045650083050264266,0.035948690361285854,0.023403988726695954,0.4145187729437093
2023-08-15,144.66885375976562,152.38046264648438,133.52108865459485,0.06079690254247346,0.036581293771173064,0.02355615633300538,1.0279949083786235
2023-08-16,145.2985382080078,152.42010498046875,133.55582465354428,0.06462808757795917,0.03685266503672862,0.023786642666091023,1.1676899061011967
2023-08-17,145.09510803222656,148.54270935058594,130.1583150472925,0.08673239403724091,0.037389264718551626,0.0245434425829861,2.010440432382323
2023-08-18,145.42449951171875,149.5442657470703,131.03591377671628,0.08276623865448193,0.03764686219175325,0.024940698642544838,1.8090662619114548
2023-08-21,145.87979125976562,147.75924682617188,129.4718177932283,0.09635074497263131,0.03803793975726855,0.025675760045784098,2.2711228454924584
2023-08-22,145.10479736328125,148.7410430908203,130.33210200431512,0.08559571208155065,0.03878900799874772,0.026398867352080444,1.773057285320015
2023-08-23,145.42449951171875,148.6220245361328,130.22781378576022,0.08832307394474845,0.03938869266872257,0.0271110317827395,1.804961967813428
2023-08-24,144.2135772705078,146.0311737060547,127.95761971123348,0.09640985904529471,0.04001063849282009,0.027984685577989245,2.015360165305349
2023-08-25,146.499755859375,145.94180297851562,127.8793099553263,0.11104522943681537,0.04086799406813369,0.029349827154321072,2.3910612829060467
2023-08-28,146.93569946289062,147.62937927246094,129.3580233024436,0.10361899330043549,0.04163659666956762,0.030378642638788644,2.0403280478281247
2023-08-29,145.56979370117188,148.731201171875,130.3234781708577,0.08857585286255315,0.04253822736666723,0.030959822497297826,1.487011932962603
2023-08-30,145.73507690429688,149.31687927246094,130.83666979813876,0.08608812971080436,0.043387228452620864,0.03144833191985209,1.3578113257965234
2023-08-31,145.56008911132812,147.55984497070312,129.29709491629558,0.09556635598228003,0.045032360840974256,0.03155468760203831,1.6014734729315294
2023-09-01,146.19203186035156,149.8926544189453,131.34118411082466,0.08549372143113114,0.046123584800011955,0.031806158606735906,1.2378148872961157
2023-09-05,144.86973571777344,147.49038696289062,129.2362333815697,0.09167653525557844,0.0470311330703356,0.03232061718620183,1.3813288876272651
2023-09-06,145.82260131835938,148.10581970214844,129.77549706348947,0.09391381876918108,0.0475067687049966,0.03280156193523951,1.4147817154502103
2023-09-07,149.30332946777344,147.27198791503906,129.04486450052147,0.11993113702738943,0.04888218017399808,0.03407627852334241,2.0849975388222775
2023-09-08,148.8172149658203,152.98976135253906,134.0549774821737,0.08339015472295923,0.0496813969579636,0.03431708555115692,0.9822733260592759
2023-09-11,150.33396911621094,153.605224609375,134.59426790466236,0.08905076070327755,0.050250892678188226,0.03468637462876001,1.1185910444765432
2023-09-12,148.91444396972656,154.5978546142578,135.46404501769453,0.074526363957557,0.05034977508375689,0.03474795300777574,0.6957701614362718
2023-09-13,147.4171142578125,152.26512145996094,133.4200226745876,0.07899181000553877,0.05061968340362669,0.0349088032324658,0.8127499076085629
2023-09-14,146.46429443359375,155.0048828125,135.82069735486783,0.056609361404995354,0.05044245130719923,0.034849919244852076,0.1769562234697884
2023-09-15,145.12252807617188,153.27764892578125,134.30723463851666,0.05831587037269792,0.05050225840308036,0.03486047501007568,0.22413957260648915
2023-09-18,147.4949188232422,152.23533630371094,133.39392387938003,0.07965459512361082,0.05080582175455739,0.035036201251440156,0.8233990084146926
2023-09-19,151.54931640625,151.0341796875,132.3414284593259,0.1112214917521199,0.051438457148141895,0.035783313654341314,1.6706958774547418
2023-09-20,150.82981872558594,151.61988830566406,132.85464682717583,0.10357915383182105,0.05226366904153159,0.03641036686618081,1.4093646729484903
2023-09-21,151.01455688476562,146.6267852783203,128.47951539367855,0.13364734503231288,0.0538856330921101,0.03782850084619617,2.108508403875148
2023-09-22,152.74520874023438,146.5076446533203,128.3751202128482,0.14414685610612907,0.05569459127195598,0.039498006758188174,2.239410848645835
2023-09-25,151.06314086914062,146.72605895996094,128.56650246418087,0.13335014343573665,0.057397040144239415,0.04061020095685875,1.8702961694817553
2023-09-26,151.60765075683594,146.25950622558594,128.1576926474457,0.1391592779247124,0.05910963429352072,0.04185740085512902,1.9124370361229137
2023-09-27,150.47979736328125,148.2646484375,129.91466835412254,0.12103141036921593,0.06058377853182869,0.042460494776744795,1.4236205243301552
2023-09-28,152.0646209716797,152.5430450439453,133.6635490351977,0.105538848758673,0.06166950174181707,0.04276728229716446,1.0257688742537783
2023-09-29,151.8798828125,149.07862854003906,130.62790617704695,0.12443800576655839,0.06328334597317783,0.043283999298774016,1.4128699007513548
2023-10-02,152.45352172851562,148.1256866455078,129.79290517381747,0.13320958035102337,0.06545818761598109,0.04346723354076376,1.5586773580035806
2023-10-03,152.88134765625,145.6936798095703,127.66189576020822,0.14957419818963752,0.06830612967306786,0.04328386659090227,1.8775602763190107
2023-10-04,155.5259246826172,149.8926544189453,131.34118411082466,0.14037784192017558,0.07080504333063355,0.04303980959544777,1.61647551983828
2023-10-05,155.76901245117188,148.731201171875,130.3234781708577,0.1482527687292498,0.07345197545171568,0.042833947867688016,1.7462969677366686
2023-10-06,157.1690673828125,150.27976989746094,131.68038822681663,0.14720665229524052,0.07569101903756319,0.04312342031951852,1.658394272249039
2023-10-09,158.35525512695312,148.5823211669922,130.19302430567308,0.1629872270319122,0.07762564671511639,0.044395339173823725,1.9227599542054294
2023-10-10,157.07186889648438,151.94744873046875,133.14166672303708,0.13737568300954558,0.07933032256933456,0.04469722799383351,1.2986344577838036
2023-10-11,157.10104370117188,152.5629119873047,133.6809571455257,0.13410311705829914,0.08118026189441108,0.04462771094216476,1.1858742930479538
2023-10-12,156.39125061035156,151.87794494628906,133.0807650774579,0.13401094082241122,0.0829166938167675,0.04462254713041632,1.1450320587104283
2023-10-13,157.58714294433594,148.88009643554688,130.45394540632674,0.15725172861694375,0.08484856605746985,0.0452960560194158,1.5984429754422518
2023-10-16,158.67611694335938,152.67208862304688,133.77662153062317,0.1420954138837265,0.08665209567134657,0.045386633442103086,1.2215781168943836
2023-10-17,159.03587341308594,153.69456481933594,134.67255092000067,0.13840258250228954,0.08838261981927195,0.04534665847712492,1.1030573004238033
2023-10-18,159.1622772216797,151.1632537841797,132.45452769532022,0.15302245638412507,0.0903514695205219,0.04554886933084705,1.3759065325724895
2023-10-19,158.2191619873047,149.2076873779297,130.74099204275686,0.15880391936570196,0.09224335127705606,0.0460007020179794,1.4469467892605348
2023-10-20,157.48020935058594,146.48777770996094,128.3577121025202,0.16999056869592089,0.09481118273885433,0.045968239753121115,1.6354636671064195
2023-10-23,156.76072692871094,146.77566528320312,128.60996925886317,0.16457190058434074,0.09759655840452136,0.045022291877984816,1.4876040153915233
2023-10-24,157.7718963623047,148.55255126953125,130.1669388807499,0.16005772359709838,0.10052932571443399,0.04319749141656438,1.3780521954068337
2023-10-25,157.9177703857422,149.64447021484375,131.12371643456885,0.1547748995522364,0.1032551134282069,0.041301967893767326,1.2473930117940963
2023-10-26,159.34701538085938,147.38124084472656,129.14059573704108,0.17480134582399678,0.10617727128182769,0.040017128298962375,1.71486754445467
2023-10-27,156.78985595703125,148.0760498046875,129.74941163856633,0.15745978759635962,0.10851109525547788,0.038818993061577635,1.2609469870389376
2023-10-30,158.96778869628906,150.17056274414062,131.5846971011503,0.1574579661591286,0.11029027191421818,0.038570326714819844,1.222901081280891
2023-10-31,159.34701538085938,150.4187469482422,131.80216477740612,0.15809837191511272,0.1122199265370076,0.03800416023741258,1.2071953462858214
2023-11-01,161.0873565673828,150.0216827392578,131.4542432359657,0.1693538649496593,0.11439885742513474,0.037456604536782075,1.4671646884212153
2023-11-02,158.2872314453125,151.5007781982422,132.75027838691435,0.14647173966272425,0.11621935846199058,0.036278915316059576,0.8338832883281343
2023-11-03,164.8014678955078,155.66004943847656,136.39477725744362,0.1580953377938172,0.11811771611875714,0.035415960265850206,1.1288024205744447
2023-11-06,169.2545166015625,155.1736297607422,135.96855933038046,0.18276386940854913,0.12017309674749925,0.03553127548521252,1.7615684156089202
2023-11-07,168.09751892089844,156.8909454345703,137.47333136185205,0.16818713826551654,0.1222153810010868,0.03468679078255853,1.3253390188966576
2023-11-08,169.16702270507812,155.75930786132812,136.48175095766152,0.17930755273793147,0.12419055850434442,0.03450385408098733,1.5974155844798275
2023-11-09,171.4616241455078,157.09938049316406,137.6559694471674,0.18344225976444253,0.1261707947074525,0.03443693249844261,1.6630826528925047
2023-11-10,170.11985778808594,160.61346435546875,140.73513258113817,0.1589019568686353,0.1273736207546424,0.03429616052366746,0.9192963769876078
2023-11-13,173.53256225585938,161.47705078125,141.4918371987449,0.17108246296239477,0.12884555782644094,0.03424439070680963,1.2333963099993146
2023-11-14,172.4727783203125,165.80508422851562,145.2842114150712,0.14400081128692127,0.12963972559834577,0.034029883700625686,0.4220139514702911
2023-11-15,172.07412719726562,164.3557891845703,144.0142884296146,0.1493977757386677,0.1307030933259644,0.03362469997578703,0.5559806459586331
2023-11-16,172.86167907714844,166.09451293945312,145.53781897014161,0.1444595085395129,0.13163870056921045,0.03320385359532281,0.3861240965147616
2023-11-17,171.76300048828125,167.2073211669922,146.5129004433454,0.13331016038166574,0.1322537055914833,0.03288044247747048,0.032130187752379226
2023-11-20,171.89913940429688,168.08169555664062,147.2790578520442,0.12953953537645874,0.1325619440238107,0.03276473738966879,-0.09224577665331644
2023-11-21,172.0449676513672,168.7672119140625,147.87973125035148,0.1267859780880688,0.1329480604369379,0.03255370404852796,-0.18928974532923404
2023-11-22,175.06875610351562,169.9495849609375,148.91576785027215,0.13595025109428174,0.13373763374080008,0.03202953879586092,0.06908052493617518
2023-11-24,175.06875610351562,168.72750854492188,147.84494177026434,0.14206685410124342,0.13467061248064072,0.03142768500208504,0.23534159834273538
2023-11-27,175.3993377685547,167.6842498779297,146.930802053493,0.1488955953033067,0.13555943313599117,0.03105491877342009,0.42943799868283533
2023-11-28,175.87576293945312,166.29324340820312,145.71195355455941,0.1581312968760858,0.13677005939340706,0.03048062663661368,0.7008135934127867
2023-11-29,175.0565643310547,165.5878143310547,145.09383193507082,0.15772265152857723,0.13787082799795705,0.030013536809259583,0.6614289964152316
2023-11-30,177.67994689941406,166.4422607421875,145.8425277523039,0.16594485061161635,0.13907134519533096,0.029664047950895354,0.9059284646778715
2023-12-01,175.7977294921875,169.7409210205078,148.73292921069034,0.1405732227069999,0.13941537995665781,0.029557813266711086,0.039172138341035
2023-12-04,177.28012084960938,170.46624755859375,149.3684856810758,0.14417458733576288,0.14042845383353786,0.028632220872399285,0.13083628821249418
2023-12-05,177.45567321777344,166.3528289794922,145.764164515259,0.1653323405688049,0.14169981349796335,0.02799878785282474,0.844055363934525
2023-12-06,173.35960388183594,166.97879028320312,146.31265369343558,0.14244727568151083,0.14283182869336256,0.026573656518434064,-0.0144712118027476
2023-12-07,172.8719940185547,169.3335418701172,148.37596935697516,0.1280929157154041,0.14365018045519365,0.02529986253669619,-0.6149149908314526
2023-12-08,174.29586791992188,170.227783203125,149.15953487600197,0.13072017376901196,0.14488536066126062,0.02264854554452217,-0.6254347266760663
2023-12-11,173.59368896484375,175.8712158203125,154.1045078319107,0.09871807168172256,0.14555873068307765,0.02053289076768242,-2.281250094364675
2023-12-12,174.00328063964844,177.43113708496094,155.47136537948566,0.09298427189693534,0.14578089196263308,0.019869120018448976,-2.657219847515882
2023-12-13,174.0520477294922,176.9442596435547,155.04474634388959,0.09568950610268258,0.14552202553514246,0.02042053966524358,-2.4403135396698863
2023-12-14,168.0152587890625,175.62281799316406,153.88685297167288,0.07008922284830751,0.14496386001875058,0.02198424639461745,-3.4058314224851087
2023-12-15,170.70697021484375,176.0897979736328,154.29603715637208,0.08235507981057384,0.14410898893172158,0.023384431245554914,-2.640812961097199
2023-12-18,170.658203125,177.34170532226562,155.39300214244076,0.07566500668528749,0.14296762477470756,0.02499812887896095,-2.692306228809935
2023-12-19,172.60867309570312,178.58367919921875,156.48126307334545,0.07980516200662244,0.14207520841755567,0.02627065667882115,-2.37032698391335
2023-12-20,169.7902374267578,176.52699279785156,154.6791225458637,0.07514429670428427,0.14100829206388185,0.027654540314275486,-2.3816702288700884
2023-12-21,171.75047302246094,180.35223388671875,158.03093251993334,0.06618435105464933,0.14009417440863908,0.029189925148489934,-2.5320319589039197
2023-12-22,171.18482971191406,180.3422698974609,158.02220172420047,0.06314976101386548,0.13938768961289227,0.030522977467715557,-2.4977225331199873
2023-12-26,169.39039611816406,180.04421997070312,157.7610399584271,0.05476703207576489,0.1382265067180457,0.032370665457672115,-2.5782440200808487
2023-12-27,171.26284790039062,180.35223388671875,158.03093251993334,0.06352556092362811,0.13706510639425581,0.03377338980037128,-2.1774404614196965
2023-12-28,173.43765258789062,180.57080078125,158.2224484741103,0.07416415651183368,0.1358082723662924,0.03469067765899966,-1.7769648797410171
2023-12-29,174.13980102539062,180.9185485839844,158.52715725627263,0.07614742171996397,0.13473776536295554,0.03552819860939315,-1.6491222729063757
2024-01-02,173.78871154785156,178.91156005859375,156.76856374517973,0.0844001936019083,0.13367355577749987,0.03606871600520453,-1.3660969292192624
2024-01-03,170.55088806152344,177.76895141601562,155.76737010648395,0.07288833962769038,0.13243491723304068,0.036863428309252655,-1.61532934771572
2024-01-04,169.25384521484375,177.6000213623047,155.61934768755816,0.06665816431383015,0.13082943285440599,0.03760055698314459,-1.7066573925844304
2024-01-05,168.84425354003906,179.33876037597656,157.14289159836963,0.05537064391264867,0.12946268220279103,0.03882891772237371,-1.908166455215145
2024-01-08,172.0332794189453,181.02786254882807,158.62294197392987,0.06427820582248758,0.12829893368219417,0.03972354250638454,-1.6116570632998528
2024-01-09,171.15554809570312,180.4813690185547,158.1440852370654,0.062277361587312466,0.12710337402827585,0.04061812426493096,-1.5959873483604738
2024-01-10,171.26284790039062,181.3457946777344,158.90152522031582,0.058442189304765246,0.12545654837307288,0.041371160434922755,-1.6198327135087711
2024-01-11,173.3986358642578,180.97817993164065,158.57940832782552,0.07189722440483799,0.12428657854842474,0.04188208257396491,-1.2508774856423557
2024-01-12,176.2073211669922,180.98809814453125,158.58809901270504,0.08664154900585386,0.12342389465681748,0.042118809935993776,-0.8732997372637129
2024-01-16,179.13307189941406,181.2166290283203,158.78834576261488,0.10044141511007647,0.12254754396891668,0.04203946792732403,-0.5258422608263337
2024-01-17,182.4976959228516,182.3393402099609,159.77210455041376,0.11163562568397238,0.12176140574088784,0.04179026716590563,-0.24229995986186287
2024-01-18,182.30258178710935,184.5152587890625,161.67872048043245,0.10022630631642498,0.12059866803456293,0.041394290560112124,-0.49215390437851636
2024-01-19,180.791015625,186.17453002929688,163.13263194993186,0.084661490063252,0.11926682785921144,0.04124074787910131,-0.8391054860936614
2024-01-22,181.2591094970703,187.2376251220703,164.06415303646233,0.08188614409275206,0.11796396820080565,0.041164969803900664,-0.8764205167626521
2024-01-23,184.1945953369141,186.17453002929688,163.13263194993186,0.10157527396801805,0.11707730777440203,0.04093092656680177,-0.3787364495910866
2024-01-24,184.12632751464844,186.36328125,163.29802236833237,0.1003439241606512,0.11583635074667958,0.04027461818462724,-0.38466973206320343
2024-01-25,184.01904296875,190.5362701416016,166.95454112456434,0.07994908953241923,0.11454450577894724,0.04015982910317454,-0.8614433133579577
2024-01-26,181.8149871826172,191.3907470703125,167.70326368236627,0.06467770770862083,0.11299816813810545,0.040265551454926614,-1.2000446705312033
2024-01-29,178.95755004882812,191.92724609375,168.17336288292907,0.04711642655697672,0.1111484690488032,0.040705360429486186,-1.573061675814149
2024-01-30,178.7234649658203,192.9307556152344,169.05267300875997,0.040948428659062695,0.10900837844395991,0.040967956470528914,-1.6612971612059158
2024-01-31,179.2988739013672,189.73147583007807,166.2493522128668,0.05966113759408203,0.10756153507614921,0.04115495303237604,-1.1639035876042574
2024-02-01,180.1570587158203,192.4737243652344,168.6522062495092,0.05080292512180341,0.10577332819828231,0.04125285669477235,-1.33252355062831
2024-02-02,178.25535583496094,193.75543212890625,169.77528340106986,0.034376108942036625,0.10330019885717377,0.04100622736929764,-1.680820068971824
2024-02-05,177.25086975097656,192.42405700683597,168.60868597368918,0.035485506411997575,0.10108850499294846,0.04102586049281897,-1.599064536195013
2024-02-06,175.94403076171875,193.367919921875,169.43573165768268,0.02362087638800046,0.09849372705378293,0.04091810635223705,-1.8298219869035817
2024-02-07,179.89378356933594,194.76889038085935,170.66331095234912,0.038234371295708725,0.09607359557930403,0.04009452999278216,-1.442571450370102
2024-02-08,179.6011962890625,193.2984161376953,169.37483001210353,0.04384168667829485,0.09415592440946503,0.039789026327084316,-1.264525482919932
2024-02-09,178.95755004882812,190.9237518310547,167.29406612738262,0.052029864158835565,0.09217171442940571,0.03884508947680396,-1.03338287570532
2024-02-12,179.874267578125,192.32470703125,168.52163205176467,0.05003655467419354,0.09060564348586025,0.03861357435105703,-1.0506431868448913
2024-02-13,180.6154327392578,188.886962890625,165.50936045079774,0.07061260044519448,0.08929255723096903,0.03791364732378291,-0.49269743494334756
2024-02-14,180.18634033203125,191.46031188964844,167.76421880908316,0.05588533849006229,0.08781632106347818,0.03745078757383501,-0.8526117778020902
2024-02-15,181.4541473388672,194.8980407714844,170.77647703976567,0.04588114142878723,0.08635917074759687,0.03735142330613041,-1.0837078144801533
2024-02-16,182.06857299804688,196.29898071289065,172.00402959386327,0.042358746350252226,0.08490615759716011,0.037338901235133296,-1.1394928570333436
2024-02-20,186.9740447998047,195.8220367431641,171.5861146134312,0.06971867832310034,0.08395503593441063,0.036979124069220985,-0.38498363521703055
2024-02-21,185.2088623046875,197.75946044921875,173.28375299780714,0.05168630855755286,0.08255063689213182,0.03656879042726651,-0.8440073618504437
2024-02-22,190.6799774169922,201.2992706298828,176.3854584313271,0.06262939740831919,0.08122667928058308,0.03580758687995018,-0.5193670809098032
2024-02-23,192.26963806152344,203.3773651123047,178.2063574678643,0.06090890797695705,0.07976023449181059,0.034776164501256965,-0.5420760680543759
2024-02-26,191.70399475097656,201.8560791015625,176.8733534804664,0.06509146762701795,0.0782095706709928,0.03326381227901331,-0.39436559267295024
2024-02-27,190.03631591796875,202.43280029296875,177.37869675078696,0.05422791015072727,0.07648465831469528,0.03171821427430768,-0.7017024341750656
2024-02-28,191.47398376464844,202.8007049560547,177.70106767868143,0.05964554013665753,0.07471300314011264,0.029529865967673583,-0.5102448829246128
2024-02-29,187.7771148681641,203.15866088867188,178.01472118112747,0.03946192692348138,0.07302781487705401,0.028577413252537598,-1.1745600505179405
2024-03-01,182.9066619873047,203.71548461914065,178.50262960055122,0.011217117311390851,0.07081185704331447,0.028118247678838026,-2.1194329181748763
2024-03-04,185.19517517089844,201.259521484375,176.35062884038666,0.03505598578534134,0.06864058446359007,0.025614154702329372,-1.3111734144088123
2024-03-05,186.06558227539065,202.6515350341797,177.57035977809264,0.033014572173800265,0.06681670607179489,0.02412228854899875,-1.401282213722531
2024-03-06,183.4934234619141,202.4526824951172,177.3961182313994,0.020409223707600732,0.06502197787166483,0.02348343125896704,-1.8997544980582395
2024-03-07,179.76727294921875,203.77513122558597,178.55489404238853,-0.006341354444970404,0.06273761906809847,0.023650060244501944,-2.920879388843334
2024-03-08,182.5839080810547,204.54074096679688,179.22574806366947,0.0055087719709216885,0.06118413073958511,0.0242989656036822,-2.291264561493372
2024-03-11,179.78680419921875,203.0293731689453,177.9014347611511,-0.0025973956554779685,0.0595911029470449,0.025291692852683813,-2.4588507762114378
2024-03-12,177.70367431640625,205.85324096679688,180.37580644921013,-0.028274480279257587,0.057525036507345896,0.027278122508343543,-3.1453600503612384
2024-03-13,179.46405029296875,207.3447113037109,181.6826849008316,-0.025470179139542616,0.055932379807548394,0.029250471764206625,-2.7829485829593397
2024-03-14,177.14622497558594,205.74388122558597,180.27998162069952,-0.03096935059201305,0.054043639300838615,0.031114748542843178,-2.732240942773289
2024-03-15,179.48362731933594,203.49673461914065,178.31095320296112,-0.006572592739800572,0.05267301264375381,0.03194636767485972,-1.8545333850326235
2024-03-18,179.65968322753906,205.3262481689453,179.9140369358473,-0.014509101673155033,0.05110110824909085,0.032894975145331226,-1.9945359323841263
2024-03-19,179.49339294433594,206.93704223632807,181.3254710117122,-0.023312417805155073,0.04946016300726686,0.034108605174597885,-2.1335548739066805
2024-03-20,179.17066955566406,209.3134613037109,183.40777247914258,-0.03677750293631789,0.04774413210741742,0.035800996745199806,-2.3608737948076253
2024-03-21,180.14866638183597,209.35324096679688,183.4426288106519,-0.03134249863973576,0.046169261113190724,0.037164207163423266,-2.085656217878717
2024-03-22,176.94081115722656,210.0989532470703,184.096047981036,-0.05373313066575766,0.04436092506749868,0.03931616323795229,-2.49500581070345
2024-03-25,175.64984130859375,208.9256591796875,183.06796670035126,-0.05562471460932911,0.04237508714194939,0.04129125826792052,-2.373378915105991
2024-03-26,174.19261169433594,211.82907104492188,185.61203768114444,-0.07906060282959332,0.03982134115292561,0.04394486092559299,-2.7052524795517883
2024-03-27,176.20730590820312,213.12168884277344,186.74467458607268,-0.07315085781285104,0.03733303649404536,0.04603048571782024,-2.4002330756228294
2024-03-28,179.6890106201172,212.0975341796875,185.84727446540788,-0.047363000765194486,0.03513698325459365,0.04688215911776463,-1.7597308991796663
2024-04-01,177.8699188232422,211.4910125732422,185.31581902959527,-0.05508658897121909,0.03300406777794516,0.04803255289876857,-1.8339782383588996
2024-04-02,178.63275146484375,209.1742401123047,183.28578200400224,-0.039216646353589665,0.03123948760015483,0.048715161542777975,-1.4462875975865386
2024-04-03,174.8967742919922,210.96401977539065,184.85404951623246,-0.07038221360158525,0.029143606641584264,0.050337495765204375,-1.9771706702971585
2024-04-04,177.57650756835938,207.6031951904297,181.90917751907773,-0.03764584034491088,0.027444872538794286,0.050848927730781875,-1.2800803436470871
2024-04-05,176.95059204101562,210.4867706298828,184.43586713011177,-0.05559530419102996,0.025480328109155244,0.051749395509429474,-1.5666971855818503
2024-04-08,178.3589324951172,210.37738037109372,184.34001556103226,-0.04672280693511199,0.02372757817182396,0.052391045404509215,-1.344702793444782
2024-04-09,175.19020080566406,208.7168731689453,182.885021098494,-0.05735005239352446,0.02157345689185125,0.05303010493356197,-1.4882774488991475
2024-04-10,176.0410614013672,208.398681640625,182.60621055727285,-0.050655773074334366,0.01928516819051478,0.05313691284034184,-1.3162402090425849
2024-04-11,173.5960235595703,209.56204223632807,183.62558778279353,-0.07132600661893194,0.01642237782836464,0.053317194945216216,-1.645780212883642
2024-04-12,174.5838165283203,203.9342041015625,178.69427925757245,-0.037018377533353575,0.013944811108075874,0.05226119617095994,-0.9751630727072459
2024-04-15,173.46890258789062,203.26803588867188,178.11055937992253,-0.040318487001987306,0.011602397886102338,0.05147214484672278,-1.0087181142869246
2024-04-16,172.82339477539062,201.34896850585935,176.42900544771595,-0.03447425380270725,0.009616802155003015,0.05090076611405394,-0.8662159594791741
2024-04-17,173.0679168701172,199.3404541015625,174.6690749081801,-0.022843661677842228,0.007871305392159777,0.05017096362287825,-0.6122060421417899
2024-04-18,173.60581970214844,197.6898956298828,173.22279787109028,-0.011343658147679198,0.00598932319023149,0.04869251143769816,-0.3559681114433409
2024-04-19,176.87234497070312,193.3646240234375,169.4328436762458,0.028761728652904998,0.00479628659843572,0.047195423342505254,0.507791653452242
2024-04-22,176.0312957763672,194.0308380126953,170.01660366474897,0.020805080103846733,0.003810553107959511,0.04620644692967529,0.3677955810311998
2024-04-23,174.8870086669922,195.9199981689453,171.6719518394725,0.004932956037663307,0.0028148072467768857,0.04551104675436115,0.04654142108220016
2024-04-24,175.44447326660156,203.53646850585935,178.34576942361707,-0.029944762359308683,0.0015304540981721294,0.04532662056347922,-0.6944090705681503
2024-04-25,177.69387817382812,202.7708740234375,177.67492877262058,-0.013131558188610056,0.0006291209840442499,0.04506644871243637,-0.3053419909001385
2024-04-26,174.4762420654297,200.97113037109372,176.09793046465748,-0.022776942318281163,-0.0007448470144951365,0.04448917230755978,-0.4952237625702523
2024-04-29,176.4322509765625,201.01092529296875,176.13280016645123,-0.011635605626141464,-0.0017854891936275514,0.0439904381648733,-0.2239149425062855
2024-04-30,177.16575622558594,196.15866088867188,171.8810764582439,0.016551352403572358,-0.0020825684692686226,0.043801873568896414,0.4254137860913985
2024-05-01,175.94325256347656,196.61605834960935,172.281864104321,0.007440135031471808,-0.0025499913256107182,0.04354305411628901,0.2294309978900934
2024-05-02,170.29039001464844,196.40724182128903,172.0988917618949,-0.02443384297314426,-0.0033509033149631304,0.043495442424375357,-0.4847160640988446
2024-05-03,175.7183074951172,196.41717529296875,172.1075958170589,0.007161261645354174,-0.003868788475802373,0.04317572203770561,0.2554688051661056
2024-05-06,178.84791564941406,198.9626007080078,174.3379865548372,0.012063781590831102,-0.0043984202272601015,0.04277357853032941,0.38486847216719
2024-05-07,180.1975860595703,198.57485961914065,173.9982342571836,0.02134881484432308,-0.004909771049168644,0.042267959226340315,0.6212409204068704
2024-05-08,181.4200897216797,199.2509765625,174.59067156028192,0.024677924402193692,-0.005332414887035308,0.041833782795365246,0.7173709209140379
2024-05-09,178.89682006835938,202.3234405517578,177.28287192227634,-0.004127511913525204,-0.006578083426347302,0.040629488044345484,0.060315097009034334
2024-05-10,177.07774353027344,206.89730834960935,181.2906547910562,-0.03707556936350568,-0.008127431890573435,0.03997434587441516,-0.7241678841694309
2024-05-13,178.1437530517578,204.9185791015625,179.55682304672794,-0.021136957275639565,-0.009244400202313883,0.03937142042342798,-0.30206065581136643
2024-05-14,176.63763427734375,204.1330718994141,178.86853417455015,-0.025947170421321844,-0.010382832148506781,0.038837940602517856,-0.40075086452462494
2024-05-15,173.87966918945312,203.4072265625,178.23252311449403,-0.03856230494631385,-0.012187515202997018,0.03754707103071258,-0.7024459969658593
2024-05-16,177.6058807373047,204.7704315185547,179.42701095519595,-0.023498530019235006,-0.013440595845943485,0.03662245098774862,-0.27463847727330487
2024-05-17,179.47384643554688,203.1783447265625,178.0319688480423,-0.005072991596184276,-0.014568968996018542,0.035256448005974585,0.26934016149968
2024-05-20,178.68167114257812,204.5515594482422,179.2352275953304,-0.01626301867660777,-0.015855167773577955,0.033835271909983936,-0.01205401582451799
2024-05-21,179.6988067626953,204.7804107666016,179.43575512121328,-0.011626650718298775,-0.01713380307933323,0.0321311243498729,0.17139619208676213
2024-05-22,179.9530487060547,203.41717529296875,178.24124053994245,-0.0035594769896953368,-0.018096926198340278,0.030794081484054645,0.4720858200031885
2024-05-23,176.44204711914062,199.03900146484372,174.40493156897875,-0.00178659994707629,-0.019120795199735842,0.02914239995090226,0.5948101488505884
2024-05-24,178.56430053710938,202.2330780029297,177.2036930978812,-0.005553962690166509,-0.019871060026629972,0.02817194144238311,0.5082041422578066
2024-05-28,174.91635131835938,199.00912475585935,174.37875255206458,-0.010374948495290793,-0.020230927790074665,0.027904731956698466,0.3532010022557471
2024-05-29,172.71585083007812,195.50656127929688,171.30968398283858,-0.005478246787541739,-0.02090649833295605,0.027020201143255942,0.5709895149786883
2024-05-30,170.87716674804688,195.5563201904297,171.35328448036518,-0.016552618985635134,-0.021732618185613305,0.026085228919642083,0.19857978689532027
2024-05-31,169.719482421875,199.60614013671875,174.90187830067725,-0.04439527315007925,-0.022812693133241305,0.025648728213078564,-0.8414678434555968
2024-06-03,171.6816864013672,197.17825317382807,172.77447886386406,-0.02006701726268923,-0.02304145418020329,0.025560387824555678,0.11636900574163192
2024-06-04,172.3978729248047,199.44692993164065,174.76237275293346,-0.027360237399176573,-0.02358927100303826,0.02528890773042842,-0.14911543180652942
2024-06-05,171.39715576171875,201.57632446289065,176.6282226857247,-0.04424468884860367,-0.02428339255625702,0.025274520421481775,-0.789779428431045
2024-06-06,170.7103729248047,200.1733245849609,175.398865143229,-0.041244354399791766,-0.02449955712493259,0.02536453662966458,-0.6601657077100174
2024-06-07,169.4153594970703,201.17828369140625,176.27944544608073,-0.05440140066743332,-0.024981744150397438,0.02565661485667167,-1.1466694527468297
2024-06-10,168.32632446289062,203.8052520751953,178.58128698385354,-0.07489802598255688,-0.025713888740239832,0.026445041471500445,-1.8598623600315505
2024-06-11,170.18060302734375,204.8600006103516,179.50549452480075,-0.06861674122630605,-0.02674795788168159,0.02689312825304256,-1.5568580549898514
2024-06-12,166.1973419189453,209.6660614013672,183.71673301175366,-0.11956712282863576,-0.0284989249009396,0.029387197471021042,-3.098907203298282
2024-06-13,165.52041625976562,210.5914459228516,184.52758728130237,-0.12904461217776517,-0.030261128140483103,0.03211447978386642,-3.075979579993341
2024-06-14,164.43138122558594,209.2779998779297,183.37669993812702,-0.1295231205625491,-0.031806888434253625,0.03457150938333623,-2.8264959751915133
2024-06-17,167.05091857910156,213.5566864013672,187.12583465460636,-0.13425405360517104,-0.03352208101701088,0.03701462360106979,-2.721410155991667
2024-06-18,166.1973419189453,214.92984008789065,188.32903992075674,-0.14731911245583756,-0.035081847380178874,0.03975138092246427,-2.823480907357139
2024-06-20,169.08177185058594,216.7308654785156,189.9071613326119,-0.13708004198533366,-0.03643943616977895,0.0418028472590301,-2.4075060053191635
2024-06-21,172.58428955078125,214.81044006347656,188.2244174450911,-0.1042532599192506,-0.036859313787939905,0.04236099447264437,-1.5909434367701627
2024-06-24,168.0908660888672,215.96469116210935,189.23581261080702,-0.13978923406655608,-0.037969953392168326,0.04416384333154741,-2.305489581375621
2024-06-25,165.7460479736328,214.0144195556641,187.52691644694093,-0.14560356443222244,-0.039607296119952125,0.04628800222063453,-2.2899296410986323
2024-06-26,166.78602600097656,211.99447631835935,185.75697156436686,-0.12784819554050897,-0.04081998956277363,0.047633982337293976,-1.8270193191384403
2024-06-27,167.05091857910156,214.00445556640625,187.51818565120806,-0.13660274465062558,-0.042443091201057555,0.049211490674908445,-1.9133672270077644
2024-06-28,166.84487915039062,217.1189727783203,190.24723451709187,-0.15436315696386121,-0.04384277359042881,0.051174748467950344,-2.159666372227486
2024-07-01,168.6697235107422,213.16860961914065,186.7857882106953,-0.12135201965192341,-0.04523787657887903,0.05213491956862455,-1.4599455355993456
2024-07-02,168.14974975585938,214.5318145751953,187.98027605139723,-0.13192331971919466,-0.04651001017101511,0.05330992383531652,-1.602202805842227
2024-07-03,167.68862915039062,215.0492401123047,188.43366239642236,-0.1377396921023425,-0.04802695825713562,0.05459553475150691,-1.6432247482058167
2024-07-05,166.46224975585938,213.3477478027344,186.94275534990484,-0.13716534847834908,-0.049357213191882694,0.05578594536395273,-1.5740189525085198
2024-07-08,165.60870361328125,213.50694274902344,187.0822475273642,-0.14386859081951744,-0.05091076015430241,0.05710503763320321,-1.627839408184989
2024-07-09,165.383056640625,214.18356323242188,187.67512604984873,-0.14901415424303502,-0.052205562614704125,0.0584409069787033,-1.6565210335221068
2024-07-10,166.12869262695312,218.7607879638672,191.68585038120324,-0.1679993035226533,-0.05438857804785912,0.06028135211570966,-1.8846744720775195
2024-07-11,166.5603485107422,215.7855987548828,189.0788855824508,-0.14932055676091202,-0.05620527921050787,0.06148070281438136,-1.5145447805229535
2024-07-12,166.2954864501953,219.6264495849609,192.44437335749242,-0.17138910031716376,-0.05848719331908214,0.06317790049601629,-1.787047466149982
2024-07-15,169.25839233398438,221.8852081298828,194.4235765616822,-0.16257705600562836,-0.06081608322454524,0.06440525744787882,-1.5800103409793078
2024-07-16,169.58213806152344,227.05946350097656,198.95744001193378,-0.18709310553159023,-0.06374524068094377,0.06609158536970906,-1.8663172347985308
2024-07-17,176.84222412109375,218.70106506347656,191.63351908794377,-0.09694314779324291,-0.06584032195504623,0.06509432028554743,-0.4778116693093773
2024-07-18,180.46246337890625,217.9149932861328,190.94473551524203,-0.07112071285203869,-0.06737241850431099,0.06409455133148931,-0.05848070186718337
2024-07-19,181.13943481445312,218.10403442382807,191.11037996904668,-0.06803207744036328,-0.06858850239561143,0.06338772477449307,0.008778118432672427
2024-07-22,182.4835205078125,219.0592803955078,191.94739988522514,-0.06475229240830939,-0.06916862789642811,0.06318702406488401,0.06989307620475647
2024-07-23,179.75608825683594,219.5667724609375,192.39208217508627,-0.08338154755037792,-0.07033946105245757,0.06278062470832603,-0.2077406295097076
2024-07-24,181.66921997070312,213.5368194580078,187.10842654427836,-0.042888682392310036,-0.07067465672035804,0.06257573231081552,0.444037541423155
2024-07-25,183.513671875,212.1238250732422,185.87031146548097,-0.025660139893530356,-0.07090839895814786,0.062377341771859586,0.7253957571662735
2024-07-26,182.9348602294922,214.54180908203125,187.98903358769894,-0.04048719993074157,-0.07185904149705309,0.06144958677753851,0.5105297400922276
2024-07-29,182.0714569091797,216.7408599853516,189.91591886891368,-0.05600443383625634,-0.07291645097818189,0.06060192052251451,0.2790673463168958
2024-07-30,183.513671875,217.67616271972656,190.7354638233419,-0.05217125652125938,-0.07337874120398383,0.060331000908817684,0.35151886034141466
2024-07-31,180.0406036376953,213.6064300537109,187.1694217818485,-0.05266126004242677,-0.0743757832321135,0.059465532954939185,0.36516149962266714
2024-08-01,182.2382659912109,207.6759490966797,181.9729270352405,-0.011452084088295744,-0.07476771432676561,0.05896152205729596,1.073846604179295
2024-08-02,190.12625122070312,203.94456481933597,178.70335768070052,0.04770801811721589,-0.07432839427221741,0.059782308709925354,2.041346596056974
2024-08-05,192.5593414306641,200.8201141357422,175.96560475965268,0.07395844659103401,-0.07350705223573674,0.06148002314627595,2.398592116270262
2024-08-06,193.52084350585935,206.09385681152344,180.5866424643886,0.05468069458338936,-0.07252691546078817,0.0630534800248382,2.0174558167775603
2024-08-07,198.41650390625,202.51168823242188,177.44782112129064,0.09382453332384309,-0.07034524708266568,0.06647277577174339,2.469729577266953
2024-08-08,200.31979370117188,204.024169921875,178.7731104545724,0.09581847100454675,-0.06839598994466257,0.0695823027408768,2.3600032548612386
2024-08-09,197.02333068847656,205.29782104492188,179.889128095954,0.07502591514752098,-0.06671310518518186,0.07181168038498315,1.9737599729297315
2024-08-12,199.77040100097656,204.5714263916016,179.25263570565843,0.09093148085047077,-0.06455487542190211,0.07456518017221526,2.0852408042636337
2024-08-13,198.45574951171875,204.14356994628903,178.877732930238,0.08679854184953512,-0.06271659089075594,0.0769170228203967,1.9438497130786363
2024-08-14,202.0956115722656,206.7605133056641,181.1707901911403,0.09189944469564679,-0.06110038361922543,0.07913559291963639,1.9333882854741011
2024-08-15,197.1802978515625,209.5466766357422,183.61212390637246,0.056881073642694076,-0.05988131541390373,0.08039143107881554,1.452423317879791
2024-08-16,199.10324096679688,211.4073944091797,185.24254987091825,0.057800888311962895,-0.05872418976339937,0.08158850879599808,1.4282045326593569
2024-08-19,200.72206115722656,213.48704528808597,187.06481267646734,0.056321171242343294,-0.057726178959532054,0.08263426971057293,1.3801459201046604
2024-08-20,202.1250457763672,211.357666015625,185.19897611396053,0.07210250814896135,-0.056494693824598104,0.084021000952582,1.5305364196522062
2024-08-21,203.017822265625,215.35772705078125,188.70396943674598,0.05891850180040762,-0.055420152749755196,0.08508900193704728,1.3437536220574753
2024-08-22,205.82374572753903,214.7606964111328,188.18083031784892,0.07428962316002247,-0.054009076555499975,0.08653834695872838,1.4825647152320842
2024-08-23,205.656982421875,216.1646881103516,189.41105692883258,0.0675570477949289,-0.05279182164579213,0.08773790155114544,1.3716862075914311
2024-08-26,209.10061645507807,214.3723602294922,187.84055657910253,0.09042399441146842,-0.05100887808917374,0.08955494285947337,1.5792860559642576
2024-08-27,207.3542633056641,217.40936279296875,190.50168440008136,0.06992975100782355,-0.04910346101987536,0.09090409875232183,1.3094372383803938
2024-08-28,205.0683135986328,216.1547088623047,189.40231276281526,0.06492301857842633,-0.04768696042252343,0.09201955296780823,1.2237614221006357
2024-08-29,203.1748046875,216.7322540283203,189.90837802849506,0.05371768302464841,-0.04633566174879302,0.09291407139538754,1.076837375338697
2024-08-30,202.13165283203125,218.70379638671875,191.63591236885676,0.04028757221776927,-0.044926790731020134,0.09358478188028371,0.9105579052136704
2024-09-03,209.4532623291016,214.73080444335935,188.1546379306503,0.09045587204306783,-0.042731786956972474,0.09520311872861405,1.3989842011342608
2024-09-04,207.0816192626953,213.3367919921875,186.93315548568398,0.08593769422011782,-0.04039280204217996,0.09662489060663906,1.3074322306515258
2024-09-05,207.2686004638672,215.07933044433597,188.46002859731857,0.07939564858117738,-0.037821240799451046,0.09773777494233347,1.1992997533429413
2024-09-06,207.79014587402344,212.19171142578125,185.92979586091053,0.0938831965724353,-0.03511290850280536,0.09911175669005892,1.3015217304505629
2024-09-09,207.9771423339844,214.0238342285156,187.53516591243428,0.08697893103220716,-0.03167047427179131,0.09971384143882453,1.1898990510438925
2024-09-10,208.43966674804688,209.75210571289065,183.79212804565512,0.10696232702739009,-0.027737025285038724,0.10045972039612411,1.3408294566348973
2024-09-11,208.37081909179688,210.67816162109372,184.60357060771867,0.10277303547209748,-0.02386542268446128,0.10094555322743314,1.2545224044811445
2024-09-12,206.3829345703125,215.2088165283203,188.5734888309925,0.07489523719242872,-0.02037960117116795,0.10067982809024342,0.9463150679816215
2024-09-13,206.25498962402344,215.8958282470703,189.17547251717394,0.0714027342150039,-0.01673423705998726,0.09996289786852709,0.8816968410710783
2024-09-16,209.2269592285156,217.17037963867188,190.29227900533692,0.0792552421643745,-0.01312864899082546,0.0994487456359532,0.9289598432280365
2024-09-17,210.25038146972656,219.440673828125,192.28159014455582,0.07427546296848149,-0.010153170276029922,0.09934682470516369,0.849837259470288
2024-09-18,207.30796813964844,220.03810119628903,192.80507689084806,0.05861108212882813,-0.006846498339440187,0.0982546563158357,0.6662033426472687
2024-09-19,203.6471710205078,224.5786590576172,196.78367242871704,0.02215180140719719,-0.0040505755754498595,0.09661236706534981,0.27121141711519636
2024-09-20,204.89694213867188,223.6824951171875,195.99842225385203,0.03194861238184079,-0.001387295443410697,0.09533593822249964,0.349667800483072
2024-09-23,206.2451629638672,223.7024383544922,196.01589721560217,0.03819201736836876,0.0015259505902392087,0.09379219819025832,0.39092874978526576
2024-09-24,203.45034790039065,227.4961700439453,199.34009755232364,0.008640454361477532,0.004242677445661521,0.09153382037385532,0.04804537708416399
2024-09-25,199.8682861328125,226.4207763671875,198.3978000165425,-0.004412209675680955,0.006191674278598896,0.09004715712529633,-0.11775923074978427
2024-09-26,202.18084716796875,231.91726684570312,203.21401713338923,-0.016744992985486942,0.008111313057494024,0.08826291409137711,-0.28161664838357425
2024-09-27,199.3762359619141,233.36106872558597,204.47912681645107,-0.037392810235258325,0.009783761088612094,0.08638311028574452,-0.5461318904565513
2024-09-30,201.61009216308597,229.5175323486328,201.11128587134968,-0.009193689614363709,0.011916622069678516,0.08424677430735746,-0.25057709161689073
2024-10-01,206.59942626953125,228.85040283203125,200.52672366578068,0.01800758002439951,0.014614558250410466,0.08172763318406237,0.04151621234824542
2024-10-02,208.4790496826172,230.47344970703125,201.948894080043,0.020039465388620125,0.01743211857760472,0.07885447987871347,0.03306529717811568
2024-10-03,206.80609130859372,229.8959197998047,201.44284218464765,0.014559059661575835,0.020474757964008536,0.07500640579636755,-0.07886924109512776
2024-10-04,207.07177734375,232.72381591796875,203.92074362779618,0.003857052969710077,0.02302771812618557,0.07166143758879054,-0.26751717243632606
2024-10-07,204.0801544189453,231.50900268554688,202.85628180317713,-0.0055295640561021375,0.0257920437305366,0.06708778285674943,-0.46687498755949125
2024-10-08,204.2179412841797,233.1917724609375,204.33078351069892,-0.012071364118276749,0.028300471928659126,0.0625880604180116,-0.6450405361230472
2024-10-09,202.83038330078125,235.96990966796875,206.7650844563209,-0.030996579286760074,0.0309020806994063,0.056423684485823425,-1.0970332857599638
2024-10-10,203.50938415527344,234.9442901611328,205.86640078835077,-0.023140768445798793,0.03213212035519703,0.05435597441606797,-1.0168686955717017
2024-10-11,202.7221221923828,237.1150054931641,207.7684574513788,-0.036496668844960146,0.032709187755315006,0.053416896974899646,-1.2955798730277175
2024-10-14,202.1611785888672,236.74658203125,207.44563193381367,-0.037775799985240076,0.033213459046233726,0.05258610399591226,-1.3499623215477627
2024-10-15,207.1505126953125,235.11358642578125,206.0147440941029,-0.005872919575085776,0.03419478192678745,0.051259604893195955,-0.7816623164645519
2024-10-16,207.3473358154297,236.47775268554688,207.21007426272394,-0.010682969910319792,0.03540642488745509,0.04925323927596786,-0.9357637279354191
2024-10-17,206.2156219482422,237.4535369873047,208.06509058174527,-0.020375835235046588,0.03578163900674281,0.04872964203412688,-1.152429443303946
2024-10-18,205.94993591308597,237.7921142578125,208.36176382296506,-0.023132684120361218,0.035823763269628967,0.04867669221968697,-1.2111843410375702
2024-10-21,209.03997802734372,235.9400177001953,206.7388920691223,-0.00024522076814815943,0.036494462922338856,0.047878097286199156,-0.7673588921228334
2024-10-22,210.36849975585935,237.1150054931641,207.7684574513788,0.0011774357974746808,0.03744749408290104,0.0465565393802569,-0.7790540011830711
2024-10-23,210.1519775390625,232.5047607421875,203.7287998245175,0.019370889867459704,0.03863986318937969,0.04511625448373087,-0.4270960331795377
2024-10-24,211.56907653808597,234.2074432373047,205.2207497532206,0.018887353237272718,0.03983234007737468,0.04358161157444451,-0.48059229760984173
2024-10-25,209.43360900878903,235.1036071777344,206.00599992808563,0.005134143385989784,0.040108777201946104,0.04330251153727588,-0.8076814155652215
2024-10-28,209.5516815185547,236.1591339111328,206.93088935353873,0.0012810456153997806,0.03933499432691583,0.04357834610432772,-0.8732306779246254
2024-10-29,208.83331298828125,238.13064575195312,208.65839695333156,-0.010426645232503967,0.037928576129856874,0.043803107098674854,-1.1039221773339385
2024-10-30,206.28451538085935,237.39382934570312,208.01277265877025,-0.01978143716984241,0.03668754060063635,0.044371586058155915,-1.2726382531484748
2024-10-31,210.17166137695312,233.8489990234375,204.9066684016728,0.013858414849989707,0.035354771959405444,0.04382387284166211,-0.49051705647018407
2024-11-01,206.6584930419922,235.46206665039065,206.32009464991785,-0.009745297570341788,0.03359537581649064,0.043472922977800456,-0.9969578859227948
2024-11-04,206.26483154296875,232.4051818847656,203.64154534832653,0.0013135505961364862,0.0323668364073009,0.0433235511571869,-0.7167760947964907
2024-11-05,208.7841033935547,234.6455535888672,205.60463735977802,0.003961600132030148,0.030917338395326892,0.04278243188609044,-0.6300655917612921
2024-11-06,198.1559600830078,245.37960815429688,215.01019123697688,-0.09692657262557415,0.02785525315407507,0.045220481884728804,-2.759409466217756
2024-11-07,196.58143615722656,245.18048095703125,214.83570902516388,-0.10482485107934111,0.024576514891158606,0.047569034765847854,-2.7202857196380053
2024-11-08,193.72755432128903,246.5944061279297,216.07463969131152,-0.12749571096771536,0.021503568480985114,0.05125902457589582,-2.906791158854129
2024-11-11,196.8667907714844,249.2928771972656,218.43913438192382,-0.12152730492984601,0.018514765260288297,0.0542477254179248,-2.58152888644177
2024-11-12,196.2960357666016,249.5318603515625,218.6485397766683,-0.12585506791205925,0.015478494607714924,0.05711812249093624,-2.4744084076328243
2024-11-13,193.74725341796875,251.5731201171875,220.4371629465912,-0.1498976419974165,0.011778492105275293,0.06047942662302227,-2.67324184652815
2024-11-14,195.2725830078125,248.9742126464844,218.15990936188538,-0.12925354326505759,0.008642291354184206,0.06282685526567841,-2.1948549555141064
2024-11-15,197.51629638671875,247.49966430664065,216.8678585556969,-0.10988414357816254,0.005572728575214457,0.06405231197314487,-1.8025402767941374
2024-11-18,202.49578857421875,248.1273498535156,217.417858576014,-0.08530753664375983,0.003024985501236311,0.06458300775733808,-1.3677362701485452
2024-11-19,201.71836853027344,248.8447113037109,218.04643575792696,-0.09260641093801512,-2.5521254588414578e-05,0.06470734250984138,-1.4307632811430329
2024-11-20,205.18234252929688,249.22332763671875,218.37819262549138,-0.07577746119250696,-0.00245397479126059,0.06477158607514864,-1.1320316645662454
2024-11-21,207.6228790283203,250.90711975097656,219.85359014207,-0.07023820343984097,-0.004706661824898378,0.06473894249990915,-1.012243003738199
2024-11-22,209.8665771484375,252.0728454589844,220.87503976167744,-0.06366335076783987,-0.006663012388106516,0.06471705804694303,-0.8807621993321716
2024-11-25,210.7227478027344,252.70053100585935,221.42503978199454,-0.061951730497022774,-0.008367000766686384,0.06480581540452356,-0.8268506367191868
2024-11-26,213.8423309326172,252.0728454589844,220.87503976167744,-0.04388773583946994,-0.010606060898062012,0.06364397636400358,-0.5229351910863904
2024-11-27,214.37371826171875,249.50230407714844,218.62264153572715,-0.03079328114352239,-0.012551577154122683,0.062415028763403525,-0.2922646091945016
2024-11-29,213.031494140625,252.51124572753903,221.259181403639,-0.04966417856618386,-0.01470257427324537,0.061408324763238764,-0.5693300448715019
2024-12-02,209.1429443359375,249.5521240234375,218.6662955143915,-0.056782685728979314,-0.017213672311602278,0.05995612633374038,-0.6599661425276157
2024-12-03,209.3501739501953,250.10011291503903,219.14646253913014,-0.058030214457963455,-0.019630491403105122,0.05859208581107655,-0.6553738875020396
2024-12-04,209.2909698486328,253.0791473388672,221.756796649559,-0.07080178238865349,-0.022593226560039183,0.056540822215008744,-0.8526327340145641
2024-12-05,205.82681274414065,254.4541015625,222.96157960927212,-0.09467723620421836,-0.025884064421311113,0.054841008717021515,-1.2544111312371844
2024-12-06,201.32635498046875,257.5128479003906,225.64176008556387,-0.13246031305682357,-0.02933999025879865,0.054915969972735686,-1.8777838732379928
2024-12-09,198.96755981445312,249.08384704589844,218.25597485551572,-0.10876527793500916,-0.03234279046129887,0.05423557106708773,-1.4090842222197317
2024-12-10,200.3492584228516,252.7902069091797,221.50361694359034,-0.11732863704108709,-0.03561918844805656,0.053309572259716,-1.5327350254276046
2024-12-11,199.9446258544922,256.0083923339844,224.32350352189235,-0.13369313856457696,-0.039085331806940876,0.05280176157031161,-1.7917547434786796
2024-12-12,197.2404022216797,254.96221923828125,223.4068100807949,-0.14458880858126513,-0.042471996652109094,0.05294572850681199,-1.9287072783599095
2024-12-13,198.35562133789065,251.833740234375,220.66552740465752,-0.1243335217960004,-0.04491341870549572,0.05329152337985844,-1.4902952299637497
2024-12-16,193.09524536132807,252.0728454589844,220.87503976167744,-0.1560480748563839,-0.0480466968261328,0.054214466680973954,-1.9921136302195357
2024-12-17,195.4935302734375,249.3528594970703,218.49169297001862,-0.12967441717038017,-0.05084447073511195,0.054019709526854066,-1.4592811980242246
2024-12-18,197.45755004882807,241.64122009277344,211.73448492188342,-0.08421699636782772,-0.0523920949139337,0.053615260403820995,-0.5935791641072763
2024-12-19,191.26939392089844,244.8494110107422,214.5456139638837,-0.1339919911901389,-0.05455175793917467,0.05425579681032275,-1.4641796438578871
2024-12-20,189.1080017089844,248.50596618652344,217.74961544357845,-0.16389555363446318,-0.05700426728332427,0.055821085837361055,-1.914890847207357
2024-12-23,190.57855224609372,249.791259765625,218.87583461198022,-0.16082412688556713,-0.05906145589416275,0.05733985160177592,-1.7747285378089923
2024-12-24,191.87144470214844,252.33189392089844,221.10202708044747,-0.16460463582548066,-0.0616516383310147,0.05854647325915538,-1.7584833340643005
2024-12-26,193.98350524902344,250.83740234375,219.79250131250882,-0.14517390501599936,-0.06437132974835467,0.05857347363591894,-1.3795079965702122
2024-12-27,194.65463256835935,249.0240478515625,218.2035767108341,-0.13306280309350274,-0.06692303422305673,0.05816733917335541,-1.137060243951171
2024-12-30,193.3715667724609,247.29042053222656,216.68451184530673,-0.13272526257830328,-0.0693777729270547,0.057776890951076056,-1.096415688149256
2024-12-31,192.8485107421875,246.25425720214844,215.77658931079543,-0.13108955507886402,-0.07162688306119762,0.05750364367215442,-1.034067899360969
2025-01-02,193.87493896484372,244.2217254638672,213.99561394356655,-0.1159150429700712,-0.0734666410430971,0.05711762707846586,-0.7431751649742071
2025-01-03,192.69061279296875,245.61659240722656,215.21784512446095,-0.1291167165492922,-0.07541739691694736,0.056983821674882744,-0.9423607973982964
2025-01-06,189.25604248046875,242.65750122070312,212.6249859757823,-0.13590736686874844,-0.07716591004331383,0.057206819192379486,-1.02682613112773
2025-01-07,188.3480529785156,240.49542236328125,210.73049689374176,-0.1313249084674879,-0.07896897904367532,0.057180061607519025,-0.9156326165435246
2025-01-08,190.469970703125,242.4084014892578,212.4067160824607,-0.1275218985537658,-0.08048606620548875,0.05724159370344197,-0.8217072465165967
2025-01-10,188.44674682617188,239.80795288085935,210.12811209902736,-0.1275358295106668,-0.0819820666975792,0.057279368201322,-0.7952909440791673
2025-01-13,190.20350646972656,240.5850982666016,210.80907405533756,-0.12070184674262048,-0.08389588215037144,0.05660770340264635,-0.650193566950614
2025-01-14,190.8450164794922,244.0722503662109,213.86463863728912,-0.13294541051183442,-0.08593358949373,0.056126081376102914,-0.8376109620601605
2025-01-15,189.8975524902344,243.026123046875,212.94798530704497,-0.13377096958805662,-0.08782350839961352,0.05578930883093558,-0.8235890021093952
2025-01-16,191.3878326416016,245.74609375,215.33131872841935,-0.1373955315031288,-0.0897278891893263,0.05549305263698341,-0.8589839637337656
2025-01-17,192.23660278320312,245.70628356933597,215.2964356563412,-0.1321922017317581,-0.0919270055387198,0.05449228800919189,-0.738915499129827
2025-01-21,194.5953826904297,246.59300231933597,216.07340962514397,-0.12246114736869977,-0.09398764859148938,0.05323505273296929,-0.5348637282287563
2025-01-22,195.1480865478516,247.09115600585935,216.50990930093386,-0.12151884281721796,-0.09633581080290067,0.05121924558791586,-0.4916712795211243
2025-01-23,198.9774169921875,249.1934356689453,218.3520002382928,-0.10919294499217125,-0.09847048244005809,0.04895462703592113,-0.21902858220624188
2025-01-24,197.5660858154297,246.82215881347656,216.2742045567154,-0.10659959960520653,-0.10033271148991134,0.04703422216343182,-0.13324102806504093
2025-01-27,202.7574157714844,248.80487060546875,218.01152594527994,-0.08683508323979464,-0.10180131363749792,0.045145393746651545,0.33151179235895656
2025-01-28,200.97105407714844,252.7304229736328,221.45123216919316,-0.11361101278538735,-0.10352105309671264,0.04354249371089926,-0.23172673011488684
2025-01-29,201.35595703125,252.9994354248047,221.68695028369606,-0.11265293805602493,-0.10506891144481569,0.04214347826873264,-0.17995730117122377
2025-01-30,203.22129821777344,255.8489990234375,224.1838375307354,-0.11472658830367528,-0.1072119948307101,0.039156852393667105,-0.19191004929141156
2025-01-31,201.66189575195312,255.131591796875,223.55522023796917,-0.12022931401004733,-0.10905339510470519,0.037036064535186375,-0.3017577338630129
2025-02-03,206.8137359619141,255.3308258056641,223.72979604177317,-0.09316792664881034,-0.11062808639212098,0.034160945275470034,0.5111146545423104
2025-02-04,206.45843505859372,257.7918395996094,225.88622236608407,-0.10549403904721073,-0.11245234704510833,0.03068349286056609,0.22677691974371977
2025-02-05,205.56033325195312,256.9050598144531,225.10919491614357,-0.10654394366812649,-0.11261263656248419,0.030626078758922645,0.19815442068598607
2025-02-06,204.2970428466797,269.3991394042969,236.0569442509339,-0.16697377422179155,-0.1136484519481917,0.03139943705173948,-1.6982891185511142
2025-02-07,208.41259765625,268.7016906738281,235.44581529020226,-0.14099706479656746,-0.11387347451200588,0.031548379881561055,-0.8597459009429
2025-02-10,206.9716644287109,266.49981689453125,233.51645650636797,-0.1396188171923279,-0.1141749997163806,0.03170881891408709,-0.8024208515897616
2025-02-11,205.2839813232422,268.1337890625,234.9482000442823,-0.15596231823287499,-0.11467678722172753,0.03213218228683986,-1.2848654549073832
2025-02-12,209.271240234375,272.4479064941406,238.72838056120835,-0.1520012362588143,-0.11471184712608416,0.0321723861238822,-1.1590495336324922
2025-02-13,205.51097106933597,268.53228759765625,235.29737839245914,-0.1563846156635942,-0.11516403166605976,0.03256846081843572,-1.2656595663925605
2025-02-14,199.68801879882807,264.8956604003906,232.11083850423012,-0.17414748674852945,-0.1162350873855659,0.033436992327544726,-1.7319859033869047
2025-02-18,204.31678771972656,267.8846740722656,234.72991678067623,-0.1603660488638015,-0.11748606258923325,0.03366360176086179,-1.273778919415025
2025-02-19,207.5045928955078,268.5223083496094,235.28863422644184,-0.1452323913057512,-0.11836316226202885,0.03368994981359689,-0.7975443475691442
2025-02-20,206.18209838867188,266.82861328125,233.80455939526806,-0.14538026406297372,-0.11952320897653662,0.033395775065034265,-0.7742612661656627
2025-02-21,208.17572021484372,258.6839904785156,226.66795615614396,-0.10012975010724089,-0.12002140142099328,0.03286685839713128,0.6052191260083623
2025-02-24,208.03753662109372,258.0957946777344,226.15255843193194,-0.09838305646890606,-0.12060006318267773,0.0321557358685696,0.6909189329262877
2025-02-25,205.34320068359372,257.1487731933594,225.32274509906134,-0.10875398475981203,-0.12138010075372423,0.03126423329723232,0.40385177125165356
2025-02-26,202.62911987304688,259.1524963378906,227.07847736928616,-0.13226975676170485,-0.12285313443576147,0.029588423363299688,-0.3182536024418046
2025-02-27,205.2839813232422,258.29522705078125,226.32730804943353,-0.11396736110431939,-0.12423936910177474,0.027040977886044548,0.3798682148531539
2025-02-28,208.6794891357422,264.136962890625,231.44604122179598,-0.12037071344333879,-0.12541781134972732,0.02521495335945763,0.20016288883974745
2025-03-03,212.7976531982422,262.7612609863281,230.2406031181458,-0.09302403727013514,-0.12602183387541327,0.023945037361264722,1.3780641102134101
2025-03-04,209.1942596435547,258.75372314453125,226.72905835598957,-0.09506544610032547,-0.1266390877361193,0.022602347835549253,1.396918668163066
2025-03-05,210.23370361328125,258.6839904785156,226.66795615614396,-0.08936055029324447,-0.12694840053452913,0.021942623853906825,1.7130061788208728
2025-03-06,210.8573455810547,250.3399200439453,219.35658992923382,-0.051464136667767564,-0.12622818220892162,0.023661657796889467,3.1597129069706376
2025-03-07,210.8573455810547,246.3723297119141,215.88004857171566,-0.03497649025479611,-0.12460345182888784,0.026413342748311124,3.3932456951069736
2025-03-10,216.8168029785156,238.1579132080078,208.6822896516082,0.026668442414370462,-0.12234622315639816,0.03280369170835264,4.542618766680634
2025-03-11,209.03585815429688,231.10987854003903,202.5065552733386,0.019982006989768052,-0.12005771242255059,0.03759885529169001,3.7245740149772537
2025-03-12,206.40261840820312,227.6905059814453,199.51038149482557,0.021995312104965855,-0.11746290491139154,0.04178149712241332,3.3377984663346645
2025-03-13,212.96592712402344,221.0910797119141,193.72773347880138,0.07928895937039451,-0.11373160877886387,0.04873589214454485,3.960542418650763
2025-03-14,211.79779052734372,228.6575164794922,200.3577099002996,0.04290759456087863,-0.11094425683958258,0.052737489225317624,2.9173146780488315
2025-03-17,213.71827697753903,233.9210968017578,204.96984299560506,0.02992765602540963,-0.107844661324886,0.05543776711068657,2.4851707514702137
2025-03-18,217.4503631591797,226.3447265625,198.33116251894282,0.07710657960941691,-0.10439831137855606,0.060274119430838366,3.0113238103169806
2025-03-19,215.60906982421875,232.2263946533203,203.48488572565893,0.045322013606939736,-0.1022393278789766,0.06325552385200836,2.332781905832423
2025-03-20,217.2127685546875,231.1896209716797,202.5764283797704,0.05655281388127704,-0.09906358112778633,0.06634220570130256,2.3456620617907493
2025-03-21,212.60955810546875,228.61764526367188,200.3227733470837,0.04672620527836253,-0.09555321847923923,0.06839418718328949,2.0802853227322857
2025-03-24,210.8177795410156,231.83758544921875,203.14419750809517,0.02524092200524382,-0.09245213433105906,0.06959228175410966,1.6911797309958545
2025-03-25,212.0650634765625,233.9410400390625,204.98731795735523,0.02228277746241102,-0.0893373441095942,0.07048476894370344,1.5836062633780754
2025-03-26,215.757568359375,234.1304626464844,205.15329666827068,0.038246281934140994,-0.08628034099375852,0.07198366111073315,1.7299290006427852
2025-03-27,218.05422973632807,231.32920837402344,202.69873974173709,0.05963261115414944,-0.08306875075629765,0.07412773362845619,1.9250738546209487
2025-03-28,220.43997192382807,225.00889587402344,197.16066096850852,0.09493271057185487,-0.07927445120379502,0.07730144397576606,2.2536081192773536
2025-03-31,224.01364135742188,226.84315490722656,198.76790285985248,0.1021964173995779,-0.07538635166248765,0.08045370426662407,2.207266535218256
2025-04-01,222.77622985839844,226.5740203857422,198.53207778307416,0.09826813743563324,-0.07181663198905924,0.0833253625025881,2.0412124750061498
2025-04-02,222.2218780517578,230.6612701416016,202.11346891109332,0.07990240382327234,-0.06833297998284983,0.08523656635488447,1.7391055288283273
2025-04-03,223.52859497070312,216.70474243164065,189.8842714056676,0.13999093345050495,-0.06373467497752894,0.08889290385628222,2.2918095774822214
2025-04-04,212.9263458251953,208.20127868652344,182.43323918760046,0.13216194372907905,-0.059343227440919494,0.0919529089017003,2.0826439691507947
2025-04-07,205.18499755859372,203.50588989257807,178.31897537361908,0.11947108986741306,-0.05522667763389985,0.09434649264716662,1.851661493709585
2025-04-08,206.03636169433597,200.6547698974609,175.82072435756794,0.13523482071527493,-0.05084716679680082,0.09699471781987114,1.918475476753781
2025-04-09,203.7396697998047,217.97080993652344,190.9936440156874,0.05101450734716113,-0.04798522756197113,0.0974310033479995,1.0161009484376304
2025-04-10,207.90733337402344,209.26792907714844,183.36787555040314,0.10671634598621359,-0.04399086495367032,0.09879204941274888,1.5254993882173224
2025-04-11,212.9263458251953,211.7501983642578,185.54292668092518,0.1175574217697455,-0.03980205843104028,0.10023843509548873,1.5698517245493968
2025-04-14,214.96560668945312,209.477294921875,183.55132922306873,0.13519339680305845,-0.03525890962593716,0.10190369328943076,1.6726803605132394
2025-04-15,215.757568359375,210.66358947753903,184.5908019860879,0.1335499824649748,-0.030829873222658285,0.10338350496059874,1.5900008009041782
2025-04-16,215.77735900878903,208.4405212402344,182.64287187718026,0.14265695145591248,-0.026411238242248083,0.10505291036622003,1.6093622642988175
2025-04-17,214.88641357421875,209.7962646484375,183.83082164879582,0.13357403358264097,-0.022159690302250436,0.10629316796196975,1.4651339015562206
2025-04-21,212.2333831787109,203.95448303222656,178.71204836558007,0.14686185294741336,-0.017892110336590692,0.10786815367852964,1.52736426522147
2025-04-22,211.9166259765625,209.98570251464844,183.9968137299957,0.12064869958427683,-0.014104638683432636,0.10868712809296187,1.239827941285308
2025-04-23,209.29324340820312,214.6910400390625,188.11979496942544,0.0899269428390589,-0.011158604915451741,0.10907723297563511,0.926733700488079
2025-04-24,210.54055786132807,218.67860412597656,191.61383802926267,0.07872294582203541,-0.007953038938661363,0.1088412294571093,0.796352496136153
2025-04-25,211.44142150878903,218.9377899169922,191.84094568059257,0.08157403030546949,-0.004715922799303122,0.10856246132695642,0.7948415322391602
2025-04-28,210.05551147460935,220.91165161132807,193.57051230418762,0.06728055916744212,-0.0016824703414511654,0.10797768989704777,0.6386785045563269
2025-04-29,214.8666229248047,225.70669555664065,197.77209744578207,0.06861083576472868,0.0014648654881284342,0.10721316963001744,0.6262847233069843
2025-04-30,219.5688323974609,224.7795867919922,196.95973233409276,0.09225696078982945,0.0045552802787724314,0.10711153383840452,0.8187883915785346
2025-05-01,218.9847869873047,233.36285400390625,204.48069113972937,0.05549129285438825,0.00723836914379908,0.10632151805847494,0.4538396797913563
2025-05-02,224.11265563964844,240.1516876220703,210.42930449638456,0.05055941267001039,0.009856758416101362,0.10540242393361021,0.3861643094616723
2025-05-05,229.33953857421875,238.21774291992188,208.73471453685866,0.07958713638575789,0.013966106926227184,0.10317425369632943,0.636021362971732
2025-05-06,230.97296142578125,235.85508728027344,206.66447306598428,0.09505935812597352,0.01790038064160287,0.10165449052096873,0.7590316678480102
2025-05-07,231.873779296875,240.8993682861328,211.08444843346015,0.07951301788893715,0.021552577892957284,0.099819158332146,0.5806544651790974
2025-05-08,225.84506225585935,242.4246063232422,212.42091532452545,0.04902387467999507,0.024969014441505122,0.09711174843109607,0.24770288484258574
2025-05-09,229.3791656494141,242.2551422119141,212.27242494564464,0.06432316448527536,0.028574421120573283,0.09440816103860421,0.3786615793743101
2025-05-12,218.89566040039065,251.6359100341797,220.4921816670211,-0.018039956395729258,0.030880165441704365,0.09145761441749481,-0.5348939194293674
2025-05-13,218.16311645507807,255.21478271484372,223.62811502868212,-0.03583257153103915,0.033185414028662534,0.0878751637373699,-0.7854094675257033
2025-05-14,211.38201904296875,252.214111328125,220.9988218549314,-0.05662331057466428,0.03491445966681482,0.08497503940671958,-1.0772312773324888
2025-05-15,216.9355926513672,251.7057342529297,220.55336408857332,-0.027520234307551125,0.03687632895011816,0.0820540282157561,-0.7848068480969931
2025-05-16,218.7273712158203,254.9755096435547,223.41845559853354,-0.032201874167684164,0.03876263544837298,0.07903869386619987,-0.8978451710777122
2025-05-19,222.15257263183597,255.6533966064453,224.01244385462576,-0.01896092435525148,0.040115449210906144,0.07729657839281116,-0.7642818711319816
2025-05-20,223.7859649658203,252.62283325195312,221.35695829367643,0.0003425584350146033,0.041760876125971486,0.0753239896762459,-0.5498688780158777
2025-05-21,225.9341583251953,245.99349975585935,215.54810452016918,0.03555773488334583,0.04416607145335745,0.07269452682217802,-0.11841794625156495
2025-05-22,226.1222381591797,245.87387084960935,215.4432814902371,0.03682348907617869,0.04698429221732217,0.06891814470506215,-0.14743291747952633
2025-05-23,229.2504425048828,244.1581878662109,213.93994007919952,0.05652401531656952,0.04982581515767033,0.06560462545163301,0.1020995107096135
2025-05-27,228.93365478515625,252.4474029541016,221.20324013358345,0.023491817987237002,0.05222352401484658,0.06179733505191577,-0.46493438598075715
2025-05-28,223.7167053222656,250.15313720703125,219.1929242775248,0.009706177906588866,0.05393569426779198,0.05906771546341581,-0.7487934147139501
2025-05-29,224.95411682128903,247.6394500732422,216.99034373136115,0.024944758811321622,0.055935864349652774,0.05588271605695234,-0.5545740745089566
2025-05-30,227.44577026367188,247.8189849853516,217.1476584979659,0.03493476644691043,0.058007452961988684,0.05261344619696417,-0.4385321278652445
2025-06-02,229.4113006591797,248.5072784423828,217.75076528803945,0.04057423693683602,0.05954142585539875,0.05067360029376119,-0.37430119053328686
2025-06-03,225.61920166015625,250.4723358154297,219.47261725751835,0.016816997279097235,0.0604046506476303,0.049462885100598035,-0.8812193886362296
2025-06-04,222.10508728027344,248.80650329589844,218.01295656571398,0.00783315606885255,0.060090729208538335,0.04973962043875887,-1.0506226762230144
2025-06-05,221.122314453125,247.84890747070312,217.17387762573333,0.0072181314180440334,0.0598779979490096,0.049940956217280306,-1.0544424960919045
2025-06-06,220.9734039306641,252.17807006835935,220.96724124310745,-0.01061749591994562,0.05933445114859441,0.050534203477882365,-1.3842495231800054
2025-06-09,217.94569396972656,251.4399261474609,220.3204537338007,-0.02168937857949926,0.05765147884942952,0.05153004264213995,-1.5397009853053345
2025-06-10,219.484375,252.9062347412109,221.60528458639692,-0.020380751425261502,0.05659667308299385,0.052476025569193264,-1.466906528711007
2025-06-11,221.2613067626953,252.9062347412109,221.60528458639692,-0.012186155660738275,0.05589477622155805,0.053116524260219886,-1.2817279148154581
2025-06-12,224.64637756347656,249.92372131347656,218.99190205111805,0.01469922927743849,0.05485465371602507,0.05330481026011966,-0.7533170879444837
2025-06-13,224.1599578857422,243.2703857421875,213.16201682020224,0.03856886058008532,0.054742101165577504,0.05333240194897814,-0.3032535568333252
2025-06-16,222.849609375,246.73171997070312,216.1949588808981,0.019305861042166972,0.054121318618259,0.05352738677085359,-0.6504232632378297
2025-06-17,223.76287841796875,246.3526611328125,215.8628142750852,0.024792839991600143,0.053755762530146294,0.053653492946857013,-0.5398142962888455
2025-06-18,225.93687438964844,246.94119262695312,216.37850614555472,0.03189395870573708,0.05386664647515452,0.053600411970312886,-0.40993505388703405
2025-06-20,224.1996612548828,248.2379302978516,217.51475302727908,0.01932456677742821,0.05381734296373814,0.05363130793806474,-0.6431462798957535
2025-06-23,228.43844604492188,251.7092437744141,220.55643925399227,0.024206345229801002,0.053583344018665796,0.05373093389752914,-0.5467427542742881
2025-06-24,227.5946807861328,255.29026794433597,223.69425782575794,0.006801899116537837,0.052702832151372274,0.0540619817036601,-0.8490427392476969
2025-06-25,228.7164001464844,253.08578491210935,221.76261272328605,0.020118542081129016,0.05145592934319351,0.05393408742710414,-0.5810311948713188
2025-06-26,224.4974670410156,256.8463439941406,225.0577460616565,-0.012973981226771392,0.04953642269942102,0.05414666324783632,-1.1544645630345522
2025-06-27,227.3266448974609,264.8363342285156,232.05885483836582,-0.0311646566829307,0.04737920946411162,0.05474725863694776,-1.4346629968798976
2025-06-30,231.50588989257807,265.6741943359375,232.7930171564234,-0.015720870720572367,0.045785488221714216,0.055174598440548665,-1.114758615027538
2025-07-01,230.30471801757807,268.28765869140625,235.08302599247554,-0.030961827176116227,0.04293627554460386,0.05463877467927881,-1.3524846256983354
2025-07-02,229.65948486328125,269.4347839355469,236.08817723536265,-0.03823503862475267,0.04009632583870666,0.05435008766615726,-1.441237131844311
2025-07-03,229.67930603027344,272.736572265625,238.98131960205723,-0.05074188299948371,0.03725944295759172,0.05457856139629632,-1.6123789947136125
2025-07-07,233.50119018554688,270.1729736328125,236.73500485552267,-0.023923482221841496,0.03460680457530644,0.0535948910961352,-1.0920870553157749
2025-07-08,230.84075927734372,272.2777099609375,238.57924840867486,-0.04371340687462589,0.03302800600494333,0.054491115005894986,-1.4083289151133564
2025-07-09,230.36428833007807,271.8487548828125,238.2033829727755,-0.0442405444818841,0.030512057830475035,0.05451609511873431,-1.3712024338784787
2025-07-10,232.7169647216797,276.7864074707031,242.52992679265373,-0.0522751273751367,0.027681515344726997,0.05432862612759831,-1.471722154947825
2025-07-11,233.292724609375,276.6167907714844,242.3813027109286,-0.049041070710272784,0.024610940886171474,0.05334667913413067,-1.3806297372561742
2025-07-14,234.2357940673828,277.9534606933594,243.55253962700655,-0.049817716836538836,0.021554812564479577,0.0522409245049743,-1.3662187275078264
2025-07-15,232.24046325683597,273.6542358398437,239.78540850768422,-0.04261657083464284,0.018466920526303658,0.05040478036985108,-1.2118590917912768
2025-07-16,235.36746215820312,272.78643798828125,239.02501369157486,-0.025534109007553114,0.015815118149800425,0.048391481064454456,-0.8544732719025261
2025-07-17,236.1020355224609,271.5295715332031,237.92370336306638,-0.017678859623450168,0.013072772940286031,0.04540957924553711,-0.6772058467544266
2025-07-18,236.8763427734375,271.9983825683594,238.3344919818972,-0.016086435927083042,0.0107938540150967,0.04330143351612821,-0.6207713638895537
2025-07-21,234.53358459472656,270.1729736328125,236.73500485552267,-0.01941626897858561,0.008971467151469292,0.04220152914736494,-0.6726707942483982
2025-07-22,239.4176177978516,273.155517578125,239.34841413137045,-0.009536237377708569,0.007500480764806892,0.0412566610899979,-0.4129446662043569
2025-07-23,238.99078369140625,266.1829833984375,233.2388359204611,0.014224819954261838,0.006377993925620097,0.040107343333527744,0.19564561939165348
2025-07-24,244.1130828857422,266.9011535644531,233.86812172744882,0.03233179542360114,0.0057955145298894135,0.039456360959864066,0.6725476006442929
2025-07-25,244.70867919921875,272.9659423828125,239.1823017176107,0.0129706497938191,0.004868178097040921,0.03859954807941044,0.209911050774715
2025-07-28,239.77500915527344,269.8936767578125,236.4902751693139,0.003888591588578743,0.0033953719436867424,0.03685509701323138,0.013382671186971217
2025-07-29,238.0080108642578,272.37744140625,238.6666365877101,-0.012650719674206562,0.002259671734876829,0.03626776491836313,-0.4111196662558587
2025-07-30,239.9139862060547,272.6069030761719,238.86769892497014,-0.00544386611958788,0.0013262837550501911,0.03572017003491391,-0.1895329688526324
2025-07-31,239.27865600585935,267.409912109375,234.3139137509177,0.01091779516126471,0.00018179473464197167,0.034239571472242825,0.3135553386036431
2025-08-01,245.97933959960935,260.1879577636719,227.9857848707137,0.06358748605532692,-0.00034273646653547156,0.032979338344156825,1.938493181843636
2025-08-04,249.03683471679688,261.7640686035156,229.366828290069,0.06953854655362304,-0.0005089776554573734,0.03259285633084218,2.149168010868547
2025-08-05,246.97201538085935,259.49969482421875,227.382704821209,0.0697931853973901,-0.00016282247683412285,0.03323186749352739,2.105088072099759
2025-08-06,246.28707885742188,260.2977294921875,228.08197069690394,0.06436700346544896,-0.00016209182716456287,0.03323330979068314,1.9416993281452835
2025-08-07,247.6768493652344,260.2677917480469,228.05573819885205,0.06972296485696232,0.0013006235270469632,0.034345860736154615,1.9921568382151418
2025-08-08,250.73434448242188,261.64434814453125,229.26192503843032,0.07625629660449264,0.003168771329305827,0.03532625926152545,2.0689290857010696
2025-08-11,251.38951110839844,260.3974609375,228.16935887593914,0.08300984889243927,0.0054959906537575525,0.035914984038893226,2.1582595764135672
2025-08-12,246.70399475097656,268.09814453125,234.91696705985353,0.038242918597404356,0.006592043202173477,0.0358937908185068,0.8817924959575939
2025-08-13,243.63658142089844,272.1679992675781,238.48311606362233,0.01149711771004546,0.007320359733468971,0.035534837042094286,0.11753980950099009
2025-08-14,241.92916870117188,269.66424560546875,236.28923957262268,0.013589027912558248,0.007862858937932466,0.035374913536951394,0.16187089669192906
2025-08-15,245.8205108642578,267.0607604980469,234.00797490258782,0.0384841322890544,0.008498551835499796,0.035579594964265326,0.8427746432659192
2025-08-18,244.1627197265625,268.47723388671875,235.2491384062353,0.026872384225848107,0.008353795991208168,0.03548518147766676,0.5218682126874551
2025-08-19,244.3314666748047,271.0507507324219,237.5041438376494,0.018315184678624898,0.008045324251248938,0.03531353145295264,0.2908194112802976
2025-08-20,250.08909606933597,269.2253112792969,235.90462997070603,0.047311615669731494,0.00789178425713497,0.0351186676901666,1.1224751394436945
2025-08-21,247.4286651611328,268.5171203613281,235.2840883297356,0.03957597201930208,0.008159853491002723,0.03530068022452303,0.8899578798052421
2025-08-22,244.6292724609375,276.80633544921875,242.54738838411947,-0.0011056028686514618,0.007979657144748718,0.03532024261234268,-0.2572253003218424
2025-08-25,247.25991821289065,273.3849182128906,239.54942298749276,0.021670104729944822,0.007925079576725771,0.035296105251929076,0.389420448945081
2025-08-26,240.9860992431641,274.6517028808594,240.65942400088082,-0.008405761437217624,0.007202737445323636,0.035177263989509155,-0.443709860073147
2025-08-27,236.2112274169922,275.7090759277344,241.58593123075,-0.03271246164063118,0.005981292469032516,0.035271106116793044,-1.0970382947882964
2025-08-28,233.5408935546875,275.6093139648437,241.49851631114586,-0.04414631417110285,0.004965237278195848,0.035827370238718424,-1.3707830388350453
2025-08-29,234.22586059570312,275.5195007324219,241.41981881699024,-0.040756836581644335,0.004155404067354233,0.03630738831408654,-1.237000035928597
2025-09-02,230.1855926513672,275.4696044921875,241.37609798690377,-0.05883449125443389,0.0030545270228129343,0.03720328742604621,-1.6635362775472906
2025-09-03,233.68978881835935,274.46160888671875,240.49285699745047,-0.0391776428383627,0.00257852457417265,0.037562158288688446,-1.1116551687901783
2025-09-04,232.4588623046875,277.5155944824219,243.16886594500002,-0.056192095293826454,0.00200347929560053,0.03819868717124976,-1.5234967193644258
2025-09-05,230.88047790527344,271.7668762207031,238.13163802652352,-0.041595145291570323,0.0016499060644953828,0.03850633402308717,-1.1230633207029617
2025-09-08,232.6573944091797,277.256103515625,242.9414908879815,-0.05431352574500505,0.000947783229757603,0.03914172820840205,-1.4118259848041257
2025-09-09,230.7315673828125,274.4316711425781,240.4666244993986,-0.0523873007750974,-0.00017032560445132846,0.039696504823468357,-1.3154048549829929
2025-09-10,232.7963714599609,272.5653381347656,238.8312782701825,-0.03602828368770816,-0.0014136113422478862,0.03963076622492208,-0.8734292985658351
2025-09-11,234.64279174804688,277.67529296875,243.3087993418456,-0.046957992674400574,-0.002518008904190679,0.03996546660989294,-1.1119595876108037
2025-09-12,232.4985809326172,274.192138671875,240.25673777441466,-0.04348630302795122,-0.0036559946211832017,0.04014631940111392,-0.9921285189013582
2025-09-15,232.3794403076172,270.7189636230469,237.21342037300101,-0.03092496891324695,-0.004702976748166269,0.040022434007428845,-0.6551823449871498
2025-09-16,232.03201293945312,273.34381103515625,239.51340344123804,-0.0423809511429697,-0.005731402046839568,0.04018701316488945,-0.9119749443870109
2025-09-17,235.22848510742188,265.8883972167969,232.98070920925332,-0.0004445507693961922,-0.006142250313492854,0.04000133894079428,0.14243772071054397
2025-09-18,232.7169647216797,265.77862548828125,232.88452338306308,-0.010828198823425115,-0.006436085279158903,0.03996938376529535,-0.10988694672044957
2025-09-19,231.35696411132807,268.0840759277344,234.90463965760895,-0.025501814787164904,-0.007196424560297135,0.039889511287409134,-0.4589023439012587
2025-09-22,234.8909454345703,266.05810546875,233.12941351268503,-0.0025152735420627573,-0.007022112765551991,0.039886687697217434,0.1129910625244432
2025-09-23,238.56393432617188,263.1837158203125,230.61077281287794,0.023477205919270976,-0.006111415055515297,0.03994986418724033,0.740643843896637
2025-09-24,241.4129638671875,262.6547241210937,230.14725179225468,0.03692165089207686,-0.005234039695304476,0.040311672015718045,1.0457440358947225
2025-09-25,242.2071075439453,260.7684631347656,228.49444397157293,0.04690331669191102,-0.0039362872975040215,0.04072066030122471,1.2484965522007019
2025-09-26,241.7405548095703,261.237548828125,228.9054732555235,0.04336357488753825,-0.002576310405632507,0.0409178711811899,1.1227340026987889
2025-09-29,244.440673828125,261.7665100097656,229.3689675355778,0.05203454560628346,-0.0008633699288697202,0.04101848116841871,1.2896117561729903
2025-09-30,243.4579162597656,258.9320678710937,226.8853302404087,0.058409434105141884,0.0005088453432466693,0.041606907444451766,1.3916100070450248
2025-10-01,239.80479431152344,256.2473449707031,224.53288217606794,0.05387534169339876,0.00213532448604708,0.041756071182591066,1.2391016621535773
2025-10-02,239.7253875732422,258.403076171875,226.42180921978556,0.04568240169349518,0.0036340402556367347,0.04167701824320677,1.0089100230847778
2025-10-03,237.78961181640625,257.9240417480469,226.00206251038657,0.03967878298694352,0.005166605428338073,0.041275001713787465,0.8361520563444831
2025-10-06,235.10934448242188,259.6706237792969,227.53247874739512,0.022221655393243684,0.0063543175300633465,0.040710154314992184,0.38976363833965944
2025-10-07,239.13967895507807,258.13360595703125,226.18568999674974,0.04433242572895175,0.007923486572821523,0.04032095492653593,0.9029780971821393
2025-10-08,239.4970550537109,259.55084228515625,227.42752201461872,0.04057330114019984,0.009309984439068901,0.03998248671131845,0.7819252696026221
2025-10-09,239.01063537597656,259.5907592773437,227.46249867868784,0.03847439583856298,0.010376792853170835,0.03989085163510056,0.7043620738512546
2025-10-10,242.9218597412109,259.0219116210937,226.9640544751332,0.05600755065174001,0.011604899691090671,0.04014593595390863,1.1060310316747335
2025-10-13,241.7107696533203,262.8443908691406,230.31344442772107,0.03742066742150245,0.012496684746900431,0.04011466640860604,0.6213184579606756
2025-10-14,236.4693603515625,267.8745422363281,234.72103891181465,-0.0025543497963587845,0.012777716733270878,0.03994601430873087,-0.38381968251282034
2025-10-15,239.9735565185547,264.5909423828125,231.84383392416075,0.02407505133483436,0.013337904878479927,0.03986337856058317,0.269348631351867
2025-10-16,234.24571228027344,256.9659118652344,225.16251561045087,0.028734142888225813,0.013579726927379326,0.0399128280890502,0.379687851911551
2025-10-17,237.86903381347656,259.76043701171875,227.61117624155077,0.03323471972361854,0.013594775665712948,0.03992018774771586,0.49198025274892027
2025-10-20,235.3575134277344,260.5289306640625,228.284557246589,0.020057185386553995,0.013712884592258532,0.039928792173607314,0.1588903758147988
2025-10-21,231.58529663085935,265.43927001953125,232.58716825733734,-0.014483728360490373,0.013406679259774045,0.04007558637374935,-0.6959450913619927
2025-10-22,235.6156311035156,274.521484375,240.54532199355424,-0.030906429077476212,0.013102417436386219,0.040345166216391,-1.0908084075753044
2025-10-23,235.516357421875,267.10601806640625,234.04763116620754,-0.0037518440596322946,0.013130617804052143,0.040332572437439755,-0.4185813312520789
2025-10-24,237.00540161132807,267.2457275390625,234.17004949044966,0.0020379502550897347,0.012982620388949229,0.040357114354239554,-0.27119555768510356
2025-10-27,236.5289001464844,265.6987609863281,232.81454331435586,0.005758323524432233,0.012018801013434315,0.03981497572561054,-0.1572392642443607
2025-10-28,236.78700256347656,260.3891906738281,228.162112181778,0.026490235577056556,0.011301329163824874,0.03914309268023806,0.38803542012662723
2025-10-29,230.9797515869141,259.8802185058594,227.71613297432717,0.00394524500143064,0.010203863490558884,0.03839122194958709,-0.1630221225400604
2025-10-30,235.07955932617188,259.6706237792969,227.53247874739512,0.022097768480849184,0.009499376240815555,0.03776315811786118,0.3336159597858118
2025-10-31,243.8450469970703,256.4569091796875,224.71650966243112,0.06879856957945013,0.009483969652857019,0.037738352117937586,1.571732643259747
2025-11-03,245.11569213867188,258.5827331542969,226.57923094866572,0.06602643081146833,0.009313471889639945,0.037453603413835294,1.5142190270770775
2025-11-04,248.4312896728516,258.13360595703125,226.18568999674974,0.08007547197493299,0.00926456560768151,0.03735753350735543,1.8954920124292824
2025-11-05,249.5629730224609,263.94219970703125,231.27538291133,0.06385259406045683,0.009691393532065717,0.03783745571837958,1.4314176125241493
2025-11-06,250.7938995361328,264.7506408691406,231.9837673210063,0.06562274976927188,0.01059348739971949,0.038520287375316827,1.428578707977507
2025-11-07,254.74481201171875,272.7848815917969,239.02364992256298,0.05247924415565259,0.011241657670437728,0.038896903214977685,1.0601765970236898
2025-11-10,257.24639892578125,274.0025329589844,240.09059862008607,0.057545813917337665,0.011559352364242449,0.03919984485668196,1.1731286621471517
2025-11-11,257.3555908203125,273.0743103027344,239.27725747763338,0.06110606103541831,0.012129913644401951,0.039672792486166425,1.2345021442111477
2025-11-12,258.97369384765625,274.2619934082031,240.31794693653572,0.06295388449185191,0.012873891974622404,0.04020572215893357,1.245593657521257
2025-11-13,258.0603942871094,269.3616027832031,236.0240533512358,0.07627669518231787,0.013356643299832178,0.04079578768462559,1.5423173678834963
2025-11-14,256.4621887207031,269.1420593261719,235.83168169885533,0.07127038964619625,0.013884883593613747,0.04134257210447862,1.388048762606281
2025-11-17,255.98565673828125,265.5291442871094,232.66591923263073,0.08190845874181357,0.015268451287121497,0.042212321348164814,1.5786861590730608
2025-11-18,257.21661376953125,267.4154052734375,234.31872705331253,0.07987641044221497,0.016238556382326,0.04302298662856963,1.4791593761096524
2025-11-19,252.43182373046875,266.4872436523437,233.5054393919975,0.0656574800725642,0.017472943740822363,0.04336505079895184,1.1111375507233692
2025-11-20,253.45431518554688,263.8025207519531,231.15299132765676,0.07870837370071627,0.019329957663178153,0.043564762456103655,1.3629918468479767
2025-11-21,250.7541961669922,274.0981750488281,240.174403562894,0.03281079969011592,0.020612576227531803,0.0427902278833883,0.2850703084785304
2025-11-24,252.64031982421875,273.9483642578125,240.04313411035915,0.04055108392350343,0.021967708235950924,0.04209560724927155,0.44145641082001696
2025-11-25,255.4397125244141,284.3339233398437,249.1433240614586,0.015440205134006218,0.023205619842424932,0.04074976056432638,-0.1905634438308038
2025-11-26,256.2338562011719,285.3724670410156,250.05333236034105,0.014940168311006988,0.02410758336158109,0.03993636253771203,-0.22955057666850065
2025-11-28,256.28350830078125,284.63348388671875,249.40580948539062,0.017657600924803146,0.025338411631891586,0.03853295699221814,-0.19933094438196386
2025-12-01,253.41461181640625,282.6462707519531,247.6645438629192,0.01340775508928296,0.02625512663823914,0.037555462993389584,-0.342090618113736
2025-12-02,252.4914093017578,280.7888488769531,246.0370058798103,0.016246321136566287,0.027431124086265333,0.036064970910344524,-0.3101292658048673
2025-12-03,252.0446929931641,279.8501281738281,245.2144659816697,0.01776621461896398,0.028600349342833016,0.03453827396605502,-0.31368489156456003
2025-12-04,253.05723571777344,273.0696105957031,239.2731394300289,0.04517456042350453,0.029953730078019894,0.03353940147970412,0.45381937881912715
2025-12-05,250.9130096435547,271.87127685546875,238.22311751259434,0.04119971795579205,0.03142302525518977,0.0320090360899174,0.30543539871486053
2025-12-08,251.36965942382807,269.44464111328125,236.0968144391045,0.051400388225580115,0.0330044701094153,0.03055635377094523,0.6020325021127597
2025-12-09,251.17111206054688,268.8754577636719,235.5980760892924,0.052636184792861716,0.03439715600451711,0.0294784641868905,0.6187238477795519
2025-12-10,247.2400665283203,270.8526916503906,237.33059754574654,0.030565928032951623,0.035612937324115794,0.027709425770660028,-0.18214052261263994
2025-12-11,249.26516723632807,277.79302978515625,243.41196445650834,0.01404470554962702,0.035854424929432846,0.02745179797584701,-0.7944732581448665
2025-12-12,251.17111206054688,279.8501281738281,245.2144659816697,0.014349974991556267,0.03627406115968254,0.026913256719279206,-0.8146203336447587
2025-12-15,244.9469451904297,285.45233154296875,250.12331242904827,-0.030736101382985104,0.036186823049752195,0.027124548345144505,-2.4672456691695293
2025-12-16,247.1705780029297,285.432373046875,250.10582409701368,-0.021392485460904172,0.035872202851104845,0.02768476041305163,-2.068455260498202
2025-12-17,250.4166717529297,292.5924072265625,256.3796963630003,-0.03320614180385643,0.03492748038905272,0.029048452599782636,-2.3455164077627657
2025-12-18,246.8529052734375,287.2698059082031,251.7158470075191,-0.029229101550561982,0.03382496784834208,0.030203855844347465,-2.087616552133174
2025-12-19,245.4631500244141,291.84344482421875,255.72342932203256,-0.051382972142950824,0.032186863034427714,0.032088978030191534,-2.6043158837514317
2025-12-22,249.9898376464844,292.1430358886719,255.98594148653342,-0.03339516046272924,0.03090755077858992,0.03314844186269987,-1.939841139672857
2025-12-23,252.89840698242188,290.97467041015625,254.9621788077196,-0.017462026669909515,0.029749274573986705,0.03360869100766938,-1.4047349012528567
2025-12-24,254.08963012695312,292.8919677734375,256.64218178693227,-0.019303812437112943,0.028454053798282457,0.03398086384542293,-1.405434142364458
2025-12-26,254.2782440185547,293.0717468261719,256.79971047808783,-0.01916724484452733,0.027236677355983688,0.03436096357127298,-1.3504837285560405
2025-12-29,254.238525390625,291.9532775878906,255.8196686293605,-0.015471652594345617,0.02621744311785301,0.03470976505741471,-1.201076862469082
2025-12-30,252.6800079345703,290.0259704589844,254.1308947435617,-0.015051581414320541,0.025305270377831937,0.03506732043776835,-1.150839336691582
2025-12-31,249.16587829589844,286.8504333496094,251.34837811024187,-0.01820011129760314,0.024631574266317825,0.03551301465057239,-1.2060841915382314
2026-01-02,246.2970123291016,292.5724182128906,256.3621812903968,-0.050416835129570715,0.023052419918675786,0.03670860861996537,-2.001417591411718
2026-01-05,250.2677764892578,285.3724670410156,250.05333236034105,-0.008542461212068817,0.022233823879471308,0.03685860388216004,-0.8349823880995171
2026-01-06,248.2625274658203,292.8720092773437,256.6246934548976,-0.043157994888130664,0.020873284034026416,0.037744932041064695,-1.6964205645540464
2026-01-07,253.2954864501953,293.0917053222656,256.8171988101224,-0.02319054059926593,0.01955331584650965,0.037880002054184556,-1.1284016401222376
2026-01-08,258.6361694335937,297.9149475097656,261.0434922373437,-0.018402954684878382,0.018622922144736636,0.03811852102342985,-0.9713356089250359
2026-01-09,259.0431823730469,299.942138671875,262.819788005022,-0.023659964636150235,0.01827116189740678,0.03841349926191604,-1.0915726851036565
2026-01-12,262.0411071777344,299.98211669921875,262.85481815022894,-0.012082294678117365,0.017668539463857585,0.03860404751168984,-0.7706661881235636
2026-01-13,264.82061767578125,300.2017822265625,263.04729676488483,-0.002186483803234095,0.017153195685666582,0.038660170058902356,-0.5002481742691478
2026-01-14,266.8457336425781,299.7125244140625,262.6185919649177,0.007025762600216902,0.016716379733609888,0.0386234356679479,-0.25089992554533036
2026-01-15,268.8509521484375,301.4400634765625,264.13232208695746,0.008801468398618924,0.01652878445047764,0.038634267415363084,-0.20001197301817905
2026-01-16,271.5511169433594,300.4314880371094,263.2485730266958,0.021911885620038613,0.01713537801681979,0.03842424088917531,0.12430974542855418
2026-01-20,269.9330444335937,289.5766296386719,253.7371666076637,0.0512850546059346,0.018505236078209968,0.038146574918423555,0.8593122343965157
2026-01-21,271.0746154785156,296.04754638671875,259.4072100882175,0.03436344812902431,0.01914049094802091,0.03808696601882224,0.3996894153627345
2026-01-22,275.0950012207031,295.50836181640625,258.934757717595,0.05019319340456995,0.01994307833384558,0.03822758044445619,0.791316497644341
2026-01-23,274.3703918457031,297.6952819824219,260.8510136226878,0.04070056993280947,0.020525449107318534,0.03827395524086731,0.5271240115771676
2026-01-26,268.1660461425781,296.7066345214844,259.9847261538918,0.0217364322229676,0.02044621905141705,0.03826631799823626,0.03371667928986576
2026-01-27,266.08135986328125,295.7580261230469,259.1535223114405,0.01719583307896797,0.020667062186042678,0.0382076642986521,-0.09085164379433593
2026-01-28,262.6665344238281,295.8978271484375,259.2760208573892,0.003952413148135658,0.020364639597164117,0.03826791284671301,-0.428876968408748
2026-01-29,263.57977294921875,298.8636779785156,261.8748030420704,-0.002456095123745931,0.019177061852110846,0.03784264386135289,-0.5716608240987575
2026-01-30,263.1231689453125,298.0947570800781,261.20104766906815,-0.00163507313965204,0.018049370119592175,0.03742876991938654,-0.5259174507107832
2026-02-02,261.9914855957031,302.5085754394531,265.06858962446057,-0.020723768631714094,0.01636938277614806,0.036855336474400466,-1.0064526594032555
2026-02-03,266.7166748046875,304.17626953125,266.5298814909654,-0.008119303339660598,0.015169851152812767,0.036452742009049396,-0.6388862184000269
2026-02-04,269.2182922363281,308.3804016113281,270.21368899771926,-0.012435052743961924,0.013868887777592204,0.03601184527272351,-0.7304246789452233
2026-02-05,273.2684631347656,308.2905578613281,270.13496476299474,0.002858549649685295,0.013041876202492749,0.035678355503396354,-0.28542028939192743
2026-02-06,271.36248779296875,313.9426574707031,275.08753204045973,-0.022395841072678342,0.011709515285992482,0.03548035460980578,-0.9612462088878068
2026-02-09,278.8275451660156,313.5931701660156,274.78129904587246,0.006075078475218968,0.010792332243322494,0.03488813427863264,-0.13521083501999204
2026-02-10,272.0673217773437,323.24969482421875,283.24268354746994,-0.04972191656079925,0.008914402225778308,0.03506489924858552,-1.6722226512298588
2026-02-11,266.677001953125,324.6777038574219,284.49395498614655,-0.07563194346535272,0.006382591581650463,0.035598772724177795,-2.3038584976639087
2026-02-12,268.6226806640625,321.7218322753906,281.90391696748264,-0.05819904397863688,0.004224767687903244,0.03552274841090033,-1.7572911573301877
2026-02-13,273.0997009277344,314.18231201171875,275.2975257277191,-0.01666121085718705,0.0025819398612532338,0.034120824416572805,-0.5639708608298956
2026-02-17,282.123291015625,317.3778686523437,278.09758417421125,0.005931307313135354,0.0013495214757685736,0.032582427583927945,0.14062137713848105
2026-02-18,283.3045959472656,315.4405822753906,276.4000661223952,0.016068157692404095,0.0005230327694325721,0.03153566728264542,0.4929378783599183
2026-02-19,284.07891845703125,312.29498291015625,273.6437819871272,0.028452620178922697,-0.0003145631225973209,0.030056562680646878,0.9571015690374642
2026-02-20,286.5705261230469,315.5204772949219,276.47007293167127,0.027037345375294407,-0.0004107873611776794,0.029957795833563033,0.9162267107021519
2026-02-23,287.9901123046875,311.3662414550781,272.8299862550039,0.04447298223185615,-0.00034542238937180077,0.030052813359965624,1.4913214308558569
2026-02-24,290.7994079589844,312.3448791503906,273.68750281721367,0.050755117911538174,0.0002431594902537319,0.030705936411932103,1.6450225696961929
2026-02-25,289.1416015625,312.9140930175781,274.18626790759464,0.043587594052854325,0.0007206165859511876,0.031157739019509436,1.3758051391361212
2026-02-26,290.1640930175781,317.3878479003906,278.1063283402286,0.03344803167824986,0.0009837904318419663,0.0313691914008383,1.034908449872901
2026-02-27,298.2645568847656,311.4932861328125,272.94130724316904,0.07701519409248625,0.0020439144152286878,0.03283666090205404,2.283157836933653
2026-03-02,296.0453796386719,304.5196838378906,266.83079311234957,0.09073689870418225,0.0032854240413556206,0.0347359990057911,2.5176035572849633
2026-03-03,302.9516906738281,305.6586608886719,267.828804623351,0.1081708409528318,0.004792167813586751,0.037244912919871774,2.775645451545359
2026-03-04,299.1601867675781,304.6296081542969,266.9271126413841,0.09988203158598051,0.005703958999628017,0.038883853896203205,2.4220354504404837
2026-03-05,296.0453796386719,307.07733154296875,269.07189344795637,0.08316677435925209,0.006403409939685685,0.03989742706499042,1.9240179146019531
2026-03-06,299.8070373535156,298.3653869628906,261.43818303372063,0.1201322948771192,0.0075489417172113354,0.04213522885497763,2.6719530478261038
2026-03-09,297.7471008300781,303.1809387207031,265.65773783758914,0.09987340265406212,0.008336228681564676,0.043413859866559344,2.108478127811122
2026-03-10,284.1335144042969,298.0956115722656,261.20179640499623,0.07242852410508342,0.009033938616100206,0.04410801175014781,1.4372578353357943
2026-03-11,282.6208801269531,296.5769958496094,259.8711322173736,0.0721723072909902,0.010002731978456258,0.0448520198724059,1.3861042488029003
2026-03-12,288.8405456542969,293.9894104003906,257.6037993837149,0.10000119374842116,0.011430252291070673,0.046331355062920146,1.9116846752499903
2026-03-13,288.49224853515625,291.2818603515625,255.23134937386664,0.10713824172407903,0.013728158009521742,0.047606129229672785,1.9621440605663651
2026-03-16,290.3631286621094,295.727783203125,259.12702240770005,0.09947461127481479,0.015742609621783723,0.04864081124672245,1.7214351386598872
2026-03-17,291.4677429199219,301.03289794921875,263.7755494172243,0.08693876840927994,0.017745024792002666,0.049062760805697374,1.4103108443347567
2026-03-18,285.57647705078125,294.28912353515625,257.8664185104912,0.08879481916703516,0.019712090137295954,0.049511419560263704,1.3952887968734957
2026-03-19,283.0289001464844,297.5560913085937,260.7290498881162,0.07047868025433862,0.021743117677250776,0.04904282005966423,0.9937349140566838
2026-03-20,282.5711669921875,292.3109130859375,256.13304135583354,0.0852379207352494,0.023720335697217088,0.04917342030380328,1.2510332748457258
2026-03-23,279.2572937011719,300.3934936523437,263.21528101846474,0.04902169464962745,0.024828397719209368,0.04897837542656747,0.4939587464817145
2026-03-24,281.71533203125,299.6342163085937,262.5499756652223,0.05968084641540107,0.026144808700084603,0.048833348434592756,0.6867445872616033
2026-03-25,275.6947021484375,302.8811950683594,265.395091970244,0.028826318438675152,0.02694470142147131,0.04847027358044553,0.03882002056540786
2026-03-26,278.4313659667969,301.4225769042969,264.11699974100054,0.042962183093322365,0.027918598682932443,0.04818980515212577,0.31217358864391076
2026-03-27,271.67431640625,293.76959228515625,257.41118706621467,0.04384213640577458,0.02890016064660069,0.04789863887491475,0.3119499031735373
2026-03-30,280.9291381835937,295.597900390625,259.01321454663093,0.06963883084983,0.03036414301572458,0.04777686585207506,0.822044040220349
2026-03-31,279.70513916015625,303.80035400390625,266.20049116374514,0.03987163456377702,0.031868950843947044,0.04659673097168654,0.17174345824157983
2026-04-01,278.9289245605469,307.9765319824219,269.859804309423,0.024080590994638537,0.0324126683807255,0.04630662424641277,-0.17993273147593827
2026-04-02,288.5420227050781,304.6695861816406,266.962142786591,0.06663685530454888,0.034242582550603494,0.04543077396647135,0.7130469046785971
2026-04-06,294.6223449707031,306.5978088378906,268.65171888945565,0.08016458894653454,0.0359651680430335,0.0451749118837031,0.9784063556623346
2026-04-07,294.20440673828125,301.88214111328125,264.51968596746667,0.09290266645435392,0.03782026172868737,0.0451898238806993,1.2189116928422552
2026-04-08,295.5080261230469,316.9083251953125,277.6861537817278,0.05234891803808654,0.039087076439924644,0.04449720334180549,0.29803764286692347
2026-04-09,293.38836669921875,322.21343994140625,282.334680791252,0.029658091435780617,0.03978274954182295,0.0440072468537155,-0.23006797357030098
2026-04-10,294.51287841796875,323.132568359375,283.1400532441844,0.030628467997843023,0.040329665405174235,0.04367950806598623,-0.22209951157590196
2026-04-13,298.8417358398437,326.95904541015625,286.49294621129286,0.03345062461991989,0.04077007977216928,0.04347073814931077,-0.1683766014533489
