Date,LLY,PCAR,hedge_leg,spread,rolling_mean,rolling_std,z_score
2015-01-02,57.20039367675781,29.85139274597168,320.8769221415646,0.13348782809732415,,,
2015-01-05,56.63704299926758,28.84833526611328,310.0949127523554,0.31523918065729783,,,
2015-01-06,56.92280197143555,28.88776016235352,310.5186966430761,0.31123187014368503,,,
2015-01-07,56.522743225097656,29.2732048034668,314.6618966320642,0.2330554149433673,,,
2015-01-08,57.86170196533203,29.65866470336914,318.8052606399747,0.17919497277488958,,,
2015-01-09,57.09425354003906,28.57237243652344,307.128548531503,0.3726783077502446,,,
2015-01-12,56.67787551879883,28.83518409729004,309.9535489436221,0.3182266659275814,,,
2015-01-13,56.64519500732422,28.629314422607425,307.7406261451253,0.356899709544896,,,
2015-01-14,56.95547103881836,28.36211395263672,304.8684497904542,0.41083157780304314,,,
2015-01-15,56.93912124633789,27.753263473510746,298.32382825641463,0.5256030848013337,,,
2015-01-16,57.70660018920898,28.252599716186523,303.6912654821085,0.43889987292763327,,,
2015-01-20,58.808780670166016,28.24385452270508,303.5972621372148,0.451014338568592,,,
2015-01-21,58.98025131225586,28.515424728393555,306.5164094107847,0.40311674086678045,,,
2015-01-22,59.15986251831055,28.32707405090332,304.49180083755493,0.43915156928810645,,,
2015-01-23,58.890438079833984,28.274518966674805,303.9268786641192,0.44617844688340846,,,
2015-01-26,58.87408447265625,28.563610076904297,307.0343606653215,0.39324277902132915,,,
2015-01-27,58.56385803222656,28.086156845092773,301.9021470766976,0.4776631301026074,,,
2015-01-28,57.943355560302734,27.788301467895508,298.70045670694856,0.5273250632608621,,,
2015-01-29,58.87408447265625,28.055498123168945,301.57259205688905,0.48601311519478,,,
2015-01-30,58.784305572509766,26.32967758178711,283.0214983709161,0.8008071461617662,,,
2015-02-02,58.53117370605469,26.899112701416016,289.14243852606165,0.6953699607566879,,,
2015-02-03,57.8780403137207,27.486061096191406,295.45163139937824,0.5829239123248862,,,
2015-02-04,57.331016540527344,27.359031677246094,294.08617387049617,0.6027614638340129,,,
2015-02-05,58.3026008605957,27.26704978942871,293.09744730397455,0.6263397824560984,,,
2015-02-06,57.44531631469727,27.486061096191406,295.45163139937824,0.5797821621503875,,,
2015-02-09,56.83297729492188,27.6656551361084,297.3821136135225,0.5412869416428968,,,
2015-02-10,57.5595932006836,27.6656551361084,297.3821136135225,0.5470776046036441,,,
2015-02-11,57.518497467041016,27.6216983795166,296.90961610285257,0.5549687066410027,,,
2015-02-12,57.99542236328125,27.797531127929688,298.79966765262816,0.5260387501375914,,,
2015-02-13,58.020111083984375,28.22828865051269,303.4299423340134,0.4464357797506876,,,
2015-02-17,58.842376708984375,28.333786010742188,304.56394866104046,0.4348993746043863,,,
2015-02-18,58.3901252746582,28.351354598999023,304.75279594780517,0.42728824424547657,,,
2015-02-19,58.48057174682617,28.351354598999023,304.75279594780517,0.4281740043591323,,,
2015-02-20,59.10549545288086,28.39093017578125,305.1781995253844,0.4270225723874777,,,
2015-02-23,58.455902099609375,28.092023849487305,301.9652123523559,0.4756196300402039,,,
2015-02-24,58.29967880249024,28.039278030395508,301.3982399423903,0.4839396069181068,,,
2015-02-25,57.85564041137695,28.399715423583984,305.27263341994944,0.4130123114108297,,,
2015-02-26,57.584266662597656,28.41729164123535,305.46156271617537,0.4069651327985537,,,
2015-02-27,57.69942474365234,28.153566360473636,302.62674167107826,0.4572795651399597,,,
2015-03-02,58.48057174682617,28.53157997131348,306.6900644448633,0.3950473019485444,,,
2015-03-03,57.86387634277344,28.368942260742188,304.94184825822293,0.41881246814544204,,,
2015-03-04,58.09410858154297,27.564552307128903,296.2953447361433,0.5699519183077434,,,
2015-03-05,58.04475402832031,27.450258255004883,295.0667815003595,0.5907520478811848,,,
2015-03-06,56.2521858215332,27.10302352905273,291.3343053953968,0.6440632426997481,,,
2015-03-09,57.21425628662109,27.366758346557617,294.1692289523205,0.6004991473665927,,,
2015-03-10,56.55644989013672,26.593128204345703,285.8533670754103,0.7428890547297744,,,
2015-03-11,56.29331588745117,26.808523178100582,288.1686786862079,0.7005578080196826,,,
2015-03-12,57.19781112670898,27.41071891784668,294.641767467721,0.5921228063603654,,,
2015-03-13,57.46917724609375,27.133792877197266,291.66504955239276,0.6458455515691748,,,
2015-03-16,58.43946075439453,27.48543739318848,295.44492712592563,0.5870454307523398,,,
2015-03-17,58.25034332275391,27.503013610839844,295.63385642215155,0.5824613169340441,,,
2015-03-18,60.47049331665039,28.017295837402344,301.16195018232474,0.5063730463882858,,,
2015-03-19,61.0296516418457,27.511808395385746,295.7283928285431,0.5999271274101015,,,
2015-03-20,62.59198760986328,27.96015739440918,300.5477608250767,0.5329166374412972,,,
2015-03-23,62.78934097290039,28.02169609069824,301.20924913906845,0.5238496870202406,,,
2015-03-24,62.13147735595703,28.179941177368164,302.91024837842633,0.4914306734673568,,,
2015-03-25,61.14479064941406,27.52938842773437,295.9173631294996,0.5975899486262071,,,
2015-03-26,60.38825607299805,27.39313697814941,294.4527766643991,0.6168014546835521,,,
2015-03-27,60.5034065246582,27.327194213867188,293.74394838893306,0.6292462706746628,,,
2015-03-30,60.74185943603516,27.889835357666016,299.7918591188852,0.5311343017767336,0.4962727260520771,0.12796238041128263,0.2724361301548801
2015-03-31,59.73868179321289,27.75357437133789,298.3271701419582,0.5477790177486239,0.5031775792129322,0.1189122503204906,0.375078584548544
2015-04-01,58.81772232055664,27.20851325988769,292.4682297129626,0.6403100273990121,0.5085954266586273,0.11760250168400589,1.1199982896137501
2015-04-02,58.57924270629883,26.900827407836918,289.16087015246507,0.6953052899825768,0.5149966503226089,0.11712952525464276,1.5393952913919189
2015-04-06,58.63682556152344,27.274450302124023,293.1769964813328,0.6271129705791724,0.5215642762498722,0.11198754485359139,0.9425038692230535
2015-04-07,58.95751953125,27.318405151367188,293.64947348963744,0.6211274001314017,0.5289298167058142,0.1032827619824261,0.892671551921464
2015-04-08,59.32752227783203,27.58653450012207,296.5316344962089,0.5749097763584984,0.5323003411826184,0.1013795020705458,0.4202963548413353
2015-04-09,59.50020980834961,27.77554702758789,298.5633573901973,0.5419970333727447,0.5360298473067043,0.09740900468335333,0.06125908056896683
2015-04-10,60.78295135498047,27.797531127929688,298.79966765262816,0.5477747911734666,0.5392110986671806,0.09453413456232769,0.09058836309163867
2015-04-13,60.454044342041016,27.604124069213867,296.7207073089919,0.5797035119403398,0.5420256309028022,0.0931509156320716,0.4044821329116937
2015-04-14,60.40473175048828,27.81510734558105,298.9885969488541,0.5418154941876508,0.5422958377259075,0.09312598131307379,-0.005157997064662567
2015-04-15,60.61027526855469,28.21510505676269,303.28822998506996,0.47243029238261086,0.5428546780501571,0.0925940828064161,-0.760571124342584
2015-04-16,60.429386138916016,28.10960960388184,302.1542441604084,0.48961653678760114,0.543498048020474,0.09207780445379114,-0.585173718601349
2015-04-17,59.59066009521485,27.59093475341797,296.5789334529526,0.5759931400398696,0.5463793213400254,0.090298180036792,0.32795587560876627
2015-04-20,59.54132461547852,28.078842163085938,301.8235205057777,0.48755866753396365,0.5471861063107897,0.0895369388921272,-0.6659535105244584
2015-04-21,59.37686538696289,29.32717704772949,315.2420520629166,0.260150110761269,0.5440856340420874,0.0960760011591235,-2.955322035214156
2015-04-22,59.45088577270508,29.630460739135746,318.50209216430534,0.20623541991123726,0.540968844723586,0.10377710956114099,-3.2255034489579635
2015-04-23,59.53310394287109,29.22609138488769,314.1554677068251,0.2803435385309458,0.5376801848640582,0.10882115940861473,-2.364766629317318
2015-04-24,58.85881042480469,29.07223892211914,312.50168541474983,0.30019651545043236,0.5338947090672176,0.11305556714163657,-2.0671091174484753
2015-04-27,58.291465759277344,29.22609138488769,314.1554677068251,0.2650144859845577,0.5302113985803806,0.1181282006260663,-2.2449923997005694
2015-04-28,58.52989196777344,29.40629005432129,316.0924491707691,0.2349146242676122,0.5207798565488113,0.11874648415211206,-2.407357441547583
2015-04-29,59.43442916870117,29.124980926513672,313.0686168199848,0.29743529767178833,0.5141476121640631,0.1199367637032323,-1.806888128384895
2015-04-30,59.097293853759766,28.72498321533203,308.76898378376893,0.3661825007854089,0.5105352553050718,0.12108866042764836,-1.192124464915648
2015-05-01,60.12515258789063,28.82169532775879,309.80855621623084,0.3597276717605362,0.5064846921038472,0.12201265475807434,-1.2028016326199895
2015-05-04,60.06757354736328,29.037065505981445,312.1236012962797,0.32057324604479487,0.5013885831636588,0.12330050042225112,-1.4664606915596385
2015-05-05,59.13019561767578,28.628278732299805,307.7294933607682,0.384114863864025,0.4981274615255527,0.12377859320481249,-0.9211010943780457
2015-05-06,59.24530029296875,28.492027282714844,306.26490689566765,0.4100321554655573,0.4959398817559304,0.12416215340288711,-0.691899455155354
2015-05-07,59.0561752319336,28.87443351745605,310.3754466167352,0.3385389134956497,0.4924642369041305,0.12561667353999426,-1.2253574232681266
2015-05-08,60.2402458190918,29.22609138488769,314.1554677068251,0.28879136628260965,0.48802794789815723,0.12804847873572084,-1.5559464945050367
2015-05-11,60.412933349609375,29.34037208557129,315.3838874260519,0.27049060193817304,0.48376881209483363,0.1309792080160615,-1.628336385501026
2015-05-12,59.56599044799805,29.054649353027344,312.3126126019668,0.31167890417717886,0.4815228641686085,0.13277329647772992,-1.2792027048896657
2015-05-13,59.862037658691406,29.261240005493164,314.5332852945465,0.277986480213941,0.47890764926210105,0.13522981669447084,-1.4857756518453902
2015-05-14,60.49128341674805,29.37113380432129,315.71454957358657,0.2659692060978179,0.47621899862630673,0.13785177394077344,-1.5251874279022368
2015-05-15,60.3587760925293,29.304981231689453,315.00346603793764,0.276138714477408,0.473685077128278,0.14012839973226185,-1.4097525057612486
2015-05-18,60.39192199707031,29.005096435546875,311.77996115151103,0.32991242818128746,0.47206657472484154,0.14123295748482442,-1.0065224794207728
2015-05-19,60.81415557861328,28.90367317199707,310.68974787676166,0.3524918216971734,0.470014444585791,0.14207249114017917,-0.8272018175049886
2015-05-20,60.73966598510742,28.837514877319336,309.9786028340169,0.3634058168764324,0.4680055480850964,0.14272293421081078,-0.7328866365244677
2015-05-21,61.49309158325195,28.90367317199707,310.68974787676166,0.3596408624142532,0.46711602393515345,0.14323688420819802,-0.7503316070788212
2015-05-22,61.5179443359375,29.005096435546875,311.77996115151103,0.34217768806618837,0.46603623318961407,0.14394048888252164,-0.8604843993861518
2015-05-26,61.52622985839844,28.846336364746094,310.07342627352256,0.3700029795470643,0.46458162342973247,0.14447049720759958,-0.6546571494577307
2015-05-27,62.01473236083984,29.194730758666992,313.8183678165868,0.31457765896287376,0.46324046271330466,0.1454968107291644,-1.021759879171234
2015-05-28,63.26496887207031,28.74049186706543,308.9356885160113,0.40530115791154775,0.4630152742094064,0.14557717201824727,-0.3964503190831632
2015-05-29,65.32659912109375,28.030467987060547,301.30353951707644,0.540899799812735,0.4625310722344896,0.14526344006440076,0.5394938158114772
2015-06-01,65.40937042236328,28.2509822845459,303.67387947633534,0.5052422231808879,0.46110590848948463,0.14440106063619657,0.30565090378802734
2015-06-02,64.5400161743164,28.484716415405277,306.18632132947846,0.45964939871943333,0.45803234442314605,0.14238943019081557,0.011356561327061077
2015-06-03,64.440673828125,28.44060516357422,305.7121631272193,0.46617444696587945,0.45579359941646747,0.14116218735034122,0.07353844357517951
2015-06-04,64.31645202636719,28.14512634277344,302.5360187046323,0.5145264868030559,0.45198755661768886,0.13628457384424122,0.45888487905346054
2015-06-05,64.6807861328125,28.017242431640625,301.1613761160964,0.538513782566338,0.44928682286013305,0.13283720118693998,0.6717015934462293
2015-06-08,65.01194763183594,27.937864303588867,300.30812917946747,0.5539889904445933,0.44865125926153687,0.1322320628559163,0.7966126286469213
2015-06-09,68.53079986572266,28.118675231933597,302.2516919026723,0.5485298992531037,0.44702933172293574,0.1303558430521361,0.7786422545675423
2015-06-10,68.87028503417969,28.683164596557617,308.31946942459865,0.4626509150760283,0.44495608979499723,0.1290741298769291,0.13709040919278634
2015-06-11,71.69366455078125,28.8728084564209,310.35797860150086,0.45537874143934687,0.4428380468700856,0.12781604280043055,0.09811518409189104
2015-06-12,69.72309875488281,28.66992950439453,308.17720351179213,0.4712639084162719,0.442252894570552,0.12760042879428074,0.22735827865039457
2015-06-15,69.61547088623047,28.356807708740234,304.8114122101937,0.5187947879874133,0.44090068891350725,0.12632471519109303,0.6166180462475188
2015-06-16,70.19501495361328,28.246564865112305,303.62639599830396,0.5396494859837409,0.44101290305588126,0.1264107993292852,0.7802860471669272
2015-06-17,69.16006469726562,28.18040657043457,302.91525095555915,0.5430431375264525,0.44133279389765145,0.12664803873410876,0.8030945022554739
2015-06-18,68.7543716430664,28.599367141723636,307.4187185075731,0.4748459936192988,0.44105638256685054,0.12655491003749825,0.26699565463273134
2015-06-19,68.4148941040039,28.55526733398437,306.94468331950566,0.47916898793546175,0.4390826998886714,0.12498600992946651,0.3207262002316284
2015-06-22,68.65501403808594,28.736083984375,308.88830754980637,0.4526805755813828,0.43634735190363527,0.12280759905191027,0.13299847732422115
2015-06-23,68.4480209350586,28.69198608398437,308.4142928641043,0.45795060873598276,0.4334924242046573,0.1202108562613084,0.20346069641297196
2015-06-24,68.10855865478516,28.621414184570312,307.65570534805875,0.4663868787880122,0.43241330048817855,0.1196085838303598,0.2840396333762985
2015-06-25,70.21158599853516,28.37005043029785,304.95376013246135,0.5208529351532646,0.43196453244492256,0.11921827460043838,0.7455937691285391
2015-06-26,71.0809555053711,28.586143493652344,307.2765756089583,0.4940347865299642,0.4295266117637718,0.11634658092354117,0.5544483925022673
2015-06-29,69.36707305908203,27.964319229125977,300.5924969861581,0.5778917732597714,0.4275697198183917,0.11273181287779477,1.3334483816412501
2015-06-30,69.12696075439453,28.140724182128903,302.4886992455232,0.548994862174493,0.42626775134498035,0.11082312105071071,1.1074143163081906
2015-07-01,70.25299835205078,28.37886428833008,305.0485015625059,0.5197868052489746,0.42457874143027324,0.10855198323994716,0.8770734626584394
2015-07-02,71.32105255126953,28.528812408447266,306.6603155128151,0.5043787287859258,0.4234032239707304,0.10727077715823177,0.7548701236288333
2015-07-06,71.49493408203125,28.30389976501465,304.24269709917775,0.5393993611020746,0.42335992943288586,0.10722261477496263,1.0822290793106546
2015-07-07,73.46550750732422,28.40532875061035,305.332971881023,0.5369134679345654,0.42317890737890423,0.10701798044530464,1.0627612302382148
2015-07-08,72.24010467529297,27.752634048461918,298.3170624758661,0.6261774839028843,0.42395347357827995,0.1083302009040439,1.8667371484312965
2015-07-09,72.43054962158203,27.739404678344727,298.17485807015544,0.6291237133022931,0.42540861056352397,0.11050476170385001,1.8434961498285523
2015-07-10,73.1011962890625,27.95549774169922,300.4976735466524,0.6007508735121744,0.4275472869156834,0.11265112437970971,1.5375220402832281
2015-07-13,73.5400161743164,28.489118576049805,306.2336407885874,0.5251353232941692,0.42813926669079283,0.11307535212834881,0.8578001728730305
2015-07-14,73.49034881591797,28.61700820922852,307.60834488421915,0.506108479739202,0.4269745223524483,0.11188016537339357,0.7073099786959441
2015-07-15,71.5197525024414,28.71403694152832,308.65132070932066,0.47791715407548496,0.42681383046147375,0.11179856860618809,0.45710177018476267
2015-07-16,72.17387390136719,28.90367317199707,310.68974787676166,0.45440557690520983,0.43005142156387277,0.10968304612589727,0.2220412014577228
2015-07-17,72.33948516845703,28.43620109558105,305.66482316574496,0.525117737529945,0.43536612685751785,0.10632864803100482,0.8440962274462104
2015-07-20,72.7534408569336,28.61700820922852,307.60834488421915,0.5011059315728442,0.43904550007488286,0.10468018719909011,0.5928574753112478
2015-07-21,70.84913635253906,28.766958236694336,309.22017933689364,0.464946271677368,0.4417913293453318,0.10312556018671248,0.22453155444793124
2015-07-22,71.5197525024414,28.86837577819824,310.31033110454706,0.4547206197310775,0.44495309824110707,0.10048823996578361,0.09720064251594325
2015-07-23,71.83439636230469,28.79342269897461,309.5046496554108,0.46832483035350797,0.4488432683425387,0.09666448770575682,0.20153794297519534
2015-07-24,70.14535522460938,28.621414184570312,307.65570534805875,0.481881295651646,0.45191736830886964,0.09468032745849572,0.31647469064691836
2015-07-27,69.67342376708984,28.51116371154785,306.4706071267078,0.49538115908858477,0.4540706792805892,0.0941651928174453,0.43870222713909507
2015-07-28,70.94019317626953,28.57732582092285,307.1817931741832,0.49436691972311925,0.4563146667466323,0.09348062283607957,0.4070603278201565
2015-07-29,70.45170593261719,28.956586837768555,311.2585244948735,0.43299542313353273,0.4581883696981113,0.09182577386117093,-0.274355940660703
2015-07-30,69.99630737304688,28.55967140197754,306.99202328098005,0.4902597031612835,0.45995745035306557,0.09139598138151282,0.33154907196332506
2015-07-31,69.9714584350586,28.5949649810791,307.371399048464,0.4846568147653799,0.4612011946747293,0.09121264119248279,0.25715317289358003
2015-08-03,69.6651382446289,28.43620109558105,305.66482316574496,0.5068876736871412,0.4640070073445875,0.08995609785545236,0.47668437565463617
2015-08-04,69.59062957763672,27.84525489807129,299.31265733476266,0.5976387522044824,0.4691544637766187,0.08858597440730057,1.4503908692940337
2015-08-05,70.15364074707031,28.048120498657227,301.4932889079143,0.5697842078688469,0.4741426905421299,0.08558543039514556,1.1174976498352904
2015-08-06,68.47284698486328,27.915794372558597,300.07089631059824,0.5799968484744527,0.4786146562804178,0.08394689605481886,1.207694351531835
2015-08-07,68.1168441772461,27.76145362854004,298.41186541300647,0.6021574258569388,0.4840175053744678,0.08120256156308255,1.4548792329746085
2015-08-10,69.14351654052734,28.14512634277344,302.5360187046323,0.5484184854367106,0.4887249933634494,0.07639219756563567,0.7814082324568937
2015-08-11,69.1683578491211,27.77909278869629,298.60147128728727,0.6054642996760847,0.4942137531167606,0.07259568247603153,1.5324678102730842
2015-08-12,69.45155334472656,27.787954330444336,298.69672527646424,0.6057015405039252,0.4988102383221379,0.07072323648091917,1.511402864186315
2015-08-13,69.1600341796875,27.743675231933597,298.2207628660589,0.6109215618211337,0.5031174006575373,0.06952033789631801,1.5506852300455516
2015-08-14,69.89301300048828,27.85435676574707,299.41049462196725,0.5979797030821685,0.5070269654276329,0.06811182399020142,1.3353443253497377
2015-08-17,69.5265121459961,27.90305519104004,299.9339610127693,0.5883314818146173,0.5108384757509723,0.06609316970733772,1.1724813079291854
2015-08-18,69.45990753173828,27.863201141357425,299.5055640898566,0.5941042781557827,0.5150372522524654,0.06313277197490817,1.2523927499135012
2015-08-19,69.77639770507812,27.65956115722656,297.31660855639365,0.6273163329056177,0.5193258081417748,0.06184003638874235,1.7462881827071832
2015-08-20,72.74169921875,26.9246883392334,289.41735474234963,0.7511019105441284,0.5266012123347956,0.06301058326703012,3.562904619656193
2015-08-21,70.40946197509766,25.871070861816406,278.091868653807,0.9037091936141227,0.5349080129298386,0.07785321181332393,4.737135078878877
2015-08-24,67.24423217773438,24.963552474975582,268.3368227424012,1.0442456095381376,0.5432971097585954,0.10191160192946042,4.9155198259593735
2015-08-25,65.18685150146484,24.746641159057617,266.0052117511912,1.0814101756658492,0.552899908966678,0.12318906332232776,4.290236912641415
2015-08-26,67.55243682861328,25.800249099731445,277.3305953279073,0.910906092697326,0.5604208538663096,0.13093121930990512,2.676865308963802
2015-08-27,69.75142669677734,26.375757217407227,283.51681501416334,0.8250253678080232,0.5664017025470118,0.13469507293701316,1.9200677472586567
2015-08-28,69.2933120727539,26.318208694458008,282.8982176483761,0.8327957992081222,0.5717061910870964,0.13882127996792354,1.8807607031238576
2015-08-31,68.59364318847656,26.10570907592773,280.61402862810155,0.864390584714778,0.5771374711229036,0.14378668337625006,1.9977727203027025
2015-09-01,66.4695816040039,25.24688148498535,271.38236709803664,0.9989426394252598,0.5845533652725814,0.15370486948775877,2.6960061547411214
2015-09-02,68.14384460449219,25.742694854736328,276.71193645502416,0.9207580420016528,0.5907571676517238,0.15962417153009933,2.0673615479827423
2015-09-03,67.9688949584961,25.707279205322266,276.33124853616107,0.9261549896287584,0.5984822355609362,0.16446176097976717,1.992394779891321
2015-09-04,66.90271759033203,25.162765502929688,270.47819228600616,1.0124642544736244,0.6077669941115074,0.17180707923902688,2.3555330906887795
2015-09-08,69.03507995605469,25.49922180175781,274.0948095246668,0.9596911491460705,0.6159074481236708,0.17673038812505354,1.9452438523426996
2015-09-09,67.54409790039062,25.40182304382324,273.04785624069734,0.9743016560791433,0.6234992292585328,0.1821873503121705,1.9255037532491963
2015-09-10,67.33583068847656,25.38412094116211,272.8575737883617,0.9770480442651298,0.6307892052298893,0.18745028567496552,1.8472035814106216
2015-09-11,68.13550567626953,25.44166755676269,273.47615065178366,0.9682387934561367,0.6378757994953841,0.1920574873982306,1.7201255646740083
2015-09-14,68.21044158935547,25.260149002075195,271.5249815510532,0.99687882436965,0.6465763466745567,0.1963238897915168,1.7843089705847404
2015-09-15,69.10171508789062,25.79582023620605,277.2829888356841,0.9135925346417151,0.6538167391196608,0.19804845051706418,1.311678000225867
2015-09-16,70.34282684326172,25.964054107666016,279.09135896211035,0.8894091334086548,0.661095548416782,0.19855568712355356,1.149871798181243
2015-09-17,74.9490737915039,25.56562042236328,274.80853786543923,0.9533489487523661,0.669352187417055,0.20025793328165842,1.4181548599918676
2015-09-18,73.70793914794922,24.92813873291016,267.9561553259034,1.0455300948028075,0.679004574350635,0.2042271889541834,1.7946950272835576
2015-09-21,72.95828247070312,25.034400939941406,269.0983831014151,1.0303420202154967,0.6874960591016722,0.20809530406534843,1.6475429979244516
2015-09-22,73.1332015991211,24.36591339111328,261.91271411158635,1.1285239872714077,0.6980708791140295,0.21413145175501613,2.010228318303523
2015-09-23,72.20861053466797,24.339365005493164,261.6273416889961,1.1341217206967753,0.7073413782379796,0.22077771737741797,1.9330770674162632
2015-09-24,71.09246063232422,24.12244415283203,259.2956281859596,1.1690257516787357,0.7176752263963838,0.227644413668606,1.9826997641128443
2015-09-25,70.01800537109375,23.53364944458008,252.96658902303406,1.2620111164658911,0.7300456315833322,0.2366953589486173,2.2474690135265387
2015-09-28,66.41961669921875,22.91830825805664,246.3521979398835,1.375790889552652,0.7445691675961111,0.24902733786330827,2.534748704188534
2015-09-29,66.86939239501953,23.11310195922852,248.4460635030918,1.341950486776673,0.7579450196906877,0.2591674176217752,2.2533907712823433
2015-09-30,69.70979309082031,23.095394134521484,248.2557195436602,1.3307478650715583,0.7711755929763042,0.2678110432934099,2.0894294171513863
2015-10-01,70.95085144042969,22.869611740112305,245.82875205144674,1.359168807903287,0.7833921150429776,0.2776230679666393,2.0739511924473724
2015-10-02,72.89997863769531,23.046688079833984,247.73217114339695,1.3234557002659995,0.794964314825706,0.28544447921084204,1.8514682326363234
2015-10-05,72.10868835449219,24.016189575195312,258.1534824199091,1.1824828971847503,0.8046598485535824,0.2885981923324408,1.3091663727260898
2015-10-06,70.10958099365234,23.945358276367188,257.3921065821829,1.1985460190113884,0.8158833601488694,0.29063053611246875,1.3166636375553993
2015-10-07,69.95965576171875,24.370346069335938,261.9603616085401,1.1336730873339456,0.8263427702754484,0.2905857987973814,1.0576233192758029
2015-10-08,69.77639770507812,24.702369689941406,265.529331350247,1.082875494049204,0.8364254092750103,0.28878105403753485,0.8534150053422858
2015-10-09,71.75049591064453,24.472166061401367,263.05483937527157,1.1150827642786023,0.8474366957312335,0.2865549669665619,0.9340130146081204
2015-10-12,66.16973876953125,24.28622817993164,261.05616629414436,1.15499409064627,0.8579346349498389,0.28608404694827727,1.0383642809350289
2015-10-13,66.31964874267578,23.86566925048828,256.5355177600103,1.2228082823591657,0.8699630074629443,0.28599887351565456,1.2337295967597857
2015-10-14,66.01146697998047,23.595626831054688,253.63279288104445,1.2678215272408095,0.8833442617223352,0.28550981315443497,1.3466341533784936
2015-10-15,66.51956939697266,23.675308227539062,254.48929969375584,1.2528997893669298,0.8966472478829327,0.2837900347664796,1.255338446880787
2015-10-16,67.8939437866211,23.25475311279297,249.96869216435238,1.314363718297987,0.9107478960153406,0.28316514633287354,1.4253725344014538
2015-10-19,66.84442901611328,23.135231018066406,248.6839319452853,1.3385196518364921,0.9250252019517546,0.2827707681547862,1.4622955993046436
2015-10-20,64.79534912109375,23.47167587280273,252.30042616975416,1.2934108523397985,0.9383256968392749,0.28098190200591566,1.263729631572669
2015-10-21,64.1456527709961,23.36100578308105,251.11081742803756,1.314928081363694,0.9520017161999511,0.27896925521491345,1.3009547051489612
2015-10-22,64.12064361572266,23.87453269958496,256.6307922515526,1.228963586508302,0.9652678522561974,0.2727259691091517,0.9668889805890358
2015-10-23,65.22847747802734,24.281801223754883,261.00858030428645,1.1579602173331953,0.9763961941590625,0.26656811402916847,0.6811168088703424
2015-10-26,65.89483642578125,24.29951477050781,261.19898577081386,1.1534733153728338,0.9875431358358534,0.2595481222058087,0.6393041033269586
2015-10-27,67.3941650390625,22.66596984863281,243.63977601561857,1.4106039261911074,1.0026050733775862,0.25739527993990163,1.5851061950661391
2015-10-28,69.1933364868164,23.78598976135254,255.67903144966422,1.2259329312200964,1.0130766430278464,0.25339009460301976,0.8400339741998475
2015-10-29,68.30208587646484,23.52480697631836,252.87154005751003,1.2699850888722741,1.0247466577112367,0.2487088105561514,0.9860464155356873
2015-10-30,67.94390106201172,23.30788230895996,250.53978554974293,1.3057272088973444,1.036842163718285,0.24432119300881475,1.1005391790525452
2015-11-02,68.33541107177734,23.77713966369629,255.58390047467904,1.230161552578204,1.0473088991636395,0.2387725067062499,0.7658027967161191
2015-11-03,68.02719116210938,23.564647674560547,253.29979346386574,1.2647807591561426,1.0592482703922967,0.2311935038611527,0.8890063316280807
2015-11-04,67.51078033447266,23.35657119750977,251.06314942871856,1.299936325043053,1.070822804148413,0.22540165261528963,1.016467795316859
2015-11-05,67.144287109375,23.675308227539062,254.48929969375584,1.2505467823624323,1.0815702248460546,0.21810357088957394,0.7747537412027552
2015-11-06,67.01933288574219,23.88338279724121,256.72592322653776,1.217641103371747,1.0916822172052316,0.20982037786428243,0.6003176976832486
2015-11-09,66.10310363769531,23.05111312866211,247.77973663088954,1.3559946032355463,1.1043157988744545,0.20227491314870003,1.2442413171428386
2015-11-10,67.1089859008789,22.8598747253418,245.7240874765978,1.3812901798907409,1.1175317771757234,0.1937142993334888,1.3615845790554897
2015-11-11,67.64543151855469,22.784263610839844,244.91133271143343,1.390281375680989,1.13080139546781,0.18429157014605763,1.4079861602325705
2015-11-12,66.94134521484375,22.22833824157715,238.9356108096974,1.483654367408088,1.1450736960428511,0.17767928088766127,1.9055720491085641
2015-11-13,66.68148040771484,22.24168586730957,239.07908636205653,1.483387564641461,1.1572784569444734,0.1752930146995909,1.8603656754712006
2015-11-16,68.08971405029297,22.3973388671875,240.75222288697364,1.4488175978163615,1.1663635970145105,0.17605257940984265,1.604372976236324
2015-11-17,68.14839935302734,22.24168586730957,239.07908636205653,1.472982472471537,1.173509211396734,0.17967554920391418,1.6667446539146522
2015-11-18,70.11820983886719,22.90434837341309,246.2021411282636,1.3581087382645471,1.178120854106712,0.18081892777920944,0.9954040009440321
2015-11-19,70.1769027709961,22.708663940429688,244.0987009604609,1.3877826285861026,1.1860687963715253,0.17934899874684426,1.1247000742909168
2015-11-20,70.80557250976562,22.877662658691406,245.91529253537183,1.3586835237318997,1.1949630989702564,0.17430222668472667,0.9392904948814941
2015-11-23,71.03187561035156,22.833194732666016,245.4373003908019,1.3642700431305579,1.2038210030356304,0.1690094094194316,0.9493497471299965
2015-11-24,70.31101989746094,22.88656234741211,246.01095657185476,1.359845842772194,1.2120785906699207,0.16417880519225717,0.9000385398665461
2015-11-25,70.19366455078125,22.948835372924805,246.68033829648647,1.3509112488168062,1.2179447341597798,0.16271577586864736,0.817170393879718
2015-11-27,70.11820983886719,23.05555725097656,247.82750714203507,1.3349283687498863,1.224847572938917,0.15862840540341572,0.6939538699327993
2015-11-30,68.76866912841797,23.108936309814453,248.40128633727977,1.3331575081519451,1.2316309482476369,0.15428172672950444,0.6580595256255489
2015-12-01,72.50718688964844,22.944381713867188,246.6324652735144,1.3403748037704948,1.2370961240692513,0.15218005162285123,0.6786610899383823
2015-12-02,70.88102722167969,22.79317092895508,245.0070787573776,1.3711149098246398,1.2439531867472275,0.1486979463066509,0.8551679847358095
2015-12-03,69.6236572265625,21.699098587036133,233.24673750085313,1.546730074208935,1.2534936603827238,0.14946539377661433,1.961901724652543
2015-12-04,72.6078109741211,22.139389038085938,237.97948300400049,1.4590773545136766,1.2615274822201996,0.14729333532818795,1.3412003459172894
2015-12-07,72.40660095214844,21.801380157470703,234.3461768399868,1.5105322920416062,1.270565707196624,0.14562012578634365,1.6478943659001175
2015-12-08,72.4317398071289,21.54787826538086,231.6212484728898,1.5479757412403454,1.2797506558111358,0.14544485012827357,1.8441703861817818
2015-12-09,70.29425811767578,21.721338272094727,233.485795080234,1.5381135062194151,1.2901593386707644,0.14107800542948543,1.7575678561218735
2015-12-10,71.1744155883789,21.73912048339844,233.67693863191224,1.5287735184054223,1.3008154117540436,0.1342777351637208,1.6976612420029
2015-12-11,69.81645202636719,21.01418685913086,225.88452264343874,1.6506713077088762,1.3124374510699854,0.13387079507286287,2.5265694168380612
2015-12-14,70.98160552978516,21.12982177734375,227.1274990420274,1.6224793791464893,1.3220532724757135,0.13508946286740506,2.2239048131063663
2015-12-15,71.68569946289062,21.29437065124512,228.89625859869693,1.591691599609619,1.331409098798949,0.13397812237820397,1.9427239029065062
2015-12-16,72.33114624023438,21.40432929992676,230.07821995815718,1.5700706675920957,1.338768210137627,0.13476946317353655,1.716282398161896
2015-12-17,72.2724838256836,20.817907333374023,223.77468573766294,1.657752391076294,1.3474953879772857,0.13820315359219582,2.2449343233838337
2015-12-18,71.0570297241211,20.68963050842285,222.3958196618756,1.6884085263776276,1.3561517675556007,0.14301718342391398,2.323194674007753
2015-12-21,72.12159729003906,20.969093322753903,225.39980572305086,1.6365954275158479,1.3623948394064331,0.14695950081871587,1.8658241663984627
2015-12-22,72.01264190673828,21.757095336914062,233.87015292248554,1.5199355400546704,1.3647972502481336,0.14835378703342447,1.0457319149634092
2015-12-23,72.2557144165039,22.28854179382324,239.58274746798017,1.4391256466187765,1.366416836245502,0.1486303156954546,0.4891923295262035
2015-12-24,71.96234130859375,22.196910858154297,238.59779333667353,1.4546029333046286,1.3684810873827198,0.1489861851248076,0.5780525613818724
2015-12-28,71.6605453491211,21.99075126647949,236.3817541786513,1.4874415961279899,1.3706189671864648,0.14976856555145443,0.7800210178376151
2015-12-29,72.2976303100586,22.16484260559082,238.25308706890937,1.4572625350560116,1.3728490810996314,0.15005033618901165,0.5625675763235098
2015-12-30,72.2557144165039,21.999914169311523,236.48024754154548,1.4820634260247199,1.3778420899136312,0.14858563592402058,0.701422687751475
2015-12-31,70.62954711914062,21.715864181518555,233.4269532918272,1.5363921055205947,1.3834728580221178,0.1480765076191452,1.0327043091250319
2016-01-04,69.46443939208984,21.60590934753418,232.24503293709756,1.5624036152572798,1.39061836682084,0.1461497529585932,1.1754056709566214
2016-01-05,70.50379180908203,21.610490798950195,232.29427961854464,1.5534142797615933,1.3984606799160466,0.14191976655180974,1.0918394499259465
2016-01-06,70.05953979492188,21.615070343017575,232.34350579762636,1.5562208815454892,1.4058129818704945,0.1383727369575617,1.0869764014361016
2016-01-07,68.24059295654297,20.959930419921875,225.30131236015677,1.6742434441062513,1.4144671377614944,0.13865730085018568,1.8735133653397453
2016-01-08,68.1064682006836,20.72169303894043,222.74046442254388,1.7131719151456115,1.4226398649746017,0.14158957137674955,2.0519311369192983
2016-01-11,67.28498077392578,20.72169303894043,222.74046442254388,1.7218790850767047,1.4302074909385334,0.1452611938579576,2.007911310596689
2016-01-12,67.39395904541016,20.7033748626709,222.5435597062168,1.7236334794332528,1.4380530524396387,0.14820483257936332,1.9269306001927204
2016-01-13,66.47191619873047,20.295629501342773,218.1606460621583,1.799607439658644,1.4461404477956497,0.15444892948424835,2.2885687394747722
2016-01-14,69.18782043457031,20.94160842895508,225.1043666390991,1.6678591384104633,1.4516294392385491,0.1563992629557192,1.3825493489258611
2016-01-15,68.09809112548828,20.758344650268555,223.13443787412044,1.7074742641482994,1.4585304961020242,0.1584217186668057,1.5713992383194404
2016-01-19,69.76616668701172,20.630067825317383,221.7555717983331,1.7103230023661578,1.4651204114520653,0.16055630035345694,1.5272062844889351
2016-01-20,69.25486755371094,20.767505645751957,223.23291073464932,1.694235304270732,1.4728749400814392,0.1601925131397729,1.3818396368883308
2016-01-21,68.23220825195312,20.9874210357666,225.59681295120447,1.669995490443709,1.4814088612999476,0.1567331963142418,1.203233479432495
2016-01-22,69.13748168945312,21.317283630371094,229.14255351302813,1.6099373341281809,1.48901659494587,0.1515377440345209,0.7979578946005994
2016-01-25,68.4920654296875,20.94160842895508,225.1043666390991,1.6746433744411728,1.4934172524167046,0.1530483689817945,1.1841101164954297
2016-01-26,68.70160675048828,21.784587860107425,234.1656740158986,1.540692023434612,1.4986632372869466,0.1490671678935554,0.2819452917873701
2016-01-27,68.5339584350586,21.49137687683105,231.0139069056514,1.5880030688080486,1.5039635369525428,0.14642881833069338,0.5739275424985797
2016-01-28,64.38470458984375,21.69753646850586,233.22994606367365,1.591478037554942,1.5087260507635025,0.14450633586558706,0.5726530002699082
2016-01-29,66.30426025390625,22.48096466064453,241.6511285911224,1.4473461596332229,1.5123457942144196,0.14006208938190642,-0.4640772879230913
2016-02-01,65.71749114990234,22.238149642944336,239.04107497679306,1.4910566310668418,1.5161170587462647,0.13627846490117665,-0.18389132646596515
2016-02-02,63.95719909667969,21.77542495727539,234.0671806530044,1.5823410758454906,1.5208238045929718,0.13353471478956025,0.46068373568225224
2016-02-03,63.78118515014648,21.89454460144043,235.3476148729935,1.5638727130167323,1.5260459034372102,0.12882960786998768,0.29361891419941355
2016-02-04,62.26396179199219,22.90702438354492,246.23090594677737,1.402820156546438,1.5291322209901217,0.12342063576346929,-1.0234274330409034
2016-02-05,62.29750442504883,22.957427978515625,246.77270145215635,1.393906362018024,1.5297640836364965,0.12261362698565459,-1.108014867175957
2016-02-08,62.18854141235352,22.856632232666016,245.68923345559026,1.412018850185622,1.530276228141411,0.12204581608583008,-0.9689588856747318
2016-02-09,61.81133270263672,22.83373069763184,245.44306155545084,1.4185158626498073,1.5307468029242246,0.12155031226986136,-0.9233290986965662
2016-02-10,61.67626190185547,22.433218002319336,241.1378928806043,1.4892350958370424,1.5308398150647071,0.12151579597592545,-0.3423811603547197
2016-02-11,60.2835578918457,22.230661392211918,238.96058269063107,1.5366554865663307,1.531727613763455,0.12135771793220995,0.04060617558438557
2016-02-12,60.15693283081055,23.01786231994629,247.42231889664026,1.3971240680368135,1.530866054933796,0.12213729098928913,-1.0950135361092217
2016-02-16,61.895751953125,23.64395523071289,254.1522818129786,1.2772371677953922,1.5276036331891936,0.12625452183182312,-1.9830296908280332
2016-02-17,63.03521347045898,23.961599349975582,257.56668422269985,1.2180590784668468,1.5252694721925655,0.13065898596529069,-2.3512381598256744
2016-02-18,62.01390838623047,23.60712432861328,253.756381139064,1.283093004469674,1.5235246451239581,0.13320041038384836,-1.8050367860085694
2016-02-19,61.28799057006836,23.43219375610352,251.87602720807465,1.3171266898159093,1.5228320312253585,0.13417654371228516,-1.5330946506607241
2016-02-22,61.62565994262695,24.0490665435791,258.50688169055985,1.2077901170452503,1.52022403245727,0.13875345481966286,-2.25171990000601
2016-02-23,62.01390838623047,23.708402633666992,254.84503623405064,1.2655379894203667,1.5186522349014062,0.14111507121860448,-1.7936726622837804
2016-02-24,62.545677185058594,23.55648422241211,253.21204334038802,1.2893891673614328,1.51762686687715,0.14257057539427187,-1.6008752078368
2016-02-25,63.15340423583984,23.855716705322266,256.4285364178826,1.2356729386996377,1.5159726097096458,0.1452765248406725,-1.9294216413657885
2016-02-26,62.12363052368164,23.91556739807129,257.07188013858513,1.2292236388054554,1.514240378553871,0.14808577593303232,-1.9246733047291893
2016-02-29,60.77312850952149,23.708402633666992,254.84503623405064,1.2709593689322496,1.5130834546399001,0.14972916386317728,-1.6170803299810308
2016-03-01,61.39775466918945,24.26543426513672,260.83264950765977,1.1706810832388324,1.50974289086347,0.15509020242482693,-2.1862232579713266
2016-03-02,62.47815704345703,24.062885284423828,258.6554213271477,1.2025774135283471,1.5040070131854604,0.15998590211051017,-1.8841010094058221
2016-03-03,61.82823181152344,24.886926651000977,267.51316071889806,1.0614431943600073,1.4973797771828992,0.16981259299571122,-2.5671628654413268
2016-03-04,62.12363052368164,24.5922966003418,264.3461398488689,1.1121303580527984,1.4907397449497524,0.1769296236736773,-2.1398869168186763
2016-03-07,61.95484161376953,24.69817543029785,265.48424664895555,1.0940659032009905,1.4831745809824295,0.18400357804970005,-2.114679952997106
2016-03-08,61.61720275878906,24.08589553833008,258.90276186210923,1.2013938050628208,1.477562585963153,0.18740304332750848,-1.47366219884538
2016-03-09,62.0730094909668,24.03986167907715,258.40793727562914,1.207886609868301,1.472214470820868,0.1904704510470932,-1.3877630860821177
2016-03-10,61.63406753540039,23.837299346923828,256.23056557856,1.2446945302742969,1.4654481911969581,0.19123293538226832,-1.154370508831975
2016-03-11,63.00992202758789,24.274641036987305,260.9316144249558,1.164743424908991,1.457819258626333,0.1939729417033334,-1.5109109092420676
2016-03-14,62.385292053222656,24.730409622192383,265.8307366225007,1.0878628276012896,1.4494221124261943,0.19892166322823246,-1.8175963289130066
2016-03-15,60.131622314453125,24.58768653869629,264.2965856319423,1.1166690483486348,1.4418654187721365,0.20283424679238443,-1.603261656086922
2016-03-16,61.17827606201172,24.868505477905277,267.3151488748449,1.0653326011365996,1.431991755606475,0.20653241191546604,-1.7753104758198894
2016-03-17,58.29154968261719,25.292030334472656,271.86767858701813,0.9904687076083222,1.420359425293653,0.21144206115071268,-2.033137188248044
2016-03-18,59.886844635009766,25.402528762817383,273.05544211585783,0.9708891436265524,1.409264320562165,0.21728823365855157,-2.017482353068776
2016-03-21,59.2960090637207,25.287431716918945,271.8182473842834,0.9914637998535389,1.4004564582254795,0.22335238034893806,-1.83115424036664
2016-03-22,60.70559310913086,25.071060180664062,269.49243856245283,1.029974935214043,1.393637279702067,0.2283419248371777,-1.5926218750557455
2016-03-23,60.07253646850586,24.71198463439941,265.63268377371685,1.0945423873068816,1.3876362706021048,0.23142309411101847,-1.2664850257106146
2016-03-24,60.03034973144531,24.606096267700195,264.4944744618037,1.1135693920112908,1.3814050672001599,0.2337122719656757,-1.146006039546802
2016-03-28,59.60832214355469,24.758026123046875,266.1275903696581,1.0869760165516014,1.3752336252250863,0.2365469475976203,-1.2186063341803395
2016-03-29,60.51988220214844,25.20916557312012,270.9769533266235,1.0055375431050273,1.3672915271764245,0.24085972491770385,-1.50192807948693
2016-03-30,60.5874137878418,25.1217098236084,270.0368788729553,1.0210473732141656,1.358702448304651,0.24389684851311946,-1.3844175402386252
2016-03-31,60.78156280517578,25.17694854736328,270.63064787436605,1.0112112436274017,1.3495159087774864,0.24646129794036095,-1.3726482331191332
2016-04-01,61.9717025756836,24.95597648620605,268.2553873474354,1.049324083550241,1.341114405507297,0.2479800628391134,-1.1766684733295116
2016-04-04,61.76911544799805,24.707374572753903,265.5831295567903,1.0927478916395015,1.3333898556755306,0.24838418818049102,-0.968829641688641
2016-04-05,61.65096664428711,24.3206787109375,261.4264800161664,1.1603479281014442,1.3248249304087838,0.24527219243774143,-0.6705896851682018
2016-04-06,63.10276794433594,24.463397979736328,262.9605900019942,1.1323475190248689,1.3151445238067716,0.24111183183608578,-0.7581419932397718
2016-04-07,62.95927047729492,24.13192749023437,259.39756594622384,1.1892416914376733,1.3062672339127877,0.23562575018790716,-0.49665854594325376
2016-04-08,62.790435791015625,24.237812042236328,260.5357342534065,1.1716240760852397,1.2970670771903208,0.22975690096686885,-0.5459814289676987
2016-04-11,62.41902923583984,24.27005386352539,260.88230623641283,1.1670929310228313,1.2865251687130574,0.22063791688499587,-0.5413042299183706
2016-04-12,62.942378997802734,24.69817543029785,265.48424664895555,1.092590051835775,1.2769373506034791,0.2162415468876144,-0.8525063819651346
2016-04-13,63.44039916992188,25.57746124267578,274.9358165492125,0.9428797451844928,1.264194108620749,0.2129435759697499,-1.5089178528771454
2016-04-14,63.83712005615234,25.69254875183105,276.1729087689605,0.9238558383953455,1.251086322554569,0.2091890447949992,-1.5642811719892042
2016-04-15,63.75270462036133,25.67874526977539,276.02453315129503,0.9260823772681029,1.2382837737711916,0.20507359408258813,-1.522387111318474
2016-04-18,65.1791763305664,25.7431755065918,276.71710305107945,0.9170744619318606,1.225735089962661,0.20120854381678663,-1.5340334072088695
2016-04-19,65.20448303222656,25.83525276184082,277.70685473586593,0.901927449533243,1.213934925219412,0.19904403730816042,-1.567529878843436
2016-04-20,65.06101989746094,25.977975845336918,279.24100572642436,0.8781310075388981,1.200659719104374,0.19430150119317954,-1.6599393704365135
2016-04-21,65.3057861328125,25.738584518432617,276.66775385780585,0.9179908949586041,1.1902813669631072,0.19245287396540933,-1.4148423268204526
2016-04-22,65.69404602050781,26.005586624145508,279.5377979664858,0.8747875388754578,1.1783944414642307,0.18947403903961782,-1.602366762896159
2016-04-25,65.78692626953125,25.80303192138672,277.36050827887783,0.9080604028972543,1.167004147553269,0.18470234341218558,-1.4019515934248357
2016-04-26,64.3772964477539,27.128868103027344,291.61211244519194,0.6846710131942625,1.1542928951126197,0.19121119021320046,-2.456037648187477
2016-04-27,64.57987213134766,27.727331161499023,298.04507809781575,0.5860475960618972,1.1392094111958708,0.1997024758729577,-2.769929680220249
2016-04-28,64.53770446777344,27.4281005859375,294.82860552268653,0.6356157856311687,1.1234306563589656,0.20148963781067886,-2.4210419753007413
2016-04-29,63.75270462036133,27.119644165039062,291.51296300660823,0.6831369218941751,1.1087517265069229,0.2009396352141435,-2.118122709634491
2016-05-02,64.78244018554688,27.009166717529297,290.3254250037868,0.70650472309625,1.0971464692827528,0.2037559596088886,-1.9172040265047618
2016-05-03,64.36042022705078,26.636276245117188,286.3171715831936,0.7668584706683151,1.0866956710935909,0.20435693062680213,-1.565091036767255
2016-05-04,63.195594787597656,25.7293701171875,276.5687069310486,0.916819801036968,1.0784423536077803,0.20096711747299645,-0.8042238680789615
2016-05-05,63.53322982788086,25.600482940673828,275.1832800983658,0.9390681801346439,1.070451558899194,0.19670261287044635,-0.6679289962003851
2016-05-06,62.96770095825195,25.568256378173828,274.8368721342818,0.944022295595806,1.0613646788951734,0.18948966168348594,-0.6192548039658768
2016-05-09,63.8033332824707,25.706356048583984,276.3213253913566,0.9214893587745557,1.051111910098644,0.17972814586050465,-0.7212145360064764
2016-05-10,64.89218139648438,26.52119445800781,285.08014087054147,0.7878318190077321,1.0409570392814926,0.17703944247395606,-1.4297673825480854
2016-05-11,64.84120178222656,26.21275329589844,281.7646623733857,0.8387972877883683,1.0336497079480422,0.17616783829959923,-1.1060612540882682
2016-05-12,64.54381561279297,26.20814323425293,281.7151081564591,0.8388223058295909,1.0273290950707545,0.17624257261284684,-1.069587140306092
2016-05-13,64.85820007324219,25.789215087890625,277.2119891446553,0.9090337944166865,1.0210947749032049,0.17363861827346697,-0.645368994528805
2016-05-16,66.52364349365234,26.24497413635254,282.11100883037375,0.8376678804675651,1.013103794747399,0.17079331352388416,-1.0271825673977604
2016-05-17,64.9091796875,26.07392692565918,280.2723977151322,0.8619561520382513,1.0073398953306159,0.16994518031078565,-0.8554743537092104
2016-05-18,64.85820007324219,25.53302764892578,274.458193447218,0.9514925073369891,1.0021058039625597,0.1666626261596906,-0.3036871420535195
2016-05-19,63.14179992675781,24.659278869628903,265.0661419134226,1.098919303485988,0.9989313062313021,0.16286866411063045,0.6139179553088737
2016-05-20,63.56664657592773,24.682388305664062,265.3145485713796,1.094350363511558,0.9965759299781675,0.1603899501962063,0.6096044883970735
2016-05-23,62.94634246826172,24.589920043945312,264.3205939017069,1.1110706453650963,0.9946067134208281,0.15819547262107522,0.736202686553702
2016-05-24,63.719608306884766,25.04298591613769,269.1906642476237,1.0332930567493173,0.9906456082177791,0.15408049115924927,0.2767868158432856
2016-05-25,63.337215423583984,25.64398002624512,275.65083653899876,0.9314975922614668,0.9866592167014898,0.15242888333902244,-0.36188433078877924
2016-05-26,64.1699447631836,25.64398002624512,275.65083653899876,0.9323865437007677,0.9821560355376968,0.149912259138524,-0.33199080664204017
2016-05-27,63.719608306884766,25.71795463562012,276.44600027473695,0.9194295817547713,0.9797891419942762,0.14976023008028286,-0.4030413161568171
2016-05-31,63.75358581542969,25.773422241210938,277.04222955998347,0.910120431601393,0.9764223098867527,0.14900340472402818,-0.4449688811350223
2016-06-01,63.67710876464844,25.736448287963867,276.64479120867145,0.9162539485680463,0.973458777309537,0.1483909248263027,-0.38550085733646544
2016-06-02,64.11894226074219,26.004581451416016,279.5269932199735,0.8718801629082061,0.9679668832736268,0.14588864523479703,-0.6586305617601436
2016-06-03,63.83007049560547,25.380464553833008,272.81827075408444,0.9764031911705464,0.9641088262953309,0.14245682852204647,0.08630239071560442
2016-06-06,63.59214782714844,25.778051376342773,277.091988800563,0.9091097845406256,0.9585157471997696,0.13776438599409296,-0.35862652239645165
2016-06-07,63.47318649291992,25.972217559814453,279.17910908558804,0.8760575175560712,0.9537043154105543,0.135461736975599,-0.5732009613051826
2016-06-08,63.65161895751953,26.305078506469727,282.757079365661,0.8201931895829673,0.9492431547769157,0.13537616431143396,-0.9532694758367353
2016-06-09,63.24376678466797,25.89824676513672,278.3839863545805,0.8881802597933522,0.9454350083009943,0.13379105734394692,-0.4279415204893167
2016-06-10,62.83585739135742,25.37583923339844,272.76855251823554,0.9768210732586141,0.9439598161696945,0.13293185811954417,0.24720377457876092
2016-06-13,62.759422302246094,25.21866226196289,271.0790346034449,1.0037133894965102,0.944180560867831,0.13302136594871977,0.4475433566937614
2016-06-14,63.15029144287109,25.015247344970703,268.89249834908725,1.0383147310750058,0.9453043206586387,0.13353463764300677,0.6965264747639663
2016-06-15,62.6319694519043,24.90429306030273,267.69983475494115,1.0576742206847227,0.9464078276724915,0.1341945022002151,0.8291427084413957
2016-06-16,63.09080505371094,25.061487197875977,269.38953719101954,1.0304727066071329,0.9464161238623764,0.1341997713442997,0.6263541428032908
2016-06-17,62.759422302246094,25.135454177856445,270.1846189172965,1.0179648859784394,0.945139832173569,0.1331270095296849,0.5470344001728042
2016-06-20,62.266597747802734,25.394330978393555,272.9673229498048,0.973416916506666,0.9428039575818253,0.131339186813525,0.2330832074383467
2016-06-21,61.66329574584961,25.23252487182617,271.22804579443454,1.0013628689089362,0.9413770717877809,0.13020650748542173,0.46069738202502314
2016-06-22,62.08813095092773,25.35273551940918,272.52020736737444,0.9805418110379229,0.9409604762533291,0.1300376241846717,0.3043837122737858
2016-06-23,62.82740783691406,26.05081558227539,280.02397055480986,0.8613362213765864,0.9382986237227029,0.13000509910978875,-0.5919952592099644
2016-06-24,63.15878677368164,24.02592086791992,258.2580854876622,1.2066854029692433,0.9415565263784001,0.13424342923214427,1.9749858753411424
2016-06-27,63.63462066650391,22.59740447998047,242.90275698786704,1.4464445218279771,0.9481752003496957,0.14866218274262782,3.3516884542245204
2016-06-28,63.855560302734375,23.036598205566406,247.62371363096773,1.3709680259597847,0.9528122025883673,0.15733418137056718,2.6577557383194463
2016-06-29,66.40467071533203,23.411052703857425,251.64877899110576,1.296113294141873,0.955074958689041,0.1612959166638027,2.114364346641679
2016-06-30,66.91449737548828,23.97969436645508,257.76119016228705,1.2025105941497503,0.9562443432744557,0.16284976838094276,1.512229666174419
2016-07-01,67.08444213867188,23.96581268310547,257.61197394764434,1.204221879151427,0.9564940130696848,0.16322409107820168,1.51771631531435
2016-07-05,67.67072296142578,23.33707618713379,250.85359475300223,1.3023240943012946,0.9586723467066192,0.1669728955684154,2.0581289341890083
2016-07-06,67.99362182617188,23.48040008544922,252.39420398862967,1.27823022639923,0.9605246349628925,0.16991469263469466,1.8697946982100215
2016-07-07,67.39883422851562,23.46190452575684,252.19539255232985,1.2836353543725123,0.9637087233385048,0.17416824717671725,1.8368826477848095
2016-07-08,67.68772888183594,24.09526252746582,259.00344897809026,1.1818444200783618,0.9676914679200692,0.1764017814655576,1.2140067428973549
2016-07-11,67.24588012695312,24.50209617614746,263.37656249153605,1.1180075608574327,0.970927329961104,0.1773621612780637,0.8292649899870143
2016-07-12,67.69621276855469,25.02912139892578,269.04163255426874,1.03353883675181,0.9727182709524992,0.1774441674788187,0.3427588895339195
2016-07-13,67.43280792236328,24.91816711425781,267.84896896012265,1.051356541861546,0.9749563056179938,0.17757723256409388,0.4302366645790397
2016-07-14,68.47795867919922,24.996753692626957,268.69370741515274,1.0382367906167114,0.9772281279693851,0.17749902235753987,0.3437126685939448
2016-07-15,68.16356658935547,24.876562118530277,267.4017508658659,1.057366920670695,0.9802153931882484,0.1773111234259513,0.43511950063678173
2016-07-18,67.93412780761719,25.21402931213379,271.0292343581347,1.004163598386004,0.9816516049120383,0.1771474871997109,0.12708051257078426
2016-07-19,67.95114135742188,24.802587509155277,266.6065871301277,1.0692482504179075,0.9848926167710791,0.17693797128530073,0.4767525762506373
2016-07-20,68.21453857421875,25.41283226013184,273.16619589320055,0.9728194143224447,0.9859719336281657,0.17665864685006438,-0.07445160222971696
2016-07-21,68.31649780273438,25.292631149291992,271.8741368320872,0.9917728211027295,0.9910902970933068,0.17217294812387604,0.003964176816741478
2016-07-22,69.32769012451172,25.426700592041016,273.3152685912861,0.9711055740547635,0.9975079300598545,0.16379175278780872,-0.16119466063285312
2016-07-25,69.65908813476562,25.84739875793457,277.83741379808697,0.9063247999681867,1.0020197469654717,0.1572520166723418,-0.6085451177181389
2016-07-26,69.75251007080078,26.98003196716309,290.0122513738518,0.7319069009582375,1.0028325799498725,0.15569410794663643,-1.7401151691912051
2016-07-27,70.86564636230469,27.312898635864254,293.5902831610206,0.6856276698007816,1.0024846290616147,0.1563893528710774,-2.026077565024777
2016-07-28,70.46627044677734,27.05862236022949,290.8570308336123,0.7226340215444581,1.0017475549095505,0.15761808761734675,-1.7708217222042628
2016-07-29,70.43228149414062,27.262046813964844,293.0436695997965,0.6914541974822258,0.9979914615169715,0.1622922129744275,-1.8887983496968335
2016-08-01,70.67870330810547,27.06325912475586,290.9068720836531,0.722762495865188,0.9943863667791472,0.1659837754526203,-1.6364483225741153
2016-08-02,70.79762268066406,26.73039054870605,287.32881979411894,0.773767332791186,0.9915487840657369,0.16829852991135846,-1.2940187379488974
2016-08-03,70.2878189086914,26.69802665710449,286.98093565973346,0.7770758700442923,0.9891418925868991,0.17033775198019932,-1.2449737071043305
2016-08-04,70.0329360961914,26.513113021850582,284.9932723487716,0.8046463802838258,0.989422135274834,0.17001446455951624,-1.0868237327320143
2016-08-05,69.30220031738281,26.795108795166016,288.0244855510634,0.7588474724973144,0.9880896383533165,0.17152162827300618,-1.3365204619625215
2016-08-08,69.33616638183594,26.86908721923828,288.8196902915322,0.7474967766159972,0.9865675461997566,0.17326503904930843,-1.379798087920805
2016-08-09,69.251220703125,26.785869598388672,287.9251720935573,0.7601040509921504,0.9840853838093476,0.1754476219987949,-1.2766279204327755
2016-08-10,68.44396209716797,26.79515647888184,288.0249981101959,0.7558161039327334,0.9827211875337671,0.1769174533551552,-1.2825477605396585
2016-08-11,68.88862609863281,26.878707885742188,288.92310422209795,0.7443551942253299,0.9807611715702185,0.17891817019888817,-1.3213078195584946
2016-08-12,68.59789276123047,26.790510177612305,287.9750543483286,0.7570921074310761,0.9775211649051199,0.1812027763363123,-1.216477263377728
2016-08-15,68.632080078125,27.310447692871094,293.563937621612,0.675780585212436,0.9704688529338941,0.1846002591997958,-1.5963589054472143
2016-08-16,68.27296447753906,27.33366584777832,293.81351291439097,0.6704196411631641,0.9634033408947541,0.18786244964903312,-1.5595649917210472
2016-08-17,68.50382995605469,27.42650604248047,294.8114655452969,0.6569625263676101,0.955834872244796,0.1909347717280714,-1.5653112482981297
2016-08-18,68.22163391113281,27.640045166015625,297.10682835465917,0.6218978923132954,0.9489782861708622,0.19543963939221887,-1.6735622050609915
2016-08-19,67.60594177246094,27.81646156311035,299.00315362821607,0.5904048058618001,0.9432934063975346,0.20084283427676156,-1.7570385411383596
2016-08-22,67.80261993408203,27.811805725097656,298.95310735452233,0.5923310544877772,0.9376258149106513,0.20589042329814417,-1.677080239535291
2016-08-23,68.04206848144531,27.862876892089844,299.5020786877558,0.5856975760163149,0.9320636148150104,0.21083880967252153,-1.6428002004786368
2016-08-24,67.07579040527344,27.737537384033203,298.1547862545282,0.5998153535081007,0.9268918635134555,0.2151479506452352,-1.5202399512727987
2016-08-25,66.70809936523438,27.82110023498535,299.05301538062207,0.5841444912752161,0.9213567058919083,0.21965126894855588,-1.5352163282774847
2016-08-26,66.90475463867188,27.78396224975586,298.6538138258944,0.5913335428770644,0.9166809288913894,0.2236715851981873,-1.4545762964305298
2016-08-29,67.21260070800781,27.98357963562012,300.7995298709427,0.5612809982459073,0.9097622256759786,0.22816808992417822,-1.5273004544407327
2016-08-30,66.50284576416016,28.08571052551269,301.8973495232177,0.5400908880102137,0.9036119107338051,0.2331060298538098,-1.5594664065600112
2016-08-31,66.4857406616211,27.77931404113769,298.6038495616619,0.5895095022324544,0.8988361104784115,0.23658944739337678,-1.307440427516788
2016-09-01,66.04106140136719,27.644685745239254,297.15671060943043,0.6086582305313115,0.8953105278275506,0.23934133272479016,-1.197671518048452
2016-09-02,65.71611785888672,27.48684883117676,295.46009887624655,0.6325404652619487,0.8910498645853606,0.241733857346201,-1.0693967413641428
2016-09-06,67.13563537597656,26.85086441040039,288.62381069347003,0.7421380491375275,0.8871384808500091,0.24222066919881283,-0.5986294736617479
2016-09-07,67.20402526855469,26.688383102416992,286.87727570078414,0.7683890086113915,0.8832164078352572,0.24220628100951502,-0.4740892711174356
2016-09-08,68.31571197509766,26.68374252319336,286.8273934460128,0.7728881363537666,0.8787926312565697,0.24174898456416094,-0.43807627607509425
2016-09-09,66.90475463867188,26.047752380371094,279.9910437561404,0.8702788909400654,0.8756693757608255,0.24060658859255607,-0.022403729059507854
2016-09-12,67.62306213378906,26.53983688354492,285.2805309889693,0.7934366506754117,0.8717187748286302,0.2399668767024372,-0.3262205402218476
2016-09-13,67.10997772216797,26.16381072998047,281.2385716798254,0.8520862734019752,0.8689541312856891,0.23920776473267244,-0.07051551149505812
2016-09-14,66.9474868774414,26.34022521972656,283.13487645101696,0.8234020092549333,0.8664538828314935,0.23888116241263574,-0.1802229742259614
2016-09-15,67.40070343017578,26.428417205810547,284.08286481769045,0.8105245289035992,0.8632732438314046,0.23832427153720145,-0.22133169478531925
2016-09-16,67.38360595703125,26.261293411254883,282.2864270678679,0.8371363163343192,0.8608831522530112,0.2378468926295938,-0.09984084995246773
2016-09-19,67.69147491455078,26.31237030029297,282.83545990819727,0.8297662277308255,0.8603569856922486,0.2378807906239539,-0.1285970081114346
2016-09-20,68.30714416503906,26.59089469909668,285.8293588056457,0.7874706342935233,0.8533700728809865,0.23365514908323673,-0.28203717677964557
2016-09-21,69.15373229980469,26.8230094909668,288.32439415065033,0.753992896668727,0.8418292124616656,0.22060149001826787,-0.39816737314723
2016-09-22,69.51288604736328,27.13404083251953,291.6677148598816,0.7071675305930618,0.8307658708722202,0.21000557133386474,-0.5885479108678645
2016-09-23,69.40168762207031,26.89264678955078,289.07293550769964,0.7440861838780063,0.8215654190344892,0.20117975369192692,-0.3851244160241362
2016-09-26,67.99932098388672,26.54911422729492,285.38025449378136,0.7931130854367516,0.814742127222606,0.19488463230504452,-0.11098382427609446
2016-09-27,69.16228485107422,26.637317657470703,286.32836587464664,0.7828833861699074,0.8077198190062472,0.1880850379288656,-0.13204895567361968
2016-09-28,69.01689910888672,27.16189956665039,291.96717240743186,0.7007242010132098,0.7976931541181125,0.17697867058463124,-0.5479132190595372
2016-09-29,68.18741607666016,26.87407875061035,288.8733449815184,0.7424559954178942,0.7887635836017568,0.16546373317420227,-0.27986548650579157
2016-09-30,68.632080078125,27.28723526000977,293.3144238359289,0.6794161122924705,0.7786932629004227,0.15273166295078178,-0.6500102774363469
2016-10-03,69.2648696899414,27.2825984954834,293.26458258588815,0.6830644755252173,0.7703802638245372,0.1437251581139409,-0.6075191667564461
2016-10-04,69.35894775390625,27.43114471435547,294.861327297703,0.6604728982015502,0.7627546861136058,0.13694637504673515,-0.74687473748137
2016-10-05,69.90624237060547,27.7700252532959,298.50400304265804,0.611023031169778,0.7557127560205719,0.13360880037854567,-1.0829355883808052
2016-10-06,69.66680145263672,27.74217414855957,298.2046275045689,0.6139833871973749,0.7484232034428356,0.1290592487804501,-1.0416906770793608
2016-10-07,70.19697570800781,27.40328598022461,294.56186975015265,0.6687922131598141,0.7422657938185541,0.12369970813419835,-0.593967291976393
2016-10-10,71.02642822265625,27.16189956665039,291.96717240743186,0.7091915200965415,0.7364628704756515,0.11663213224406292,-0.23382364580321924
2016-10-11,69.95752716064453,26.660524368286133,286.5778181532338,0.7817856921221675,0.732756572037921,0.11139686889581528,0.4401301452207007
2016-10-12,68.84587097167969,26.66982078552246,286.67774668169886,0.7768106978414063,0.7278826128283126,0.10246415406825056,0.4775141653978146
2016-10-13,68.40975952148438,26.316999435424805,282.8852191487768,0.830826267382023,0.7255160603793055,0.0982648267437241,1.071697885117814
2016-10-14,67.78551483154297,26.377355575561523,283.53399599628347,0.8196973019438204,0.7226481350599904,0.09271667597405031,1.0467282812316556
2016-10-17,67.15274047851562,26.372713088989254,283.48409323914683,0.8187414486827688,0.7201087329704572,0.08774988052237458,1.1240210827086208
2016-10-18,67.35796356201172,26.42377281188965,284.0329415581885,0.8111454666611437,0.718522410748673,0.08514819867828612,1.0877864399977124
2016-10-19,67.17838287353516,26.43769836425781,284.18262932723303,0.8084124089674348,0.7197975025488262,0.08592135191773714,1.0313490702922168
2016-10-20,67.33230590820312,26.28915786743164,282.58594612251414,0.8325638608774937,0.7222464390667717,0.08701792927502393,1.267755079094781
2016-10-21,66.91329193115234,26.224151611328125,281.8871845084097,0.8419581607752701,0.7242351747206185,0.0883798162044543,1.3320121166841532
2016-10-24,66.3318099975586,26.154521942138672,281.13872516082154,0.8518562906974176,0.7269085429408715,0.08978621178200787,1.391613982555663
2016-10-25,66.4857406616211,25.43961906433105,273.454131111453,0.9677818686065954,0.7309921991532284,0.09501422374971734,2.4921497025235806
2016-10-26,65.6391830444336,25.653165817260746,275.7495759302765,0.9323956980963111,0.7336360052416472,0.09837223795891697,2.0204856266223357
2016-10-27,65.12610626220703,25.662446975708008,275.8493404398191,0.9303312309425903,0.7361902612566188,0.10146045997765589,1.9134643163329454
2016-10-28,63.732215881347656,25.713510513305664,276.39822976359136,0.9201950707310835,0.7381160727640731,0.10385030589817329,1.7532832127190987
2016-10-31,63.1422004699707,25.495317459106445,274.05284118290075,0.9565939042435635,0.7414118466265105,0.10758987732497978,2.000021405053623
2016-11-01,62.40682220458984,25.34676170349121,272.45599395925944,0.9816701261845983,0.7453147357859872,0.11197248317856094,2.110834588009435
2016-11-02,62.12461471557617,25.31427001953125,272.106736166399,0.9872087515229182,0.7490998141281667,0.11623812235897767,2.048458221472304
2016-11-03,61.66283416748047,25.133228302001957,270.16069265699315,1.018672384128642,0.7534807521314318,0.1213371454550428,2.185576650931413
2016-11-04,61.98780059814453,25.30963706970215,272.05693592108884,0.987983907625817,0.7575412306881066,0.12504634219785285,1.842858198707609
2016-11-07,63.17641067504883,25.885272979736328,278.2445292658199,0.8902684655757322,0.7597608366571842,0.12621473444406908,1.0340126253356048
2016-11-08,63.29610443115234,25.79242706298828,277.24651512781804,0.9062433557622196,0.7636018828330139,0.12711923002478573,1.122107747988982
2016-11-09,67.03302764892578,26.90656280517578,289.2225207649177,0.7328117704053067,0.7646417516537163,0.12659817929946335,-0.251425268708778
2016-11-10,67.42894744873047,28.006786346435547,301.0489821495299,0.5589891509264444,0.7630088620630302,0.1286261853587823,-1.586144458591423
2016-11-11,66.85225677490234,27.46828269958496,295.26052885243064,0.6417705964656041,0.7633400737989021,0.12828179172653792,-0.9476752366575241
2016-11-14,66.29278564453125,27.644685745239254,297.15671060943043,0.6101442174268722,0.7636690639916532,0.12785536960452998,-1.200769643384157
2016-11-15,66.5510025024414,28.146059036254883,302.5460443612632,0.5306763474060616,0.7626414855402913,0.12949303195039846,-1.7913329747586926
2016-11-16,66.22395324707031,28.10411071777344,302.09513584125267,0.5351674198099101,0.7617993162701846,0.13082081305774107,-1.7323840997704607
2016-11-17,66.88671112060547,27.973613739013672,300.69240501225784,0.5607450308589371,0.7611481442260319,0.1317348133983297,-1.521261602740736
2016-11-18,65.99156188964844,27.861743927001957,299.48990028276853,0.5730088106285682,0.7609625495485877,0.13199599708683893,-1.4239351424904683
2016-11-21,65.9657211303711,28.029541015625,301.29357536754134,0.5454989338287011,0.7601986393977817,0.13312216944339153,-1.6128020334011972
2016-11-22,65.40624237060547,28.313838958740234,304.3495349247484,0.494888424341484,0.7590920964993746,0.13506539683202934,-1.956116654263866
2016-11-23,58.52908706665039,28.887126922607425,310.511889857797,0.3302508711586627,0.7555947628851821,0.1432981016675385,-2.968245125210009
2016-11-25,59.49309921264648,28.89643096923828,310.6119003957232,0.3394222837135353,0.7514266425765335,0.15160716607705563,-2.7175783937125604
2016-11-28,57.84049987792969,28.43036460876465,305.6020859279315,0.40716278010614976,0.7480683850694475,0.1569603938742876,-2.1719211869227038
2016-11-29,57.79745101928711,28.55620002746582,306.9547089761367,0.38331840652949184,0.743914684090573,0.16324142473107564,-2.208975314661266
2016-11-30,57.77165603637695,28.96634101867676,311.3633735910102,0.3067311627216969,0.7366579026503093,0.17272416652767314,-2.489094308987337
2016-12-01,56.78182220458984,29.381147384643555,315.82218699140384,0.2161205737991117,0.7274534287367713,0.18526451688121673,-2.7600150506181564
2016-12-02,58.27946090698242,29.40911293029785,316.1227926714109,0.23110634190830265,0.7184237321626803,0.19590976496164378,-2.4874583987673464
2016-12-05,57.89215469360352,30.48573875427246,327.6955987925497,0.026059501361928458,0.7043534090030447,0.21427399391576876,-3.165544708648843
2016-12-06,58.35693740844727,30.028982162475582,322.7858563697801,0.11794940117436495,0.6930952881780271,0.2268881768561115,-2.5349310615176286
2016-12-07,57.99542617797852,31.520414352416992,338.8174758913126,-0.163977843720304,0.6761608862259892,0.2514131660892915,-3.34166560572214
2016-12-08,57.8319091796875,31.725488662719727,341.0218492034799,-0.20538583991509007,0.6590144220731555,0.27516130347833917,-3.1414310481208036
2016-12-09,58.39998245239258,31.543720245361328,339.0679942928953,-0.16020427857320954,0.6428356086152086,0.29399554821097823,-2.731469548008725
2016-12-12,58.19341278076172,31.27339172363281,336.16219405913466,-0.11438917529072126,0.626976850421458,0.30863604135459016,-2.4020721055724925
2016-12-13,59.0799446105957,31.30601692199707,336.512887017566,-0.10360296822017455,0.611420697155608,0.32149596989724344,-2.2240517217193063
2016-12-14,58.24503707885742,30.901592254638672,332.1656679914922,-0.04478572356429315,0.5975497578579778,0.3315676419410316,-1.9372682981426412
2016-12-15,61.4297103881836,30.741703033447266,330.4469957132471,0.03735650784391504,0.5856058180442308,0.3386681674136961,-1.6188392147603536
2016-12-16,63.09951400756836,30.614727020263672,329.08211225059335,0.08446160994781769,0.5752273860334769,0.3443730999414165,-1.4250990456837263
2016-12-19,63.19419479370117,30.66644859313965,329.63807489039357,0.07703563123525914,0.5641098768227643,0.34955765936706784,-1.3934017251100546
2016-12-20,63.15976333618164,30.896879196166992,332.11500664683956,0.037315552622107985,0.5515132512758536,0.3547448872806327,-1.4494858617848734
2016-12-21,63.0478744506836,30.736984252929688,330.3962728614985,0.06286788264867815,0.539512992883833,0.3589389720311645,-1.3279279971687519
2016-12-22,63.05647659301758,30.633525848388672,329.28418356297567,0.08063212675022835,0.52917812497945,0.3631213080894146,-1.2352511082020343
2016-12-23,63.51264190673828,30.769914627075195,330.7502461983776,0.06415227534343007,0.517873062978209,0.3669078604173292,-1.2366068884943124
2016-12-27,63.52985382080078,30.863964080810547,331.7611973288829,0.04849281227117059,0.5073576746445208,0.371215332538509,-1.2361150581670777
2016-12-28,62.88435745239258,30.548873901367188,328.3742475862963,0.09258573809127567,0.497516362353955,0.37429256112300857,-1.081855923205489
2016-12-29,63.31467819213867,30.27143096923828,325.3919735299722,0.1458554273492652,0.48893940450641693,0.37638551021496663,-0.9115228079880247
2016-12-30,63.30609130859375,30.050390243530277,323.01597491789084,0.1832714819996636,0.4818102120202484,0.3780811505911443,-0.7896154821625149
2017-01-03,64.20986938476562,30.71817970275879,330.1941400420203,0.08297500332617842,0.4729600722890617,0.3811373769539529,-1.0232139185079172
2017-01-04,64.31314086914062,31.141416549682617,334.7435738970335,0.013708734221675168,0.46204201430675945,0.3847976714948005,-1.1651143270786197
2017-01-05,65.06197357177734,30.633525848388672,329.28418356297567,0.10897109943966132,0.4520383406291447,0.3860635192922661,-0.8886290054506996
2017-01-06,65.13081359863281,30.98152732849121,333.02490161878836,0.05247895080716896,0.4398832282738948,0.3869854593591118,-1.0010822579957077
2017-01-09,65.64724731445312,30.60061454772949,328.9304152497495,0.12230393773060828,0.4289747822720481,0.3865515475075821,-0.7933504509781444
2017-01-10,65.64724731445312,31.155542373657227,334.8954144144344,0.03143951601141097,0.4156516697492046,0.38624228775467456,-0.9947438846515677
2017-01-11,64.77792358398438,31.4141902923584,337.67565816310685,-0.024478243641718276,0.40158207732277895,0.38664983168216915,-1.1019281170015458
2017-01-12,66.4046859741211,31.193159103393555,335.29976206285204,0.0363981646602484,0.3885430225890703,0.3855333919039357,-0.9133965184955151
2017-01-13,66.619873046875,31.75277709960937,341.31517654380593,-0.05078392616451466,0.3741775327086427,0.3855780842526226,-1.1021411128614136
2017-01-17,66.1464614868164,31.470623016357425,338.2822616451945,-0.012452901588896009,0.36049644419937044,0.38447079892415115,-0.9700329565519027
2017-01-18,66.73173522949219,31.183738708496094,335.1985008806426,0.04263817091064027,0.3473310160332562,0.3815453955793029,-0.7985756050338356
2017-01-19,66.13786315917969,30.915695190429688,332.31726248050956,0.0776058556555713,0.33459181094792795,0.3774893612471254,-0.6807766831980185
2017-01-20,66.112060546875,31.03797149658203,333.6316281150677,0.05736498278022051,0.32135028914930797,0.37294446243747414,-0.7078407992539796
2017-01-23,65.69031524658203,30.78870964050293,330.95227650602936,0.09210069248216247,0.30675560288056747,0.3642514509194663,-0.5893042014151478
2017-01-24,64.42501068115234,31.367156982421875,337.1700903372104,-0.02224283485370379,0.2908449606647338,0.3572421099332974,-0.8764022684136982
2017-01-25,64.42501068115234,32.16660690307617,345.7634927331668,-0.1556289578065775,0.272745624185581,0.35176154029490886,-1.2177982323849816
2017-01-26,64.19261932373047,32.016117095947266,344.14585611111283,-0.13461285885180957,0.2551654920258662,0.3451514326871471,-1.1292966331997802
2017-01-27,64.8812026977539,31.78569793701172,341.6690473688586,-0.08439670752689657,0.23781564849635847,0.33531874093577346,-0.9609136522583186
2017-01-30,64.29590606689453,31.7998161315918,341.8208058767984,-0.09662846994349585,0.21984400522755693,0.32346208249787045,-0.9783912622065565
2017-01-31,66.30138397216797,31.65401268005371,340.2535435662828,-0.03981930169352129,0.20272687100728295,0.3090179088685238,-0.7848935797568906
2017-02-01,66.7920150756836,32.27478790283203,346.92634588816884,-0.1320853401332399,0.18354757560291823,0.2928033245765137,-1.0779690298689855
2017-02-02,66.61125946044922,31.78569793701172,341.6690473688586,-0.05623228198536536,0.16614397244273188,0.27464914042235783,-0.8096739501391671
2017-02-03,66.47354125976562,32.20893859863281,346.2185222286024,-0.12686094385815222,0.1491918156188338,0.26020689069394737,-1.0608971912341723
2017-02-06,66.9899673461914,32.01143264770508,344.09550230193963,-0.08648235552615939,0.13264638709736082,0.24219127264314816,-0.9047755529423682
2017-02-07,66.8780746459961,31.804506301879883,341.8712211930674,-0.0550413836451945,0.11951550119651913,0.23015923530661556,-0.7584179040618158
2017-02-08,67.23096466064453,31.43299674987793,337.87781148495037,0.009894815016876713,0.11036392893135966,0.2232000573990997,-0.4501303229274537
2017-02-09,66.8780746459961,32.06786346435547,344.70208528166194,-0.09737011549908026,0.09804491706528158,0.213562699699322,-0.9150241724771669
2017-02-10,66.95555114746094,32.43597412109375,348.658959774817,-0.1551973460937005,0.08528922433993871,0.20514798561343484,-1.172258990087252
2017-02-13,67.38882446289062,32.973976135253906,354.44202094984274,-0.23358638215437738,0.07255151218059806,0.2007035535663085,-1.5253237369005204
2017-02-14,68.29000091552734,33.068359375,355.45655999427515,-0.23216391980035583,0.05976265652042696,0.19509483983065318,-1.4963316127386137
2017-02-15,69.53778076171875,32.94092559814453,354.08675596394977,-0.19035537623152002,0.04724431640225267,0.18630351378798926,-1.275336614982784
2017-02-16,69.35578918457031,32.431243896484375,348.60811390887665,-0.11448561157809907,0.03578607603214155,0.1741654067506265,-0.8628101895424194
2017-02-17,69.6590805053711,32.49260330200195,349.26767500053035,-0.11910162540101937,0.024709400044979544,0.16190095231159585,-0.888265469675676
2017-02-21,69.63308715820312,32.45484924316406,348.86185118181123,-0.11369134363657737,0.014566403912011855,0.1506155062095447,-0.851557391243302
2017-02-22,70.2483139038086,32.11033630371094,345.1586319521296,-0.051221631742208146,0.008208528863664005,0.14501097797141235,-0.4098321481397656
2017-02-23,71.5307388305664,31.827184677124023,342.11499431646695,0.010175056332810252,0.002721075073985256,0.1383411055182207,0.05388117458583734
2017-02-24,71.80802917480469,31.81773376464844,342.0134050964128,0.01541204896080492,-0.003808103778437158,0.1277701580861258,0.15042755700659294
2017-02-27,71.9726791381836,31.907405853271484,342.9773032985578,0.0042719074284367445,-0.010125545430121409,0.11724169819913617,0.12280146978171486
2017-02-28,71.75602722167969,31.52985382080078,338.91894209717503,0.05782329468597107,-0.014274009897383508,0.11002138605101248,0.655302638615423
2017-03-01,72.65721893310547,32.653053283691406,350.9923749741733,-0.09666033686900093,-0.019487025075185387,0.10626581070535566,-0.7262289844830224
2017-03-02,71.84268188476562,31.798858642578125,341.8105136894185,0.018711063439034614,-0.02302694638300652,0.1011931468156868,0.4124588584843868
2017-03-03,72.59654998779297,32.388771057128906,348.151567238409,-0.05844537334488148,-0.024435360961453354,0.1010863947076081,-0.3364450031263052
2017-03-06,72.63988494873047,32.21887969970703,346.32538055653833,-0.03267365891966839,-0.026945745296353907,0.09934577689267989,-0.05765633731469199
2017-03-07,71.69538116455078,31.88853073120117,342.7744118915635,0.0032506146453353,-0.02415860432359325,0.09776947590151273,0.2803453605145536
2017-03-08,72.27594757080078,31.765804290771484,341.45520769879494,0.029509466519904763,-0.02024368254967667,0.09505490909348814,0.5234148298500644
2017-03-09,73.26377868652344,31.487384796142575,338.4624364314379,0.08344405854729944,-0.01618287693100152,0.09417469157861226,1.0578950013883237
2017-03-10,73.09912109375,31.95459747314453,343.484572820774,0.012676391208817157,-0.014065117489342548,0.09335396149833838,0.28645285394381126
2017-03-13,72.90851593017578,32.03009414672852,344.2960974440205,-0.0010354994866161689,-0.012355659677116574,0.09262281585426894,0.12221783678344805
2017-03-14,73.185791015625,31.78470802307129,341.6584066412687,0.038798093427441054,-0.01096259606058767,0.09275525795578685,0.5364729782946417
2017-03-15,74.41622161865234,32.502037048339844,349.3690796992969,-0.04892445784566544,-0.012400612155414012,0.0926622286567895,-0.394161096918267
2017-03-16,73.6450424194336,32.5114860534668,349.4706484169858,-0.06128750919603073,-0.014829764141144819,0.09198789717999498,-0.5050419292005436
2017-03-17,72.75251770019531,32.80878829956055,352.66639310079825,-0.11823357994318247,-0.018084250994118846,0.09213680116465268,-1.0869633814407358
2017-03-20,72.83919525146484,32.61530303955078,350.58659216018475,-0.08834957749703304,-0.020178669829437865,0.0922842972902363,-0.738705388341378
2017-03-21,72.55323028564453,31.92626571655273,343.1800306866296,0.009445263558163148,-0.02106904681427978,0.09172549146961055,0.33266990324660817
2017-03-22,73.09912109375,31.86964988708496,342.5714589774734,0.025167838843728307,-0.021993451612721447,0.09095946487516673,0.5184868943674434
2017-03-23,73.151123046875,31.89796257019043,342.8757960879648,0.02170044253349483,-0.0227009821595537,0.09044165315663508,0.49093999438676894
2017-03-24,72.94316864013672,31.91213035583496,343.02808765740224,0.016823587302846194,-0.023228802575692438,0.09011092829366743,0.4444787179198699
2017-03-27,72.99516296386719,31.37884521484375,337.2957288317598,0.09605456896653841,-0.023170988727771395,0.0901875727871454,1.3219732387709102
2017-03-28,73.43710327148438,31.661998748779297,340.33938696978777,0.06004867959488301,-0.02460110119034443,0.0881184650798322,0.9606361244324643
2017-03-29,73.16846466064453,31.92626571655273,343.1800306866296,0.017774307047111422,-0.027359387439553632,0.08399507100074186,0.5373374169332678
2017-03-30,73.44574737548828,31.921554565429688,343.1293898443423,0.022172043615401153,-0.02837277010139992,0.08300226803153081,0.6089570190732639
2017-03-31,72.88249206542969,31.71391487121582,340.89744085084845,0.04523906776747354,-0.027847264542303286,0.08337219933619387,0.8766271358041083
2017-04-03,73.17713165283203,31.544023513793945,339.07125416897776,0.07403900842393409,-0.02842946605923207,0.08251817509987036,1.241768548070171
2017-04-04,74.59819793701172,31.4401912689209,337.95514640685644,0.10663979202153684,-0.02752678537232594,0.08370593672122344,1.6028322798739456
2017-04-05,74.1996078491211,31.50154685974121,338.6146664937795,0.09295232600683312,-0.028015978901055522,0.08289731843048219,1.4592547406624838
2017-04-06,73.96565246582031,31.69503593444824,340.6945084391235,0.0619642855424523,-0.027507232742204835,0.08336075586957942,1.0733050264639898
2017-04-07,73.93099212646484,31.69503593444824,340.6945084391235,0.06152451549128036,-0.026073853423321525,0.08414939543494536,1.040986313232908
2017-04-10,74.06096649169922,31.92626571655273,343.1800306866296,0.029611017678853803,-0.0261869725396781,0.08406851608850842,0.6637204129996426
2017-04-11,74.45955657958984,31.86964988708496,342.5714589774734,0.0429787999304676,-0.024624260438095062,0.08447402351190751,0.8002822353907801
2017-04-12,74.73683166503906,30.98241233825684,333.0344147162869,0.17413772355390428,-0.021514416685715063,0.08827861276811212,2.2163028405708314
2017-04-13,74.41622161865234,30.50102806091309,327.8599457527827,0.24011378514305046,-0.018223156448508224,0.09419394999494658,2.7426065220262896
2017-04-17,71.38345336914062,30.836105346679688,331.46173978133254,0.15737258202884308,-0.016893711008953694,0.09611276313624365,1.813144137691343
2017-04-18,70.36095428466797,30.298105239868164,325.6786991086721,0.22731840580664506,-0.014061153958513284,0.1007317239724272,2.396261577248792
2017-04-19,70.09233093261719,30.4680118560791,327.50504980946516,0.19830080867967115,-0.01229115202188814,0.10352312635901147,2.0342503951362527
2017-04-20,71.002197265625,31.09095764160156,334.20118382306083,0.11426545287382447,-0.010016013893096002,0.10479295056659584,1.1859716335397934
2017-04-21,70.9588394165039,31.034324645996094,333.59242759261696,0.12230324901421034,-0.0053838104460828705,0.10438926548760331,1.2231818938840662
2017-04-24,72.28460693359375,31.96404838562012,343.5861620408283,0.00014566968323169094,-0.0031378349704988496,0.1030022025469518,0.03187800428086779
2017-04-25,70.36095428466797,31.034324645996094,333.59242759261696,0.11484510915510583,0.00018286197420119021,0.10354832811631602,1.10733074369008
2017-04-26,70.1529769897461,30.836105346679688,331.46173978133254,0.14259297923885372,0.0041698861272403505,0.10435983584362632,1.3264019820712227
2017-04-27,70.4736099243164,31.341089248657227,336.8898845106754,0.06947012082860282,0.005991376502609084,0.1045326603148005,0.6072623057217453
2017-04-28,71.10617065429688,31.492107391357425,338.51320028791713,0.05491865352156831,0.009108109730189221,0.10312436169094437,0.4442262045574613
2017-05-01,70.89817810058594,31.2325439453125,335.7231154039014,0.09149949481790763,0.011570306010243772,0.10330132273026817,0.7737479704530824
2017-05-02,70.7942123413086,32.11977005004883,345.2600366508961,-0.044547985241417766,0.012942188653856013,0.10196973307544459,-0.5637964537255226
2017-05-03,70.40425872802734,31.78940963745117,341.7089449717295,0.0001050865311357754,0.014385312688144266,0.10114818430736906,-0.14118124071919813
2017-05-04,71.9553451538086,31.572324752807617,339.3754682652774,0.05408856928197633,0.016204145236930444,0.10085937092013654,0.37561630316972633
2017-05-05,71.49608612060547,31.63840103149414,340.08573170631433,0.0380781570718122,0.016673867604512706,0.10089511048287199,0.21214397174314112
2017-05-08,69.90170288085938,31.298606872558597,336.4332353283813,0.06838964057363782,0.01943653020572467,0.09998475550366051,0.48960574160848896
2017-05-09,70.00567626953125,31.28445625305176,336.2811282802315,0.07194606267264879,0.023222253685163827,0.09753056772172917,0.49957475000557816
2017-05-10,70.23096466064453,31.133434295654297,334.65777149825914,0.09803763879200714,0.0287493207009369,0.09196851386285197,0.753391733549119
2017-05-11,69.96062469482422,30.378345489501957,326.541213114416,0.21056839368855967,0.036128192592418826,0.08837035282016763,1.97396746226785
2017-05-12,69.93443298339844,29.906396865844727,321.4681693520436,0.2828127371688142,0.04401432781575773,0.0889273962148939,2.6853188051969705
2017-05-15,70.03038787841797,30.099910736083984,323.5482778281366,0.25409247859948403,0.05015729598538411,0.09050922429148693,2.2531977730504265
2017-05-16,68.88790893554688,30.411375045776367,326.8962525742906,0.19312157024148688,0.05536101591275922,0.0895836641820529,1.5377865550215626
2017-05-17,68.14661407470703,30.027626037597656,322.77127918805286,0.24487525750566802,0.06133712593179664,0.09007368494441198,2.0376443096242816
2017-05-18,68.28617858886719,29.530153274536133,317.4238727732556,0.324727361478913,0.067602942485482,0.09504968988401792,2.7051578948566886
2017-05-19,67.8501205444336,29.767045974731445,319.970266543333,0.2828578435842464,0.07214765560633925,0.098706001961814,2.1347251817516
2017-05-22,67.13500213623047,29.79073715209961,320.22492642270606,0.2714256336743247,0.07641454868489793,0.10169995879060621,1.917513903726768
2017-05-23,68.01580810546875,29.75757598876953,319.8684722996258,0.2861014392227359,0.08111170754813625,0.10477338327701528,1.9565057962537837
2017-05-24,67.9896469116211,29.700721740722656,319.25733779480726,0.2948153845525686,0.08506157571257954,0.108288775310452,1.9369856962427359
2017-05-25,68.32105255126953,29.700721740722656,319.25733779480726,0.2982360308954688,0.09164318184198736,0.10905468346175498,1.8943968520703898
2017-05-26,68.06813049316406,29.67228889465332,318.95170903530203,0.30011851497732434,0.0963333060342922,0.11187959249897492,1.821468995294198
2017-05-30,68.32978820800781,29.677026748657227,319.0026369107036,0.30205327166394663,0.10234161678443933,0.11309991282876274,1.7657984863514247
2017-05-31,69.39373016357422,29.828643798828125,320.632390430649,0.2892685617077711,0.10770732046156332,0.11421722822186295,1.5896134416213588
2017-06-01,69.76006317138672,30.17449188232422,324.3499613160397,0.23971002717261022,0.11164831067035123,0.11463062012157414,1.117168487498717
2017-06-02,69.88213348388672,29.918663024902344,321.60002006327846,0.28038923866220167,0.11582964020605618,0.1161492512330544,1.4167943117080912
2017-06-05,69.20188903808594,29.52543067932129,317.37310891677646,0.3343964337679101,0.12001217979306637,0.11943520080316669,1.7949838283284367
2017-06-06,68.97513580322266,30.378223419189453,326.53990096303687,0.19930833717289434,0.12312271222580098,0.11902197835821998,0.6400971148185571
2017-06-07,69.23674011230469,30.06078720092773,323.12773331113306,0.25161628863437296,0.1273335753611508,0.11902421802760814,1.0441800444712377
2017-06-08,69.85597229003906,30.3071403503418,325.7758188130913,0.2203424811849864,0.1303593151571099,0.11904292937882865,0.7558883715094435
2017-06-09,70.67576599121094,30.32608795166016,325.9794893099669,0.22650425134782282,0.13494979364366802,0.1173101604540359,0.7804478090372008
2017-06-12,70.55363464355469,30.591419219970703,328.8315733466453,0.18474095836151483,0.13905026810296045,0.11460322107831837,0.3986859167538576
2017-06-13,70.85888671875,30.47770500183105,327.6092428299122,0.20550320991726367,0.1444458812673012,0.10980524015275298,0.5560511371317435
2017-06-14,71.16414642333984,30.26924133300781,325.3684368146094,0.24039906682768328,0.14992502533937985,0.10613281431152184,0.8524605898298648
2017-06-15,71.55658721923828,30.847246170043945,331.58149409704123,0.15773778968306557,0.15239656744146154,0.10452039349642435,0.05110220180893928
2017-06-16,71.4083023071289,30.89462661743164,332.09079335342204,0.14885655299600606,0.15445804601066618,0.1031796727640752,-0.054288726302400434
2017-06-19,71.80950927734375,30.88514709472656,331.9888965978883,0.15503096420681103,0.1566802213718881,0.10169713348496706,-0.016217341714168103
2017-06-20,72.16706085205078,30.31662940979004,325.87781808045145,0.24389697109478786,0.16046477776842044,0.10062378512975328,0.8291498199832427
2017-06-21,72.0711441040039,29.729154586791992,319.5629665543124,0.33051039537191473,0.16437237487517672,0.10261283991879504,1.6190763322427781
2017-06-22,73.52754974365234,29.729154586791992,319.5629665543124,0.34377138991431105,0.16910108671383386,0.10424817441938594,1.6755238561568093
2017-06-23,73.1612548828125,29.61543846130371,318.34061553521406,0.3571934922724624,0.17475807313425637,0.10510302446740731,1.735777063149878
2017-06-26,73.50138854980469,29.937612533569336,321.80371106251937,0.3130520759444286,0.17960607367307352,0.10465315171224451,1.275126454273252
2017-06-27,72.41995239257812,29.752840042114254,319.8175649265895,0.3302193864942191,0.18435574565185261,0.10491812484380082,1.3902616069389748
2017-06-28,72.47229766845703,30.965686798095703,332.85462947498405,0.1508128392244856,0.18563530949852847,0.10401418330309178,-0.33478578755526106
2017-06-29,72.12344360351562,30.94199752807617,332.5999900979763,0.15023600853190916,0.18636191310703468,0.10360446385609096,-0.34869061844000515
2017-06-30,71.77461242675781,31.287864685058597,336.31776600701994,0.0943081540102261,0.18638451024042454,0.10358389082656155,-0.8889061368081735
2017-07-03,72.12344360351562,31.74266624450684,341.20649350535854,0.030905829919046283,0.1858668693133678,0.10429138405352523,-1.4858469930247662
2017-07-05,72.12344360351562,31.453670501708984,338.1000366224211,0.0739772187453282,0.18607441436760191,0.10405185823550551,-1.0773204585021328
2017-07-06,71.16414642333984,31.837427139282227,342.22509201812005,0.0035290128649181486,0.18563971428736967,0.10476861140354973,-1.738218145518738
2017-07-07,71.76588439941406,32.03642272949219,344.364124292081,-0.017921539188170764,0.18462470863539235,0.10645556783276788,-1.902636489072559
2017-07-10,71.75715637207031,32.44385528564453,348.7436755482305,-0.07907830633238033,0.18040444147062093,0.11176512534682483,-2.3216790299996117
2017-07-11,71.8182144165039,32.46280670166016,348.9473870498368,-0.08099738899895297,0.1750525885682542,0.11644758207279601,-2.1988432306575514
2017-07-12,72.82112884521484,32.46280670166016,348.9473870498368,-0.06610956871906808,0.17132788605578902,0.1205254401595324,-1.9700193955780223
2017-07-13,73.2746353149414,32.339622497558594,347.62326228939645,-0.041440563687210476,0.16684856989755809,0.12336992328590514,-1.688329927076848
2017-07-14,73.56243133544922,32.52438735961914,349.60932641586504,-0.06436451611823028,0.16247081448425976,0.12684626378894442,-1.7882697040246638
2017-07-17,72.94322204589844,32.32541275024414,347.4705196679224,-0.044078294717660844,0.15983175202440164,0.12948590671167595,-1.5747663349657464
2017-07-18,72.99553680419922,32.42963790893555,348.59085091729526,-0.05867796193561992,0.15681539850857115,0.13244900556437397,-1.6269911542631792
2017-07-19,73.4577865600586,32.46755599975586,348.99843793943006,-0.05756457952738785,0.15585356102172745,0.13380858251944533,-1.594951060169111
2017-07-20,73.91127014160156,32.47703552246094,349.10033469496375,-0.05245451421556486,0.15306523396554966,0.13639570695156192,-1.5067904465211692
2017-07-21,73.8327865600586,32.628631591796875,350.7298626888909,-0.07564378382576865,0.14942795458113925,0.13955303361239776,-1.612804340979319
2017-07-24,73.90254974365234,32.75654983520508,352.1048743200021,-0.09323412814877212,0.14671621709818303,0.14267886913974484,-1.6817511008721207
2017-07-25,71.67868041992188,32.5196533203125,349.5584395451941,-0.09162660785281111,0.1442737960752767,0.14550327077345446,-1.6212721726055204
2017-07-26,71.37342071533203,32.48176956176758,349.1512215656347,-0.09058997036252006,0.14123897165560292,0.1484909492703442,-1.5612328101967532
2017-07-27,72.40251159667969,32.29225158691406,347.11406554484216,-0.046952365189625256,0.14119889865646612,0.14854225264653365,-1.2666514779051457
2017-07-28,72.47229766845703,32.30173873901367,347.21604430983706,-0.047351360019658076,0.14040795788061955,0.14942995918644034,-1.2565038424859276
2017-07-31,72.08856201171875,32.42963790893555,348.59085091729526,-0.07199760929762604,0.1383065215709595,0.15153617767360564,-1.3878146730186134
2017-08-01,71.8356704711914,31.761627197265625,341.41030751879117,0.024186420534991798,0.13807499262867917,0.15170243127124972,-0.7507366305161601
2017-08-02,71.3559799194336,31.95114517211914,343.4474635395837,-0.010922684237550866,0.13675312054849267,0.1526624419771737,-0.9673355337007135
2017-08-03,71.4519271850586,32.03168487548828,344.31319641667943,-0.021681492852941516,0.13519266128973284,0.1538103014018774,-1.0199196849162377
2017-08-04,71.78331756591797,32.4912223815918,349.2528312880542,-0.08577799338199767,0.1321290674201661,0.15637218305166342,-1.39351549968558
2017-08-07,71.57402801513672,32.47703552246094,349.10033469496375,-0.08682230229495723,0.12717255582044082,0.15854188733092384,-1.3497685798878338
2017-08-08,71.48680114746094,32.1690673828125,345.78994078440195,-0.041840658777584076,0.12176166588800084,0.15868000040245017,-1.0310204452397942
2017-08-09,72.01006317138672,31.84217071533203,342.2760814006175,0.014526671797365782,0.11776890244129888,0.15830739136591784,-0.6521630465459126
2017-08-10,71.55658721923828,30.89462661743164,332.09079335342204,0.15062035610814672,0.1170605488724099,0.15805940028455814,0.21232401980089954
2017-08-11,71.22307586669922,30.70511817932129,330.053739844456,0.17524405753877406,0.11590002887296165,0.1573591153380319,0.37712482393112207
2017-08-14,71.52146911621094,31.014257431030277,333.37672220731116,0.1322236778520731,0.11269163414584765,0.1549735657331785,0.1260346796166141
2017-08-15,71.71458435058594,30.85256004333496,331.63861368676294,0.15879692464199643,0.11062395216347683,0.153485172857438,0.3138607565908938
2017-08-16,70.81932830810547,30.643280029296875,329.38903265911233,0.17992800463434824,0.1090989916794772,0.15231048460862198,0.46503044840855007
2017-08-17,68.28285217285156,30.03451156616211,322.84529272678054,0.24529795836149285,0.10841893366512316,0.1515962010914306,0.9029185672919028
2017-08-18,67.64215087890625,29.96316719055176,322.0784017527891,0.24948694992501882,0.107663459754664,0.1507622096016398,0.9407098141178495
2017-08-21,67.91423797607422,30.082077026367188,323.3565807125953,0.23367326969197275,0.10658741373460573,0.14960493067313738,0.8494763868112682
2017-08-22,68.68661499023438,30.65279769897461,329.491339461952,0.15297536955060834,0.10413502797749379,0.147570907125665,0.33096185775644943
2017-08-23,68.5900650024414,30.443531036376957,327.24190195085856,0.18457844928651557,0.10217711427120328,0.14566752790356985,0.5656808775519344
2017-08-24,69.21320343017578,30.353168487548828,326.2705818924754,0.20595356975652837,0.1007885310720159,0.14424398737037705,0.7290774513496976
2017-08-25,69.15177154541016,30.443531036376957,327.24190195085856,0.19120196174436654,0.09998006331487849,0.1435865967269525,0.6353092872794921
2017-08-28,69.19564819335938,30.629030227661133,329.23585948796705,0.16289858947376937,0.09802188582840463,0.14187549672329827,0.45727912954479144
2017-08-29,68.9411392211914,30.990478515625,333.12111921913436,0.10345208776146604,0.0941728133949639,0.13844526400026186,0.06702485948876219
2017-08-30,70.643798828125,31.428035736083984,337.8244848328089,0.0584821151591356,0.09182570969473458,0.13782500512076243,-0.24192703280789493
2017-08-31,71.345947265625,31.546937942504883,339.10258178315394,0.049833948552999274,0.08846267069337836,0.13631343910530302,-0.28338161221607905
2017-09-01,70.28395080566406,31.32340812683105,336.699827584358,0.06966324385880407,0.08595135007127533,0.13522627598692197,-0.12045074889177987
2017-09-05,70.0557632446289,31.05230712890625,333.7857238926515,0.10822984125560588,0.0839801099030717,0.1339991565344268,0.18096928353652725
2017-09-06,70.6613540649414,31.028533935546875,333.5301824115706,0.11948902689637282,0.082892577711986,0.13343111180110778,0.27427223449158866
2017-09-07,71.56533813476562,31.78473854064941,341.6587346791134,0.017029029282113747,0.07975134136806683,0.13271228163620769,-0.4726187457004782
2017-09-08,72.7765121459961,32.15095138549805,345.5952093187965,-0.020701904300509874,0.07539965851593028,0.13163170026595497,-0.7300791725873932
2017-09-11,72.52200317382812,32.198509216308594,346.10641529515004,-0.03133293674812429,0.07224847974207711,0.13189003186188947,-0.785361979430471
2017-09-12,72.1182861328125,32.693145751953125,351.42333469274837,-0.11083130514481437,0.06792034877306345,0.13358354825204233,-1.3381262607324473
2017-09-13,72.34646606445312,32.87386703491211,353.3659338047841,-0.13417908966906036,0.0631001812084656,0.135589808890893,-1.4549712289680523
2017-09-14,72.9081802368164,32.92144775390625,353.87738580952123,-0.13245592961322025,0.056827632863332124,0.1357892935116411,-1.3939505654790467
2017-09-15,72.35526275634766,33.254356384277344,357.4558686487266,-0.19056694128500287,0.04814301058571683,0.13464716368952945,-1.7728554046718659
2017-09-18,72.42549896240234,33.70143508911133,362.26158206997144,-0.2557662506979236,0.038150716575512916,0.1345825691198338,-2.183915563476349
2017-09-19,71.73211669921875,33.72045135498047,362.46599065199774,-0.27075444115482833,0.027684917685058076,0.13376539884147162,-2.2310654431163743
2017-09-20,71.98662567138672,33.69190979003906,362.15919325767055,-0.2619998177071302,0.018100719457532093,0.133573388275738,-2.096978603151442
2017-09-21,73.13642120361328,33.630088806152344,361.4946705936146,-0.23307354019299595,0.008712504012745174,0.1310357231869292,-1.8451918173551873
2017-09-22,73.64543151855469,33.9677734375,365.12449135552754,-0.2738387791082841,0.0016349770405323482,0.13464885426637968,-2.045867806671706
2017-09-25,74.28614044189453,34.26739501953125,368.345166915543,-0.3062070738270714,-0.0059724076654506615,0.13893667908761853,-2.160946037671462
2017-09-26,73.91752624511719,34.181793212890625,367.42502076094496,-0.300272626267236,-0.012548754003408363,0.14337707631274907,-2.0067634217635617
2017-09-27,74.29493713378906,34.57178497314453,371.6170983888048,-0.35009217956733873,-0.018898720828181448,0.14971668799936969,-2.2121345533675685
2017-09-28,74.60209655761719,34.41959381103516,369.98117365690456,-0.3226047715384339,-0.02550842066624415,0.1542329434809971,-1.9262833488540323
2017-09-29,75.07603454589844,34.40531921386719,369.8277339550103,-0.3122116767069352,-0.030770765492441707,0.1585514031242802,-1.775076761659981
2017-10-02,75.78694915771484,34.68117904663086,372.7929910481367,-0.33902878256680946,-0.036122552882085684,0.16345391219536148,-1.8531598639418783
2017-10-03,75.8747329711914,35.08069610595703,377.08745748829733,-0.3940790110645885,-0.04137256462762249,0.16979287357560144,-2.0772747348546465
2017-10-04,76.32233428955078,35.366058349609375,380.154857365341,-0.42609333945926586,-0.047124163801961036,0.1768559056006347,-2.142813237535138
2017-10-05,76.92793273925781,35.542022705078125,382.04632357832213,-0.4394542379114682,-0.05334657495516771,0.1839602944825713,-2.0988641274048456
2017-10-06,76.42767333984375,34.852394104003906,374.6334063715245,-0.35188364467234495,-0.05852062630491994,0.18794239954555675,-1.5609198301010017
2017-10-09,76.40132904052734,34.86192321777344,374.73583618855594,-0.353690475078848,-0.06334272562093024,0.19176761702104253,-1.5140603714445597
2017-10-10,75.62020874023438,34.918975830078125,375.3491029393656,-0.375783271290849,-0.06887114189715003,0.1959387871563993,-1.566367404064414
2017-10-11,75.53243255615234,34.65263366699219,372.48615264907886,-0.33947847887508337,-0.07355115051280776,0.19902043040925946,-1.3361810534497935
2017-10-12,75.85717010498047,34.685935974121094,372.8441239471912,-0.3384633123493742,-0.07823279605984088,0.20192071720810498,-1.2887757130009234
2017-10-13,75.96248626708984,34.57178497314453,371.6170983888048,-0.3204545892968231,-0.08269946397786183,0.20429110155086141,-1.163805586802656
2017-10-16,75.43588256835938,34.5813102722168,371.71948720110566,-0.33102973014318765,-0.0869558964164855,0.2067868591390931,-1.1803159772475116
2017-10-17,75.53243255615234,34.5765495300293,371.66831329732054,-0.3286508208203752,-0.09087950796101221,0.2091281675894455,-1.1369645495395384
2017-10-18,75.2427978515625,34.52898406982422,371.1570253115058,-0.3269700672939994,-0.09480189895169869,0.21133778582240625,-1.0985644021907133
2017-10-19,75.79570770263672,35.08544158935547,377.1384673731601,-0.39620548178415654,-0.09989549080872596,0.21488765775948757,-1.378906513593604
2017-10-20,76.5593032836914,35.63238525390625,383.0176436367053,-0.45907230163458973,-0.10676415641614204,0.21969932900830583,-1.6035922677084211
2017-10-23,76.51541900634766,35.50396728515625,381.6372603858859,-0.44186854147272353,-0.11333944277369312,0.2237572428485063,-1.468238947337492
2017-10-24,74.75128936767578,33.4731330871582,359.8075309531986,-0.183865146925974,-0.11520390173416559,0.22387296167658344,-0.3066973549534732
2017-10-25,74.4704360961914,33.40180587768555,359.04082450049475,-0.17803445657480596,-0.11857424968599554,0.22326026224562592,-0.26632687022195484
2017-10-26,73.86485290527344,34.28166961669922,368.4986066174372,-0.31573431763335513,-0.12365444357592563,0.22423498070872533,-0.8566008454628032
2017-10-27,73.6015396118164,34.181793212890625,367.42502076094496,-0.30585496560027603,-0.12839066812171454,0.2250442858866238,-0.7885749988247518
2017-10-30,72.5395736694336,33.506431579589844,360.1654612465803,-0.22489521193576953,-0.13070928843094407,0.22531430525210142,-0.41802016698159483
2017-10-31,71.91643524169922,34.11520767211914,366.7092831883733,-0.3265006543320738,-0.1347039276315627,0.22664376571801603,-0.8462475289928749
2017-11-01,72.7502212524414,33.75851058959961,362.8750948491646,-0.2585942487846768,-0.1383164874650142,0.22686584497854384,-0.5301713060026203
2017-11-02,72.96085357666016,34.22459030151367,367.8850528335134,-0.32362716876680764,-0.14395238480775047,0.2272045223048843,-0.790806371881774
2017-11-03,73.29438018798828,33.920204162597656,364.6131623649822,-0.2729635934249102,-0.15101211729996805,0.22446064187397388,-0.5433089521031188
2017-11-06,72.79412078857422,33.5825309753418,360.98346461726106,-0.23184920516694818,-0.1577970050117301,0.22055022358794413,-0.3357611656452928
2017-11-07,73.09249877929688,33.520694732666016,360.3187779342827,-0.21772677959758524,-0.16362951263589107,0.21735467223648686,-0.24888936780174253
2017-11-08,73.73320770263672,33.53972244262695,360.52330953050085,-0.20991921451806775,-0.1697747816218921,0.21325794949034707,-0.1882435472727489
2017-11-09,73.71565246582031,33.01655960083008,354.8997567574977,-0.13392026222959427,-0.1750055860696245,0.20832707567766587,0.19721547814360674
2017-11-10,73.10126495361328,33.0974235534668,355.7689750366942,-0.1553410232676218,-0.18168290243010976,0.20091597406801343,0.13110893389477726
2017-11-13,72.72388458251953,33.08786392211914,355.66621718181796,-0.15992335782163192,-0.18850640755922057,0.19281320161800866,0.14824218205875697
2017-11-14,72.85633850097656,32.77761459350586,352.33130244235906,-0.11204075481015273,-0.19426830796758937,0.1849900711380728,0.44449711625908656
2017-11-15,72.59140014648438,32.54850006103516,349.8685173179691,-0.08217271434933938,-0.19818744269925517,0.17993049186528187,0.6447752526391064
2017-11-16,73.6954116821289,33.269256591796875,357.6160331264387,-0.17108984634844332,-0.20411524762650446,0.17282498993691792,0.19109158513543437
2017-11-17,73.20963287353516,31.8325138092041,342.172277925111,0.03209194800241293,-0.20701294132240639,0.16719894565227403,1.430062183658078
2017-11-20,73.46578979492188,32.314605712890625,347.35435326614095,-0.03507045517896374,-0.21078414827112857,0.16048177189972232,1.0949137151972639
2017-11-21,73.75723266601562,32.30984115600586,347.30313835762524,-0.0302861269035895,-0.21400389354408453,0.15469095978231787,1.1876438474428233
2017-11-22,73.90740203857422,32.39574432373047,348.2265238859404,-0.04068654805059526,-0.21640620414095224,0.15074631432513413,1.1656646922150256
2017-11-24,74.2165298461914,31.951845169067383,343.4549879076483,0.0279402274111936,-0.21691523560341794,0.14985126351338787,1.6339899796222666
2017-11-27,74.9054183959961,31.93275260925293,343.24975923101,0.03961988346858806,-0.21708547002149145,0.14954859029537593,1.7165347595925609
2017-11-28,75.11739349365234,32.71077346801758,351.6128175528374,-0.06900318335185521,-0.2193965771416691,0.14607318437691771,1.0295756502558921
2017-11-29,75.03787994384766,32.93989562988281,354.0756846866886,-0.1029575990898617,-0.22291636781409355,0.14048226659557778,0.8539068427018676
2017-11-30,74.7552719116211,33.56995391845703,360.84827202048257,-0.19772405273713695,-0.22820325247465204,0.1331557579022791,0.22889884911986524
2017-12-01,75.35586547851562,33.24537658691406,357.35934351290115,-0.14187871353431147,-0.23085171485492584,0.1297317368171551,0.6858229412746828
2017-12-04,75.58550262451172,33.54131317138672,360.5404085031598,-0.18049520902695915,-0.23351493660036662,0.12695497390255867,0.417626233487327
2017-12-05,76.00942993164062,33.49358367919922,360.02735731392943,-0.16716139840394487,-0.23577874429463033,0.12447544853338784,0.5512520476861776
2017-12-06,75.35586547851562,33.4697265625,359.77091372877544,-0.1738811356491745,-0.23682957480303632,0.1236662606035458,0.5090186995761472
2017-12-07,75.84162139892578,33.994781494140625,365.41480484815474,-0.24077938115466663,-0.23860624632779642,0.12293007395399479,-0.017677812735095857
2017-12-08,76.3538818359375,34.3527717590332,369.26289379103576,-0.28285303448585297,-0.2411128647423403,0.12226043903500332,-0.3414037285729229
2017-12-11,76.5482177734375,34.24298477172852,368.0827776444525,-0.26417956780965296,-0.24233974185108445,0.12211387787390089,-0.17884802562015994
2017-12-12,76.58354187011719,34.324127197265625,368.95498926898244,-0.2749854877638338,-0.24266006246884964,0.12217488633888249,-0.26458322380036065
2017-12-13,77.62572479248047,34.02802276611328,365.7721200705775,-0.2168650990386458,-0.24176190676691328,0.12216293324400206,0.2038000158242752
2017-12-14,76.39805603027344,33.60085678100586,361.18045134304936,-0.1763174513813426,-0.24033386732815012,0.1224228708533858,0.5229122262904117
2017-12-15,76.43340301513672,33.57172775268555,360.86733922021017,-0.17167692271199456,-0.23931059037013344,0.12274076561772203,0.5510285626601431
2017-12-18,76.02713012695312,34.270748138427734,368.3812100737378,-0.2767695575068903,-0.2393594366767769,0.12275532177112163,-0.30475355601987597
2017-12-19,76.58354187011719,34.41635513305664,369.9463606406276,-0.28793045410303053,-0.23905482634804287,0.12260922092255144,-0.39862929873651937
2017-12-20,75.7268295288086,34.615379333496094,372.085700450068,-0.3307518127205074,-0.2395628127889307,0.1229298737346267,-0.7417969055140314
2017-12-21,75.61199188232422,34.576541900634766,371.6682312878593,-0.32725172299409355,-0.23918213851270995,0.12261676460754635,-0.7182507609237916
2017-12-22,75.13505554199219,34.464900970458984,370.46818684220574,-0.31970491462216793,-0.23913380756410554,0.12258389229940926,-0.6572731991677072
2017-12-26,75.06440734863281,34.5377197265625,371.25092614457304,-0.33137454742542755,-0.23945318874274707,0.12280228613345597,-0.7485313309459444
2017-12-27,75.19689178466797,34.3872184753418,369.63316650832724,-0.30751523622609367,-0.2389279629704018,0.1224360281937707,-0.5601886492686917
2017-12-28,75.11739349365234,34.678497314453125,372.7641647225269,-0.350580407826196,-0.23820298624976197,0.12162788235718539,-0.9239445709201326
2017-12-29,74.59629821777344,34.50372695922852,370.8855329902227,-0.33483095791835266,-0.2366819465574134,0.11979520169571875,-0.8193066998646483
2018-01-02,74.79059600830078,35.4454460144043,381.0082068137964,-0.4667100930522396,-0.23713621080975955,0.12062594482201132,-1.903188261706269
2018-01-03,75.19689178466797,35.87747573852539,385.6521565728358,-0.5205425261090341,-0.23994719216703772,0.12522282270795834,-2.2407683190179637
2018-01-04,75.53250885009766,36.33377456665039,390.5569784279337,-0.5787227971145359,-0.24369773086763252,0.13188027107032005,-2.5403728967789596
2018-01-05,76.45987701416016,36.45513153076172,391.86146192241796,-0.5766357709032602,-0.24704527252783937,0.13771013123009243,-2.3933642022657424
2018-01-08,76.07125091552734,36.33861541748047,390.6090134310614,-0.5682261986266602,-0.25085773452369897,0.14336287560645838,-2.2137423148107116
2018-01-09,76.00942993164062,36.32406234741211,390.4525803838336,-0.5674436146666799,-0.2546740728956541,0.14868348522568872,-2.1035930204102264
2018-01-10,76.04476928710938,35.97456359863281,386.69576797126155,-0.5173125550897234,-0.25795503899220246,0.15228797206097403,-1.7030728861086792
2018-01-11,76.3009033203125,36.68327713012695,394.31383184523634,-0.61206147908687,-0.2626389014745972,0.15875794954053898,-2.2009768872899653
2018-01-12,76.82201385498047,37.08616256713867,398.6445054625142,-0.6574991241423954,-0.26811970652996414,0.16656020311815573,-2.337769829304365
2018-01-16,75.32937622070312,36.87744140625,396.40093162789606,-0.6605586441918287,-0.27367951614492797,0.1739611314641404,-2.2239400536817637
2018-01-17,76.14192199707031,37.15413665771485,399.3751687570233,-0.6818998078210009,-0.27844108824554203,0.18113375900870832,-2.22740764495514
2018-01-18,75.7974853515625,37.08616256713867,398.6445054625142,-0.6799029689295655,-0.282121599367125,0.18701437075071428,-2.127009640840241
2018-01-19,75.5060043334961,37.624996185302734,404.43650566881007,-0.7630971478479376,-0.2874754094733785,0.19604507925625775,-2.4260835323127714
2018-01-22,75.46185302734375,37.68808364868164,405.11464190342423,-0.7731151800885611,-0.2972962433594216,0.20530715668340135,-2.317595472148528
2018-01-23,74.56098175048828,37.55218505859375,403.653848375904,-0.7749466340953619,-0.30724477965143093,0.21372002936131465,-2.188385692448297
2018-01-24,74.4549789428711,38.00362014770508,408.5063891994906,-0.842647817034909,-0.3160266713081235,0.2246223138538346,-2.3444738712355466
2018-01-25,75.08206176757812,37.48420333862305,402.9231030719338,-0.7528956343302875,-0.32347734912029036,0.2315854024938252,-1.8542545453461678
2018-01-26,76.91033172607422,38.20750427246094,410.6979690357117,-0.81231677363092,-0.33326770848187615,0.23962437403413,-1.9991666836062858
2018-01-29,77.36958312988281,38.34828186035156,412.2112076136656,-0.821117771748939,-0.34151132710549065,0.24775757196764223,-1.9357892508975918
2018-01-30,76.03593444824219,36.76578140258789,395.20068215858953,-0.6293427347814295,-0.3476904685387698,0.2502651415560829,-1.1254154873164515
2018-01-31,71.93780517578125,36.19300079345703,389.0437808547104,-0.6365761477432056,-0.35290628485504316,0.2530012873441447,-1.1212190493809657
2018-02-01,72.78570556640625,36.27066421508789,389.87859616493597,-0.6289807244326618,-0.3588399037051723,0.25525936377138486,-1.05829935770518
2018-02-02,71.69937896728516,35.24156951904297,378.8167089870365,-0.4993801306571904,-0.363298752463343,0.25534009433505206,-0.5329416774448442
2018-02-05,68.44026947021484,33.59114456176758,361.0760532989492,-0.31156655592925925,-0.36486274873553765,0.25471996982198986,0.20923445006500374
2018-02-06,68.88190460205078,34.00374984741211,365.5112069697884,-0.3675452607034154,-0.36748984950529334,0.2539063992794475,-0.0002182347442968318
2018-02-07,67.76022338867188,33.34357833862305,358.4149282926613,-0.2854568529092836,-0.37001545934995483,0.252292238882937,0.33516134628265853
2018-02-08,65.54334259033203,32.51350784301758,349.4923809242022,-0.1928030071616322,-0.3706398257481884,0.25179783402404093,0.7062682619008424
2018-02-09,67.32743072509766,32.76592254638672,352.2056229430791,-0.2014945066052449,-0.3713326782279152,0.2512648245189476,0.675932940266627
2018-02-12,67.3450927734375,33.24827194213867,357.39046610342433,-0.2781685758453152,-0.37410147524516796,0.2492665167027909,0.3848607533367063
2018-02-13,67.30977630615234,33.19955062866211,356.86675368423863,-0.2710585831108987,-0.3772495730578606,0.24669664311025852,0.4304517021721327
2018-02-14,68.54035186767578,33.677032470703125,361.999274808342,-0.3231211622664836,-0.3797834283231613,0.24532018566465524,0.2309727016680691
2018-02-15,69.42124938964844,33.60882568359375,361.26611022526663,-0.295770765192405,-0.38524780687640825,0.23957458242640917,0.3734830330404026
2018-02-16,70.26657104492188,33.511375427246094,360.21860337743414,-0.26527475686221447,-0.3890845452377958,0.23568324669378038,0.5253228225273283
2018-02-20,69.0030517578125,33.61370849609375,361.3185962804308,-0.3043845048086765,-0.39365285153621393,0.23122498399033664,0.38606704685194454
2018-02-21,69.0030517578125,33.72575759887695,362.5230282322583,-0.3218392683465965,-0.3983387302078139,0.22675638880081841,0.3373640860386701
2018-02-22,68.68272399902344,34.30068588256836,368.70301519946355,-0.4179829329107449,-0.4057707828798462,0.21974743408514028,-0.055573572823458574
2018-02-23,70.07080078125,34.748924255371094,373.52119405880984,-0.4586547910999545,-0.4140753607893219,0.2119055219696688,-0.21037408509351402
2018-02-26,71.34320068359375,34.86100006103516,374.7259130437515,-0.4495260553190139,-0.42041740865544125,0.20704137448076032,-0.14059338012305184
2018-02-27,70.02628326416016,34.7050895690918,373.050008699519,-0.45285340266745205,-0.4262490053817344,0.20283301246790483,-0.13116403963051826
2018-02-28,68.53144836425781,34.8804817199707,374.93532420291064,-0.5120538364971381,-0.43148783511106775,0.2008804653716141,-0.4010643903927102
2018-03-01,68.06875610351562,33.6380615234375,361.58037048056246,-0.32613391025183114,-0.43455875505635977,0.19776226499628627,0.548258510320787
2018-03-02,68.71832275390625,32.73668670654297,351.8913626877832,-0.1726025123361097,-0.43442721011151225,0.19793667209171942,1.3227700304776207
2018-03-05,69.13651275634766,33.5260009765625,360.37581551454326,-0.2882300130669655,-0.4364450203558959,0.1957711806923524,0.7570828697296622
2018-03-06,68.68272399902344,34.06193161010742,366.13661112085475,-0.3806168540894493,-0.4398906156632338,0.19286948336370893,0.3073257652793489
2018-03-07,68.9051742553711,33.65268325805664,361.737541612941,-0.3123173666869196,-0.4410829154221047,0.19183608710324757,0.6712269348252633
2018-03-08,70.19535064697266,33.20929336547852,356.9714797661836,-0.22030012235359914,-0.44004036688656717,0.19287772128146485,1.1392722968367244
2018-03-09,70.83598327636719,33.65268325805664,361.737541612941,-0.2765469278109155,-0.44024648955325485,0.19269311868887667,0.8495350682794726
2018-03-12,70.32884216308594,33.00466537475586,354.77190400749606,-0.1867082786736562,-0.43877520273508525,0.19430659793146027,1.2972638435589467
2018-03-13,70.42668914794922,32.82925796508789,352.8864244851821,-0.1582873011506376,-0.43779890610361843,0.19558345418425876,1.4291168244204007
2018-03-14,69.83944702148438,32.32742691040039,347.49217016567763,-0.09078878243714654,-0.43637342828788184,0.19782040823884736,1.7469615441975943
2018-03-15,70.07080078125,32.55641555786133,349.953602133958,-0.12231509379256732,-0.43555073113922477,0.19903877948514567,1.5737417510140748
2018-03-16,71.61901092529297,33.00466537475586,354.77190400749606,-0.1653305197348418,-0.4336934138430239,0.20105527667683376,1.3347717033039388
2018-03-19,70.0530014038086,32.2299690246582,346.444581308384,-0.07250931465828876,-0.43010306151894484,0.20557500622084623,1.7394806568873376
2018-03-20,69.732666015625,32.298194885253906,347.1779509151124,-0.08795304219523196,-0.4260564153435237,0.20990786324806054,1.6107227614848088
2018-03-21,69.61701202392578,32.55641555786133,349.953602133958,-0.12963074778190128,-0.4227627324233204,0.21301198583596026,1.3761290637755894
2018-03-22,68.09546661376953,31.338350296020508,336.8604431141067,0.03740496114284442,-0.4168109011605702,0.2207875040658576,2.057253485541142
2018-03-23,66.52052307128906,30.665985107421875,329.63309281562607,0.12326293691203818,-0.40923360975494577,0.23131956230795947,2.30199530620788
2018-03-26,67.78402709960938,31.67942237854004,340.52667607678984,-0.021104738909199696,-0.4044601014663309,0.23635458368343998,1.6219501927264326
2018-03-27,67.32136535644531,31.12397766113281,334.556120771109,0.06056516154681676,-0.39760767531011404,0.24378630520282565,1.8794035065904935
2018-03-28,68.52257537841797,31.42605209350586,337.80316237289844,0.029647131289645974,-0.3915330404899807,0.24984285487816052,1.6857803357435268
2018-03-29,68.84288787841797,32.239723205566406,346.54943040452065,-0.09288479812710225,-0.385302618907895,0.25258245071476626,1.157712342853983
2018-04-02,67.35691833496094,31.3821964263916,337.3317514875893,0.0198532186961206,-0.37629602316114247,0.2572695633174547,1.5398216436836698
2018-04-03,68.994140625,32.015602111816406,344.1403204724822,-0.05557131416843551,-0.3675768317787075,0.2591510372581701,1.203952416750111
2018-04-04,69.93733215332031,32.804908752441406,352.624691289781,-0.16264953213391303,-0.3606770611325517,0.2590016521974916,0.764580176684126
2018-04-05,69.95511627197266,33.2969970703125,357.91421952734055,-0.2379671332060724,-0.3551727433755419,0.25802354135534855,0.4542438629971929
2018-04-06,68.38018798828125,32.28357696533203,347.02082078746446,-0.10717355760136336,-0.3475015757577866,0.2584473388417493,0.9298916337597859
2018-04-09,68.8161849975586,31.927902221679688,343.1976217160558,-0.044602180948812895,-0.3396230695221048,0.26038090134575914,1.1330358219381629
2018-04-10,70.48899841308594,33.00466537475586,354.77190400749606,-0.18401198915280745,-0.33248891135653713,0.2586481466418905,0.5740498206983187
2018-04-11,70.0530014038086,32.65873336791992,351.0534310180323,-0.13830021036997134,-0.32383559612699664,0.2562644880806772,0.7239995956779428
2018-04-12,70.55127716064453,33.21903610229492,357.07620584812844,-0.2156281858628204,-0.31642008848817993,0.2527692332218236,0.3987506760243531
2018-04-13,70.93388366699219,33.0680046081543,355.4527465543296,-0.1861843370413663,-0.308158163975186,0.2486892824274045,0.4904667613467635
2018-04-16,71.2898178100586,33.871925354003906,364.0942064945458,-0.3014778906957127,-0.3018510793379551,0.24385320881470407,0.0015303823314704393
2018-04-17,71.11183166503906,33.9791145324707,365.2463984195926,-0.3209379007283359,-0.29448175855262837,0.2362402116063541,-0.11198831052433723
2018-04-18,70.93388366699219,34.53456115722656,371.2169742276387,-0.40842266459884435,-0.28840354996113315,0.2282740219927342,-0.5257677312117948
2018-04-19,70.9605941772461,33.93039321899414,364.72268600040695,-0.31637287286597277,-0.28076065394064337,0.21920449382292517,-0.1624611717773322
2018-04-20,70.34661865234375,33.70626449584961,362.3134940589073,-0.29361454778105783,-0.2716100994530791,0.20643914342351627,-0.10659048455183669
2018-04-23,71.36097717285156,33.8183479309082,363.5182950533101,-0.2921096924855421,-0.26393033375566666,0.1965661063370975,-0.14335817733271747
2018-04-24,71.26309204101562,31.630695343017575,340.00290215050825,0.03609546821313887,-0.24979012972493236,0.18671771895243472,1.53111123862272
2018-04-25,72.19738006591797,31.620943069458008,339.8980735567369,0.050021085099111205,-0.23527114877746488,0.17504335197682164,1.6298375839737864
2018-04-26,73.45198059082031,31.309120178222656,336.5462443659067,0.11188018269679871,-0.22291743348616105,0.17290318170428162,1.9363299904773768
2018-04-27,73.61215209960938,31.3821964263916,337.3317514875893,0.10314173921685198,-0.21058880203682676,0.16924140052171482,1.8537458345685631
2018-04-30,72.13511657714844,31.02165031433105,333.45618937520817,0.13850413583630913,-0.1977973876990106,0.16605662241800376,2.0252219913805627
2018-05-01,70.35550689697266,30.977813720703125,332.9849835135521,0.12341049833049046,-0.18741754388254922,0.16635021230095356,1.8685160536537404
2018-05-02,70.1419677734375,30.290821075439453,325.600400575597,0.22602234417029435,-0.17845772888089,0.17385821524931266,2.326493875892836
2018-05-03,69.43903350830078,30.51981544494629,328.0618940509732,0.18273906762886905,-0.16928632340868527,0.17817512866387647,1.975726879937562
2018-05-04,69.75936126708984,31.084991455078125,334.1370524244071,0.09940448851247226,-0.16287196771832269,0.18082985424266568,1.4504046211242947
2018-05-07,69.96402740478516,31.42605209350586,337.80316237289844,0.04963907801966067,-0.15883126629863445,0.18284717042905077,1.1401343746754165
2018-05-08,70.18646240234375,31.30424118041992,336.49379931547304,0.07130645566961467,-0.15428458359405348,0.18514561634630872,1.218451960762104
2018-05-09,70.53347778320312,31.20680427551269,335.44643598419765,0.09072467122213078,-0.14813636280959602,0.18707694918943785,1.2768063359310577
2018-05-10,71.94825744628906,31.06551551818848,333.9277027723438,0.12971321041293254,-0.14145683291753217,0.18974929293921655,1.4290964626536453
2018-05-11,73.36297607421875,31.08013343811035,334.08483289999174,0.14435384882072316,-0.1336655827327454,0.19175047603663936,1.4499021713007119
2018-05-14,73.91465759277344,30.92353057861328,332.4014861971559,0.1735143826182119,-0.12584416360256845,0.1945763509092551,1.5385145462019312
2018-05-15,73.1494369506836,31.08501625061035,334.137318955156,0.14113851328093122,-0.11907060910018269,0.1967026242420944,1.3228553680140946
2018-05-16,72.7310791015625,31.2758731842041,336.18886763638807,0.10799092142212956,-0.11219768532966926,0.19732125120593333,1.115888964853563
2018-05-17,73.1611099243164,31.46183586120605,338.1878072482641,0.0859115924510097,-0.10540183764970916,0.19700002470715727,0.9711340411510526
2018-05-18,73.5284194946289,31.81418228149414,341.97522969222683,0.03896826023358857,-0.09778598443063694,0.1935128991091297,0.7066931728778674
2018-05-21,73.31342315673828,32.30355453491211,347.2355625616013,-0.0356013197781506,-0.09073509324194019,0.18776314948979533,0.29363468611174975
2018-05-22,73.66280364990234,32.171424865722656,345.8152817079109,-0.01140865176641414,-0.08343313651606353,0.1820042667408545,0.3957296498559617
2018-05-23,74.07494354248047,31.853330612182617,342.3960407399792,0.04037785845648477,-0.07521261549733124,0.17607831679538472,0.6564719384962102
2018-05-24,74.10181427001953,31.921850204467773,343.13256771096354,0.030786443821363682,-0.06616527749202289,0.1669621460090638,0.5806808527013266
2018-05-25,74.15557861328125,31.63311004638672,340.0288581449762,0.0733431705751677,-0.05950732614490624,0.16436443344354543,0.8082679077022119
2018-05-29,73.85993957519531,31.08012580871582,334.08475089053053,0.15011213834539017,-0.054128748633547906,0.16587407950686198,1.2313008011024948
2018-05-30,75.13211822509766,31.45205307006836,338.082650616648,0.11129131706931718,-0.04747005979794319,0.16432906799972977,0.966118647173983
2018-05-31,76.1893310546875,30.4537296295166,327.3515280981097,0.2644712515607152,-0.03671859137044045,0.16326247265014526,1.8448198048339906
2018-06-01,76.01908111572266,30.81585121154785,331.2440251642274,0.21161977359388393,-0.027986305699093727,0.16228065004428663,1.476491986121505
2018-06-04,76.21619415283203,30.86968994140625,331.82274542950904,0.20606557019704583,-0.020880210823249645,0.16304992657549516,1.3918790752427315
2018-06-05,75.99223327636719,31.520553588867188,338.8189725639794,0.11166069385745682,-0.014410083795443441,0.16041372904140347,0.7859101487526722
2018-06-06,76.98668670654297,32.04907989501953,344.500177988202,0.04934091417454444,-0.010475930581306764,0.15900485929715102,0.3761950736616449
2018-06-07,76.94190216064453,31.799510955810547,341.81752549835056,0.08365352642159249,-0.0064435834551029286,0.15825889192527873,0.5693020390869057
2018-06-08,77.12109375,31.9365234375,343.2902924072052,0.06668585565572203,-0.0038190061535551194,0.15814213910299774,0.44583222542195056
2018-06-11,76.92398071289062,32.1029052734375,345.0787547369265,0.041044557623421705,-0.001096345296621969,0.15747229388187448,0.2676083638665672
2018-06-12,76.59249114990234,31.907175064086918,342.9748225123567,0.06436340359953192,0.0027318867589509266,0.15619884492056546,0.39457088733225626
2018-06-13,76.79853820800781,31.32481384277344,336.71493782758307,0.14838414153911073,0.006413444362240919,0.15699653343173153,0.9042919233538645
2018-06-14,77.36297607421875,31.202468872070312,335.39983410787414,0.17159663993068225,0.010739272397672821,0.15792534527249347,1.0185658752586981
2018-06-15,77.83779907226562,31.319921493530277,336.66234926059235,0.16043021184487471,0.015573621724785753,0.15799516431503283,0.916841922017649
2018-06-18,77.14796447753906,31.114389419555664,334.4530553807533,0.1815601224824649,0.017976207747112765,0.1594223901690965,1.0261037647336837
2018-06-19,77.78406524658203,30.708202362060547,330.0868921691437,0.2443849881104371,0.01999490860041941,0.16153110326747655,1.3891447217967308
2018-06-20,77.30028533935547,30.590755462646484,328.82443852352145,0.2559878208986195,0.024613117930549728,0.16427392090240048,1.408468865277378
2018-06-21,77.11215209960938,30.101377487182617,323.5640441470511,0.32239007807062997,0.02897686653927995,0.1686640113454481,1.739631407973558
2018-06-22,76.97774505615234,30.39499855041504,326.72021926583744,0.28020579919052946,0.03315284433762801,0.1717543858555801,1.438408420386052
2018-06-25,76.84333801269531,30.4096736907959,326.8779644644443,0.27689398823050687,0.03931582411025483,0.17377756546631165,1.3671394433610518
2018-06-26,76.25201416015625,30.419464111328125,326.9832031055217,0.26990625840304344,0.04348337477203688,0.17628323415339284,1.2844266485035367
2018-06-27,75.85781860351562,30.223716735839844,324.87908635966414,0.29384996085093734,0.04930706268902642,0.1787104283820691,1.3683750879892531
2018-06-28,76.59249114990234,30.360748291015625,326.3520582921717,0.28139204401353657,0.056707755624817245,0.17897823182899272,1.2553721538795684
2018-06-29,76.4491195678711,30.32159996032715,325.9312472444194,0.2855488360085071,0.06543302177839358,0.17712039257292136,1.2427468742171557
2018-07-02,76.92398071289062,29.78328895568848,320.1448646862153,0.36518131991311487,0.07330560307030153,0.17979572840760155,1.6233740335650442
2018-07-03,77.50634765625,29.34284400939941,315.4104584914787,0.4310353275317367,0.08123289487831072,0.18492149164085173,1.891626708986322
2018-07-05,77.55113220214844,29.64625358581543,318.67185174897713,0.3893091484145217,0.09078824717109953,0.18579373336989283,1.6067328850597087
2018-07-06,78.29474639892578,29.80775451660156,320.4078485258995,0.37293667837279026,0.0993088619834789,0.1868294578747234,1.4645860428112452
2018-07-09,78.72479248046875,30.26286506652832,325.29989740741644,0.3142209598357282,0.10813968107845469,0.18419464636397512,1.118823390502076
2018-07-10,78.88604736328125,30.6250057220459,329.19259949718713,0.26627690638865203,0.11568070180228833,0.18117793164399706,0.8312061144525896
2018-07-11,78.44705963134766,29.959461212158203,322.03856565701403,0.3533667021763745,0.12659477835015645,0.17524933576306673,1.29399591067671
2018-07-12,79.65655517578125,30.20903968811035,324.7213206586919,0.3295060807261553,0.13743551137439797,0.16702093950104788,1.1499789782379488
2018-07-13,80.37328338623047,31.050758361816406,333.7690759720291,0.2229135285059149,0.14795778125947728,0.15118548003328441,0.4957866802416187
2018-07-16,79.79989624023438,30.62010765075684,329.1399494231006,0.2753390998657063,0.15781964747167193,0.13920802459938064,0.844200273168428
2018-07-17,80.24785614013672,30.93330955505371,332.5066018240415,0.23743112919866005,0.16667040875466724,0.12630327837182806,0.5602445269526432
2018-07-18,80.66000366210938,31.031200408935547,333.55884471825794,0.22828220792073034,0.17534360709477176,0.11123360209422403,0.4759227412334919
2018-07-19,80.12242889404297,31.050758361816406,333.7690759720291,0.22048055642951647,0.17841669189837808,0.10985989605079158,0.38288644030475855
2018-07-20,79.26235961914062,30.708202362060547,330.0868921691437,0.2584776977555256,0.18189096877598498,0.10902361007561956,0.702478379925408
2018-07-23,79.62967681884766,30.791393280029297,330.9811233340044,0.2506683320250252,0.1842041045981221,0.10898534230239865,0.6098455629242934
2018-07-24,83.63444519042969,30.9528923034668,332.71709960856157,0.26579276414499287,0.1869149550135911,0.10895770949585737,0.7239305001579603
2018-07-25,86.39386749267578,31.40310478210449,337.55649841599177,0.23322782559099253,0.18849368317616916,0.10893061830602642,0.4106663774655957
2018-07-26,85.27400207519531,32.01483154296875,344.1320375169016,0.1460474357746304,0.18887096546690482,0.10874041700389374,-0.3938142860969627
2018-07-27,86.54618835449219,32.332916259765625,347.5511759730068,0.11909360031312655,0.18708881973595204,0.10899714754971772,-0.6238256775647298
2018-07-30,87.81840515136719,31.81418228149414,341.97522969222683,0.19534925751156582,0.18729898956733032,0.10900077565202886,0.07385514365452732
2018-07-31,88.52617645263672,32.16164016723633,345.71010457392947,0.15959298399491126,0.18830213115870428,0.10845375319304737,-0.2647132655030465
2018-08-01,88.42764282226562,31.30524063110352,336.50454255488955,0.26275929459192443,0.191854134768242,0.10731943459139594,0.6606926331064277
2018-08-02,89.11749267578125,30.97245979309082,332.92743337415914,0.3086054517344522,0.1958091180359893,0.10717408734836847,1.0524590084151533
2018-08-03,90.11196899414062,31.530349731445312,338.92427271215263,0.24968693189336588,0.19845848904717658,0.10649498617918374,0.4810408891926104
2018-08-06,91.38419342041016,31.779939651489254,341.6071507280223,0.2307743460446936,0.2001428413077059,0.10618802651418825,0.2884647708646783
2018-08-07,91.33045196533205,31.897380828857425,342.8695428665488,0.21649946382963192,0.20134526822452106,0.10595380342169708,0.14302644280542745
2018-08-08,91.62606048583984,31.53524398803711,338.97688178150867,0.26151144510969465,0.20281188593271246,0.10617084502843949,0.5528783270139614
2018-08-09,91.5544204711914,31.471630096435547,338.2930868940721,0.26840231453248853,0.20493294928690506,0.10618908754890159,0.5977013901391225
2018-08-10,91.60816192626952,31.104589462280277,334.3477142278495,0.31189941901078216,0.20833142424671594,0.10629685866088326,0.9743278970686907
2018-08-13,91.77838134765624,31.42900848388672,337.83494103911113,0.2751794564332788,0.21148588864642046,0.10540698469769308,0.6042632560786299
2018-08-14,92.28556823730467,31.85664939880371,342.4317148555986,0.22935263410101908,0.21465896154421094,0.10296289424964841,0.14270842582553298
2018-08-15,93.0873794555664,31.719017028808597,340.95228467802207,0.2518835496036874,0.2194503760339082,0.09767275875131984,0.3320595628137814
2018-08-16,94.01524353027344,32.28428649902344,347.0284476673555,0.19463737962934347,0.22288447655717084,0.09292518510790343,-0.3039767625431925
2018-08-17,95.08728790283205,33.01176071166992,354.8481728064066,0.12147995945849778,0.22423617824053776,0.09079077234190759,-1.131791437956623
2018-08-20,95.33055877685548,33.54262161254883,360.5544731257546,0.06386378630571969,0.22478746728194368,0.08968997122627015,-1.794221569881489
2018-08-21,94.65489959716795,33.40500259399414,359.0751864647351,0.07280973245750662,0.22477857664664933,0.0897052629174588,-1.6940906168345438
2018-08-22,94.61884307861328,33.311607360839844,358.0712676455273,0.0830665431999092,0.2236611500608913,0.09105849511229867,-1.5440031892421742
2018-08-23,94.42967987060548,32.746341705322266,351.9951456609244,0.14557519427733753,0.22423254801435835,0.09044692888900192,-0.8696520125470542
2018-08-24,95.28550720214844,33.144493103027344,356.2749324075313,0.10833399412721467,0.22163026039046665,0.09150948614891503,-1.2380822036185728
2018-08-27,94.69092559814452,33.72942352294922,362.56243377836205,0.03633480801965034,0.21870884429756274,0.09458090355891248,-1.9282331783214082
2018-08-28,94.75396728515624,33.66550827026367,361.87539951720834,0.04422667114681853,0.21601152931339226,0.09721851480593126,-1.766997351373786
2018-08-29,94.8891143798828,33.636016845703125,361.55839194496247,0.04892876541520077,0.21496599717268802,0.09868602003986983,-1.6824797645138294
2018-08-30,95.02426147460938,33.35585021972656,358.546840510992,0.08197386252486501,0.2155098796451934,0.09784408158735229,-1.3647837963618819
2018-08-31,95.1773910522461,33.631103515625,361.50557785195343,0.05236430551648472,0.21498839263010824,0.09863891154263406,-1.6486808762415588
2018-09-04,94.24950408935548,33.59177780151367,361.08286008422834,0.047519918873101474,0.2146689603503979,0.0991569875277567,-1.6857010851656513
2018-09-05,95.2404556274414,34.36349868774414,369.37819909347473,-0.029668680860343185,0.21349040637566846,0.10164465292955825,-2.3922467166524313
2018-09-06,94.9251480102539,34.00468063354492,365.5212121240541,0.007543002926385233,0.21254339969778271,0.10330866646277374,-1.9843484945695948
2018-09-07,96.42058563232422,33.92112350463867,364.6230445050561,0.03225064326154367,0.21060784139315658,0.10559375606472567,-1.6890884913903956
2018-09-10,95.87105560302734,34.40281677246094,369.8008348517386,-0.027304325056367876,0.2072928253100391,0.10987461290333704,-2.135135170603927
2018-09-11,95.16838836669922,33.94569396972656,364.8871559748317,0.016742084238699873,0.2048980231832695,0.11244906785509452,-1.6732547679900147
2018-09-12,95.46568298339844,34.23079299926758,367.9517265254642,-0.012297180749660923,0.20166706812940075,0.11586414704050768,-1.846682121642486
2018-09-13,96.01521301269533,34.353668212890625,369.2725299027261,-0.020259623927975704,0.19725632459542722,0.11919965376789043,-1.8248035262498101
2018-09-14,95.28550720214844,34.574859619140625,371.650148201666,-0.05302544284903131,0.19210610353296637,0.12322674276957142,-1.9892723030128523
2018-09-17,95.23143005371094,34.7173957824707,373.1822899604252,-0.06971201755492754,0.18557106860587372,0.12655255433412807,-2.017210063471297
2018-09-18,96.28548431396484,34.95825958251953,375.7713696550541,-0.0848913064757227,0.17948611684476953,0.13063663911826962,-2.0237616728729737
2018-09-19,95.25845336914062,35.05656814575195,376.82810256727095,-0.1076814083402304,0.1730765269019239,0.1351334482202469,-2.077634656258913
2018-09-20,95.55575561523438,35.59234619140625,382.5872579843586,-0.16450518846181345,0.16583633612084295,0.14135195146160975,-2.3370142482424443
2018-09-21,95.78997802734376,35.489112854003906,381.47758796494094,-0.15007337354712122,0.15843761388087532,0.1460768933709299,-2.1119766467418035
2018-09-24,95.12332153320312,34.58469772338867,371.7558994018758,-0.05593258309200709,0.15281553676244958,0.1477463121356054,-1.412882100656849
2018-09-25,95.2224349975586,34.039093017578125,365.89111579877016,0.006756852855464409,0.14816900370989886,0.14788503244659074,-0.9562303129324871
2018-09-26,95.77197265625,33.80805587768555,363.40766429015923,0.03838694189076977,0.14272243074285976,0.14575966013108763,-0.715804967974382
2018-09-27,96.11431121826172,33.94569396972656,364.8871559748317,0.02641895878224457,0.1359788245970349,0.14149207502959066,-0.774318037189558
2018-09-28,96.67282104492188,33.51805114746094,360.290361655979,0.07959366540463826,0.13081689988020354,0.13769191449245927,-0.37201337975709914
2018-10-01,96.93409729003906,33.91619873046875,364.5701073978553,0.03792344260671861,0.125233345950769,0.13446197739146015,-0.6493278251431958
2018-10-02,97.25841522216795,34.25043487548828,368.16285988330844,0.004191309522753834,0.12006618511221942,0.13302569280253657,-0.8710713934147318
2018-10-03,97.8530044555664,34.52079391479492,371.0689881549139,-0.019456724164079345,0.11530395793634057,0.13281710379227835,-1.014633494125736
2018-10-04,101.78978729248048,34.34876251220703,369.21979781917827,0.038138150786941216,0.11005014874651668,0.12943208031491168,-0.5555964007115676
2018-10-05,103.61856842041016,33.414825439453125,359.18077364602254,0.15199862145860712,0.10709169109205754,0.12632221119593076,0.35549512584843174
2018-10-08,104.01496124267578,33.48855972290039,359.9733540837331,0.14761041833347693,0.10583663925585024,0.12552353559939478,0.3327963865752369
2018-10-09,104.00593566894533,32.618526458740234,350.6212411575393,0.23745547920501225,0.10520524557817201,0.1247493647802294,1.0601275113490567
2018-10-10,102.10511016845705,31.384767532348636,337.35938867601175,0.3531439926560461,0.10713379330246178,0.12768795498156055,1.926651573275731
2018-10-11,97.21336364746094,30.89322662353516,332.0757446172929,0.37494540303512197,0.10957817988770163,0.1313964266593172,2.019592388425149
2018-10-12,99.52863311767578,30.539331436157227,328.2716742527078,0.427706503290027,0.11303194566871015,0.1369663337661665,2.297459156339395
2018-10-15,99.65473175048828,30.51966094970703,328.06023335938403,0.43055239244997634,0.115899857246951,0.14178033205202642,2.219296080415183
2018-10-16,100.02409362792967,30.937475204467773,332.5513789898535,0.38775457006766034,0.1181846278809949,0.14505564819529068,1.8583898354908537
2018-10-17,102.3303451538086,30.34762191772461,326.2109610141872,0.4635132311081152,0.12147996899704695,0.15060552633856158,2.2710538612120823
2018-10-18,102.07808685302734,29.65946388244629,318.81385113103477,0.5346526584456955,0.126503716211292,0.15917953060998666,2.5640793176757675
2018-10-19,100.82588958740234,29.605398178100582,318.2326910842826,0.5346373189142091,0.1329802142636183,0.16766712552905164,2.3955626565626056
2018-10-22,100.92497253417967,29.738109588623047,319.65922515938905,0.5209595884706681,0.13967798073291068,0.17497056344337159,2.1791185913461235
2018-10-23,99.44751739501952,28.21434211730957,303.2800290389506,0.6785445721189768,0.14773123597636753,0.18819633650150439,2.820529591649974
2018-10-24,95.7809829711914,27.01007461547852,290.33518412966896,0.8013895999338245,0.15842784624201608,0.20625462750710713,3.1173203794889557
2018-10-25,97.1953582763672,27.142784118652344,291.76169770241,0.7896029884345496,0.16720857447272647,0.22142788734801525,2.8108221661511594
2018-10-26,95.8440399169922,27.18211555480957,292.184476977231,0.7822254548923554,0.17510224119202486,0.2346039698059559,2.587864196000137
2018-10-29,96.7539291381836,27.43279838562012,294.87910284841684,0.7564231419301906,0.18354784469263866,0.24617045757274011,2.3271488499722794
2018-10-30,97.60072326660156,27.762134552001957,298.41918475741807,0.7222653780920815,0.1917393618934284,0.2557592199849647,2.0743182444403803
2018-10-31,97.69081115722656,28.120948791503903,302.27613072210806,0.6830403435872336,0.19951504322272176,0.26349958532720913,1.8350135153498581
2018-11-01,97.16832733154295,29.06962203979492,312.47355616956025,0.5763900386379376,0.20476301978152586,0.26785489967244636,1.3874191560836329
2018-11-02,96.16837310791016,28.65672874450684,308.0353066415611,0.6181361847795325,0.21059191761897658,0.2730188247106827,1.4927332120502295
2018-11-05,99.22232055664062,28.735366821289062,308.8805986604541,0.6213703361636338,0.21574976623819078,0.2778457362290413,1.459876892230122
2018-11-06,95.40260314941406,29.177757263183597,313.63591726779515,0.5563660624806965,0.2204362096723144,0.28121608626760347,1.194561297210834
2018-11-07,98.8439483642578,29.44320297241211,316.48923144639156,0.5429447385400217,0.22566274474629777,0.28428202730290325,1.1160817896365256
2018-11-08,99.18627166748048,29.56607818603516,317.81003482365344,0.5312057882717118,0.23031811539076485,0.2869928441819965,1.0484152444237915
2018-11-09,101.08714294433594,28.820384979248047,309.7944710912708,0.6193147299708314,0.23739607122978962,0.29130239596515506,1.3110728371308213
2018-11-12,101.97897338867188,28.83025932312012,309.9006118364213,0.6216031033542572,0.24573145696138565,0.29506040309657844,1.2738803392396985
2018-11-13,101.24930572509766,29.062368392944336,312.39558567432994,0.5942342458836528,0.2545709646210178,0.29745439694840464,1.1419003542971724
2018-11-14,99.42308044433594,29.472244262695312,316.8014004604269,0.5424672473021397,0.2623985898684284,0.2987669234584151,0.9374152071177773
2018-11-15,101.58699798583984,29.906816482543945,321.4726798724093,0.5062301664198006,0.2694513169220933,0.2994556698989521,0.7906974998256189
2018-11-16,103.06283569335938,30.01053047180176,322.58751648788217,0.5024837871004078,0.27539979346914445,0.30049631182612835,0.7556964418340598
2018-11-19,104.85552978515624,29.872264862060547,321.1012795250264,0.5251638626592903,0.282346957944679,0.30138548138917487,0.805668884895836
2018-11-20,103.86864471435548,29.31915855407715,315.15586011920163,0.5778921015408898,0.2913729128366997,0.30200168866484606,0.9487337304996395
2018-11-21,101.61417388916016,29.60558319091797,318.2346798137166,0.5382278550837776,0.29960626590231565,0.30188349388680263,0.7904426509351914
2018-11-23,102.19363403320312,29.654970169067383,318.7655475583914,0.5356514794263556,0.30771831113583487,0.3015725678163589,0.7558153247855074
2018-11-26,101.7499771118164,29.966087341308597,322.10979087406116,0.5007595329951888,0.31469807231034025,0.30110519979289646,0.6179284210728467
2018-11-27,103.41592407226562,29.911767959594727,321.52590401272425,0.5144478988109564,0.32239946553191484,0.3001897264395274,0.6397568483001678
2018-11-28,104.6020050048828,30.622886657714844,329.16982136934047,0.44687736546148826,0.32905542297505463,0.29841378154550147,0.394827416737348
2018-11-29,105.93297576904295,30.27720260620117,325.4540136873655,0.4889039176773659,0.3376982996173498,0.295341885070642,0.5119680807341283
2018-11-30,107.41783905029295,30.72659683227539,330.2846169800827,0.45099871009839704,0.34508922807021664,0.2924745339986549,0.3621152261709988
2018-12-03,107.3091812133789,30.17844581604004,324.3924627193035,0.5053510115716309,0.35297423420871804,0.2902665428802597,0.5249546704587689
2018-12-04,105.49838256835938,29.294464111328125,314.89041599568156,0.5869289163327676,0.36321145489853707,0.28744521241941495,0.7782960083113213
2018-12-06,104.88269805908205,28.92902946472168,310.96230632104033,0.6219565069190376,0.37329836194320937,0.28569461869553703,0.8703634185032433
2018-12-07,102.83647918701172,28.193208694458008,303.0528628314429,0.691347094928327,0.38502576653784243,0.28403516871173035,1.0784626769277739
2018-12-10,103.2982177734375,28.43025016784668,305.6008557860136,0.6680603814657328,0.39649776662773756,0.2812755023526247,0.96546841998898
2018-12-11,103.6694564819336,28.548778533935547,306.87493427276013,0.6569592366298501,0.4083308446190523,0.2769447825589866,0.8977543816260282
2018-12-12,103.5245590209961,28.84506607055664,310.05977169823376,0.6257150256747662,0.41992129533954714,0.27108935714360777,0.7591361479609885
2018-12-13,103.99535369873048,29.305286407470703,315.00674641638545,0.5798402517103053,0.43100015464264757,0.26358836604310865,0.5646686889182189
2018-12-14,101.34254455566406,28.9268798828125,310.9392001553489,0.6089784843466808,0.4429444861874295,0.2548575279051899,0.651477708051135
2018-12-17,98.11021423339844,28.68143844604492,308.30091478400345,0.6229869612456446,0.45606935534922044,0.24304821543107222,0.6867674613466211
2018-12-18,96.4261703491211,28.72746467590332,308.7956573610223,0.6112717901967902,0.46875844141161893,0.23041199945625324,0.6185153078897236
2018-12-19,98.78927612304688,28.06271171569824,301.650132002448,0.6929014118735783,0.4812390079943787,0.22162287434683864,0.9550566677875908
2018-12-20,98.95226287841795,28.33373069763184,304.5633540924468,0.6639665598120448,0.4921925031103217,0.21388031291578263,0.803131687811588
2018-12-21,99.06995391845705,28.072946548461918,301.76014769464,0.692660976337263,0.5030970703510966,0.2069166725383354,0.9161364507784934
2018-12-24,96.65253448486328,27.443992614746094,294.9994312303539,0.75492265594924,0.5152387986372132,0.19972034951666348,1.2000973255458327
2018-12-26,100.58199310302734,28.88086700439453,310.44460109488716,0.6109391442285881,0.5240945566176124,0.19169499386605351,0.4530352403029271
2018-12-27,102.21173095703124,29.381994247436523,315.8312900415964,0.5644413332821582,0.5328698547955363,0.18080406233844662,0.17461708591217012
2018-12-28,103.3978042602539,29.192785263061523,313.79745540398227,0.5891076128268949,0.5426184598506053,0.1670621518209881,0.27827459702604634
2018-12-31,104.77406311035156,29.21835327148437,314.072289610809,0.5918817734237967,0.5528074348104034,0.1499686656892179,0.2605500184576393
2019-01-02,104.01351165771484,29.586519241333008,318.02975867255776,0.5508499506942323,0.5613526314755248,0.13389115091401962,-0.07844193368714143
2019-01-03,100.78116607666016,28.901323318481445,310.6644889627139,0.6095262070122206,0.5689780912347516,0.12274713617857454,0.33033858906882285
2019-01-04,103.8143081665039,30.18480491638184,324.4608176052089,0.48804038902868263,0.5746519240796719,0.11016269632895648,-0.7862147345446125
2019-01-07,104.37567138671876,30.149009704589844,324.0760497156513,0.4944802344108689,0.5789356699997694,0.10148377082637329,-0.8322063212786383
2019-01-08,105.33539581298828,30.440475463867188,327.20905716165026,0.4693429312416478,0.5808723189761961,0.09815605345852287,-1.136245639518061
2019-01-09,106.12311553955078,29.98026466369629,322.2621849553251,0.5198963023912775,0.5832881672987987,0.09472565556447775,-0.6692153728550524
2019-01-10,104.9732437133789,30.251277923583984,325.1753455382279,0.4868858115667252,0.5842744891034104,0.09337671375941033,-1.0429653563051262
2019-01-11,105.19054412841795,30.394454956054688,326.71437609172733,0.4733149089801988,0.5849871977122473,0.09234097625848445,-1.2093470662412218
2019-01-14,103.83244323730467,30.665468215942383,329.62753667463016,0.4383696456191101,0.5858307823047716,0.09072568049374567,-1.6253516742244436
2019-01-15,106.01445770263672,30.4609375,327.4290065365729,0.4706672752979794,0.5859500163746026,0.09056676476984338,-1.272903380943223
2019-01-16,105.75189971923828,30.71149253845215,330.1222587492837,0.44388541366736417,0.5844372289616305,0.09218180404644379,-1.5247240683579202
2019-01-17,107.88866424560548,31.366004943847656,337.1577069085701,0.38968915236872953,0.5820214261858724,0.09535377757317365,-2.017038849557363
2019-01-18,105.56175231933594,32.204612731933594,346.1720228641053,0.29084221854695386,0.5781861366871438,0.10223124726753766,-2.8107249575877242
2019-01-22,106.01445770263672,31.729080200195312,341.06045515733706,0.342086241011133,0.5725784978353465,0.1057985818623578,-2.178594956254519
2019-01-23,107.55364990234376,31.509197235107425,338.696901480992,0.37347717386488727,0.5654466240675309,0.1045281613889527,-1.8365333097969554
2019-01-24,104.11309814453124,31.596120834350582,339.6312557747418,0.34379850173249965,0.5580165492891634,0.10416833741378835,-2.0564602726231915
2019-01-25,104.09500122070312,32.05632781982422,344.5780869763364,0.2961621467493131,0.549915494153446,0.10533014906108747,-2.4091235953436807
2019-01-28,104.1493148803711,31.34556007385254,336.93794205493515,0.36988680773094085,0.5434732219167918,0.10430128497697833,-1.6642787691845355
2019-01-29,104.7649917602539,33.155731201171875,356.39573234387024,0.18786184076119536,0.5345664962946104,0.11135374678360865,-3.113542790860542
2019-01-30,105.87866973876952,33.10970687866211,355.9010102692167,0.2010768014474425,0.5265337705922806,0.11766651891558456,-2.765926723627517
2019-01-31,108.52242279052734,33.50343704223633,360.13327253306164,0.18154068563805106,0.5199529480422824,0.12560466082424926,-2.694265166463452
2019-02-01,109.45501708984376,33.21708679199219,357.05525243079336,0.21663556475091617,0.5132612710418055,0.13086997642190334,-2.266568042578511
2019-02-04,108.80311584472656,33.365379333496094,358.6492703280234,0.1972915034011192,0.5061932904957636,0.13627253576048348,-2.26679415166662
2019-02-05,109.03851318359376,33.52901077270508,360.4081682469843,0.1828934487217415,0.4999687469331143,0.14233660392764128,-2.2276441158632836
2019-02-06,107.98824310302734,33.523895263671875,360.35318090325364,0.17545564626628904,0.4938439287285521,0.14824017576897977,-2.147786730625881
2019-02-07,106.3856964111328,33.697750091552734,362.22197150021464,0.1454688949362162,0.4874149805062939,0.1548111592195791,-2.2087948135901008
2019-02-08,108.28704071044922,33.72332763671875,362.49690821886793,0.15793410885001768,0.47972530348761366,0.1595350999599773,-2.0170557746748146
2019-02-11,106.8474349975586,33.5845832824707,361.0055251623223,0.16054662069012116,0.4720410287765447,0.16363654826838972,-1.9035747904894915
2019-02-12,108.18744659423828,34.3039665222168,368.738279267777,0.09946858390928598,0.4637949344103053,0.16972747027803806,-2.1465373277772906
2019-02-13,108.33231353759766,34.64823913574219,372.43891519943105,0.0665127780059361,0.45586235992203517,0.176956648456898,-2.2002540470296847
2019-02-14,109.92082977294922,34.36048889160156,369.34584636103364,0.10814208935193102,0.4492275586375707,0.18241491659111592,-1.8698332113386575
2019-02-15,111.49567413330078,34.99251937866211,376.1396331405463,0.05980613891630761,0.44184959783450234,0.18905580127878416,-2.0207973325019974
2019-02-19,111.17705535888672,35.054176330566406,376.80239260118657,0.051150370212379295,0.43394937296038716,0.195315627673242,-1.959899508852516
2019-02-20,111.65950012207033,35.47552490234375,381.3315291145542,0.014688009428237047,0.42456263809184297,0.2017095329268392,-2.032004252432972
2019-02-21,111.7141342163086,35.542320251464844,382.04952194730873,0.008742824342511623,0.41573788757948854,0.20813258353452643,-1.9554605834672776
2019-02-22,112.87934112548828,35.91228485107422,386.02632473953395,-0.01625539990507839,0.4065394395906313,0.2148311679086439,-1.9680330541027526
2019-02-25,112.77922058105467,35.70674133300781,383.8169078455032,0.002433050318727724,0.3982339982126903,0.22067996376587598,-1.7935518075119685
2019-02-26,113.48924255371094,35.62453842163086,382.93329690586717,0.016459977957723904,0.3899341995318031,0.2255461045136468,-1.6558664242036683
2019-02-27,114.4086685180664,35.15694046020508,377.90701903874077,0.06829669782513773,0.3836245217378639,0.22919206314613677,-1.375823488755227
2019-02-28,114.96395874023438,34.838356018066406,374.48250896292734,0.10258462469080494,0.3771858668547546,0.23159811050802628,-1.185679976238118
2019-03-01,117.28529357910156,34.82294845581055,374.3168908560458,0.12175855190619923,0.3716985308848846,0.23371036430727574,-1.0694432817282822
2019-03-04,116.0290298461914,34.673927307128906,372.7150410552717,0.12605529489764072,0.3653769356069848,0.23515920998750292,-1.017700479271309
2019-03-05,116.96665954589844,34.833221435546875,374.4273165955437,0.11842201689916995,0.35756848728309143,0.23545608566310494,-1.0156733460951899
2019-03-06,115.31898498535156,34.56088638305664,371.49994787348896,0.13121102216442268,0.34938939587051454,0.23463846525223406,-0.929849133949765
2019-03-07,115.0094757080078,34.48894500732422,370.72663965915905,0.1355968343988549,0.3401268915283567,0.23186355957884916,-0.8821138496321059
2019-03-08,115.33719635009766,34.58658218383789,371.7761557387908,0.12895341542020541,0.33114177542759793,0.22937246114171858,-0.8814848957934394
2019-03-11,112.42418670654295,35.01820373535156,376.4157179916563,0.06511546769757234,0.32127771261205995,0.22784423850400776,-1.1242866907515932
2019-03-12,112.42418670654295,35.06444549560547,376.9127773359539,0.06069418292906419,0.3118606985662982,0.22672194996999892,-1.10781737573477
2019-03-13,113.16153717041016,35.32136154174805,379.6744049369352,0.042410320118547715,0.30290353303976897,0.22657151114091237,-1.1497174186176118
2019-03-14,112.0418701171875,35.17235565185547,378.07271915508346,0.047136269143038666,0.2935394961197082,0.2253140270444858,-1.093599143421372
2019-03-15,112.82471466064452,34.76129150390625,373.6541313954055,0.09291109735839363,0.284704898388254,0.22255265426426962,-0.8617906700052891
2019-03-18,114.00813293457033,35.15181350708008,377.8519086808183,0.06550680942268539,0.2756088153753523,0.2201189545544398,-0.9544930211846182
2019-03-19,115.237060546875,34.99251937866211,376.1396331405463,0.09033128873608756,0.2655659799897275,0.21442995116040628,-0.817211822813661
2019-03-20,116.666259765625,34.80753326416016,374.15119073970317,0.11851887458060956,0.2564751852358702,0.20874009910857622,-0.6608999001361144
2019-03-21,116.80281829833984,35.038761138916016,376.6366924848439,0.0982699798151035,0.24656866862716756,0.20167333075621363,-0.7353410996684048
2019-03-22,116.79370880126952,34.44269943237305,370.22953931013086,0.15305836639356257,0.23653759713457292,0.19062514748825415,-0.43792349457017016
2019-03-25,118.22289276123048,34.63282012939453,372.2731740783577,0.14601066733128187,0.22878878918628448,0.1844990849968699,-0.44866413216307804
2019-03-26,119.26974487304688,34.643096923828125,372.38364082258624,0.15258009357578692,0.22192443519117827,0.1793903424596039,-0.3865556008457183
2019-03-27,117.22157287597656,34.8486442565918,374.5930987213476,0.11892485824608016,0.21408805594816468,0.17324293218798964,-0.5493049355619362
2019-03-28,117.38539123535156,35.07986068725586,377.07847745229657,0.09898164025188283,0.20587305372863282,0.16658310482193456,-0.6416701957320898
2019-03-29,118.1227569580078,35.0130729675293,376.36056662900324,0.1106837958132108,0.19853695114728245,0.16072234977065533,-0.5466144282947254
2019-04-01,117.4764404296875,35.480655670166016,381.3866804772073,0.06300705663566218,0.1894282986410065,0.1523013782989238,-0.8300728687905621
2019-04-02,117.72220611572266,35.15694046020508,377.90701903874077,0.09452143505595458,0.1828696494081277,0.14762550302832644,-0.5984617328295967
2019-04-03,115.6558074951172,35.11070251464844,377.4100006991738,0.08264082700192989,0.17600565928464537,0.14237226556043706,-0.6557796345741376
2019-04-04,114.34495544433594,35.465240478515625,381.22098036086453,0.038795413835812025,0.16882986732788144,0.13812376143918545,-0.9414343494353962
2019-04-05,115.6011962890625,35.465240478515625,381.22098036086453,0.04924084606350768,0.1609856097224186,0.13103073675561447,-0.8528133659763065
2019-04-08,115.75593566894533,35.42413711547852,380.7791543886813,0.05432867029193946,0.15377632403450553,0.1245344222829235,-0.7985555472898564
2019-04-09,115.82875061035156,35.14665985107422,377.7965112897817,0.08067361561235627,0.1472323024783748,0.11758085305397163,-0.5660673922434203
2019-04-10,115.78326416015624,35.34192657470703,379.895461439584,0.062184181417118935,0.14096254474167494,0.11167475488884018,-0.705426785158124
2019-04-11,113.92620086669922,35.81977462768555,385.0319190178247,0.0018114062466199677,0.13314828025748562,0.10437853764365142,-1.2582747083433001
2019-04-12,112.02364349365234,36.22572708129883,389.39556043850257,-0.054094224869275086,0.1248486196152083,0.09890647831918835,-1.8092125766221685
2019-04-15,112.95215606689452,36.15378952026367,388.62229322890323,-0.03858317123578062,0.11771074755513314,0.09483969393322969,-1.6479799998189566
2019-04-16,109.2016372680664,36.70359802246094,394.53226404512685,-0.1283730019506838,0.11072382721350583,0.09727936072379707,-2.4578371751748187
2019-04-17,106.05193328857422,36.54430770874024,392.8200295095855,-0.14574002527540308,0.10259338944206357,0.09799793039676286,-2.5340679513541016
2019-04-18,104.8685302734375,36.70873260498047,394.5874564125105,-0.17552302209298953,0.09344338617609896,0.0979068588408419,-2.747166148046096
2019-04-22,105.11434936523438,36.54944610595703,392.87526288169965,-0.15648509297510327,0.08510532626430557,0.09752657992296572,-2.4771751396412776
2019-04-23,106.95316314697266,36.575138092041016,393.15142974227086,-0.13918411923743532,0.07784955516452643,0.0977524194274998,-2.2202383907533814
2019-04-24,107.4174346923828,36.72928237915039,394.80834889623685,-0.14968547207323254,0.0691900171677902,0.09439941921740269,-2.3186105492550815
2019-04-25,107.62680053710938,36.05101776123047,387.5175847818878,-0.07970783688577125,0.06473052254034077,0.09501633349803953,-1.5201424229771212
2019-04-26,109.1197280883789,36.46210479736328,391.9364185699494,-0.10543103341701449,0.05962205862593315,0.09579789614063629,-1.7229302384745602
2019-04-29,108.87396240234376,36.647071838378906,393.9246559471396,-0.12618819466674458,0.05449324395418656,0.09738443752166885,-1.855342015819807
2019-04-30,106.54354095458984,36.826908111572266,395.8577419616768,-0.16896487635726887,0.048066569935716806,0.09920918343706438,-2.187614480575425
2019-05-01,107.58131408691406,36.40556716918945,391.32868745777034,-0.11558966994752286,0.04285188371323944,0.09945520834566761,-1.5930945829411074
2019-05-02,107.83617401123048,36.0664291381836,387.68324389350005,-0.07914769953125024,0.03848453124235625,0.0989535759910207,-1.1887617965851052
2019-05-03,106.4251937866211,36.67790603637695,394.25609718455564,-0.15521530219644353,0.03297334876797737,0.10039354367371464,-1.8745094961090913
2019-05-06,106.18850708007812,35.67591857910156,383.48558962227895,-0.05636201057670365,0.029609500342762038,0.09994062500173267,-0.8602258682890486
2019-05-07,104.63186645507812,35.37789535522461,380.28209504438365,-0.04146101903036339,0.026286248211422353,0.09891108456247659,-0.6849309917231126
2019-05-08,105.82439422607422,35.37275314331055,380.22682066753885,-0.02920254522632647,0.023123762112814895,0.0975699519414733,-0.5362953070893072
2019-05-09,105.4147491455078,35.460105895996094,381.1657879934809,-0.042109421128695396,0.020764128695515204,0.09740415541014581,-0.6454914532081818
2019-05-10,105.79705810546876,35.71702575683594,383.92745659919285,-0.0644471012029262,0.018581464042034163,0.0978280031021559,-0.8487198206249658
2019-05-13,104.11298370361328,34.91688919067383,375.32667335172897,0.0009450803484175651,0.01679484722530894,0.09714109864498001,-0.1631623185034921
2019-05-14,104.63186645507812,35.46923828125,381.26395331853024,-0.05084495059358493,0.014950662400144065,0.09736079151029536,-0.6757916813645817
2019-05-15,105.25088500976562,35.70669937133789,383.8164567934666,-0.06891616160756166,0.012949553536478383,0.09783688074576094,-0.8367572077116441
2019-05-16,106.8574676513672,36.07837677001953,387.8116707097299,-0.09023345290936508,0.011200862497518348,0.09873878345900441,-1.027299626888741
2019-05-17,106.1983413696289,35.74283218383789,384.204853601682,-0.06303702452116149,0.010004531683123796,0.09920282626947649,-0.7362850329069635
2019-05-20,106.39974212646484,35.78411865234375,384.64864780093393,-0.06519584308009892,0.00918885763020679,0.09962271510759559,-0.7466640577901129
2019-05-21,106.72013854980467,36.21260070800781,389.25446316051807,-0.10515578390527522,0.007395710393140072,0.10070872330669141,-1.1175942917641675
2019-05-22,108.001708984375,35.19564437866211,378.3230530353785,0.009173380137613561,0.007274267096138233,0.10070200074666812,0.018858741905762616
2019-05-23,106.93067932128906,34.61748123168945,372.10829405662696,0.05736866245148665,0.007092133173244047,0.10059959272557356,0.4997687159170947
2019-05-24,106.91236114501952,34.87558364868164,374.882674128824,0.031257113428555854,0.005903341318873229,0.09987082691959788,0.25386564717336285
2019-05-28,105.969482421875,34.638126373291016,372.3302116586182,0.04672435339991594,0.0046527713437685084,0.09886018476701919,0.42556649226679333
2019-05-29,105.7223129272461,34.84978485107422,374.6053591357961,0.022975647308725148,0.002934777217286582,0.0976023492898732,0.20533184126458237
2019-05-30,106.09764099121094,35.123374938964844,377.54621841421726,-0.001286481383582707,0.0009396355792407041,0.09641792660808528,-0.023088206116192677
2019-05-31,106.13426208496094,33.97736358642578,365.22757724824856,0.11512559073487774,0.0006715450554149552,0.09607130681125951,1.1913447363042304
2019-06-03,106.89407348632812,34.189022064208984,367.5027247254264,0.10013121583676769,8.045141271350193e-05,0.09533335735578512,1.0494832784569168
2019-06-04,107.61724853515624,35.422786712646484,380.76463871404985,-0.017054007799362704,-0.002353005640945967,0.09383979663390964,-0.15666063531412677
2019-06-05,107.1229248046875,35.69120407104492,383.64989557778136,-0.04868132567863362,-0.004249618863882732,0.09360275133081061,-0.47468376925930794
2019-06-06,107.56234741210938,36.00094223022461,386.97931568334025,-0.0753505634936462,-0.006517031304261239,0.09365064957022615,-0.7350032541714355
2019-06-07,108.34044647216795,36.24871063232422,389.64261394034986,-0.09221009337190793,-0.008760704862435499,0.09407025652857225,-0.8870964275953269
2019-06-10,104.29425811767578,36.238399505615234,389.531778153546,-0.1335206319520387,-0.011771653214020125,0.09513595942289882,-1.2797366997353696
2019-06-11,102.71974182128906,36.02675247192383,387.25675369055995,-0.12874766672652282,-0.01546596594876873,0.09530559487183222,-1.1886154315504383
2019-06-12,105.49346160888672,36.04222869873047,387.4231098825922,-0.10064664983732007,-0.01823519026976882,0.09532684815532894,-0.8645146793615488
2019-06-13,102.36272430419922,36.11965560913086,388.2553828995207,-0.14244026730826542,-0.02211471620384137,0.0955698740104958,-1.259032224853718
2019-06-14,102.28949737548828,36.145484924316406,388.5330259303934,-0.1459724033745627,-0.026522904169760907,0.09507173391889093,-1.2564144386670004
2019-06-17,103.80908966064452,35.74283218383789,384.204853601682,-0.0875036972937843,-0.029619132121575704,0.09395722398646464,-0.6160735994131475
2019-06-18,104.95336151123048,36.64622497558594,393.9155528969471,-0.1681709508732493,-0.034972954076022564,0.09251251586052335,-1.4397835315390504
2019-06-19,105.48429870605467,36.75462341308594,395.0807433215931,-0.17333726494652066,-0.040295419613985944,0.09109924396424533,-1.4604055922215011
2019-06-20,105.78640747070312,37.28632736206055,400.7961056864031,-0.22401378399426028,-0.0465719842401534,0.09055694161569598,-1.9594500055791568
2019-06-21,105.7223129272461,36.8268928527832,395.8575779427544,-0.17804359090623173,-0.051521458392691934,0.08946723305454818,-1.4141728562947649
2019-06-24,105.85047149658205,36.85785675048828,396.19041334101075,-0.17976166560593967,-0.056167180156988974,0.08875391286075505,-1.3925525248994555
2019-06-25,105.60333251953124,36.80624008178711,395.63557833130193,-0.1772686579306511,-0.06096638771938667,0.08735302833328187,-1.3314051319151894
2019-06-26,101.92332458496094,36.60491180419922,393.4714716645809,-0.19854201556899345,-0.0653255389227976,0.0875872493333169,-1.5209574185762478
2019-06-27,102.04232788085938,36.49134063720703,392.25067882524525,-0.18518066525706192,-0.06998724059468121,0.0863703453670514,-1.3337149941086694
2019-06-28,101.41983795166016,36.99207305908203,397.6331237823377,-0.24552593999920536,-0.0754566867113668,0.0869301272590845,-1.956390248699029
2019-07-01,103.20492553710938,37.291481018066406,400.8515030774397,-0.25516701475485437,-0.08035606052121123,0.08864861142945855,-1.9719536653176748
2019-07-02,104.54141235351562,36.83204650878906,395.91297533379105,-0.1918806886730544,-0.0843747527668206,0.08813793056379954,-1.2197465406612258
2019-07-03,104.74281311035156,36.75462341308594,395.0807433215931,-0.1816434451513901,-0.08830762135754275,0.08710250196536447,-1.0715630629182331
2019-07-05,103.27818298339844,36.45005035400391,391.8068436212628,-0.16670099490037252,-0.0924305315327549,0.0847923549817514,-0.8759099022972264
2019-07-08,102.08808135986328,36.475868225097656,392.08436363794357,-0.183020360909604,-0.09651727390486696,0.08310638314740186,-1.0408717565209233
2019-07-09,103.5161590576172,36.46037292480469,391.9178024222583,-0.1650907330526046,-0.0992989762265207,0.08255076529139439,-0.7969854258024964
2019-07-10,104.8435287475586,36.398433685302734,391.2520086115539,-0.14398976514149178,-0.10079723523105764,0.08253219324904755,-0.5233415981094456
2019-07-11,100.53187561035156,36.53780746459961,392.75015744864805,-0.20795590381996942,-0.10362011410746079,0.08326153243410737,-1.2531091689319949
2019-07-12,99.1313018798828,37.23469924926758,400.2411476625025,-0.3005888194194855,-0.10649037773194082,0.08701316331672049,-2.2306790638221363
2019-07-15,99.29605102539062,36.90949249267578,396.7454533743726,-0.2632261534677686,-0.10844847986848025,0.08920569104338583,-1.7350650142266275
2019-07-16,99.616455078125,37.46184158325195,402.68273334117384,-0.3187645400061292,-0.11083583850036591,0.09287257039914584,-2.2388601996491704
2019-07-17,98.0327606201172,36.20741653442383,389.1987377316367,-0.2025230362064926,-0.1116031375542224,0.09344452796041425,-0.9729825880311198
2019-07-18,99.17705535888672,35.660247802734375,383.3171421889862,-0.12934445372117984,-0.11143914312895147,0.09340392858552385,-0.19169761768461005
2019-07-19,97.7581558227539,35.789302825927734,384.70437322981536,-0.15992663213060945,-0.11160982912990774,0.09348432711265846,-0.5168438870237027
2019-07-22,98.19754791259766,35.70154571533203,383.76105940243,-0.1451301688254781,-0.11270020132890286,0.09348745831764453,-0.34689110261600203
2019-07-23,99.06719970703124,35.737667083740234,384.14933319645354,-0.1389970519719442,-0.11325963497148503,0.0935436354709766,-0.27513808791881533
2019-07-24,99.34181213378906,37.2398567199707,400.2965860582697,-0.2983908638744191,-0.1161296794582796,0.09654071657292673,-1.8879203603016521
2019-07-25,98.70103454589844,36.99723434448242,397.68860318283555,-0.2803971000024142,-0.1179868831856987,0.09862372961164975,-1.6467661226789692
2019-07-26,99.11296844482422,36.99723434448242,397.68860318283555,-0.2750755060893948,-0.12064498045472989,0.10068569339884513,-1.5337881720983038
2019-07-29,99.52490234375,36.91463851928711,396.800768755948,-0.2608772379348072,-0.12367380609478916,0.10213911725013827,-1.343299565669903
2019-07-30,99.49744415283205,36.635887145996094,393.80443007702905,-0.2311104705950722,-0.12493872556809965,0.10300265972473392,-1.0307670239846984
2019-07-31,99.73546600341795,36.20741653442383,389.1987377316367,-0.18199330361145144,-0.1270325804520121,0.10286182372747539,-0.5343160481487632
2019-08-01,101.16352081298828,35.17500686645508,378.10121744284845,-0.05560909507321943,-0.12726838171939306,0.10267838698339889,0.6979003931738775
2019-08-02,102.9119873046875,34.70008087158203,372.9961694882451,0.011931579902699932,-0.1265828129672426,0.1034784624127343,1.33858186177394
2019-08-05,99.51573181152344,33.25983047485352,357.5147104371335,0.13377891027956496,-0.12365134077710493,0.10829155561755746,2.3771959834597887
2019-08-06,101.97824096679688,33.82768249511719,363.6186336290811,0.09484074278054937,-0.12099654337738035,0.11166743692586689,1.9328578867733703
2019-08-07,101.7219467163086,33.68829727172852,362.1203617777952,0.10728923377744146,-0.11922414082022995,0.11444512588645138,1.979231293977608
2019-08-08,104.33088684082033,34.32840347290039,369.00095557198176,0.06366298852612551,-0.11731567516823477,0.11654030927483552,1.5529276077992946
2019-08-09,104.1478042602539,33.66248321533203,361.8428827658448,0.13074693580107344,-0.11398795687809085,0.12072135593676615,2.027270906461293
2019-08-12,103.99217224121094,33.440513610839844,359.4568995018631,0.15238990763284374,-0.10994423420238736,0.1254994692156645,2.090320727846451
2019-08-13,105.91455841064452,34.415809631347656,369.9404969641522,0.06879267910717321,-0.10774707247524845,0.1274730836534758,1.384917870680286
2019-08-14,101.52814483642578,32.859474182128906,353.2112229562414,0.1933356183631466,-0.10343821478452771,0.1331775952447284,2.228406606999623
2019-08-15,101.47288513183594,33.04624557495117,355.21885557100404,0.17311141120151144,-0.09880042819941459,0.13787898417555808,1.9721050385365984
2019-08-16,101.73985290527344,33.45088577270508,359.56839136435656,0.13252964240571538,-0.09674449049494621,0.1404127021059184,1.6328589184738556
2019-08-19,103.59015655517578,33.65839767456055,361.7989666993754,0.1264915033876815,-0.09559244314600963,0.14197348165590407,1.564263578968556
2019-08-20,102.19092559814452,33.399009704589844,359.0107680329671,0.14181535457654804,-0.0937498057935431,0.14434537406289155,1.631955037696289
2019-08-21,102.6051788330078,33.74140167236328,362.6911886324368,0.109410412917566,-0.09270503813491562,0.14560075587005877,1.3881483639608254
2019-08-22,102.74325561523438,33.43013000488281,359.34528462517795,0.14317295753381173,-0.09070174963116416,0.14802604239796505,1.5799564953321417
2019-08-23,100.81009674072266,32.43926239013672,348.69430585259164,0.23239612329125284,-0.08680703955325025,0.15339534961616078,2.0809181219850608
2019-08-26,102.8997573852539,32.78165817260742,352.374767456792,0.2122169698586714,-0.08518884990118701,0.1560508023816084,1.9058269180351848
2019-08-27,101.93316650390624,32.90616989135742,353.71316186347997,0.1916166258085083,-0.08366409306832466,0.15832264707998916,1.7387324173385834
2019-08-28,102.15409088134766,33.144805908203125,356.2782947954403,0.16825445482061271,-0.08057561869132508,0.1614211937127218,1.5414956846049344
2019-08-29,103.3324203491211,33.91778945922852,364.58720637051437,0.09732955763211602,-0.07814210396947924,0.16300301500801942,1.0764933494816793
2019-08-30,103.99520111083984,34.01115798950195,365.5908381566079,0.09343169332308979,-0.07532906635586699,0.16450150561274812,1.025891885003383
2019-09-03,104.90654754638672,33.32637023925781,358.2299559529379,0.17147334267695538,-0.07093434242171927,0.1675370750623623,1.4468898004124955
2019-09-04,104.25296020507812,33.95928192138672,365.03321482521847,0.10102188122209071,-0.06702530053548376,0.16878361849236576,0.9956367997002945
2019-09-05,105.49571990966795,35.3807487487793,380.31276658287027,-0.03322373545746097,-0.06543323501433275,0.1686420086278089,0.1909933344541561
2019-09-06,104.98941040039062,35.453369140625,381.09337363924647,-0.045641540775896376,-0.06451648319664234,0.16859684125109226,0.11195312012183789
2019-09-09,102.24615478515624,36.558372497558594,392.97121395129676,-0.1898650802458317,-0.06530689674560178,0.16907883365149956,-0.7366870282353951
2019-09-10,102.27375030517578,37.30540084838867,401.0011293393884,-0.26805797352085675,-0.06734165624804002,0.17079198011120106,-1.175209264171141
2019-09-11,102.81690216064452,37.51810073852539,403.28747110801925,-0.28359621377025584,-0.07060986485598121,0.17304563825607486,-1.2308102709823583
2019-09-12,102.61437225341795,36.931884765625,396.9861511429773,-0.2247218747251279,-0.07155238025351252,0.173738642024194,-0.8816086777648793
2019-09-13,102.08043670654295,37.108280181884766,398.88225089051593,-0.24970239375269132,-0.07282513240028203,0.1747735531950237,-1.0120367648246993
2019-09-16,101.3808135986328,36.80739212036133,395.64796175994223,-0.22642413848797419,-0.07286530497517726,0.17480916705777674,-0.878436961272424
2019-09-17,102.2921905517578,36.77625274658203,395.31324014407846,-0.21222504564810601,-0.07343499588754183,0.1752129765037774,-0.7921219793761796
2019-09-18,103.76506042480467,36.70362854003906,394.53259208297163,-0.18749516258641427,-0.07356388750388308,0.175295344245489,-0.6499389677057157
2019-09-19,105.26557159423828,36.49612808227539,392.3021397621446,-0.14937916687033773,-0.07309906265287786,0.17505250149898824,-0.4357555794077056
2019-09-20,106.93180084228516,36.48054885864258,392.1346764423862,-0.12990327206365504,-0.07195508359445556,0.17444204423748683,-0.3321916383318023
2019-09-23,105.10909271240234,36.51167297363281,392.4692340393276,-0.1526800025551222,-0.07141340588275655,0.17413468663998863,-0.46668816098873345
2019-09-24,104.25296020507812,35.37556457519531,380.25704115398884,-0.04500587951317543,-0.06807140487465604,0.17265437705454245,0.13359363228998294
2019-09-25,102.5407257080078,35.48969650268555,381.4838616887223,-0.07441971124151558,-0.06505894981610041,0.17090256623902275,-0.054772503604909574
2019-09-26,102.93656158447266,35.67125701904297,383.4354818414893,-0.08924754560068139,-0.06334839743156086,0.17012355017026987,-0.1522372895651373
2019-09-27,103.44287109375,35.80094909667969,384.82956067232817,-0.09739293475737434,-0.06194422225832726,0.16947707843421905,-0.20916523241109664
2019-09-30,102.94578552246094,36.31972885131836,390.4059990098753,-0.15686051276826712,-0.06178021422279218,0.1693787168524796,-0.5613473777126623
2019-10-01,102.14488220214844,35.03834533691406,376.6322229692088,-0.031085805921703506,-0.059247971639660495,0.16866967376418504,0.16696638518036241
2019-10-02,98.4994888305664,34.353553771972656,369.2712997608082,0.005485042198713061,-0.056405042052138546,0.16829256255326766,0.36775293757418587
2019-10-03,98.76646423339844,34.75301742553711,373.56519213474047,-0.03530189265532007,-0.054593577510702346,0.16791837126063883,0.1148872795189169
2019-10-04,99.60413360595705,35.19398880004883,378.3052569822994,-0.07418405567930522,-0.05236404670835794,0.1667314759995685,-0.13086916456616599
2019-10-07,99.2635498046875,35.13690948486328,377.6917031983756,-0.07168863721537952,-0.048549043671622834,0.1635438243952295,-0.1414886415266663
2019-10-08,98.6744155883789,34.529930114746094,371.1671944846938,-0.011965554660197825,-0.04436136702482999,0.16115306227874354,0.20102511181945595
2019-10-09,98.77567291259766,34.70114517211914,373.00760980808167,-0.029560437568859392,-0.0395412986508755,0.15708015022295818,0.0635399257503215
2019-10-10,98.42585754394533,34.924217224121094,375.40544343920595,-0.05758142477652393,-0.03712560512704268,0.15563911467062358,-0.1314310974639733
2019-10-11,99.75142669677734,35.84764862060547,385.3315405842974,-0.14303583995708308,-0.037353794897641075,0.1557865795923165,-0.6783770805932394
2019-10-14,99.3279800415039,36.04478454589844,387.45058305209227,-0.16924252582741586,-0.03750905979258785,0.1559154016033547,-0.844903484069874
2019-10-15,100.9849853515625,36.49612808227539,392.3021397621446,-0.19809944575333302,-0.03839188107471876,0.1566831706277314,-1.01930260945554
2019-10-16,99.37401580810548,36.35085678100586,390.74059761154734,-0.20180825799712754,-0.039438734508471816,0.15757403959097385,-1.0304332103824325
2019-10-17,99.843505859375,36.719200134277344,394.6999733932688,-0.23581286081866853,-0.038395767790875966,0.15603055028078466,-1.2652464063770255
2019-10-18,100.00920104980467,37.37285232543945,401.7261749858056,-0.3040209184135982,-0.03878949809772904,0.15668002582573662,-1.6928221636296261
2019-10-21,99.33719635009766,37.870887756347656,407.07962959836595,-0.366734212397604,-0.04031714320286586,0.15944532218122534,-2.04720379832613
2019-10-22,101.1138687133789,39.6191635131836,425.8720976309985,-0.5285738229054503,-0.04477875295237658,0.1691704239164205,-2.8598088173621594
2019-10-23,98.86770629882812,38.96549987792969,418.8457730242699,-0.49223334660277734,-0.04913080088583833,0.17721283729669182,-2.500397558530658
2019-10-24,99.2727279663086,39.06407928466797,419.90541727235905,-0.4968192728597113,-0.05437790037330933,0.1856723737739242,-2.3829143964363877
2019-10-25,101.44528198242188,39.89411544799805,428.8275955982427,-0.5527140122939121,-0.06266298232698754,0.1965032626723911,-2.4938569635046437
2019-10-28,104.01361846923828,40.21057891845703,432.2293070438442,-0.5470783982811432,-0.07197981529671825,0.20593252746080992,-2.307059447298042
2019-10-29,102.7984848022461,40.11200714111328,431.16974480521617,-0.5550585237681857,-0.0834604391975141,0.21333526761271876,-2.21059597809582
2019-10-30,103.76506042480467,39.67103958129883,426.4297209623878,-0.49489274659814475,-0.093289330687159,0.21850389026670414,-1.8379691794996957
2019-10-31,104.89735412597656,39.45835494995117,424.1435432126794,-0.4569619958774864,-0.10269351784807447,0.22184178116487502,-1.5969420916527717
2019-11-01,103.57176208496094,40.4907112121582,435.2404894352393,-0.5827519137671724,-0.11346709955296276,0.22920016227654674,-2.0474890137642365
2019-11-04,104.12409210205078,41.13919448852539,442.21112961781705,-0.6413016563668267,-0.12633457608909443,0.23680302391659766,-2.1746642916988437
2019-11-05,102.4118423461914,41.331146240234375,444.2744466567305,-0.6888902485419813,-0.1403559120253415,0.24479151735342267,-2.2408224862002974
2019-11-06,104.77766418457033,41.33633041381836,444.3301720856119,-0.6512878832439332,-0.1523572547311933,0.25191190091585297,-1.980575854887457
2019-11-07,103.81111145019533,41.43489456176758,445.38965231477874,-0.6768683534928296,-0.1668606542621262,0.2566770759540174,-1.9869624014342018
2019-11-08,104.5107192993164,41.70574569702149,448.30107019663126,-0.6935007872896711,-0.18130419090364597,0.2615584336072859,-1.9582492115511638
2019-11-11,103.83869934082033,41.62762451171875,447.461334318734,-0.6963738052760678,-0.19511924836500902,0.2665444193348689,-1.8805666918927892
2019-11-12,104.17931365966795,41.37238693237305,444.7177487992153,-0.6644922866613066,-0.20830231153249212,0.26990769625625216,-1.6901703117635618
2019-11-13,103.82951354980467,41.22134017944336,443.09412548649414,-0.6544625398930051,-0.22157360977365134,0.27196923533743744,-1.5916834475129515
2019-11-14,103.13050079345705,41.42448425292969,445.2777504049794,-0.6868498095471992,-0.23484461348139743,0.2749555581860269,-1.6439209268866217
2019-11-15,104.79701232910156,41.783878326416016,449.14092908872016,-0.6968884928440747,-0.2488456376543622,0.2767627179706853,-1.6188699781347329
2019-11-18,105.61177825927734,41.68492126464844,448.0772253723018,-0.6737256346097459,-0.26394766695271216,0.2747727450356706,-1.4913341117723917
2019-11-19,106.5653839111328,41.37238693237305,444.7177487992153,-0.6272231906074958,-0.2779383362938149,0.27146793794117663,-1.2866523279421898
2019-11-20,106.11176300048828,41.07029724121094,441.47054317850353,-0.6035777145149445,-0.29119157529920586,0.26753792318027675,-1.167633117213224
2019-11-21,106.24134063720705,41.55990219116211,446.7333773364444,-0.6511584991424758,-0.3048484578652573,0.2645850856456319,-1.3088796763890302
2019-11-22,107.58380889892578,41.8984603881836,450.37258818166407,-0.6643815201491987,-0.3175436424949459,0.2632314696161119,-1.3176155501470619
2019-11-25,108.75965881347656,42.46100616455078,456.41947379335124,-0.7019857457238109,-0.3308005998123943,0.26221054349977874,-1.4155996206602952
2019-11-26,108.40784454345705,42.59643173217773,457.87518273427736,-0.7209372507767317,-0.34567410970328905,0.25852128370426336,-1.4515754203925686
2019-11-27,108.7318878173828,42.79435729980469,460.00271318130586,-0.7353752628224954,-0.35961406210403213,0.2565690291895045,-1.4645618058636463
2019-11-29,108.64855194091795,42.38286590576172,455.5795328918011,-0.6959954349780461,-0.3706602570960419,0.2565459292435748,-1.2681361923818255
2019-12-02,108.08377838134766,42.03388977050781,451.8283381273208,-0.6701512109188437,-0.38106875159842435,0.2558035022775587,-1.1300957834687946
2019-12-03,108.8892822265625,41.71617126464844,448.41313612535293,-0.6264323514763855,-0.38834487278560026,0.2564806931216305,-0.9282861637381702
2019-12-04,109.87069702148438,41.5859489440918,447.0133576369611,-0.5991640866679397,-0.3938633080047183,0.2574090929173734,-0.7975661478637882
2019-12-05,110.88909912109376,41.72657775878906,448.5249970304217,-0.5981094052704993,-0.3991051945297224,0.2583262954256832,-0.770359867596319
2019-12-06,110.7687530517578,42.25265121459961,454.17983641287043,-0.6508965443024762,-0.40620810568934484,0.2593073655660306,-0.9436231712084683
2019-12-09,111.3242645263672,42.22660827636719,453.89989711708427,-0.6401438905604374,-0.41271546396947395,0.2602107832429352,-0.8740161485876402
2019-12-10,111.703857421875,42.29431915283203,454.6277310851821,-0.6410860872048477,-0.4196264964480885,0.2606852896011027,-0.8495285295753888
2019-12-11,111.82421875,42.39849853515625,455.7475702777878,-0.6493339954119619,-0.4269116456108194,0.2608986478334211,-0.8525239653336762
2019-12-12,112.67601013183594,43.20584487915039,464.42585246608013,-0.7138853910171238,-0.4356848160846646,0.26156095083290215,-1.0636166218488297
2019-12-13,112.51859283447266,42.71622848510742,459.1628952939475,-0.6695090631578355,-0.4443536476894562,0.26052839606773154,-0.8642260070946125
2019-12-16,113.74073791503906,43.13813018798828,463.6979774932517,-0.6914422768553614,-0.4537126311026513,0.2591232277364246,-0.9174385786615947
2019-12-17,116.036865234375,42.78914642333984,459.94670071931023,-0.6256438465074945,-0.46159536183519084,0.256995595647556,-0.6383318914822179
2019-12-18,119.87913513183594,43.03395080566406,462.578138300646,-0.5954907691590692,-0.4707701099959557,0.2516416626954793,-0.49562802052394034
2019-12-19,121.14752960205078,42.69640350341797,458.94979370903457,-0.5488364438165906,-0.47867705553887363,0.24637499269350824,-0.2847666782683403
2019-12-20,122.61038208007812,42.95359420776367,461.71437365061894,-0.552905109970509,-0.48640468161170414,0.2411697859280239,-0.2757411261236996
2019-12-23,121.42530059814452,42.621395111083984,458.1435176913046,-0.5386532459704734,-0.49375902013192247,0.23577365145885515,-0.19041239579048294
2019-12-24,121.38827514648438,42.58926010131836,457.798093840755,-0.5362769495874731,-0.5000826274122425,0.231636461158042,-0.15625485726332056
2019-12-26,121.41602325439452,42.59996795654297,457.91319411954095,-0.5368738353877689,-0.5085124279033436,0.22333388550110916,-0.12699106282411599
2019-12-27,121.76782989501952,42.54639434814453,457.33732368303583,-0.527704312874639,-0.5173989171545661,0.21289928342433168,-0.04840502774043234
2019-12-30,121.5641632080078,42.31064987182617,454.80327233686813,-0.5094184232557767,-0.5253008593312404,0.20328404999313493,0.07812927810125808
2019-12-31,121.68453979492188,42.38029098510742,455.551854698648,-0.5140770571686675,-0.5326324093560632,0.1944803767525463,0.09540989428977305
2020-01-02,122.40667724609376,42.59996795654297,457.91319411954095,-0.5244357050993039,-0.5401781938207952,0.18483689982421686,0.08516962109006748
2020-01-03,121.99933624267578,42.18206024169922,453.4210438731718,-0.4927045072433795,-0.5481905096971815,0.17148945804764845,0.3235534305460643
2020-01-06,122.45295715332033,42.02669143676758,451.75096220068417,-0.4735363000807896,-0.5555901074057138,0.15776082925518997,0.5201152130875022
2020-01-07,122.68444061279295,41.74808120727539,448.75614069679733,-0.4463452335720655,-0.5620695042189727,0.14437610459425562,0.8015472572288226
2020-01-08,123.79547119140624,42.30528259277344,454.7455786809181,-0.4817464009993828,-0.5677146802363444,0.13396012709839858,0.6417452797265172
2020-01-09,125.84162139892578,42.032039642333984,451.80845083298124,-0.43431373534013373,-0.572132533728223,0.12464310623429516,1.1057073475770687
2020-01-10,127.76737213134766,41.68914413452149,448.12261760907285,-0.3838472990137001,-0.5752283312825626,0.1172852435509777,1.6317571288128776
2020-01-13,128.6376953125,41.82307815551758,449.56229370033554,-0.3856763251571213,-0.5782927990685623,0.10950720331224645,1.758938846810092
2020-01-14,130.22085571289062,41.89810180664063,450.36873373698796,-0.37502282544311344,-0.5806129651456364,0.10343433279920936,1.9876392503214804
2020-01-15,130.6467742919922,41.50161743164063,446.106866057652,-0.3379188443180468,-0.5811779305773772,0.1019803184491118,2.385353271677777
2020-01-16,130.9430389404297,42.09097671508789,452.44197392070583,-0.3832723801383494,-0.5814535667063897,0.10141165277703498,1.9542249942791496
2020-01-17,129.23020935058594,42.06954193115234,452.2115683394809,-0.39982349688603663,-0.5793077279393994,0.10388161558503668,1.7277766623338506
2020-01-21,130.46156311035156,41.54448699951172,446.56767722010164,-0.3433503957700686,-0.5768263454255211,0.10770459383884036,2.167743652650558
2020-01-22,131.06338500976562,41.22301483154297,443.11212656322624,-0.31081645546844533,-0.5737262984689999,0.11261152701119938,2.334661912313895
2020-01-23,130.73936462402344,41.57663345336914,446.9132240848431,-0.34313899877670945,-0.5702333815770465,0.1164588356339774,1.9499970231033397
2020-01-24,128.75802612304688,41.14264678955078,442.2482388990074,-0.327576689880475,-0.5665750197703688,0.12057349285269692,1.9821796999932233
2020-01-27,128.05435180664062,40.274681091308594,432.91835053679716,-0.2620130708075437,-0.5616909288876913,0.12682125109268472,2.3629940210977276
2020-01-28,128.93397521972656,41.13191986083984,442.13293359656836,-0.32487072179718324,-0.5588572284743419,0.13019373932729272,1.7972178069864204
2020-01-29,129.54501342773438,40.77831268310547,438.33195908914337,-0.28928061286808965,-0.5560625387575188,0.13415741270639178,1.9885738738364815
2020-01-30,132.09109497070312,40.75152969360352,438.04406487562153,-0.2622499656738588,-0.5507208396226303,0.13935663017469097,2.0700190122791997
2020-01-31,129.28578186035156,39.76032638549805,427.3894776867426,-0.20722782240897153,-0.5434862757233325,0.14569751493691757,2.3079216791031083
2020-02-03,130.54489135742188,39.829986572265625,428.13826507217556,-0.2013199341502261,-0.5353601038168033,0.15095243360536892,2.2128836328657666
2020-02-04,132.80401611328125,40.81582260131836,438.7351586051043,-0.2606777921479727,-0.5288499356318707,0.1542548947323644,1.7385000582910672
2020-02-05,136.42410278320312,41.78557968139648,449.15921719856635,-0.30363424634839703,-0.5226293671794634,0.15570347234655987,1.4064883559156212
2020-02-06,136.37782287597656,41.57126998901367,446.8555714336236,-0.28718499055550706,-0.5158574372338941,0.15697652728061848,1.4567301917031306
2020-02-07,135.5537872314453,40.40327453613281,434.30062000522406,-0.2023901253596656,-0.5076243759019541,0.16026803690008806,1.9045235497117439
2020-02-10,134.72052001953125,40.52164840698242,435.5730378003814,-0.2192719638666658,-0.5002040371887101,0.1631626339514273,1.7217917271774146
2020-02-11,133.55393981933594,40.7099609375,437.5972363263053,-0.24507859347479485,-0.49338097141507314,0.16515019947137433,1.5034942660382122
2020-02-12,132.86878967285156,41.19422149658203,442.80262285667965,-0.29067585018192116,-0.48677807209231855,0.165203725940798,1.1870326821846144
2020-02-13,131.9661102294922,40.26336288452149,432.7966895011158,-0.2236823866162392,-0.47889130365518795,0.16629486149625242,1.5346771075346792
2020-02-14,131.333251953125,40.21494674682617,432.2762574603778,-0.22561628744866125,-0.47142281453583657,0.1674548253868843,1.46789754502009
2020-02-18,131.2308807373047,39.97819519042969,429.7313808653325,-0.207180011230923,-0.4644220948795603,0.16959752414385412,1.5167797109493315
2020-02-19,131.06332397460938,39.94053268432617,429.3265411601477,-0.20563443368589088,-0.4577897068657428,0.17182980071500875,1.4674711378969023
2020-02-20,132.15220642089844,40.6453971862793,436.90323126095007,-0.2530335358194559,-0.451154290810359,0.17192308190411382,1.152380196984838
2020-02-21,132.18943786621094,40.54854583740234,435.86216215582124,-0.24480503154369598,-0.44416134933360074,0.171635962364557,1.1615066856820446
2020-02-24,128.56919860839844,39.1334342956543,420.6509242793442,-0.16154445320280603,-0.4351539944582506,0.17205666464737857,1.5902292527650324
2020-02-25,126.0192413330078,37.65914535522461,404.80358001711494,-0.059294547578908896,-0.4241266160716202,0.17461377840371037,2.0893658669318333
2020-02-26,124.26959228515624,37.35243988037109,401.50675867238067,-0.04767925520025277,-0.4126650159445829,0.1763981976372825,2.0691014173219013
2020-02-27,120.2305908203125,36.46463394165039,391.9636047063352,-0.0035010150089232607,-0.40112344227843083,0.1801604605693826,2.2070460189369743
2020-02-28,117.3828125,35.99650573730469,386.93162718165587,0.015021535638986526,-0.38970389650246695,0.18448214476112612,2.1938460909889463
2020-03-02,123.62744903564452,37.49234008789063,403.0105661622974,-0.06528511593971902,-0.3803514425768559,0.18649056515081183,1.689449149249711
2020-03-03,121.27293395996094,36.34626007080078,390.69118691117785,0.015616277845124451,-0.3701051031683048,0.19109662728628551,2.0184625259532845
2020-03-04,130.64459228515625,37.36857604980469,401.6802086828063,0.002116186981360659,-0.3601013432974405,0.19463636459844177,1.8609961762597627
2020-03-05,130.4304962158203,35.16789627075195,378.0247846250155,0.18184241463429385,-0.34622236064849427,0.2030571084942705,2.6005727117782143
2020-03-06,131.64968872070312,34.73744201660156,373.3977698197127,0.2245656937840544,-0.33181053424275275,0.21231756923754114,2.6204907583711683
2020-03-09,126.30775451660156,32.77350616455078,352.28714034750607,0.35890669678690373,-0.3151439878428902,0.22640966177116575,2.9771286232080634
2020-03-10,131.3983612060547,34.78587341308594,373.91836587937297,0.21912054188073163,-0.3006697455546787,0.2323645647752906,2.2369602178287225
2020-03-11,130.30953979492188,33.62364959716797,361.42545460836675,0.30846682470710907,-0.2836305419592748,0.23894131932816687,2.478003253397899
2020-03-12,117.28042602539062,31.85879898071289,342.45482102129006,0.3933963351833415,-0.2659154519869219,0.24903603936801003,2.6474553194928276
2020-03-13,129.70462036132812,35.04413986206055,376.6945091549857,0.18751988881826478,-0.2512660825590281,0.24943231388775608,1.7591384393553176
2020-03-16,120.40741729736328,32.3753547668457,348.00735360089914,0.3630353466642329,-0.23478809600616596,0.25682838584697887,2.327715609389799
2020-03-17,133.26901245117188,32.10630798339844,345.1153309566191,0.44620850101496307,-0.21742644150326546,0.26703813892335004,2.4851691417334085
2020-03-18,133.1665802001953,29.99711036682129,322.4432618456417,0.6160359679902809,-0.19801190130648424,0.28432090448435976,2.863130555852411
2020-03-19,123.8601303100586,30.147748947143555,324.062497652189,0.5741130520603361,-0.17922826527263686,0.2974046630314511,2.533051464809433
2020-03-20,113.9114761352539,28.140775680541992,302.4892528093863,0.7263035377634938,-0.15814565221040405,0.3157626070627959,2.8009940702003604
2020-03-23,110.79380798339844,26.85480499267578,288.66616858017676,0.8433659415357577,-0.13515160402501686,0.33726150484481904,2.9013614999168396
2020-03-24,114.36750793457033,30.66968536376953,329.6728674043052,0.48970836494343906,-0.1180419006861634,0.3425348862378566,1.7742726071048425
2020-03-25,113.4833984375,31.73504066467285,341.12452504889495,0.3848224389903651,-0.10283312148841331,0.344291204675216,1.4164043514814848
2020-03-26,125.03272247314452,32.5260009765625,349.6266714169076,0.37364727341117054,-0.08811535987729753,0.3454884724728528,1.3365500445886849
2020-03-27,124.80940246582033,32.00947189331055,344.0744258704127,0.4170123432222187,-0.0725972032041161,0.34693907611932046,1.411226293396673
2020-03-30,128.839111328125,33.50528335571289,360.1531188226706,0.3104498073307659,-0.05868244466361494,0.34524828648535927,1.0691790993437251
2020-03-31,129.0996551513672,32.89188003540039,353.5595581426634,0.36291484850830547,-0.04442212206775352,0.34468738228088136,1.1817577071739902
2020-04-01,126.95916748046876,32.34843826293945,347.7180242218063,0.3981849365030581,-0.029893434791356057,0.3446651817713091,1.2420122308102794
2020-04-02,132.3197021484375,32.751991271972656,352.0558736669386,0.3897825677287999,-0.015957971436341634,0.3444449030268649,1.1779548357360825
2020-04-03,129.97447204589844,33.15016174316406,356.33586543719855,0.3458424618632446,-0.0021648237219645122,0.3420382776438007,1.017451286395567
2020-04-06,131.78929138183594,34.94191360473633,375.5956643844457,0.20870976307723257,0.008552234584991594,0.3383220035795406,0.5916184178815413
2020-04-07,132.04051208496094,35.259376525878906,379.0081190694636,0.18437127677043608,0.018022544181393863,0.3350891266224161,0.4964313055030481
2020-04-08,136.07957458496094,35.75977325439453,384.3869556102635,0.1690533191912913,0.027268038253867408,0.3313942659894396,0.4278447018812995
2020-04-09,135.62355041503906,36.195594787597656,389.0716640715164,0.13171732395947394,0.035713707410577195,0.32740115255406715,0.2932293176122606
2020-04-13,134.4043731689453,35.47459411621094,381.3215239602885,0.18150401967219948,0.04437075514374797,0.32420584144093345,0.42298209038727513
2020-04-14,140.6304168701172,35.94809341430664,386.41123614564856,0.1815486725825308,0.05378443935576263,0.31974773723887145,0.3995782247907523
2020-04-15,140.69558715820312,35.178653717041016,378.1404179652992,0.24071297941883185,0.06446004729417712,0.3150039632699452,0.559526078005607
2020-04-16,143.99937438964844,35.6144905090332,382.8252904454745,0.2255993740590748,0.07394254345799617,0.31105843847976683,0.48755092882954637
2020-04-17,146.38186645507812,36.40006256103516,391.2695176315189,0.18051712446703552,0.08213143645692084,0.3072011142935379,0.32026474980850766
2020-04-20,146.84718322753906,36.15793228149414,388.66682436633164,0.20083765310321347,0.0911977139882529,0.3024275605170812,0.3625328952411005
2020-04-21,142.08226013183594,35.36159896850586,380.106922835273,0.23428274612682223,0.10056203792170786,0.29790577578680366,0.44886913606136875
2020-04-22,145.8420867919922,35.58758544921875,382.53608408057346,0.23736692374555773,0.1088850378309262,0.2945614882501088,0.43618019001024
2020-04-23,148.83876037597656,35.463836669921875,381.2058906200048,0.2616586864914979,0.1186605279690709,0.2896135317185519,0.4937551007160586
2020-04-24,151.6306915283203,36.30859756469727,390.2863472059932,0.21536820004053675,0.127071341517548,0.2848542821023954,0.30997202454288203
2020-04-27,150.10438537597656,37.02421569824219,397.97862964234855,0.15614360938190291,0.13404456776847737,0.2802460276062816,0.07885586033880398
2020-04-28,146.39112854003906,37.21254348754883,400.00299218719476,0.12091047669621763,0.1395135394202305,0.27665199960839715,-0.06724355056296592
2020-04-29,144.39955139160156,37.44390487670898,402.4899290979064,0.09156335285881824,0.1443949275370479,0.2730972848030316,-0.19345331359238474
2020-04-30,143.91561889648438,37.25021362304688,400.4079139018408,0.10297554838945067,0.15045581654600496,0.26794171783550114,-0.17720371631603893
2020-05-01,142.97569274902344,36.74443435668945,394.97121968616835,0.13510378914401946,0.15776811713754527,0.26124223450858153,-0.08675598735464538
2020-05-04,142.64996337890625,36.78747177124024,395.4338350567645,0.12988585952844775,0.16471929797227783,0.2546682061339984,-0.13677969061242698
2020-05-05,146.94024658203125,36.62067413330078,393.640903211408,0.16749276475395536,0.17088401280750487,0.2500662948911243,-0.013561396009110376
2020-05-06,145.8141632080078,36.74980545043945,395.02895434684905,0.1515442201088894,0.17706428254043077,0.24478688607289678,-0.10425420593790131
2020-05-07,142.3614501953125,36.91661071777344,396.82196820166666,0.11837169931575899,0.18312178742027332,0.23858179728098497,-0.27139575961973417
2020-05-08,142.86398315429688,37.46005630493164,402.6635431272544,0.08058381514981097,0.18930944850913553,0.2307720193879282,-0.47113871797670825
2020-05-11,147.55447387695312,37.20598983764648,399.9325460600289,0.12831879713618524,0.1951761349050093,0.22448359926990766,-0.29782727106240925
2020-05-12,146.78199768066406,36.13030242919922,388.36982710261714,0.202506137201808,0.20231150864918376,0.2175796346263661,0.000894516405262138
2020-05-13,146.97743225097656,35.67625045776367,383.4891570338409,0.236773492822627,0.20971073371674293,0.21086313170555832,0.12834277328136023
2020-05-14,148.0901336669922,36.00596618652344,387.03331891353656,0.21857566560964908,0.21678090203833525,0.20369053049450617,0.008811227340596679
2020-05-15,148.88491821289062,36.1248893737793,388.3116413898999,0.21416112517472688,0.22456747972157165,0.19413185761251345,-0.05360456895032561
2020-05-18,147.69741821289062,37.82221603393555,406.55645024067803,0.08431462720148494,0.23005280736732467,0.18508351250227964,-0.7874184912286268
2020-05-19,146.51927185058594,37.05463409423828,398.3056013641295,0.13326407525009465,0.23496628284153967,0.17830033694443273,-0.5703982916372193
2020-05-20,143.18125915527344,37.31410217285156,401.0946611298803,0.0935784675136288,0.23751416642641532,0.17508744422905764,-0.8220789305970053
2020-05-21,142.38645935058594,36.86004257202149,396.21390905164293,0.12279703534815194,0.2403554379355554,0.17173203098311363,-0.6845455790304078
2020-05-22,141.33926391601562,36.9843635559082,397.55025322180103,0.10684289035364457,0.2421945030249315,0.169654596193465,-0.7978069307178639
2020-05-26,138.3471221923828,39.21144104003906,421.4894300153235,-0.08551116100167733,0.24051895808092044,0.17241029289327334,-1.891013080549775
2020-05-27,136.23399353027344,40.57361602783203,436.13164524530515,-0.2098269763019935,0.23810992707488252,0.17768475034198072,-2.5209642499694254
2020-05-28,140.86236572265625,40.00603866577149,430.0306743939605,-0.12676362346087716,0.2357369287197825,0.18161384702317276,-1.9959962201252581
2020-05-29,143.01295471191406,39.924949645996094,429.15903683565875,-0.10372485045566165,0.23397291142916546,0.18441390070097888,-1.831194723397739
2020-06-01,142.54544067382812,39.52494812011719,424.85936279471224,-0.07718126434523696,0.22965585011283995,0.18863837841424114,-1.6265890167072834
2020-06-02,143.86378479003906,39.69251251220703,426.6605365909187,-0.07983014651402194,0.22458258610787202,0.19282437881206807,-1.5787045937722581
2020-06-03,142.6201934814453,40.34118270874024,433.6331860052958,-0.13813547198268553,0.2162985499617122,0.19757414958433228,-1.7939291283301795
2020-06-04,140.91845703125,40.91416549682617,439.7922605598965,-0.19558629384868523,0.20938676936622194,0.20460262969948237,-1.9793150450203219
2020-06-05,139.5159149169922,42.13581466674805,452.9239435241437,-0.3017286153279949,0.19921684536563686,0.2145191061211798,-2.335202070116088
2020-06-08,139.5159149169922,42.61148071289063,458.0369463964829,-0.33837678464531834,0.18702062670182587,0.2238895285380918,-2.346681485185025
2020-06-09,139.44114685058594,42.67633819580078,458.73410882609403,-0.3440941090644607,0.17816039340378043,0.23415325734500222,-2.2303960593584633
2020-06-10,141.1896209716797,41.51416778564453,446.2417716213162,-0.2389698735247341,0.16812697306729765,0.2389459859330351,-1.703719127159228
2020-06-11,134.71920776367188,39.233055114746094,421.7217628188864,-0.11646795236288877,0.15874903217766675,0.23888881380442545,-1.1520714601809334
2020-06-12,134.2142791748047,39.55197143554688,425.1498403062619,-0.14621004910267363,0.1460449318927842,0.23438376129757071,-1.2469079742449158
2020-06-15,132.32554626464844,39.84929656982422,428.34583101845783,-0.18672282615304225,0.13336433392256122,0.23139420167053532,-1.383298102393038
2020-06-16,153.0738983154297,40.27630615234375,432.93581855203155,-0.055854300097294605,0.12032836995821476,0.21913094638137995,-0.8040063394281037
2020-06-17,149.5768585205078,40.16279602050781,431.71568178838544,-0.07238244332671373,0.10506589687717356,0.19887230681380347,-0.8922727505244125
2020-06-18,150.6053924560547,40.25468444824219,432.7034037390074,-0.07161713351712062,0.0957104719028309,0.1936043973197617,-0.8642758518732877
2020-06-19,149.54879760742188,40.519569396972656,435.550690222206,-0.09822752216515324,0.0876596392169056,0.19140932971633867,-0.9711499520819415
2020-06-22,150.02566528320312,40.389835357666016,434.1561603393306,-0.08544144929403308,0.0800081605051522,0.1889433917102802,-0.8756570330487157
2020-06-23,148.9877471923828,40.41685485839844,434.4465968461496,-0.09495253896597582,0.07147541246868229,0.18498500492758563,-0.8996834716403533
2020-06-24,146.82786560058594,39.20061111450195,421.37301758515844,-0.02201943880556215,0.06593425836641016,0.18267030286243918,-0.4814887575798585
2020-06-25,152.279052734375,39.595211029052734,425.6146289275795,-0.013288048315515985,0.05966421008601313,0.17871755132535513,-0.4081986232494848
2020-06-26,152.25100708007812,39.157371520996094,420.90822896384077,0.017437407805585763,0.05331841794105527,0.17316732879179303,-0.20720427107015593
2020-06-29,152.14817810058594,39.8276596069336,428.1132521865114,-0.03058195872592197,0.04631234250014324,0.16774246530956252,-0.4584068863192133
2020-06-30,153.5133056640625,40.46010208129883,434.91146747692846,-0.06570164707356715,0.03945327401786304,0.16365116774985222,-0.642555274962437
2020-07-01,152.69049072265625,40.135772705078125,431.4252042768358,-0.048612253035670544,0.035164573749314657,0.16250813688177884,-0.5155238894033413
2020-07-02,153.2234344482422,40.90876007080078,439.7341568566404,-0.099192644259016,0.030438508398823786,0.1622184057561062,-0.7991149466278135
2020-07-06,156.0472412109375,41.708763122558594,448.33350493853345,-0.13440916213452903,0.025380800376726784,0.1625537576207102,-0.9829976547456799
2020-07-07,155.9163055419922,40.9573974609375,440.25696717175293,-0.08356134915743453,0.021792822491444975,0.16254273198039007,-0.6481629191614051
2020-07-08,158.14170837402344,40.78983688354492,438.4558343802771,-0.056923890071642017,0.01781902399571428,0.16148303333881764,-0.4628530472952754
2020-07-09,155.63580322265625,40.23307418823242,432.47111194017504,-0.03548813203725391,0.014201743918717868,0.16017885159877657,-0.31021495946566835
2020-07-10,152.74658203125,40.67090225219727,437.17738888972207,-0.08588553603614549,0.00875843532780158,0.15788383161103342,-0.5994532207522955
2020-07-13,151.54977416992188,40.88713836669922,439.50174204361633,-0.10979813847830786,0.00316847678551187,0.1560025946687307,-0.7241329255048785
2020-07-14,153.23280334472656,41.64931106567383,447.69444621217826,-0.15107442779300487,-0.0023580490854888036,0.15548598195822977,-0.9564616490473571
2020-07-15,154.70082092285156,42.55202865600586,457.39788767012766,-0.20287534207655253,-0.009086599005151571,0.15527885429640262,-1.2480047199568403
2020-07-16,154.28001403808594,42.94662094116211,461.63941700308754,-0.23364865764838333,-0.01688545573473833,0.15459789191885068,-1.4021096874168586
2020-07-17,155.17767333984375,42.935829162597656,461.52341462022844,-0.22576480071737406,-0.024604317809120528,0.15324409692753385,-1.3126801419527332
2020-07-20,156.18751525878906,43.07096099853516,462.97596619689875,-0.2271395770417332,-0.03275095553467438,0.15074017395372225,-1.2895608145359896
2020-07-21,154.560546875,45.22234725952149,486.10152712591434,-0.3896783279150471,-0.042835064333934116,0.15406173544365812,-2.2513264736522256
2020-07-22,154.1304473876953,46.08181381225586,495.34005694835423,-0.4534958923580595,-0.05299572269626682,0.16067767217110468,-2.492568906744569
2020-07-23,151.0261688232422,46.519657135009766,500.04649791682357,-0.5145349638147834,-0.06358648003811683,0.16970896334636904,-2.6571871920300354
2020-07-24,149.17474365234375,46.34668350219727,498.18717941263054,-0.5208680040258069,-0.07379366931952726,0.1784134657510526,-2.505832913587925
2020-07-27,150.0724334716797,46.4439697265625,499.2329230570473,-0.5187388716331395,-0.08415557631990375,0.18587116235187598,-2.338088866580166
2020-07-28,152.0826873779297,46.18991088867188,496.5020079992832,-0.48070715410657433,-0.094419092040747,0.19050314067665722,-2.027725425910315
2020-07-29,151.24119567871094,46.4818115234375,499.6396899845701,-0.5096918810836997,-0.10507872105094944,0.19556595256841447,-2.0689345702504385
2020-07-30,143.0596923828125,45.73585891723633,491.62133793050685,-0.5399813146386032,-0.11686995570749209,0.20012790505783043,-2.114204707278806
2020-07-31,140.52574157714844,45.98991775512695,494.35225298827106,-0.5871837124075465,-0.12918208791609936,0.20597321977392094,-2.2235979269254327
2020-08-03,142.9100799560547,46.276405334472656,497.43174926084083,-0.5822513327775358,-0.14085913845098758,0.21148709625632273,-2.087088064188938
2020-08-04,144.78948974609375,45.89801406860352,493.3643670187268,-0.533621553781934,-0.15109589459985,0.21541519168462941,-1.775759899710817
2020-08-05,144.31259155273438,46.97371673583984,504.9272499950609,-0.6188134569440165,-0.16354809883452007,0.22052334856404743,-2.064476895866072
2020-08-06,142.94749450683594,47.22237014770508,507.6000613495691,-0.6529703957507308,-0.17780604105039569,0.22408168283988164,-2.120496189953489
2020-08-07,142.99424743652344,47.89265441894531,514.8050435675091,-0.7028164639459984,-0.1934658736632061,0.22742439113378576,-2.23964803310459
2020-08-10,143.0596923828125,48.7443962097168,523.96053881049,-0.7660352110320533,-0.2098760549405678,0.23265196019263756,-2.390519966524166
2020-08-11,140.84364318847656,49.03733444213867,527.1093740824994,-0.8161791580267705,-0.2270483929939261,0.2387677302439786,-2.467380179184417
2020-08-12,142.638916015625,49.00479507446289,526.7596037305065,-0.7908683414244051,-0.2416347758043576,0.24604574335071025,-2.2322416886407073
2020-08-13,141.37045288085938,48.01200866699219,516.0879995784298,-0.731450312334267,-0.25604668226409694,0.24902113074437054,-1.9090895164161374
2020-08-14,141.02285766601562,48.256134033203125,518.7121383177193,-0.7543259130417544,-0.27017842194002,0.2528730495577748,-1.9145871493558255
2020-08-17,142.3758544921875,48.07167816162109,516.7293955744291,-0.7237284486666004,-0.2842871800069326,0.25418785478952954,-1.7288051351766203
2020-08-18,143.86036682128906,48.044551849365234,516.4378109351534,-0.7039142299465453,-0.2977997986786024,0.25459256726626617,-1.5951543111751856
2020-08-19,143.0899200439453,47.80043029785156,513.8137132005945,-0.6947499051162312,-0.3079537777471783,0.25810725227647763,-1.498586823723679
2020-08-20,142.197265625,47.29589080810547,508.39034552236626,-0.66724908314732,-0.31557747952793375,0.26188750543177136,-1.3428346000684102
2020-08-21,140.2429962158203,47.20909881591797,507.45740589182196,-0.6838296918969716,-0.3248619140018686,0.2649370197253801,-1.3549173998680528
2020-08-24,140.48728942871094,47.143985748291016,506.75749614526075,-0.6759196673212661,-0.33439849428296203,0.26713130791141654,-1.2784767749932027
2020-08-25,140.6375732421875,46.87815475463867,503.900040488874,-0.6538109293546512,-0.34400898869978563,0.26809152587290286,-1.1555827422972589
2020-08-26,140.2429962158203,47.127716064453125,506.5826109692643,-0.677591983446908,-0.3539716859820004,0.26921237102132356,-1.202100394707621
2020-08-27,139.97048950195312,46.83476257324219,503.43361167833245,-0.6583604709910255,-0.36264210263213936,0.2705173773551978,-1.0931584922568527
2020-08-28,138.43896484375,46.92156219482422,504.36663331833796,-0.683446194489733,-0.37077310097615684,0.27273381415650644,-1.1464405118983554
2020-08-31,139.42547607421875,46.56893157958984,500.5761560219457,-0.6443484913537257,-0.3764834322432523,0.27484233230264865,-0.9746135424855439
2020-09-01,138.4014129638672,47.22536849975586,507.6322910678184,-0.7074985090396877,-0.38263546098315854,0.27808693211352464,-1.1682068106814487
2020-09-02,140.5154571533203,47.67565155029297,512.4724484627648,-0.7162550552470459,-0.38883814341953493,0.28134412153546234,-1.163759562633127
2020-09-03,140.0174560546875,46.35734558105469,498.30178763464926,-0.6211528851300039,-0.3952078602796228,0.28221855973134286,-0.8006029974267773
2020-09-04,141.79330444335938,46.4495735168457,499.2931590062944,-0.607840899951199,-0.40339740940609464,0.2811201673919448,-0.7272459049871871
2020-09-08,140.2899627685547,45.29403305053711,486.8720880232942,-0.5365319014011589,-0.40990277361106936,0.2795797279091228,-0.4529267151703155
2020-09-09,142.7892608642578,46.09151458740234,495.4443319782625,-0.5696715974200892,-0.41628525313218684,0.27876839474550963,-0.5502286025929527
2020-09-10,137.3866424560547,44.94139862060547,483.0815697221714,-0.5414124776131725,-0.42437788942411814,0.2751521662613892,-0.42534496376769837
2020-09-11,139.1436309814453,45.51103210449219,489.20464212330796,-0.5659542287590199,-0.4326040858479898,0.27180803946129206,-0.4906041159611115
2020-09-14,139.99867248535156,46.85103225708008,503.60849685432896,-0.6592758198875469,-0.44239839728749697,0.2691546651231773,-0.8057724821555556
2020-09-15,141.01344299316406,46.53095245361328,500.1679129241214,-0.6229362483702112,-0.45114354272424795,0.2662915905914933,-0.6451300443411419
2020-09-16,141.8402557373047,46.88359069824219,503.95847222997486,-0.6401999999056588,-0.460389518567775,0.26298922129971186,-0.6837180643725523
2020-09-17,143.25904846191406,46.579776763916016,500.6927324710332,-0.6011599277722816,-0.46882630838121353,0.2591589348543506,-0.5106272699625062
2020-09-18,144.8563232421875,45.70091247558594,491.2456935935072,-0.5182879413746251,-0.4770974500906978,0.2524907524637634,-0.16313663325091
2020-09-21,142.04696655273438,44.40973663330078,477.366658409398,-0.4506087572793886,-0.48438612857342905,0.24507827266909785,0.13782278994452649
2020-09-22,140.80670166015625,44.6701545715332,480.1659283530675,-0.48326635811779195,-0.4927311913388187,0.23605996840080976,0.040095037227812706
2020-09-23,140.7597198486328,44.27412414550781,475.90894023667255,-0.4535184900457209,-0.499780133527482,0.22821000883372167,0.20271522584913548
2020-09-24,139.82015991210938,44.5724983215332,479.11620724978275,-0.48622432271125166,-0.5067888447881101,0.22099624145028565,0.09305371866011847
2020-09-25,141.1825408935547,45.315731048583984,487.1053229309303,-0.5284697157462241,-0.5147864691666193,0.21265981175352597,-0.0643433588451767
2020-09-28,139.15301513671875,46.9541130065918,504.7165266845227,-0.6773222029876408,-0.5244219618120964,0.20651903556223578,-0.7403687546733043
2020-09-29,137.4241943359375,46.73710632324219,502.38389057504776,-0.6814492303091609,-0.5335392962816736,0.2010108624602294,-0.7358305527232477
2020-09-30,139.0778350830078,46.26511764526367,497.31041626300413,-0.6249773470020527,-0.5425628962457505,0.19243805455597454,-0.4282648301889283
2020-10-01,135.57322692871094,45.836544036865234,492.70361678988564,-0.6330033371800748,-0.5521642203642244,0.18187884723334727,-0.4444668417770171
2020-10-02,136.43763732910156,46.107791900634766,495.6192991637202,-0.6440274016152825,-0.5623065415238583,0.16909668542569048,-0.4832788997944991
2020-10-05,137.77186584472656,47.7895736694336,513.6970137373154,-0.7593209431268217,-0.5735304649753696,0.15898548941385768,-1.1686002215448603
2020-10-06,135.42286682128906,47.56715774536133,511.30623291985376,-0.7721833377928206,-0.5845702182972781,0.1489175342740438,-1.2598457287795914
2020-10-07,139.96109008789062,48.76609420776367,524.1937737181261,-0.806799938299253,-0.5954989768057154,0.14038148214090077,-1.5051911282818273
2020-10-08,144.22682189941406,48.793216705322266,524.4853173526711,-0.7553824540778471,-0.6047074286724038,0.13206523450753663,-1.1409136247499312
2020-10-09,147.40260314941406,48.40260314941406,520.286555953724,-0.6890778442923626,-0.61229791511647,0.12316512068012823,-0.6233901996921476
2020-10-12,145.1570281982422,48.70640563964844,523.5521726984739,-0.7377049602514483,-0.6208302511087047,0.1132688569379862,-1.0318344539022897
2020-10-13,141.01344299316406,48.03369522094727,516.3211114718742,-0.7374870188845932,-0.6293360418060856,0.101783731282008,-1.0625566160358
2020-10-14,139.4912872314453,48.26698303222656,518.8287557715373,-0.7744238790902125,-0.6357484676590051,0.09849574176881426,-1.407933063306447
2020-10-15,137.91278076171875,48.37006378173828,519.9367856017311,-0.8027676582656089,-0.6415696637574642,0.09786097775258311,-1.6472142237909515
2020-10-16,137.29269409179688,48.793216705322266,524.4853173526711,-0.844040094372137,-0.6470614159334201,0.09983684884077074,-1.9730057661663292
2020-10-19,134.17323303222656,49.40082931518555,531.016632851632,-0.935591341130056,-0.6539734715518243,0.10516609434230137,-2.6778390063778903
2020-10-20,134.91552734375,49.010215759277344,526.8178714526849,-0.8938204645537577,-0.6602248314338346,0.10809819371388363,-2.1609577837924707
2020-10-21,132.77322387695312,49.31943893432617,530.1417559196132,-0.9494116628248259,-0.6680365732458055,0.11177830494580064,-2.5172603012315706
2020-10-22,133.09268188476562,49.74260711669922,534.6904516894756,-0.9789094575048454,-0.6758568661861578,0.11681279153226576,-2.594344226719204
2020-10-23,133.7786102294922,50.25798797607422,540.2303548120608,-1.0101738952715422,-0.6836934091967068,0.12314312285723059,-2.6512279248703936
2020-10-26,133.13966369628906,49.13500213623047,528.159218199976,-0.9291556421747657,-0.6893929413594939,0.12646953139778797,-1.8958139416294646
2020-10-27,123.93171691894533,47.9848747253418,515.796332929693,-0.9727334876395135,-0.6959009772738601,0.13083430256519624,-2.1159016017814176
2020-10-28,123.37732696533205,46.05355072021485,495.0362528993607,-0.8133329163404243,-0.7005628333165017,0.12993420393974633,-0.8679014424578827
2020-10-29,124.54242706298828,46.476707458496094,499.58482565503124,-0.8328913789077795,-0.7041307986825643,0.13058895303836277,-0.9859990238790685
2020-10-30,122.5787124633789,46.31938171386719,497.8937085557473,-0.8484581802114358,-0.7073889284235761,0.1317246155618404,-1.0709406984120768
2020-11-02,123.67803192138672,48.19102478027344,518.0122695758887,-0.9946968831915862,-0.7122536020776693,0.13684310803635316,-2.063993467898173
2020-11-03,123.06729125976562,49.79143524169922,535.215312241118,-1.144381539210547,-0.7185593742139775,0.14765353765044456,-2.883927955757228
2020-11-04,139.61343383789062,48.14762496948242,517.5457587558859,-0.7636818120150686,-0.7176844184471157,0.14722017081577907,-0.3124394796791178
2020-11-05,136.7289276123047,49.156681060791016,528.392248083959,-0.8802177987520059,-0.7191735760692424,0.14841998932896408,-1.085057500750917
2020-11-06,134.11685180664062,48.87459182739258,525.3600302657676,-0.8942283692209336,-0.7218865436840202,0.15012610244405378,-1.1479804160048626
2020-11-09,133.73158264160156,49.326473236083984,530.2173686428341,-0.9360070280007596,-0.7249145622666703,0.15260329021015953,-1.38327597945877
2020-11-10,137.7061004638672,49.60958862304688,533.2606167335562,-0.9022289576725031,-0.7278895707501021,0.15431016719136964,-1.129798444882714
2020-11-11,136.01478576660156,49.09236907958984,527.7009493308232,-0.8850073034541394,-0.7309077886418952,0.1555989314605346,-0.9903635800437951
2020-11-12,133.19102478027344,48.449928283691406,520.7952606415112,-0.8731230296490095,-0.733880674050775,0.1565971902794861,-0.8891753124671162
2020-11-13,134.46600341796875,48.950809478759766,526.1793047830969,-0.8954026558508525,-0.7376832335958337,0.1577178415127503,-1.0000100225963875
2020-11-16,132.77548217773438,48.95625305175781,526.2378185336589,-0.9199759591863813,-0.7416190047173239,0.1592897982915232,-1.1197010504253297
2020-11-17,133.35159301757812,48.35736846923828,519.8003218583041,-0.8634065889450588,-0.7447437867443871,0.15981722120991323,-0.742490710965454
2020-11-18,132.37881469726562,48.91270065307617,525.7696675244323,-0.9221926357575945,-0.7492168151844363,0.16098057246601996,-1.0745136380333733
2020-11-19,135.43878173828125,49.02159118652344,526.9401475593254,-0.8874066902806762,-0.752713726964999,0.1616756828730411,-0.8331058878003772
2020-11-20,137.40310668945312,48.33559036254883,519.5662258513255,-0.8067578459443381,-0.7551870165475542,0.16134255376751566,-0.319635633579311
2020-11-23,135.41043090820312,48.76025772094727,524.1310364803127,-0.8670566957184676,-0.7582471915680331,0.16169965666746097,-0.6729111637769501
2020-11-24,136.84591674804688,49.22304916381836,529.1056483868866,-0.8838235712834075,-0.7622384429001945,0.16179609824422464,-0.7514713253448497
2020-11-25,136.70420837402344,48.35736846923828,519.8003218583041,-0.8177072968771367,-0.7640752560308186,0.16178970277252439,-0.33149230097619087
2020-11-27,139.2447052001953,47.76936340332031,513.4797706746122,-0.7391518445416866,-0.7644568691857293,0.16170197710557918,0.15649174547519878
2020-11-30,137.55418395996094,47.399147033691406,509.5002615701675,-0.7315952879809882,-0.7662975758999124,0.16066834954534664,0.21598708156972746
2020-12-01,137.46920776367188,47.5189323425293,510.78785111564576,-0.7420320537840579,-0.7685340951304601,0.1593538313562279,0.16630940794362303
2020-12-02,137.0914764404297,47.44814682006836,510.0269673346867,-0.741281724800639,-0.771946592187118,0.15646757048148455,0.1959822555697425
2020-12-03,136.0998077392578,46.958152770996094,504.759950694225,-0.7152696229993142,-0.7743732259467717,0.15439261686343497,0.3828136613536157
2020-12-04,140.19857788085938,47.20315170288086,507.3934795168211,-0.6839072000745526,-0.7767481379877949,0.15182297382680304,0.6115078342435415
2020-12-07,139.22584533691406,46.99081802368164,505.1110742023276,-0.679278648684272,-0.7786368783198824,0.14984822243732016,0.6630591142125213
2020-12-08,141.00132751464844,47.04526138305664,505.6962937174088,-0.6622837037476109,-0.7786870097175501,0.14980811141304112,0.7770160432034259
2020-12-09,149.21775817871094,47.573368072509766,511.3729886212658,-0.6087958080078331,-0.7784513357115105,0.15006818408995015,1.1305229601631397
2020-12-10,152.05101013183594,46.68592834472656,501.8337711093576,-0.5160812554053703,-0.776382689969839,0.1528361813895558,1.703140134736817
2020-12-11,151.14439392089844,46.52804183959961,500.1366263146759,-0.5139466016278601,-0.7749291345340986,0.15493125412776598,1.684505391604305
2020-12-14,149.1327667236328,45.98360443115234,494.28439015913284,-0.4951261904052754,-0.774543105351276,0.15560891663460774,1.7956356293008067
2020-12-15,158.1235809326172,47.524375915527344,510.84636486620775,-0.514854891790326,-0.7756138742597918,0.15354951031021896,1.698207841514112
2020-12-16,162.48680114746094,47.30659866333008,508.5054458011522,-0.459770020353001,-0.7752222686303785,0.15433568649527674,2.043935887031749
2020-12-17,163.0345916748047,47.07607650756836,506.0275299311719,-0.4396665317279146,-0.7749914026584152,0.1548346234709916,2.165696944348652
2020-12-18,161.87294006347656,47.20780563354492,507.44350528814954,-0.45874548527088155,-0.774533422034409,0.1557412209309532,2.0276451852366684
2020-12-21,159.3985595703125,47.11997985839844,506.4994533756134,-0.4754673393948741,-0.7736500490952198,0.1573030487326646,1.8955939640248491
2020-12-22,157.45310974121094,46.58209228515625,500.71762234250565,-0.4569768608351161,-0.769977626726011,0.1620893430325394,1.9310385250192543
2020-12-23,156.28196716308594,46.70284652709961,502.01562708955555,-0.4762006551003987,-0.7665568171391983,0.16610543252527524,1.7480232742816397
2020-12-24,157.39637756347656,47.2626838684082,508.03339934251886,-0.5039819735623977,-0.7645402275818708,0.16856958892240362,1.5457014262484434
2020-12-28,157.2452850341797,46.97178268432617,504.9064605966483,-0.48554136782443974,-0.7620825280926102,0.17156817418815765,1.6118441638534293
2020-12-29,157.3208465576172,46.82908248901367,503.37255563447343,-0.47507768950667645,-0.7592666995574667,0.1748927853811878,1.6249327233904232
2020-12-30,157.7269744873047,47.130958557128906,506.6174649902718,-0.4918524936657695,-0.7548088920664492,0.17826754450647558,1.475066025779739
2020-12-31,159.45521545410156,47.35600280761719,509.03649806711474,-0.4908537962028185,-0.7501200663732825,0.18147377100122755,1.4286707590856769
2021-01-04,156.3009033203125,46.49977111816406,499.8327402562211,-0.4620558846347626,-0.744374332145541,0.1850706965850078,1.5254627162496373
2021-01-05,157.07533264160156,46.90044403076172,504.1396311297527,-0.4822667724534805,-0.7398224041184682,0.18812881416851165,1.369038723830411
2021-01-06,155.18646240234375,48.74463272094727,523.9630811037871,-0.6280479135204661,-0.7388052386056033,0.1885722916433672,0.5873467629836326
2021-01-07,156.61253356933594,48.51959228515625,521.5440890316746,-0.5977776397944684,-0.736473116597987,0.18944934866172283,0.7320979342672251
2021-01-08,157.16030883789062,48.19026565551758,518.0041096344999,-0.5696840167572542,-0.7336763998958646,0.19066878572592974,0.8600903525673868
2021-01-11,175.60475158691406,48.42078399658203,520.4819844997496,-0.41892458754680123,-0.7277514117034745,0.19485860072759056,1.5848765361320056
2021-01-12,168.86166381835938,49.10139083862305,527.7979255186852,-0.5189110123393792,-0.723020467604704,0.19644581551671914,1.0390114685235095
2021-01-13,175.18919372558594,48.82145690917969,524.7888753732811,-0.4468745771345622,-0.716401042317411,0.19897399297311627,1.3545813759653755
2021-01-14,176.31307983398438,48.99162292480469,526.6180143957548,-0.4480260333102948,-0.7082749538537484,0.19982480048499077,1.3023854892476243
2021-01-15,180.16629028320312,48.38786315917969,520.128113674697,-0.3810354228893451,-0.6997285364926747,0.20269971116789817,1.572242563973626
2021-01-19,187.4477081298828,48.96416473388672,526.3228623449172,-0.3604368925396023,-0.6899122903212543,0.20465509788351346,1.6099056470569053
2021-01-20,190.0732269287109,49.06295776367188,527.3848028579199,-0.3472319179961822,-0.6793843313294433,0.20578082119780075,1.6141077258798058
2021-01-21,191.1025848388672,54.1948471069336,582.5482209017608,-0.6286338375860174,-0.6730253303680179,0.2012303974833109,0.22060033343462496
2021-01-22,194.68194580078125,54.25522232055664,583.1972027729204,-0.602023837942551,-0.6675731336308143,0.19858745192880445,0.33007773175801336
2021-01-25,200.5467987060547,53.75575256347656,577.8283303816556,-0.5284025852135058,-0.6601676185903809,0.19527193938927848,0.6747771020709681
2021-01-26,200.89622497558597,53.68439865112305,577.0613368958376,-0.5219263186750517,-0.6553108419626246,0.1950216172404111,0.6839473755524463
2021-01-27,196.032470703125,52.91050720214844,568.7426661948815,-0.5172516080883686,-0.6500501791156346,0.19440641820042937,0.6830976685674707
2021-01-28,198.4407196044922,51.34624481201172,551.92818435679,-0.414105432257304,-0.6428109666497323,0.19497923781939575,1.172973784030648
2021-01-29,196.4102478027344,50.06738662719727,538.1815534477787,-0.35873495222500457,-0.6322116011336226,0.192799710704105,1.4184494774908152
2021-02-01,191.8486785888672,50.04542922973633,537.945530218462,-0.38981121682276404,-0.6196354290938262,0.18319584190850852,1.2545274492957146
2021-02-02,186.578857421875,50.43512344360352,542.1344094773353,-0.4515166854192254,-0.6144326769838955,0.18346812898455278,0.8879797949996366
2021-02-03,186.0121917724609,52.50983428955078,564.4357753213499,-0.5758305288767512,-0.609359555819308,0.18017302927532683,0.18609348512046298
2021-02-04,190.41319274902344,53.29469299316406,572.8723346227725,-0.5837151065326593,-0.6041843347745034,0.1762691187070204,0.11612486856456275
2021-02-05,190.55487060546875,53.0092887878418,569.8044836936923,-0.5664380446547177,-0.598024851718736,0.17085128130858124,0.18487895918654604
2021-02-08,194.33245849609372,53.2901496887207,572.8234979886315,-0.5515236905813297,-0.592179763933883,0.16620345791735594,0.2446162905513643
2021-02-09,190.49819946289065,54.74395751953125,588.4506878522851,-0.6647853048660186,-0.5885093972907478,0.16200581058800678,-0.4708220482859488
2021-02-10,193.02926635742188,54.84860610961914,589.5755706267543,-0.6487835852539264,-0.5847704065508297,0.15786157485345773,-0.4055019643793617
2021-02-11,192.11886596679688,54.29790115356445,583.6559636988403,-0.6257845232638024,-0.5802767710077122,0.1526197518115711,-0.2981773441243397
2021-02-12,196.5855865478516,53.96749496459961,580.1043799629066,-0.5707779018921781,-0.5744568033861422,0.14595895049907934,0.025205042112078694
2021-02-16,195.13461303710935,53.48839569091797,574.9544728330301,-0.5560662627919136,-0.569334464616923,0.1409537026261697,0.09413163029990552
2021-02-17,195.79849243164065,52.893646240234375,568.5614252856425,-0.518139066399566,-0.5626002384609559,0.13325138231866626,0.3336638711564167
2021-02-18,190.7341766357422,52.23282241821289,561.4581347995833,-0.5212063990538282,-0.5564969002738418,0.12632880806470237,0.27935434332554426
2021-02-19,190.54454040527344,52.42005920410156,563.4707699914787,-0.5332828985131288,-0.5519389844833217,0.12200590220819506,0.15291133980024568
2021-02-22,190.31692504882807,52.13920974731445,560.4518787107314,-0.519254232662282,-0.5461422767657186,0.11483178427376037,0.23415158332239416
2021-02-23,192.02395629882807,51.39577865600586,552.4606307835928,-0.4641326604220142,-0.539147428251362,0.10638554988626717,0.7051217755563918
2021-02-24,193.9586181640625,51.91893768310547,558.0841425518654,-0.4785218645261038,-0.533494337712178,0.1001623801008995,0.5488335354121697
2021-02-25,193.29478454589844,51.059844970703125,548.8496311930239,-0.43582532276804753,-0.5284388956826175,0.09721794644771359,0.9526386464497067
2021-02-26,194.3095245361328,50.1071662902832,538.6091507784448,-0.37562513537883996,-0.522506059805915,0.09545573387907885,1.5387333841374105
2021-03-01,195.8079376220703,51.61055755615234,554.769320130399,-0.44762893062319,-0.5175993410865671,0.09146328334552883,0.7650109191799274
2021-03-02,193.5982666015625,51.863861083984375,557.492116251505,-0.47821587709487356,-0.513214910291471,0.08674238639656437,0.4034824801405705
2021-03-03,191.5688018798828,52.44758987426758,563.7667011321977,-0.5266296676665705,-0.5100709110359253,0.08261520145518152,-0.20043232164274613
2021-03-04,190.1842041015625,50.883636474609375,546.9555406772845,-0.4493498931544062,-0.5061616225872563,0.07974982637807851,0.7123743337511061
2021-03-05,196.23471069335935,51.84733581542969,557.3144837585586,-0.4574506108781289,-0.5024644886238205,0.07667067850439382,0.5871068135012267
2021-03-08,196.33905029296875,51.45634841918945,553.111703896013,-0.4352703585582924,-0.49868093287066523,0.07421214843458865,0.8544500550103812
2021-03-09,195.46653747558597,52.44208526611328,563.7075313059461,-0.4958849238296739,-0.49679908480102924,0.07279052675745278,0.012558790437132383
2021-03-10,194.8405914306641,53.19101333618164,571.7578670498751,-0.5420081619581955,-0.497231199910243,0.07298363428091266,-0.6135205856645444
2021-03-11,194.6129913330078,53.82981872558594,578.6244782309282,-0.5790949583732985,-0.49831700585600025,0.07371746031015257,-1.095777746241392
2021-03-12,197.3347930908203,53.38927459716797,573.8890059131961,-0.5333176496195003,-0.4989535301762374,0.07385419984938256,-0.4652967537844125
2021-03-15,179.39181518554688,54.76047897338867,588.628279340501,-0.7688443267563146,-0.5031866874256705,0.08164880756679592,-3.2536622058235545
2021-03-16,181.04196166992188,52.695404052734375,566.4304914459744,-0.6301105221175695,-0.5060256957884134,0.08306278956122765,-1.4938677954909048
2021-03-17,177.08729553222656,52.95973205566406,569.2717912385059,-0.6825583425393367,-0.5100738926352704,0.0856523478086891,-2.013773753047881
2021-03-18,174.43190002441406,52.38150787353516,563.0563761840649,-0.6725397783329903,-0.5136371308529722,0.08789843089173452,-1.8077984540559116
2021-03-19,174.77330017089844,52.34847259521485,562.7012752170943,-0.6672408780353544,-0.5168333564969801,0.08994971681086956,-1.6721289056932185
2021-03-22,176.24322509765625,51.53343963623047,553.940368496649,-0.603626372344331,-0.5192775150221337,0.09028748196546417,-0.9342253819246125
2021-03-23,174.19476318359375,50.20629119873047,539.6746587030094,-0.5405892175824928,-0.5203506577301686,0.09014934964740672,-0.22450034228179636
2021-03-24,170.8660430908203,49.94195938110352,536.8333179057474,-0.5539730909645167,-0.5211838430202039,0.09022648448048595,-0.3634104568421307
2021-03-25,173.63526916503906,50.81204605102539,546.1860048981695,-0.5830534973506719,-0.5228090451789745,0.09045153049517113,-0.6660412691957005
2021-03-26,175.74063110351562,51.58853149414063,554.5325588159317,-0.6115822064282826,-0.5250841204610013,0.0909459810386401,-0.9510930002561745
2021-03-29,176.7174072265625,51.31868743896485,551.631966182957,-0.5862607187335012,-0.5266575908787968,0.09117768117896041,-0.6537030453507298
2021-03-30,175.92080688476562,51.3902587890625,552.4012969384188,-0.5978167513721848,-0.5284403067982862,0.09151084338926911,-0.7581226661717545
2021-03-31,177.1726837158203,51.17000198364258,550.0337247984752,-0.5731637302650293,-0.5302921042254574,0.09126859010904034,-0.46973034193200963
2021-04-01,175.67425537109375,50.67988204956055,544.7653550019038,-0.5565927383112163,-0.5315308703230863,0.09110997222242158,-0.2750727212049612
2021-04-05,175.34225463867188,51.74271011352539,556.189847012473,-0.6246954438705724,-0.5314749958289213,0.09105078728827148,-1.02382912677636
2021-04-06,173.36024475097656,51.13145065307617,549.6193309910614,-0.6053694813814257,-0.5316015265220374,0.09114970921235342,-0.8093054327527197
2021-04-07,172.9050750732422,50.92218780517578,547.3699344846984,-0.5965861591091637,-0.5320498955612358,0.09140601955130026,-0.7060395350845339
2021-04-08,173.18006896972656,51.12594604492188,549.5601611648099,-0.6066980342317628,-0.5351794530059852,0.09067878918806165,-0.7887024282762853
2021-04-09,174.9629669189453,51.41229248046875,552.6381402623475,-0.6079177235811719,-0.5366628981933484,0.09113503512206247,-0.7818598554594038
2021-04-12,172.4308624267578,52.475135803222656,564.062796291839,-0.6977860424096616,-0.5408447559479335,0.09268861045001235,-1.6932100470571592
2021-04-13,173.10415649414062,52.161231994628906,560.6885990204682,-0.671690155211462,-0.5445724913129528,0.09338738114782927,-1.3611867292571997
2021-04-14,173.54986572265625,51.55546951293945,554.1771708158469,-0.6298778731690537,-0.5487198654842814,0.09150822572781886,-0.8868930310829967
2021-04-15,176.31912231445312,52.331939697265625,562.5235607146866,-0.651615956959573,-0.553572849891281,0.08904156403823045,-1.1010937209750347
2021-04-16,179.4771728515625,52.271366119384766,561.8724465975359,-0.6189265587263081,-0.5581010939034496,0.08519567058599195,-0.7139501855492114
2021-04-19,179.84701538085938,51.40679168701172,552.5790114408265,-0.5639232381041333,-0.5570225839120849,0.0846957739438412,-0.081475779377421
2021-04-20,180.7669677734375,50.71842575073242,545.1796667998565,-0.5150311220580777,-0.5555727053140103,0.08465694625861438,0.478892578195345
2021-04-21,181.08937072753903,51.560977935791016,554.236381646829,-0.5623462367069478,-0.5561384328389011,0.08458568786293554,-0.07339071212739932
2021-04-22,177.39076232910156,50.77900695800781,545.8308629264684,-0.5475370562653226,-0.5565652784654056,0.08447466373502426,0.10687491137463767
2021-04-23,178.97454833984375,51.40679168701172,552.5790114408265,-0.5715470678194813,-0.5574702027942574,0.0843370875679157,-0.16691191777150155
2021-04-26,177.552001953125,51.40128326416016,552.5198006098444,-0.5838048162422645,-0.5602985258606734,0.08226785580013123,-0.28572873515385383
2021-04-27,172.8007049560547,50.26686477661133,540.3257728201601,-0.5567858250667693,-0.5635993737413695,0.07790071199445253,0.08746452375281709
2021-04-28,171.22642517089844,49.93645095825195,536.7741070747652,-0.5503566229732506,-0.5662751305105442,0.07451381413625277,0.213631629541681
2021-04-29,172.7912139892578,50.60829544067383,543.9958602275194,-0.5781113469197727,-0.5683850415355534,0.0729859161196779,-0.13326277042643075
2021-04-30,173.331787109375,49.49590301513672,532.0385937523025,-0.504204816193068,-0.5671912796574919,0.07344637789823663,0.8575843393079862
2021-05-03,176.31912231445312,49.99702835083008,537.4252621966465,-0.5092700889187883,-0.5659505293639275,0.07379050912290044,0.7681264314186547
2021-05-04,178.4813995361328,49.59502410888672,533.1040606721366,-0.4667745578502639,-0.5642894712505199,0.07489285043964733,1.3020590460612622
2021-05-05,182.8533172607422,50.23933029174805,540.0298006747106,-0.46958075422006046,-0.5629237556444988,0.07587034758863728,1.2302962144122016
2021-05-06,183.87754821777344,51.61605072021485,554.8283669424588,-0.5418754758664186,-0.5608752584945054,0.07472409628686301,0.2542658067773388
2021-05-07,185.3285675048828,52.040077209472656,559.3862887767056,-0.5543971869641017,-0.5593021518563417,0.07383023989047544,0.06643571657787323
2021-05-10,184.7026214599609,52.717430114746094,566.6672527604419,-0.5990848729856207,-0.5588571576850386,0.07350247695798234,-0.5472974104475182
2021-05-11,184.6931304931641,52.369258880615234,562.9247099941176,-0.5789034731959444,-0.5589925838734348,0.07353229236728966,-0.2707774867544704
2021-05-12,183.22320556640625,50.76103973388672,545.6377306453562,-0.4972210807811802,-0.5580118308399225,0.07396315228670183,0.8219058839339394
2021-05-13,185.69029235839844,52.07635498046875,559.7762437646836,-0.5534692488118527,-0.5586006672134606,0.0737807470966032,0.06954955870654443
2021-05-14,186.90005493164065,52.31399154663086,562.3306334572275,-0.5570811297013233,-0.5591985793909189,0.07361775389804356,0.028762758675416052
2021-05-17,186.2523193359375,51.838714599609375,557.2218130674092,-0.5350666735520951,-0.5592283089749016,0.07360747025737681,0.32824977326788424
2021-05-18,185.39501953125,50.31339263916016,540.8259075192525,-0.45372741629013624,-0.5581361953686994,0.07468878592524646,1.397917743408796
2021-05-19,187.18576049804688,50.44050216674805,542.1922261474771,-0.4471193783315285,-0.5578526406671911,0.07508297271625881,1.4748119091412042
2021-05-20,190.06251525878903,50.1862907409668,539.4596709004891,-0.4108388797883177,-0.5567245909215615,0.0767842055167646,1.8999442678532628
2021-05-21,190.39593505859372,50.86052322387695,546.7070930145969,-0.44643323475795793,-0.5569013894547264,0.07651284521986207,1.4437857379285113
2021-05-24,191.48179626464844,50.7555046081543,545.5782327812599,-0.43233536215194823,-0.557846559900945,0.07456094396936251,1.683337026963741
2021-05-25,189.76724243164065,50.042598724365234,537.915104708359,-0.4048948412230188,-0.5571343250776088,0.07582502083654102,2.00777371605052
2021-05-26,191.45323181152344,50.17524337768555,539.34092120068,-0.3999702897755859,-0.5558302319556208,0.0778511145686207,2.0020258289642654
2021-05-27,189.7481384277344,50.49576568603516,542.7862616796368,-0.43070798557530365,-0.5542315372540995,0.07942980276122628,1.5551285208414733
2021-05-28,190.2625274658203,50.600772857666016,543.914998898782,-0.43277248413892,-0.5539552471038415,0.07982863877742133,1.5180361937875948
2021-06-01,189.00518798828125,51.0981559753418,549.2614417024101,-0.4705911508451003,-0.5541742561032911,0.07957702083034687,1.050342226763988
2021-06-02,189.68148803710935,51.00420379638672,548.2515361925352,-0.46002361261171465,-0.5545868103375148,0.07901229545687327,1.1968162319422158
2021-06-03,193.08209228515625,51.40763854980469,552.588114491019,-0.45676912021744165,-0.5539348802773107,0.07966354198999748,1.2197017309633207
2021-06-04,192.4343719482422,52.46321487426758,563.9346565087233,-0.5206356783516769,-0.5535786722172023,0.07976549237005796,0.41299806328145167
2021-06-07,211.9616851806641,51.601070404052734,554.6673413654041,-0.3368230033690247,-0.5495408063004644,0.08444667057070533,2.5189602087785783
2021-06-08,210.2279510498047,51.661865234375,555.3208337569295,-0.3509561766437823,-0.5465014484175357,0.08823712011459321,2.2161338846938734
2021-06-09,215.2765350341797,51.17000198364258,550.0337247984752,-0.29471444703062116,-0.5385992837554407,0.08921268234113748,2.7337462603381466
2021-06-10,222.4587860107422,50.68366622924805,544.8060316946561,-0.22941400434694637,-0.5319210084592637,0.09691167806175663,3.121471118470839
2021-06-11,213.4571228027344,51.04842758178711,548.726904034347,-0.2996278391126341,-0.5255388334021521,0.0994003297694937,2.272738881383982
2021-06-14,215.3717498779297,50.3299674987793,541.0040730736966,-0.25221617247167266,-0.51853343997113,0.10358788742742339,2.570930579948807
2021-06-15,212.91421508789065,51.02630233764648,548.4890765968839,-0.3018247358422576,-0.5124431709345785,0.10542246348055685,1.9978515786738884
2021-06-16,210.28517150878903,50.49023818969727,542.7268458250016,-0.29069852664636664,-0.5072277068396124,0.10852978187528134,1.9951130136986137
2021-06-17,211.66636657714844,49.50652694702149,532.1527919270154,-0.2323200485841701,-0.502089887356307,0.11407858564817072,2.3647719441765602
2021-06-18,208.18003845214844,48.10279083251953,517.0638301571787,-0.18047699098027248,-0.49586495235656963,0.12116940780348642,2.602867894574479
2021-06-21,212.10452270507807,48.30175018310547,519.202472886199,-0.16871806853383536,-0.488959361876289,0.12774454834520235,2.506888141144544
2021-06-22,210.9328765869141,48.2851676940918,519.0242253222935,-0.17436477683077362,-0.4816724047163305,0.1329934950963187,2.3106966822925705
2021-06-23,206.79879760742188,48.489654541015625,521.222283905949,-0.20847027165669932,-0.47537589726505053,0.13684525742186135,1.9504192592187881
2021-06-24,221.9158172607422,48.89860916137695,525.6181960496067,-0.1459575725860862,-0.46784491095194886,0.14231693973766749,2.261764052537927
2021-06-25,219.2962951660156,49.1749382019043,528.5884967245966,-0.17319087286358142,-0.46117869666192474,0.14660307373728945,1.964405086856591
2021-06-28,217.3911895751953,48.98702621459961,526.5686036953854,-0.1741806069103063,-0.4548051611385762,0.15064167605963075,1.8628613380349415
2021-06-29,218.4865875244141,48.7272834777832,523.7765915890316,-0.15551489758057419,-0.4469854853670762,0.15381725197706655,1.8949148033795258
2021-06-30,218.6295166015625,49.32415390014648,530.1924377666311,-0.1841052251668009,-0.4399644144301658,0.15606321449130744,1.6394586648579894
2021-07-01,220.1631317138672,49.06993103027344,527.4597595054513,-0.16344490891109767,-0.4327453935935314,0.15869134835068033,1.6970079810987957
2021-07-02,222.85885620117188,48.79912567138672,524.548833680366,-0.13631000900741982,-0.42490559317312565,0.1615455210155978,1.786466021164653
2021-07-06,224.24957275390625,47.942508697509766,515.340934391682,-0.08820207152168207,-0.41624366563880083,0.16545235622025703,1.982695209734071
2021-07-07,224.63059997558597,48.00331115722656,515.9945087926686,-0.08926577250042039,-0.40610166114031354,0.1665487797389693,1.9023609127396053
2021-07-08,225.8689117431641,47.34013366699219,508.86591838783096,-0.05173320122480907,-0.39576904524053597,0.16900532766849616,2.0356508801341042
2021-07-09,223.8399810791016,48.35700607299805,519.7964264088973,-0.11009811753896522,-0.3871060493133678,0.1701197649789737,1.628311277109041
2021-07-12,224.81158447265625,48.804664611816406,524.608372549193,-0.12670478418772138,-0.37835752976717024,0.16978323487011085,1.4822002052910028
2021-07-13,224.1352386474609,48.41226959228516,520.3904619410571,-0.11128610860606242,-0.3698968555984995,0.17023976957728815,1.5190971394908337
2021-07-14,225.1354522705078,48.49517440795898,521.2816177511228,-0.11030728589003784,-0.36233658972826455,0.17154453985004442,1.4691770665422403
2021-07-15,220.4869842529297,48.82124710083008,524.7866201130984,-0.14961223760627163,-0.3562462749874012,0.1725155229445558,1.197770692481621
2021-07-16,221.4300079345703,48.41779708862305,520.4498777956921,-0.12513112082929623,-0.3489593563894403,0.17289586378161756,1.2945840962561055
2021-07-19,223.0303192138672,47.92041778564453,515.1034759967945,-0.09308632150586708,-0.3413851774767827,0.17399988403343034,1.4270058704361568
2021-07-20,223.8685607910156,48.68307495117188,523.3013877661423,-0.12561273495811978,-0.33395293859576003,0.17352529145375153,1.2006330713650908
2021-07-21,226.0308532714844,48.71623611450195,523.6578418892225,-0.11642173382012733,-0.32616322055539104,0.17260730691032158,1.2151367777508704
2021-07-22,227.1739196777344,48.15805435180664,517.6578656893383,-0.08439287949854363,-0.3182900047959206,0.17268323709538055,1.3544865687697603
2021-07-23,232.56532287597656,48.40122222900391,520.271712241248,-0.07049333227974476,-0.31029228328436215,0.1728652352892994,1.387201715852819
2021-07-26,231.669921875,48.03095245361328,516.2916290705749,-0.05745080028009493,-0.3016146075070342,0.1722603777097348,1.4174113076563928
2021-07-27,232.0223846435547,46.75984573364258,502.6283197741368,0.003043454852564363,-0.2931604696562737,0.17458085502287676,1.6966575428332276
2021-07-28,234.81332397460935,45.73191452026367,491.5789390390695,0.06194908139089202,-0.2836401501511123,0.17813493543811362,1.940041860357406
2021-07-29,233.68939208984372,46.03034591674805,494.7868211231387,0.04371039548858537,-0.2751320675954648,0.18140077263817012,1.7576687157778939
2021-07-30,231.9461669921875,45.86454391479492,493.0045915124681,0.04420706923384453,-0.2665689372045664,0.1841717942926348,1.687424546370069
2021-08-02,234.89907836914065,45.372703552246094,487.7177285823974,0.07872927683739214,-0.25622552465950293,0.18586735448678707,1.8021174424188962
2021-08-03,243.8435211181641,45.23452377319336,486.2324142259801,0.11861373860820026,-0.24500867589996458,0.18786502573142305,1.9355514050178202
2021-08-04,250.0160980224609,44.82003784179688,481.77704522295664,0.15819436386444272,-0.23238735528579685,0.1891079720097556,2.0653900255991875
2021-08-05,251.6544647216797,44.261863708496094,475.7771510325336,0.18751663525765327,-0.2196136868115702,0.19117848721726946,2.1295822976490566
2021-08-06,250.9400787353516,44.234222412109375,475.4800307546273,0.1863876547718811,-0.20822020788568588,0.19469168006760382,2.0268347497979637
2021-08-09,254.48355102539065,44.1568603515625,474.6484548181189,0.2009842317281941,-0.19564598321001844,0.1963717881862667,2.0197922451161494
2021-08-10,256.6648254394531,44.07395935058594,473.75734001278363,0.211246594140298,-0.18284052114599142,0.1974514866568085,1.995868058320849
2021-08-11,251.5687255859375,45.74848556518555,491.7570635887831,0.12371866458238027,-0.17186076551041682,0.19584325517620277,1.5092653041681745
2021-08-12,251.77896118164065,45.32848358154297,487.2424017453163,0.1423814128516132,-0.1619256183580543,0.19642125105895156,1.5492571683006764
2021-08-13,252.4861602783203,44.84214782714844,482.0147086414971,0.1654884227071832,-0.15171548834074244,0.1972654940079956,1.6080050524957432
2021-08-16,257.9618530273437,44.85319519042969,482.1334583413062,0.18274205629957904,-0.1418224727392775,0.19892726905967945,1.6315738439132
2021-08-17,260.60888671875,44.47581100463867,478.07690134806967,0.2066087263241262,-0.13093844005457614,0.19984147523624163,1.68907463267909
2021-08-18,256.6048583984375,44.34262466430664,476.6452621840039,0.19980791212398527,-0.12040271881664388,0.20034517915214062,1.5982946647169565
2021-08-19,258.40142822265625,44.603458404541016,479.4490016433085,0.194521027643336,-0.11041245433553798,0.2008628055718568,1.5181182056614602
2021-08-20,258.8888244628906,44.54796600341797,478.85250582731305,0.19834152179082182,-0.10044059080943119,0.20109552191188398,1.4857720836328385
2021-08-23,255.9359436035156,44.620113372802734,479.6280282970953,0.18606218188415208,-0.09016108801844025,0.19968586868963195,1.383289021477634
2021-08-24,251.11004638671875,45.36931991577149,487.6813573863579,0.138348800787874,-0.08064239993632703,0.19666672308920083,1.1135142604927355
2021-08-25,252.16119384765625,45.49142837524414,488.99391881276966,0.13673539251541797,-0.07052029088031839,0.1918260091359009,1.0804357778663067
2021-08-26,249.72439575195312,45.21392822265625,486.01102968548656,0.14025642446357472,-0.06051562359573023,0.1867539046455979,1.0750621168553838
2021-08-27,248.2240447998047,45.64680480957031,490.6640824947185,0.11631446547171076,-0.05096423050091102,0.18070120169438103,0.925719886774961
2021-08-30,250.6703948974609,45.53582000732422,489.47109086272764,0.12969776040390193,-0.040125339854984704,0.17131204190209304,0.9913085990530814
2021-08-31,246.8288116455078,45.4359245300293,488.39729998258247,0.12050293581071803,-0.03250324086865566,0.16802982393522234,0.9105894007147181
2021-09-01,245.9782867431641,45.874359130859375,493.1100966842943,0.09830247686514895,-0.0250155966435068,0.16354863769885464,0.7540146787142536
2021-09-02,248.0520172119141,46.56807708740234,500.566970962292,0.07577898879408254,-0.01884070604642841,0.1601522357758484,0.5908109517305907
2021-09-03,248.0137634277344,46.85666275024414,503.6690198366902,0.06312886896954543,-0.013964991491153546,0.15807245284415253,0.48771217927963506
2021-09-07,243.49366760253903,45.796653747558594,492.27483032203224,0.09253186041911236,-0.007428996498957772,0.15411872397301463,0.6485964478629653
2021-09-08,243.53192138671875,45.674564361572266,490.9624739192733,0.09806325230174508,-0.001591006086067476,0.1512975073885784,0.6586642444271726
2021-09-09,229.3504180908203,46.17959213256836,496.39109020301805,0.01862395851024749,0.0037498054864742755,0.14608577147346985,0.1018179448535442
2021-09-10,228.87258911132807,46.40159606933594,498.77744250957517,0.006148536136398096,0.008697256532853689,0.14087856306200314,-0.01809161267022475
2021-09-13,227.4009246826172,46.82892227172852,503.3708334357884,-0.020482871723776226,0.012227876147193588,0.1373461311223263,-0.23816286344342844
2021-09-14,222.7470245361328,46.57917022705078,500.68621271886826,-0.029751703366216433,0.014739964274094521,0.1351221737438215,-0.32926992223099394
2021-09-15,223.35861206054688,46.939903259277344,504.5637840630486,-0.04429239207839849,0.016813725548351803,0.13319999290880835,-0.45875466126026665
2021-09-16,220.7879943847656,45.75225830078125,491.79761726734364,0.0013699200506526643,0.01974263716304224,0.13083607472420414,-0.14042546867229347
2021-09-17,219.88967895507807,45.25832748413086,486.48828374490574,0.02143565817004239,0.023574402660154602,0.12735958818547713,-0.016792960157797486
2021-09-20,221.36134338378903,44.325965881347656,476.46619452548657,0.0732161875853454,0.027227298663011792,0.12554491496164616,0.36631423053958945
2021-09-21,219.95657348632807,43.82649993896485,471.0973631389524,0.09170580724498581,0.031642243331487914,0.12300961414102045,0.488283491765448
2021-09-22,218.1695709228516,44.07622146606445,473.7816558180277,0.07196237230261956,0.03574462631837001,0.12009907205815543,0.30156557718207744
2021-09-23,221.87741088867188,44.86429977416992,482.2528231120742,0.04929150973874612,0.039158066440358685,0.11745230965865058,0.08627708835899495
2021-09-24,221.3995819091797,44.69225311279297,480.40346875741625,0.05559268824564211,0.0431530316638994,0.11374768928115452,0.10936183987874369
2021-09-27,216.35385131835935,45.26388549804688,486.54802763738576,0.00516703750448951,0.045963230770825855,0.11059623202523036,-0.3688750739449197
2021-09-28,211.76687622070312,44.85319519042969,482.1334583413062,0.0044648279244607035,0.048309478053023866,0.10812957988133488,-0.4054824792316754
2021-09-29,220.13815307617188,44.98639297485352,483.5652205195638,0.03581849501984691,0.050376487495382684,0.10665107264483073,-0.13650113509891068
2021-09-30,220.7975616455078,43.79874420166016,470.7990127191282,0.09651661707941817,0.05347286065504665,0.10521538245934817,0.4091013634912389
2021-10-01,219.40231323242188,44.09287643432617,473.96068247181444,0.07636070603270546,0.05560775910933856,0.10434041388266167,0.19889653635747595
2021-10-04,214.87266540527344,43.71549606323242,469.90416648330853,0.07576851934277928,0.058705536390700974,0.10207181265943752,0.16716645376925882
2021-10-05,220.682861328125,45.402618408203125,488.0392876797395,0.01792462907000765,0.06111602661166312,0.09928883640748609,-0.4350075910286221
2021-10-06,217.73953247070312,45.41927337646485,488.2183143335264,0.003827063054422353,0.0630345794726712,0.09698652601569593,-0.6104715660056421
2021-10-07,222.83302307128903,46.06859588623047,495.1979755568354,-0.00472491773439009,0.06479428560859866,0.09471947347971965,-0.7339483718506257
2021-10-08,223.5592803955078,47.039798736572266,505.63757494319384,-0.04815818759843025,0.0664851864420627,0.09168400928807587,-1.2504184200788773
2021-10-11,223.30128479003903,46.50703048706055,499.9107722585473,-0.02372311780677898,0.06817531982577131,0.0889868426649273,-1.0327193872760083
2021-10-12,222.4507751464844,46.38493347167969,498.5983338463272,-0.021737276094585405,0.069364470582626,0.08725522130457301,-1.0440836125922106
2021-10-13,225.9483642578125,46.69571685791016,501.93898924806973,-0.020706236234973634,0.07111291222801178,0.08428242912612285,-1.089422189357931
2021-10-14,226.187255859375,48.022117614746094,516.1966621145122,-0.0826630191920828,0.07167555747181252,0.08311386340743643,-1.8569534652396658
2021-10-15,227.3244781494141,48.22190475463867,518.344202870072,-0.08669387519576983,0.07163720754352541,0.08318759432060788,-1.9033016164535514
2021-10-18,228.37567138671875,47.60588073730469,511.72247194014454,-0.05269701320338005,0.07193381286146482,0.08270255101281,-1.5069768046881709
2021-10-19,231.5578765869141,48.005470275878906,516.0177174701865,-0.05677956757091111,0.07194500007328455,0.08268479594759973,-1.556810610330017
2021-10-20,232.9053649902344,48.24410629272461,518.5828504021468,-0.06167913147679407,0.07086629030112856,0.08401048381764706,-1.5777247761794277
2021-10-21,230.46847534179688,48.13866424560547,517.4494386437135,-0.06798707934197841,0.0687006876222474,0.08589777858988752,-1.5912840728609672
2021-10-22,232.9340057373047,48.28295135498047,519.0004015738167,-0.06334116397810266,0.06691649496446926,0.08752208524193367,-1.4882833125205606
2021-10-25,234.1763153076172,48.41059112548828,520.3724198595943,-0.06355903136231415,0.06512039328786663,0.08908778711596557,-1.4444115048303847
2021-10-26,237.41590881347656,48.21635437011719,518.2845409870532,-0.0402523463499473,0.0631373662347443,0.09009821982756389,-1.1475222571829484
2021-10-27,239.06912231445312,47.60033416748047,511.6628510618564,-0.005360976574333087,0.06107112098170208,0.09022588382975759,-0.7362864705363524
2021-10-28,242.1080474853516,49.61489868164063,533.3176953185473,-0.08218464134848931,0.057064804228153215,0.09117204367788725,-1.527326140331062
2021-10-29,243.45541381835935,49.73699569702149,534.6301337307674,-0.08158633573948093,0.05257975471153431,0.09126490308772849,-1.4700732254330884
2021-11-01,238.24728393554688,50.55280685424805,543.3994054162546,-0.14203745007575141,0.047106002964073766,0.09293712603929849,-2.0351764800629386
2021-11-02,245.45269775390625,50.86913299560547,546.7996406915545,-0.12236515805066622,0.04171684646775943,0.09323749873523896,-1.7598284675606717
2021-11-03,254.4452209472656,50.230918884277344,539.939385243744,-0.05573726030558295,0.037267115560328086,0.09136160231960928,-1.0179810062935943
2021-11-04,258.9748229980469,49.71479415893555,534.3914861986924,-0.015849333808203407,0.03494098225381835,0.09089875476218248,-0.5587570060217433
2021-11-05,253.24105834960935,49.94788360595703,536.8969982523646,-0.04874349838913146,0.03175556706647261,0.09041741876956501,-0.8903048389465912
2021-11-08,248.9694061279297,49.35406112670898,530.513914854512,-0.04109912178645523,0.028312441324911966,0.08916327524740332,-0.7784770458327086
2021-11-09,250.39329528808597,48.84903717041016,525.085339575498,-0.013498602270856313,0.02504176368207138,0.08697487528976583,-0.44312068082335804
2021-11-10,252.9065704345703,49.64818572998047,533.6755025977371,-0.03739265201330275,0.020975074043114227,0.08399478630223547,-0.6948970123740115
2021-11-11,250.9762115478516,49.91457748413086,536.5389859495217,-0.05678103725748519,0.016698591553423056,0.08122158999013267,-0.9046809945463397
2021-11-12,248.93411254882807,49.85909271240234,535.9425721429874,-0.06305433454023464,0.012405668850363542,0.07842234780443975,-0.9622257622122112
2021-11-15,247.76443481445312,49.71981430053711,534.4454484241581,-0.06203040738347081,0.008066136697458667,0.07509231709922445,-0.9334715825629175
2021-11-16,247.08377075195312,49.825660705566406,535.5832066840347,-0.06956082585572511,0.003805753235127379,0.07201068780500709,-1.0188290284008525
2021-11-17,250.4009704589844,49.57497787475586,532.888580812849,-0.04463052020266063,0.0007560978852851357,0.07006450144548428,-0.6477833589276325
2021-11-18,250.5447998046875,48.45523071289063,520.8522572170411,0.004009771392016952,-0.001455995800104881,0.06775574823575765,0.08066868619181318
2021-11-19,249.94085693359372,48.11541366577149,517.1995148107245,0.016217544244778198,-0.0035233104704181567,0.06520283349934017,0.30276068777587906
2021-11-22,249.6915283203125,49.474708557128906,531.8107714691052,-0.0432820385956382,-0.006183252204873971,0.06346336281957277,-0.5845701321601346
2021-11-23,251.1488037109375,50.10419845581055,538.5772490980403,-0.06417056488400795,-0.009414390959672472,0.0613272370416707,-0.8928524513036464
2021-11-24,251.1871490478516,49.42456817626953,531.2718052901375,-0.03492444375641881,-0.012004847285791419,0.05898439801561824,-0.3885704905313877
2021-11-26,249.62440490722656,48.21011352539063,518.2174572477965,0.010892494439675196,-0.01346168032621598,0.05726827057921534,0.4252647149908899
2021-11-29,244.3130798339844,47.97613525390625,515.7023910918952,-0.00031609635855010587,-0.014729931745426524,0.05608891786760714,0.2569818768994436
2021-11-30,237.80328369140625,46.47200775146485,499.53430782693573,0.04028985848628066,-0.015110581920147604,0.055627167874880486,0.9959241594150148
2021-12-01,238.8483123779297,45.931640625,493.72582371893975,0.06880757614906068,-0.0155059866579818,0.05492900004452491,1.5349553557992812
2021-12-02,237.64990234375,46.7728385925293,502.7679818865504,0.026063571577948103,-0.01670598133671175,0.05316398752562975,0.8044835405553644
2021-12-03,235.4448089599609,47.7254524230957,513.0077652207094,-0.026549200661214797,-0.017458867322902787,0.05297470433868301,-0.17159762289931454
2021-12-06,236.1638641357422,48.806182861328125,524.6246924319705,-0.07261374883052593,-0.01877157207235152,0.053354300021609326,-1.009144094034923
2021-12-07,234.99420166015625,48.806182861328125,524.6246924319705,-0.07795258716756286,-0.0197294006630813,0.05389862052597932,-1.080235188513179
2021-12-08,234.23681640625,49.53041076660156,532.4095225452836,-0.11467292703218199,-0.021144754390847387,0.05526396586415768,-1.692389809143136
2021-12-09,232.8754119873047,49.36328125,530.6130232883652,-0.11347495337752533,-0.02229779707916617,0.05646380744605308,-1.6147893743345607
2021-12-10,234.0642242431641,49.65853500366211,533.7867484318471,-0.12137882026831633,-0.024343609417815656,0.057799668487930625,-1.6788195051804313
2021-12-13,238.2730712890625,49.218448638916016,529.0561966817866,-0.0817173359303937,-0.026062825986156255,0.057948831868148566,-0.9604077968451303
2021-12-14,239.0879821777344,49.1181526184082,527.9781003049287,-0.07352119158836684,-0.028508448972384793,0.05677237771307251,-0.7928634386862634
2021-12-15,263.91900634765625,49.07360076904297,527.4992060562856,0.029296431437054692,-0.02954860523585031,0.05507900192014777,1.0683751451817725
2021-12-16,267.52392578125,48.68822479248047,523.3567441524483,0.05786124125768078,-0.029783624086599292,0.05466706308131522,1.6032481059740047
2021-12-17,256.3834533691406,47.3223876953125,508.67516438109345,0.07418721263454842,-0.029368695705002588,0.055367417992702776,1.87034021259939
2021-12-20,252.6060791015625,46.5402946472168,500.2683335093536,0.09362336195293758,-0.028734851143214328,0.056561352842035964,2.163283000636014
2021-12-21,253.9482269287109,47.2543830871582,507.94417304873963,0.06818767302463352,-0.02768450721787859,0.05777373395622753,1.6594423395785705
2021-12-22,255.50143432617188,47.75310134887695,513.3049675080769,0.052870746642772894,-0.026877741905906725,0.0585628696993263,1.3617585503942105
2021-12-23,261.8290405273437,48.1441535949707,517.5084444510427,0.059705679812463434,-0.026479622159363118,0.05907526563338596,1.4589067192127794
2021-12-27,266.9199523925781,48.62586975097656,522.6864808261088,0.05824051821586753,-0.027117557140422292,0.05791992473915353,1.4737255916803405
2021-12-28,265.0216979980469,49.24928665161133,529.3876789239332,0.02620956664911999,-0.02795340946348205,0.05675138398395195,0.954390400909309
2021-12-29,266.9294738769531,49.66300582885742,533.8348059761067,0.016509052446965333,-0.028941067245078948,0.05541562518924488,0.8201679496862427
2021-12-30,265.8077087402344,49.54399490356445,532.5555403909397,0.017171259456528087,-0.028953623405303608,0.055404910618055074,0.832505320328064
2021-12-31,264.8202819824219,50.02003860473633,537.672602731608,-0.0058161556004205535,-0.02911434371621766,0.055322132492207514,0.42113684101166576
2022-01-03,260.5155944824219,50.14472579956055,539.0128833559035,-0.02758070627106856,-0.0294952735251623,0.055229960513119854,0.03466537430601525
2022-01-04,255.79869079589844,52.55902099609375,564.9644903176684,-0.14798244127427648,-0.0311590110864264,0.05726764208339242,-2.0399553035156095
2022-01-05,249.8928680419922,52.751712799072266,567.0357622743177,-0.18340183058603718,-0.03382032296608071,0.060533366017453696,-2.471058813693383
2022-01-06,248.62733459472656,53.27877426147461,572.701221881991,-0.21221239647780257,-0.03699490830580099,0.06473754942505708,-2.7065820335822375
2022-01-07,248.79031372070312,52.94439315795898,569.1069112167751,-0.19697114401349355,-0.039932656768776324,0.06790762933843497,-2.312530841889295
2022-01-10,249.3751373291016,52.34365463256836,562.6494862423502,-0.16826963818306304,-0.041359433751959336,0.06969639688565596,-1.8209005070852204
2022-01-11,251.4939727783203,52.35498809814453,562.7713112969541,-0.15891137785171536,-0.042563058796225094,0.07110197996927363,-1.6363583560650437
2022-01-12,245.35809326171875,52.44567108154297,563.7460757527074,-0.19186608879351125,-0.04488254338939394,0.07366206610461916,-1.9953763609530408
2022-01-13,239.36602783203125,54.02118682861328,580.6815215460603,-0.29245340103200834,-0.04881044061374556,0.08029226135310201,-3.0344513445298533
2022-01-14,234.0450439453125,54.68994140625,587.8700608670307,-0.35255150353864906,-0.05365831348144314,0.0893523689688358,-3.3451064980879632
2022-01-18,236.8733062744141,54.38957977294922,584.6414303892794,-0.3227718670978617,-0.05790472661070787,0.09586199246138599,-2.763004749706663
2022-01-19,234.9366912841797,53.36378860473633,573.6150533080771,-0.2867422575530444,-0.06162807817029023,0.10031197388923364,-2.2441406609277714
2022-01-20,233.0959014892578,52.30965042114258,562.2839700738081,-0.24829258443305732,-0.06470697072146929,0.10316665543173859,-1.779505334774176
2022-01-21,233.02882385253903,51.8902702331543,557.7759920014284,-0.22930675477156462,-0.06785787752849623,0.10527265135046887,-1.5336260194072648
2022-01-24,230.4977569580078,51.65789794921875,555.2781888371086,-0.23196905601911158,-0.07163467885257588,0.10704254649130869,-1.4978565292218085
2022-01-25,229.5774078369141,53.24476623535156,572.3356647087182,-0.3112073298585574,-0.07545172366107702,0.11141903363691512,-2.1159365550211553
2022-01-26,228.04345703125,53.20509338378906,571.9092155105088,-0.3181572259987592,-0.07939457183206498,0.11574178058719167,-2.062890798425442
2022-01-27,226.95046997070312,52.8310546875,567.888619666006,-0.30678969257592525,-0.08214044254040123,0.1191570285004788,-1.8853210159954714
2022-01-28,234.98460388183597,53.080413818359375,570.5690168956745,-0.27351718865432295,-0.08465964305046215,0.12159474913154568,-1.5531718840880848
2022-01-31,235.26263427734372,52.70070266723633,566.4874470167738,-0.25466316884716894,-0.08797507485948859,0.12348998911188122,-1.349810581298715
2022-02-01,238.03338623046875,54.0268669128418,580.7425775899193,-0.2999457668820176,-0.09271001541071883,0.12609662284441228,-1.6434678962576355
2022-02-02,240.4781494140625,54.45758056640625,585.3723807169026,-0.30598267118695716,-0.09699733495734926,0.12891795077058535,-1.6210724339041478
2022-02-03,234.70660400390625,53.74916458129883,577.7575152119144,-0.30565320788240424,-0.10140656972561507,0.13147253536857648,-1.5535308388493023
2022-02-04,232.27142333984372,53.57347869873047,575.8690423442669,-0.3112114834532647,-0.10636845107865521,0.1336977175436677,-1.5321355976604811
2022-02-07,233.49855041503903,53.63603591918945,576.5414789213281,-0.30720038131183175,-0.11086524656696402,0.13585836556037506,-1.4451457143256812
2022-02-08,230.00881958007807,53.27201843261719,572.6286025041037,-0.31002158209055375,-0.11508592231418184,0.13806541879333853,-1.411907930892955
2022-02-09,233.2301788330078,53.852169036865234,578.8647249474963,-0.3186657134309966,-0.1193461119623612,0.1403572937368492,-1.420087237093161
2022-02-10,229.74996948242188,52.89093399047852,568.5322709221881,-0.2936680113983618,-0.12320673869594273,0.141930920933678,-1.2010157588005281
2022-02-11,226.0109100341797,52.78855895996094,567.4318269671547,-0.3102010966609682,-0.1272174098760301,0.14377729186200985,-1.2726883669540565
2022-02-14,225.94351196289065,52.88524627685547,568.4711328688678,-0.31519177295360734,-0.1317267640885459,0.14537714715373146,-1.2619934594744342
2022-02-15,234.75250244140625,53.64740753173828,576.663714023238,-0.30073854832036995,-0.136805902750419,0.14587718871935465,-1.1237716260445094
2022-02-16,236.4276885986328,54.02281188964844,580.6989895612945,-0.3085899820451678,-0.14221936152191808,0.14612882403096433,-1.138520217530774
2022-02-17,231.989501953125,53.26064682006836,572.5063674021939,-0.2983099669743808,-0.14646982699489713,0.14690917610378937,-1.0335647098872205
2022-02-18,231.35406494140625,53.35733795166016,573.5457143086376,-0.306368356234214,-0.1505064568507339,0.1479333773352776,-1.0535952209772999
2022-02-22,230.21807861328125,53.24357604980469,572.322871232772,-0.3075028176018214,-0.15504942974815725,0.1485080094303439,-1.026566771977176
2022-02-23,229.4286346435547,51.91831588745117,558.077458780778,-0.2499109993104122,-0.1593961546439921,0.14738117633700448,-0.6141547171495443
2022-02-24,234.0208740234375,52.29939270019531,562.1737083532325,-0.24288751926066762,-0.1634390116923607,0.14626624890785586,-0.5431773096085724
2022-02-25,241.50128173828125,52.162899017333984,560.7065180877391,-0.19831427486306827,-0.16741574724818317,0.14385710215001665,-0.21478625075224705
2022-02-28,240.6348114013672,52.21977233886719,561.3178576162106,-0.205169655812874,-0.17198203444754875,0.1405419247943333,-0.23614036461996268
2022-03-01,240.20159912109372,50.78645324707031,545.9109041605939,-0.1432014623646624,-0.17480311834659226,0.13817813811178617,0.22870228542494977
2022-03-02,244.69757080078125,52.123085021972656,560.2785517144976,-0.18091269147387004,-0.17737584319346986,0.1368012068323726,-0.02585392601641308
2022-03-03,249.0009307861328,52.13446044921875,560.400827821138,-0.16099462811409163,-0.17884885784819596,0.13612822362176422,0.1311574430274854
2022-03-04,253.07330322265625,50.02428436279297,537.7182409967625,-0.05268375929541153,-0.17842771071699343,0.13648428452897665,0.9213071809369049
2022-03-07,251.88917541503903,47.31688690185547,508.6160355595725,0.057903340286312305,-0.17555143959501854,0.13963274788125984,1.671919971666352
2022-03-08,250.24282836914065,47.49889755249024,510.57249427055007,0.043887047445848135,-0.17292873958129565,0.14227140443671782,1.5239589985462132
2022-03-09,252.996337890625,49.66594314575195,533.8663796186665,-0.03777903279036605,-0.17153540978999646,0.14319120591862844,0.9341102768255226
2022-03-10,256.1058654785156,49.0004768371582,526.7131863754706,0.0027518459397924723,-0.17012759009216002,0.1444985138292765,1.1964097861671281
2022-03-11,256.3754272460937,48.66489791870117,523.1060002248473,0.01787032342954495,-0.16860439817519485,0.1460079300071266,1.2771547517702497
2022-03-14,258.974853515625,49.57494735717773,532.8882527750042,-0.010044660479721523,-0.16926008304047443,0.14519018962114863,1.0965990400329455
2022-03-15,265.19415283203125,49.865020751953125,536.0062934943353,0.0018852003914343533,-0.17019301705491188,0.14387999170146493,1.1959843436979725
2022-03-16,266.1376037597656,51.36661148071289,552.1471086134477,-0.05522489066941438,-0.17234988544331126,0.14109754512967557,0.83009945117226
2022-03-17,274.8695983886719,51.34385299682617,551.9024743907056,-0.020812746307852167,-0.17425715391432442,0.13818471996528997,1.110429631040359
2022-03-18,276.92022705078125,50.43381118774414,542.1203038500098,0.022071367082476524,-0.17502575901336037,0.13693595817894033,1.4393379848285086
2022-03-21,278.8456726074219,50.46224594116211,542.4259531118803,0.027727897680004682,-0.17544480649607316,0.13626355531172957,1.4910274703406976
2022-03-22,274.3977966308594,50.71250915527344,545.1160684627005,0.0021640587441991792,-0.17640383351387756,0.13477486611841202,1.3249346662395385
2022-03-23,273.5987548828125,50.01290512084961,537.5959238853915,0.026735924962755175,-0.17692891006809613,0.13390376351016098,1.520979169606362
2022-03-24,276.96826171875,50.59306716918945,543.8321693429759,0.016060241455824655,-0.17709806548798437,0.13364896533161671,1.4452660105862747
2022-03-25,278.24871826171875,50.604434967041016,543.9543634401551,0.020149022211557257,-0.17703739932524118,0.1337391330473002,1.4744107954330652
2022-03-28,280.79034423828125,50.792137145996094,545.9720012091834,0.021832758632628006,-0.17695970767230618,0.1338551684551452,1.4851310457358204
2022-03-29,277.64215087890625,51.73062896728516,556.0599850306721,-0.02559319377926861,-0.177289324975287,0.13345032393007822,1.1367235891873901
2022-03-30,279.0863037109375,50.84901428222656,546.5833817423857,0.013669630866344182,-0.1766018193563301,0.1343379649589089,1.4163639465647275
2022-03-31,275.697509765625,50.092533111572266,538.4518566318745,0.031040316338202083,-0.17361810672945546,0.1369471428517598,1.4944336829954366
2022-04-01,281.7626953125,48.47150039672852,521.0271423930376,0.11373981806551008,-0.16866574591859634,0.14187150901935275,1.9905727791024157
2022-04-04,280.559326171875,48.067684173583984,516.686463621494,0.12541000797761842,-0.1630387058443393,0.1467274888268825,1.9658805321904338
2022-04-05,281.58941650390625,47.117801666259766,506.4760396744425,0.1648693412873662,-0.15700803108932498,0.15262663746690075,2.1089200267973855
2022-04-06,294.4418640136719,47.48182678222656,510.38899810112815,0.18803355589747947,-0.15106964452131597,0.15898030707685867,2.1329887119595057
2022-04-07,296.9354248046875,47.36238861083984,509.10513998613413,0.19917586337327045,-0.14510152383423283,0.16527752005023844,2.0830260951571353
2022-04-08,300.0738525390625,47.237247467041016,507.75997979889763,0.21203432749913248,-0.13836985022935547,0.1714505920529878,2.043761841430058
2022-04-11,297.4456481933594,46.96992111206055,504.8864502881169,0.21473261779493572,-0.12991674991557303,0.17616322089672937,1.9564206759851963
2022-04-12,296.598388671875,46.87322998046875,503.8471033816732,0.21599365512435,-0.12044099727118973,0.17924870161973594,1.8769154217321093
2022-04-13,291.3900146484375,47.34531021118164,508.9215618072512,0.1845654789821872,-0.11198537483652225,0.1814945972738177,1.633937639318863
2022-04-14,290.61016845703125,47.61265182495117,511.7952553369543,0.17248879545148352,-0.10433152395311346,0.18367010501232434,1.5071604569835804
2022-04-18,287.6835632324219,47.68658828735352,512.5900090253866,0.16130792621117826,-0.09750484877570953,0.18582801698734397,1.3927543283449801
2022-04-19,285.9410400390625,48.8582763671875,525.184653033004,0.1121506440093619,-0.09181389212936075,0.186948353510061,1.0910207675498242
2022-04-20,282.0033874511719,49.82521057128906,535.5783681258243,0.06289677676814347,-0.0868994615829065,0.18707717746541863,0.8007189352572947
2022-04-21,278.8168029785156,50.109596252441406,538.6352707918352,0.041222827487176886,-0.08102562562714427,0.18544063573989256,0.6592322800585756
2022-04-22,268.3421936035156,48.73883819580078,523.9007949180101,0.0587066955702498,-0.07474456026766078,0.1836463141061966,0.7266753840795309
2022-04-25,274.5711364746094,49.11423110961914,527.935947441875,0.06536475044755162,-0.0685419862172695,0.181953128273992,0.735940832317976
2022-04-26,272.2894592285156,47.67520904541016,512.4676919140155,0.11434101116415414,-0.062077682886961555,0.18143652933716986,0.9723438532230225
2022-04-27,274.4651794433594,47.97098922729492,515.6470757103197,0.10977781799926535,-0.056003666439520976,0.18097968608411785,0.9160226101935687
2022-04-28,286.19122314453125,48.3805046081543,520.0490155493752,0.13087156191114255,-0.048823377626301644,0.17967892123751666,1.0000891495775754
2022-04-29,281.2428894042969,47.237247467041016,507.75997979889763,0.15927511797119218,-0.04106908114033248,0.17842781877490127,1.1228305120081772
2022-05-02,278.76861572265625,47.78329086303711,513.629478946022,0.13075798172319458,-0.03379556131357251,0.17634222497416957,0.933148842036391
2022-05-03,277.3341369628906,48.39188003540039,520.1712916560157,0.1026737292485353,-0.026897474435209172,0.17337661052135872,0.7473395822776352
2022-05-04,283.9096069335937,50.05840301513672,538.0849873072226,0.06035972010418248,-0.020771472744942267,0.1697605452189698,0.4779154823311606
2022-05-05,281.4739074707031,48.46012878417969,520.9049072911276,0.11326479690101605,-0.013716699761749437,0.16629633681172715,0.7635856513575998
2022-05-06,285.8350830078125,48.06198120117188,516.6251615492514,0.1417670840653337,-0.006042819803477265,0.1625674215628217,0.9092221703946511
2022-05-09,278.450927734375,48.54545593261719,521.8221011051228,0.1003441131966176,0.0005240489397723915,0.1586630759982935,0.6291322894680222
2022-05-10,275.0524597167969,47.82592391967773,514.0877478151747,0.11734778419318463,0.007649863620674938,0.15400392710968688,0.7123059952515306
2022-05-11,276.0055847167969,47.1749153137207,507.0899625009417,0.14574961242237555,0.015332220043607988,0.14904322354791844,0.8750306741509618
2022-05-12,280.92510986328125,47.67744827270508,512.4917616908759,0.1414805282973012,0.022702537987235837,0.14399696539371912,0.8248645378414776
2022-05-13,281.70751953125,47.82592391967773,514.0877478151747,0.13819956444146558,0.03014903042867973,0.1380021033260809,0.7829629506260248
2022-05-16,289.1939392089844,47.55752944946289,511.2027369798268,0.17048520154690355,0.0379622832373678,0.1322411999958927,1.0021303369422827
2022-05-17,291.1451721191406,48.59685516357422,522.3745988451875,0.13767241189415924,0.04536296270617402,0.12486390426344353,0.7392804968938547
2022-05-18,285.146484375,46.35259628295898,498.25073674505586,0.2041330880882379,0.05389022780100835,0.11761755889670154,1.277384615839387
2022-05-19,276.5298767089844,46.49535751342773,499.7852977829202,0.17378470739227686,0.060951822912719826,0.11163553384533748,1.0107255332865466
2022-05-20,288.681884765625,45.575965881347656,489.9026246475311,0.24279786366930753,0.06904657929488607,0.1067315009519864,1.627928801006782
2022-05-23,292.3043518066406,46.74662399291992,502.48619737788744,0.2091321556930495,0.07583735313748804,0.10230234769148844,1.3029495956196084
2022-05-24,295.550048828125,46.96363067626953,504.8188334873623,0.2099248515430718,0.0827555949267538,0.09686818268897167,1.3128072922007659
2022-05-25,296.5643005371094,47.69457626342773,512.6758729312567,0.18613336901612174,0.08824450878310021,0.09310518255950698,1.051379284611328
2022-05-26,302.7948303222656,48.04863739013672,516.4817270016229,0.19031100379864863,0.09443157037097552,0.08705356944520988,1.1013842860058494
2022-05-27,312.4739685058594,48.9223518371582,525.8734094928428,0.18533589877250747,0.1002037458190855,0.08110916338557246,1.0495996925615572
2022-05-31,302.7755126953125,49.59048080444336,533.0552240379955,0.13552077932285633,0.10334048812938998,0.07869975569249417,0.4088995055995515
2022-06-01,300.49578857421875,50.561279296875,543.4904769229106,0.09423558502665402,0.103946025541729,0.07848370289001597,-0.12372556540410459
2022-06-02,292.1400756835937,50.795406341552734,546.0071422633051,0.059714567275637065,0.10420981753889215,0.07830481200635954,-0.5682313656489131
2022-06-03,291.3866882324219,50.41851806640625,541.9559158850462,0.07118670127394215,0.1060259131066306,0.07619097012882088,-0.4572616909035756
2022-06-06,293.0384216308594,50.618385314941406,544.1043177399486,0.06909056007489708,0.1071315583422157,0.07514101005039966,-0.5062614708240308
2022-06-07,301.4811096191406,50.81254577636719,546.1913765178778,0.08823709690433967,0.10830433790012893,0.07426829740806405,-0.27019928685762973
2022-06-08,302.8238220214844,51.04096984863281,548.6467397860297,0.0841716046258587,0.10987460898522196,0.07270313194878675,-0.3535336603857571
2022-06-09,292.9322509765625,50.27003860473633,540.3598887560169,0.08153573709944874,0.11120211793035552,0.07141364594543262,-0.41541613564408897
2022-06-10,286.9045715332031,48.59685516357422,522.3745988451875,0.12492675623642599,0.11420464537878619,0.0680035052743615,0.15766997325183796
2022-06-13,281.3694763183594,47.38621520996094,509.36125553344345,0.15396234920283128,0.11711756363729758,0.06583054780512627,0.5596913104020161
2022-06-14,280.8961181640625,48.060054779052734,516.6044541602998,0.12675059028760496,0.11886221735738305,0.06464536728348522,0.12202534012421243
2022-06-15,283.0213317871094,49.025146484375,526.9783639682418,0.09665367776049255,0.12001098035872453,0.06360244142843041,-0.36723908821196943
2022-06-16,278.26873779296875,46.58101272583008,500.70601800374664,0.17563886248915947,0.1229022270878072,0.06207922339484949,0.8495053983830548
2022-06-17,281.0023803710937,46.780879974365234,502.854419858649,0.17601290505139672,0.1253901767559512,0.06114408677389776,0.8279251676885983
2022-06-21,287.2232971191406,48.25993347167969,518.752979029394,0.13850688043690923,0.12743095407230262,0.05945322735560676,0.18629646963247806
2022-06-22,296.2552185058594,47.72312927246094,512.9827933397758,0.18424826480493925,0.13016594144885898,0.05819553143701663,0.9293208949318046
2022-06-23,302.0800170898437,46.58673477172852,500.76752509964234,0.24041503133135309,0.13380897932717106,0.05814053002983013,1.8335927097583342
2022-06-24,314.5410461425781,48.08860778808594,516.9113745688188,0.21918206606821622,0.13788856699129584,0.055283534452932694,1.4704830268428668
2022-06-27,316.1349792480469,47.86589813232422,514.5174363871013,0.23069142116903302,0.14150559682967398,0.05410550476009322,1.648368770142962
2022-06-28,306.813232421875,47.51754760742188,510.7729663984391,0.21952231419358734,0.14464696346059705,0.053044412477660736,1.411559620243197
2022-06-29,312.01025390625,47.47186279296875,510.2818937448086,0.23409629661215245,0.14665290476970777,0.054120608491130213,1.6157133905243455
2022-06-30,313.1983947753906,47.02073669433594,505.43267430440034,0.2524847080098537,0.14877081643691167,0.055737482818665134,1.8607566457631763
2022-07-01,313.6620483398437,47.33481979370117,508.80879879810925,0.24282610767828888,0.1500700958767604,0.05701312667035538,1.6269237843739943
2022-07-05,316.0480041503906,46.74662399291992,502.48619737788744,0.2685474688685117,0.1514119944262776,0.05884004779727048,1.9907440396006597
2022-07-06,318.9169921875,46.438262939453125,499.1715799800741,0.285520995183975,0.15285107995645603,0.061042705409642,2.1733950737799885
2022-07-07,316.7918701171875,46.96363067626953,504.8188334873623,0.26290170067194424,0.15369886950933623,0.06222047440047368,1.7550948014272398
2022-07-08,319.22613525390625,46.29549407958984,497.6369369327484,0.2910202920268262,0.15497033074653438,0.06423565149739012,2.117982119101252
2022-07-11,319.80572509765625,45.27901840209961,486.7106934036642,0.32647044215715415,0.15681161053041445,0.06751420941406143,2.512935174671604
2022-07-12,312.5802001953125,45.8671989440918,493.03313080496366,0.29067469441956184,0.15858009745437068,0.06961070139211151,1.8976191063082797
2022-07-13,311.4886169433594,45.29615783691406,486.8949276582368,0.30789495619222274,0.1608368668000497,0.07221545327803311,2.036379787384177
2022-07-14,315.7679443359375,45.15908432006836,485.42150467369265,0.32194060945313063,0.16351407818741553,0.07515107678650039,2.1081072692517124
2022-07-15,320.3176574707031,45.713016510009766,491.3758016036917,0.31298287281964765,0.16686128200092032,0.07726729612571522,1.89111821100851
2022-07-18,310.8221130371094,45.86149215698242,492.97178772799043,0.2868599316210904,0.1705940012484694,0.07756887961159248,1.4988734007090823
2022-07-19,315.1014099121094,47.99153137207031,515.8678861845849,0.22388223692883732,0.1736383247391638,0.07597341139473422,0.6613354760209698
2022-07-20,311.0732116699219,48.162845611572266,517.7093676309682,0.20791224186353277,0.17612508384405184,0.07457676955282118,0.4262340432561475
2022-07-21,315.796875,48.25420379638672,518.6913899240373,0.21665056013930423,0.17864651400558101,0.07331531449498631,0.5183643607819773
2022-07-22,317.5646057128906,48.38555908203125,520.1033468174164,0.21656488928958634,0.1803502453076716,0.07298263416591286,0.49620905569929513
2022-07-25,320.2692565917969,49.1279411315918,528.0833184436408,0.1982644965892476,0.18182502328417127,0.07242428930467096,0.2269883966126276
2022-07-26,320.27899169921875,49.66471481323242,533.8531760954143,0.18027376719437332,0.1826483933722251,0.0721153569845297,-0.032928162282566086
2022-07-27,317.7481384277344,50.86394500732422,546.7438742579425,0.13317575725922,0.18221340402702557,0.07233710359619759,-0.6779044823462247
2022-07-28,319.5448303222656,51.95465850830078,558.4681108491762,0.10135918713957567,0.18172342411729858,0.07278969892778242,-1.1040605767233012
2022-07-29,318.4725952148437,52.26302337646485,561.7827692517202,0.0879256525267498,0.1814776228386022,0.07308546408031051,-1.2800352503618517
2022-08-01,313.1211242675781,51.86899185180664,557.547267614158,0.08586434881817093,0.18190269998383532,0.07244040553630376,-1.3257566748095362
2022-08-02,309.3055419921875,51.52637100219727,553.8643867308526,0.08649453828745074,0.18145652900694256,0.07295096337322605,-1.3017236007378636
2022-08-03,303.1522216796875,51.87470626831055,557.6086927005924,0.055601155316400454,0.18002043019446035,0.0745755583883235,-1.6683653138766248
2022-08-04,295.3858337402344,51.89754104614258,557.8541470179465,0.02993972795964981,0.17884702377384423,0.07638246863392738,-1.9494957216930424
2022-08-05,291.06787109375,52.04031753540039,559.3888720747332,0.010276241726049259,0.1770624980660586,0.0790478818135428,-2.109939602599634
2022-08-08,292.20770263671875,52.303001403808594,562.2124988283773,0.004473833439619475,0.17470790174967937,0.08204372464405263,-2.074918819795442
2022-08-09,292.7100524902344,52.17736053466797,560.8619670214325,0.010796247771286844,0.1725298304075791,0.08463456087059919,-1.910963806896482
2022-08-10,294.2458801269531,53.25095748901367,572.4022153864773,-0.02326031030083463,0.16983883249520745,0.08823487997262638,-2.188467223573584
2022-08-11,290.9229736328125,53.10818862915039,570.8675723391517,-0.02967285056767505,0.16650286495996444,0.09191696895265014,-2.1342709378145064
2022-08-12,298.5694274902344,53.52506256103516,575.3486103035291,-0.018310977370395488,0.16390314180555524,0.09490356116349329,-1.9199924317070132
2022-08-15,304.2485046386719,53.81630325317383,578.4791984704227,-0.009592845993402379,0.16034104290419457,0.09734749617306293,-1.7456421128232307
2022-08-16,300.7306213378906,54.32064437866211,583.90043390266,-0.039429731927489116,0.15678746891553177,0.10068288215095098,-1.9488635669848826
2022-08-17,307.0396423339844,53.598514556884766,576.1381563911754,0.007209397161263901,0.15286099447373103,0.10185868427623121,-1.4299379414471292
2022-08-18,306.9427490234375,53.99969100952149,580.4504598891458,-0.007153210459164678,0.14925623837119417,0.10364498960871286,-1.509088373889039
2022-08-19,312.8059387207031,53.317684173583984,573.1194701340811,0.03516094807736839,0.14634350664676576,0.10436431972479586,-1.0653311290925953
2022-08-22,313.125732421875,51.8562126159668,557.4099017666579,0.08631649410988508,0.14467989206499515,0.10451475566439274,-0.558422565159323
2022-08-23,305.37274169921875,51.942169189453125,558.3338613612015,0.06009365806173175,0.14250960296937987,0.10490243556680139,-0.7856437694925207
2022-08-24,309.0263061523437,52.43506622314453,563.6320826016475,0.054061120367821944,0.14032168999596845,0.10536205239067262,-0.8187062388297106
2022-08-25,313.1645202636719,52.985260009765625,569.5461948956614,0.047675931291542066,0.13885760919544657,0.1060380599134036,-0.8598957579794309
2022-08-26,305.8185729980469,51.56391525268555,554.2679552893889,0.07475903856183755,0.1385330000876996,0.10620665164091432,-0.6004705029349988
2022-08-29,300.5754699707031,50.93921661376953,547.5529796020837,0.0809599504378064,0.13888708980706907,0.10597458171711847,-0.5466135221358036
2022-08-30,297.56158447265625,50.46352767944336,542.439730701361,0.088835185500074,0.13918123121083795,0.10580784995422972,-0.4758252410623844
2022-08-31,291.9308776855469,50.15403366088867,539.1129348985603,0.0826566472218376,0.13940733266328698,0.10566993901760728,-0.5370561009975909
2022-09-01,299.5870056152344,50.131107330322266,538.8664964676719,0.10692250775299526,0.1397187561774312,0.10554403663252845,-0.3107352103522655
2022-09-02,292.0277709960937,49.55799102783203,532.7059867475003,0.10490053369627036,0.14006423832860476,0.10539294814064862,-0.33364380874333127
2022-09-06,297.3482971191406,49.76432418823242,534.9238916207647,0.11345782238627572,0.1405962730833852,0.10517282546838644,-0.25803671790929444
2022-09-07,301.98077392578125,50.76154708862305,545.6431842745257,0.09156104236318116,0.14004017785216447,0.1053451498632087,-0.4601933316525132
2022-09-08,305.7604064941406,49.47775650024414,531.8435342488524,0.1479228705472828,0.13993951987457195,0.10533450651073249,0.07579045971889004
2022-09-09,307.8925170898437,50.70996475219727,545.0887183073922,0.11080452324057442,0.1396737520904548,0.1053884501168618,-0.27393161981097763
2022-09-12,305.4890441894531,51.25443649291992,550.9413235055106,0.08465051679867881,0.13947369940775795,0.10548284686854559,-0.5197355232306221
2022-09-13,297.0188293457031,49.3230094909668,530.180136347452,0.12844565398537783,0.13868714593269488,0.10538451039247791,-0.09718213719620851
2022-09-14,300.05224609375,49.51213455200195,532.2130688809931,0.130481482826672,0.13792828889561612,0.10527505342802469,-0.07073666387674096
2022-09-15,299.9165344238281,49.082298278808594,527.592696842047,0.14549355356029153,0.1380447334476725,0.10527956813085866,0.07075276090950913
2022-09-16,299.3544311523437,48.79573440551758,524.5123804748653,0.15417889517399305,0.13754357728715674,0.10512735907172126,0.158239663145035
2022-09-19,295.6717224121094,50.027950286865234,537.7576465428663,0.09884665470828004,0.13518410434343886,0.10436529919631644,-0.34817559011454785
2022-09-20,292.4154357910156,49.59811019897461,533.1372334991896,0.10461242236445227,0.13327461028170945,0.1038492245562117,-0.27599809280947357
2022-09-21,287.3275451660156,48.9791374206543,526.4838059125107,0.11191347497837241,0.13129497784519845,0.1030900668740469,-0.18800553200247622
2022-09-22,301.2732849121094,48.65818786621094,523.033872903727,0.1644735835302063,0.13037749900080878,0.10253502108191921,0.33253111151317594
2022-09-23,301.8450622558594,48.033485412597656,516.3188562116914,0.18830286771104462,0.1296142751857903,0.10191847947694646,0.5758385802697287
2022-09-26,298.00738525390625,47.56925582885742,511.32878552168216,0.19459478987691645,0.128649443216908,0.1010055109302133,0.6528886003613347
2022-09-27,301.4961853027344,47.54632186889648,511.08226508133254,0.20473229186117706,0.12801454628662282,0.10039352944927867,0.7641702208837471
2022-09-28,324.0576171875,48.904632568359375,525.6829425192195,0.21504434938490816,0.12712282762856275,0.09935638294899377,0.8849106534150037
2022-09-29,319.8223876953125,48.64098739624024,522.8489825734649,0.2135106625804154,0.12592265541850342,0.09783384503905701,0.8952730737194812
2022-09-30,313.3680725097656,47.9647102355957,515.5795819237569,0.2205093033748178,0.12521611546355133,0.0969771627915683,0.9826353459739674
2022-10-03,311.62359619140625,49.563720703125,532.7675758528571,0.1609894299877209,0.12304893442956623,0.0946336863313727,0.40091955654459943
2022-10-04,319.70611572265625,51.52953720092773,553.898420657248,0.11610594237314673,0.1195428594331661,0.09078815744011738,-0.03785644688610758
2022-10-05,321.5378112792969,52.1026611328125,560.0590123868809,0.10198142341325439,0.11639797158306098,0.0879845674319262,-0.16385314596176986
2022-10-06,322.6717224121094,51.40918731689453,552.6047624116414,0.12823883194402946,0.1134037028455911,0.08433859667005333,0.17589964362907126
2022-10-07,316.57586669921875,50.25147247314453,540.160318732201,0.15076206928746497,0.11055072717616334,0.07994559297419086,0.502983849582343
2022-10-10,313.891357421875,50.366092681884766,541.3923878724509,0.1395739426924408,0.10766057834070988,0.07551506395407785,0.4226092474891903
2022-10-11,317.48681640625,51.04811477661133,548.723541646438,0.12622684619307611,0.10498336025024298,0.07181086462803633,0.2958255140481803
2022-10-12,314.55035400390625,50.75008392333984,545.5199650590814,0.128254421634995,0.10338956332867895,0.0701696980020039,0.3543532181883692
2022-10-13,321.847900390625,51.71866607666016,555.9313941955198,0.1156713805898691,0.10185221564078455,0.06883872714924721,0.2007469562754063
2022-10-14,321.1598815917969,50.58961868286133,543.7951010665162,0.15156583402337734,0.10076747020551909,0.06749885555460587,0.7525811126792055
2022-10-17,322.4875183105469,50.92201614379883,547.3680892718215,0.14397925868573347,0.0995577096954549,0.0660226001030074,0.67282338049354
2022-10-18,324.6874389648437,51.9822998046875,558.7652311270825,0.1146773424296894,0.09816459045946226,0.06477459828292133,0.25492635088376836
2022-10-19,319.1246643066406,52.00522613525391,559.0116695579709,0.0984727382321759,0.09680123997675896,0.06387166966458363,0.026169634584388587
2022-10-20,318.9114074707031,50.18842697143555,539.4826335496234,0.1591064399562757,0.09723341802170989,0.06420880222724143,0.9636221170360874
2022-10-21,330.25018310546875,51.67855072021485,555.5001884485611,0.1394763176413634,0.097868703530073,0.06443847046296748,0.6456952471459129
2022-10-24,337.1601867675781,52.73882675170898,566.8972482943608,0.12330940866664732,0.09845843279907131,0.06450780670647886,0.3852398203623949
2022-10-25,340.46484375,52.578346252441406,565.1722202828731,0.1368855231478095,0.09930878570456529,0.06467504361850358,0.581008304608139
2022-10-26,346.81268310546875,53.18585968017578,571.7024696588385,0.1338540961477523,0.10009811166890364,0.06480487088885327,0.5208865323833988
2022-10-27,345.3299255371094,53.948123931884766,579.8961579409347,0.10640795848217051,0.10094489172166647,0.06454500716147812,0.08463964914957071
2022-10-28,348.789794921875,55.19179153442383,593.2645202101882,0.07694422223771544,0.10172829995963424,0.06395110608044251,-0.3875472879349972
2022-10-31,350.912109375,55.49555206298828,596.5296859029014,0.07322206207386651,0.10277739696543119,0.06293364605454355,-0.46962692843109
2022-11-01,341.6957092285156,55.56432342529297,597.2689191861052,0.046061084176254076,0.10347051781104176,0.06205551220159344,-0.9251302841283058
2022-11-02,344.0021667480469,54.84792709350586,589.568271784708,0.0748424929696002,0.10453795523101365,0.06097582004809359,-0.4870039015136112
2022-11-03,350.5147399902344,55.58152770996094,597.4538505210979,0.06953480544882246,0.10608454049350795,0.05881806125600409,-0.6214032605665752
2022-11-04,346.3764953613281,56.8079948425293,610.6373224600892,0.02035720604226448,0.10691837477034026,0.05719305477174285,-1.5134909137751238
2022-11-07,353.80010986328125,56.8194580078125,610.7605416755334,0.04056429766605446,0.1078996293542811,0.05548772754991374,-1.2135175589531115
2022-11-08,355.3410339355469,57.6275634765625,619.4469838052146,0.020279489912973174,0.10839750161938737,0.05454159057978497,-1.6156113301740385
2022-11-09,352.0557556152344,57.174800872802734,614.5801733353801,0.024961009506935916,0.10947068064329445,0.052165313418710835,-1.6200357210169911
2022-11-10,357.3374328613281,58.407020568847656,627.8254804081117,0.0023060478988924504,0.10938895815558825,0.05233180696906772,-2.0462299404259126
2022-11-11,341.4244079589844,58.813941955566406,632.1995370303613,-0.05700542736442536,0.1085580878738339,0.05456174498922212,-3.0344248570305794
2022-11-14,346.03082275390625,58.865699768066406,632.7558892151022,-0.04454222186191907,0.10722970170817912,0.05728145573297546,-2.649582166305299
2022-11-15,340.0929260253906,59.11878967285156,635.4763890712948,-0.07077882667009053,0.10461144636184617,0.06167535333657246,-2.8437660028440113
2022-11-16,342.98895263671875,59.47540664672852,639.309716311161,-0.07291394868306851,0.10239465291609952,0.06556995040388719,-2.673611929234816
2022-11-17,350.608154296875,59.53867721557617,639.9898207728437,-0.05153782498064582,0.10063467049362505,0.06825164186977939,-2.229579996985393
2022-11-18,351.4828491210937,59.745750427246094,642.2156805638439,-0.05525375337170494,0.0989191757492376,0.07084943545599728,-2.176064327523051
2022-11-21,350.9969482421875,60.02759552001953,645.2452740792771,-0.06534598425691882,0.09658409203559166,0.07390225809805814,-2.191138409839271
2022-11-22,350.71502685546875,60.982421875,655.5088401571824,-0.09546704861460781,0.09364364205138474,0.07793433061600544,-2.426538974175198
2022-11-23,351.5313720703125,60.90766143798828,654.7052294469412,-0.09063706720100839,0.09065243783970005,0.08148528554028497,-2.2248127847705943
2022-11-25,354.9619445800781,60.41297912597656,649.3878179925756,-0.06511624409994746,0.0881895563176703,0.08392765814468764,-1.8266421797844665
2022-11-28,355.4673156738281,59.59619522094727,640.6080901007863,-0.03890284432399991,0.0857591337830537,0.08547319868437896,-1.458492018853587
2022-11-29,353.69854736328125,59.97006607055664,644.6268817371428,-0.05546036232567475,0.08308645218268797,0.08735106968981783,-1.586091790293354
2022-11-30,360.6277465820313,60.91915893554688,654.8288177049608,-0.06346984267527477,0.08013765776499546,0.08927361837277943,-1.6086219317403383
2022-12-01,359.8988647460937,60.94217300415039,655.0761992446527,-0.06631098915070677,0.07750645723976399,0.09123616930710735,-1.576320525978805
2022-12-02,364.2041320800781,60.85012435913086,654.0867550953457,-0.050989367216062544,0.07419125327704156,0.09224245390117325,-1.3570825059274785
2022-12-05,358.88818359375,59.452423095703125,639.0626628093136,-0.024694026824149833,0.07193294410929617,0.09298654151445382,-1.0391500679528587
2022-12-06,358.15924072265625,59.63072204589844,640.9792239174202,-0.03213067569753449,0.06998659090102595,0.09393321826556458,-1.087126242282663
2022-12-07,361.4927062988281,60.10237121582031,646.0490488084406,-0.03663769004411119,0.06723520183386779,0.09460717954375919,-1.0979387862412078
2022-12-08,361.3177795410156,59.59619522094727,640.6080901007863,-0.02208091112171773,0.0646924952680613,0.09492815672610724,-0.914095557971732
2022-12-09,350.82196044921875,58.24449920654297,626.0785148657546,-0.011243508326719354,0.06208021090327778,0.09482347249907784,-0.7732654932111901
2022-12-12,356.9056701660156,59.22233581542969,636.5894214786214,-0.023456244126585476,0.059119625248268144,0.09467217108685795,-0.8722295942605303
2022-12-13,348.5575866699219,58.79668426513672,632.0140316291402,-0.034841761133977835,0.05689148498423051,0.09529250307882481,-0.9626491397998824
2022-12-14,353.26129150390625,59.10728073120117,635.3526777990834,-0.03051367860389777,0.05463938330142468,0.09574127074221218,-0.8894081021193151
2022-12-15,349.8695678710937,57.90693664550781,622.4500062552208,-0.00362521841729707,0.052713738411496854,0.09573170668443581,-0.5885088522918143
2022-12-16,349.7334899902344,58.08431625366211,624.3566852232535,-0.009467524685961615,0.04981471994122739,0.09492021700962963,-0.6245481362645309
2022-12-19,347.7024230957031,58.60467147827149,629.9500585145373,-0.03145088992605367,0.04615215731394241,0.09371804798840075,-0.8280480537708257
2022-12-20,349.5099182128906,58.78206634521485,631.8569015014923,-0.03157249030870448,0.04238270264418206,0.09218208372030398,-0.8022729576961951
2022-12-21,357.644287109375,59.745887756347656,642.2171567341454,-0.03707813970389496,0.0383525287847642,0.09022915790603704,-0.8359899420452449
2022-12-22,355.02032470703125,59.024513244628906,634.462998159319,-0.022901755486726443,0.03438676037023695,0.08751999325840079,-0.6545763284946828
2022-12-23,357.5373229980469,59.45615005493164,639.1027244311069,-0.028677612071529045,0.03035028912603788,0.08465677070034514,-0.6972614323608528
2022-12-27,354.6024475097656,59.32016372680664,637.640987794783,-0.033069302212487724,0.026123979032916123,0.08126429498702163,-0.7284045379936829
2022-12-28,354.9328918457031,58.68743896484375,630.8397381543016,-0.012945437380221183,0.023225064576783756,0.07945393718105641,-0.45523863562080086
2022-12-29,356.68212890625,58.29719161987305,626.6449132094918,0.0037829214598578747,0.021353014228228943,0.07854650193410839,-0.22369032784057502
2022-12-30,355.53533935546875,58.52188873291016,629.0602148558505,-0.006223827767344103,0.019549593375218964,0.07790346342895502,-0.3308379372127331
2023-01-03,354.7092590332031,58.20259094238281,625.6280368954153,0.0011088149260295092,0.017430759758252302,0.07661541328474299,-0.21303735283084488
2023-01-04,352.8725891113281,58.0724983215332,624.2296525678638,-0.0001274643451900453,0.014915934197708052,0.07461505322422936,-0.20161345322223978
2023-01-05,348.8103332519531,57.818241119384766,621.4966052641086,-0.0039396402518090835,0.012524041148637218,0.07283014932088908,-0.22605585123693003
2023-01-06,352.7170715332031,59.32016372680664,637.640987794783,-0.03859135997977745,0.009777071045756326,0.07156617348251715,-0.6758560458363709
2023-01-09,339.976318359375,59.00676727294922,634.2722441525815,-0.06760424114564982,0.006512759999412245,0.07052982964389762,-1.0508603454634151
2023-01-10,342.8140563964844,59.42068099975586,638.7214624460155,-0.07174536985162623,0.003389147492053989,0.06975942539306179,-1.0770518380897247
2023-01-11,350.2582702636719,59.75774002075195,642.3445584321105,-0.059311100262588665,-0.00012546807937877704,0.06744113663407131,-0.8775894822820833
2023-01-12,349.0046081542969,59.95286560058594,644.4419914068807,-0.06912601698052301,-0.003677222673816385,0.06530088295272163,-1.0022650743343253
2023-01-13,351.4342346191406,60.709739685058594,652.5777400046433,-0.08488478828706802,-0.007003258185762342,0.06424413558256187,-1.212274542961482
2023-01-17,347.6634521484375,60.08294296264648,645.8402117155098,-0.07727207049814691,-0.009932338331267722,0.06335385932377631,-1.062914444134061
2023-01-18,342.094970703125,58.97718811035156,633.9542934715319,-0.060062964220567144,-0.013585161734215105,0.05965257633490576,-0.7791415784862843
2023-01-19,341.1910705566406,57.95423126220703,622.9583829051631,-0.030643321199573345,-0.016420489048230714,0.05619701744561196,-0.2530887366951036
2023-01-20,336.3222351074219,58.6519660949707,630.4584351644795,-0.06786383084882415,-0.019606709706821903,0.05349497590733437,-0.9020869777676824
2023-01-23,332.5709228515625,60.46139144897461,649.9082090285829,-0.13839213903415679,-0.02419467074318801,0.05161760153094359,-2.21237455642936
2023-01-24,336.6331787109375,65.6826400756836,706.03216288666,-0.29137620887012844,-0.03128184249348602,0.058308227153848986,-4.4606804060492395
2023-01-25,339.8791809082031,65.52300262451172,704.3161969206342,-0.2739942204772871,-0.03762187880947698,0.06353034312806577,-3.720621202868776
2023-01-26,338.20751953125,66.36264038085938,713.3415841534306,-0.3069771481812323,-0.044020568316459445,0.07072271485185441,-3.718134695699933
2023-01-27,332.46405029296875,65.41656494140625,703.172082927515,-0.29896750570153086,-0.050223727779382735,0.07636262692106094,-3.2574020558418506
2023-01-30,330.9091186523437,64.3226318359375,691.4132383436574,-0.26953634663054016,-0.055483684959495974,0.08038161390966729,-2.6629555100945868
2023-01-31,334.456298828125,64.63604736328125,694.7821870095119,-0.26614479592773765,-0.06116680644111827,0.08302198465864133,-2.4689603642868865
2023-02-01,332.9208374023437,65.84820556640625,707.8118502040335,-0.3111217934775371,-0.06751108308989093,0.08729901271937697,-2.7905322500121943
2023-02-02,321.3851318359375,65.99604034423828,709.400947533592,-0.36312734894718457,-0.07390249233971509,0.09449805606083914,-3.0606434530384687
2023-02-03,329.52911376953125,65.15045928955078,700.3116749305253,-0.3018564133533083,-0.07960950419003779,0.09775177993897546,-2.2735842692789325
2023-02-06,328.1490783691406,65.30419921875,701.9642475830481,-0.3123674304992892,-0.08515361953024217,0.10135718236619037,-2.24171396308308
2023-02-07,330.1122131347656,65.21550750732422,701.0108875966664,-0.3016749629866505,-0.09059755240513527,0.10407799413697282,-2.0280695485322746
2023-02-08,331.13262939453125,63.81705856323242,685.9787583834373,-0.252267631729972,-0.09484044706561634,0.10540700047864679,-1.4935173560530932
2023-02-09,332.1628723144531,64.75725555419922,696.0850713195028,-0.2788093490904912,-0.09853717909438411,0.10791715496269667,-1.6704681480754484
2023-02-10,335.3989562988281,64.73950958251953,695.8943173127652,-0.26590206843532627,-0.10222650987060757,0.10980718917391682,-1.4905723368028583
2023-02-13,340.5302124023437,64.97090911865234,698.381664270783,-0.25413124572677287,-0.10528238352155227,0.11145610210066244,-1.3354931618798815
2023-02-14,338.8630676269531,65.1489028930664,700.2949450004418,-0.2659475203998048,-0.10849960971683122,0.11327705925121873,-1.3899364242303955
2023-02-15,326.62713623046875,66.67084503173828,716.6545203572895,-0.3634581642966305,-0.11369828203876428,0.11769016238441166,-2.1221814737758193
2023-02-16,317.9107971191406,66.63525390625,716.2719462208189,-0.39963746267804845,-0.11943801052720333,0.12306648803152338,-2.2768135877825024
2023-02-17,320.1824951171875,67.36503601074219,724.1164792218811,-0.41420721414868306,-0.12525236435873274,0.12858491895500818,-2.2471908225182733
2023-02-21,319.3147277832031,65.736328125,706.6092634650829,-0.36322299226234345,-0.12971496341952835,0.13213108340246957,-1.7672452448721143
2023-02-22,320.835693359375,65.05989837646484,699.3382226261512,-0.3340976291053774,-0.13377263945126783,0.13462541105731976,-1.4880176638332918
2023-02-23,319.32452392578125,65.3625259399414,702.591209913877,-0.35059819342622006,-0.13853067194003904,0.1371784291909716,-1.5459246963015834
2023-02-24,313.5916442871094,64.34791564941406,691.6850176980547,-0.34051063085772926,-0.14355746838226788,0.13898002804350584,-1.417132844539417
2023-02-27,308.69732666015625,64.17880249023438,689.8671959812259,-0.35587539978596117,-0.14856438567327265,0.14114694195417535,-1.4687602242207554
2023-02-28,303.432373046875,64.25889587402344,690.7281313048417,-0.3822389559502279,-0.15387720422785517,0.14386282633380912,-1.5873576068392976
2023-03-01,306.3085327148437,65.01541900634766,698.8601074673894,-0.39580839911627236,-0.15936882772728128,0.1467239793326915,-1.6114582801279715
2023-03-02,307.1665344238281,66.56401824951172,715.5062238816494,-0.4461019978358761,-0.1659540382376115,0.15059292666295215,-1.8602995891385694
2023-03-03,310.46197509765625,67.81005096435547,728.900009083873,-0.473893619844778,-0.17344069812128862,0.1545647214894146,-1.9438648019306652
2023-03-06,310.97869873046875,67.89015197753906,729.76102641695,-0.47421332556049917,-0.1808087422856714,0.15820836406287947,-1.8545453333820894
2023-03-07,302.8571472167969,67.45404815673828,725.073283605633,-0.4982680877522237,-0.18850258224747324,0.16225146492905554,-1.9091692370247346
2023-03-08,304.7194519042969,67.60535430908203,726.6996952400348,-0.4944487711930812,-0.1963753799153293,0.16546773845773674,-1.8013988349389622
2023-03-09,308.92144775390625,66.13683319091797,710.9143501304683,-0.4230228057769437,-0.2032383682061664,0.16619694183401426,-1.3224337051296793
2023-03-10,307.1372985839844,64.36570739746094,691.8762637615594,-0.3693035034086886,-0.20900248919420145,0.16585303360327464,-0.9665244628442067
2023-03-13,316.37030029296875,63.564697265625,683.2660904307888,-0.3021260379570317,-0.21345722714125237,0.16468129730771813,-0.5384267203706542
2023-03-14,318.8857421875,64.57039642333984,694.0764955959364,-0.32575513697419634,-0.21837791811409066,0.1635291679739365,-0.6566242596991603
2023-03-15,321.2257080078125,62.914981842041016,676.2822057202281,-0.26070271102756765,-0.2226625429909285,0.1611577142757579,-0.236043109742475
2023-03-16,321.2842712402344,63.05738830566406,677.812953318147,-0.2652373767502749,-0.22692537385866707,0.15878815011415162,-0.2412774685268746
2023-03-17,320.9429931640625,61.13496780395508,657.1485783290282,-0.2021963456568243,-0.2297711314541799,0.1567423812747641,0.1759242495430636
2023-03-20,325.2524108886719,62.61238479614258,673.029546470347,-0.23509449350344291,-0.23316316484075889,0.15456760654419052,-0.012495041528199288
2023-03-21,322.7953796386719,63.58250045776367,683.4574595084853,-0.27680072492611324,-0.23715854126112917,0.15249755053203887,-0.25995292073006426
2023-03-22,322.68817138671875,62.60346603393555,672.9336774102111,-0.24461206898677168,-0.2408537131527966,0.14988159164253476,-0.025075499884860405
2023-03-23,324.3164367675781,62.131778717041016,667.8634424718846,-0.2227297562875132,-0.24408791555639633,0.1472969544897764,0.14500068479260755
2023-03-24,327.71905517578125,62.21188354492188,668.7245008096924,-0.2126619119339888,-0.24708112571842136,0.14473870995562413,0.23780240818081935
2023-03-27,326.2273864746094,63.13747787475586,678.6738476370323,-0.24870498230138194,-0.2510104514671074,0.1414372410218033,0.01630029792061652
2023-03-28,329.2010498046875,63.93848419189453,687.2839799630723,-0.26358009923369374,-0.25546650181199987,0.13742869003260702,-0.05903859972592915
2023-03-29,327.465576171875,64.39241027832031,692.1632968757389,-0.28517695512465097,-0.26011572060128835,0.13351670575032396,-0.1877011148719254
2023-03-30,332.1649475097656,64.2677993774414,690.8238363460553,-0.26296213585478506,-0.2645169031143019,0.12903708255724677,0.01204899575148949
2023-03-31,334.8266906738281,65.1489028930664,700.2949450004418,-0.28120867352031653,-0.2692015899338874,0.12429077540863075,-0.09660478460250548
2023-04-03,341.9635009765625,65.00651550292969,698.7644024261758,-0.2499939801249241,-0.2733024955984393,0.11935132577837593,0.19529331007848938
2023-04-04,345.7463073730469,63.01288604736328,677.3345921310017,-0.17433649670158322,-0.27556491454380266,0.11606817388299784,0.8721462090397186
2023-04-05,353.1757507324219,60.948055267333984,655.1394285392334,-0.086788498248299,-0.27588465216218017,0.11551067146122637,1.6370448853061628
2023-04-06,359.0743713378906,60.95695877075195,655.2351335804469,-0.06920203568676443,-0.2758422632594325,0.11558729532744244,1.787741697625899
2023-04-10,357.816650390625,62.01606750488281,666.619645978684,-0.10477687598970448,-0.2766000261882177,0.11428540822968299,1.5034565904791173
2023-04-11,354.9306945800781,63.22648620605469,679.6306110160534,-0.1504176236887876,-0.27795488630002213,0.1122477973788465,1.1362117171955248
2023-04-12,359.8153686523437,64.17880249023438,689.8671959812259,-0.1632496765378799,-0.279260967770869,0.1104039873112463,1.0507889620502104
2023-04-13,365.7626647949219,63.71599578857422,684.8924200557294,-0.13073414834340505,-0.2801520024016233,0.10895236475401968,1.371405332922851
2023-04-14,365.3532104492188,64.7217025756836,695.7029072303382,-0.16159051107146633,-0.2818441281824716,0.10623066479811828,1.1320047496599628
2023-04-17,363.0327758789063,65.20230865478516,700.8690112288006,-0.18324557722318452,-0.28438749911619854,0.10185100443357677,0.9930380407684131
2023-04-18,360.65374755859375,65.0421142578125,699.1470585721077,-0.18627624608162482,-0.2863610393700785,0.09868230368100478,1.0142121693062873
2023-04-19,361.1997680664063,64.89081573486328,697.5207289471671,-0.17998039269443783,-0.2870541769310832,0.09776717818345838,1.0951915175021552
2023-04-20,365.4312133789063,64.59710693359375,694.3636107195771,-0.15767758868998596,-0.28482586659474746,0.09918041652266356,1.2819897552628956
2023-04-21,375.6001281738281,65.10440063476562,699.8165838132965,-0.14085290948557677,-0.2826068447448856,0.10090136067835524,1.404876349598297
2023-04-24,373.7575073242188,65.65621948242188,705.7481641225447,-0.16234743336582863,-0.2801963494979623,0.10203055173166414,1.1550355666219578
2023-04-25,375.210205078125,66.57294464111328,715.6021749512465,-0.18410982472000956,-0.27828205481493684,0.10274735909048521,0.9165416116631652
2023-04-26,366.8546142578125,65.05989837646484,699.3382226261512,-0.16674595659391206,-0.2765688816476598,0.10374772893252436,1.058557389002458
2023-04-27,380.5823364257813,65.56722259521484,704.7915237577153,-0.1389899043809683,-0.27444963345521356,0.10525205621481258,1.287003161228326
2023-04-28,385.9544677734375,66.47502899169922,714.5496655262812,-0.14841935449090546,-0.27173792613876974,0.10638109518957194,1.1592150976459645
2023-05-01,395.6554565429688,66.56401824951172,715.5062238816494,-0.12267916883987189,-0.2677304564703145,0.10740405297625573,1.3505196834844744
2023-05-02,394.0857543945313,64.46360778808594,692.9286091676023,-0.06985984568850974,-0.2638638470092346,0.11029185955042643,1.7590056248169839
2023-05-03,420.4003601074219,63.7515983581543,685.2751172063918,0.015312374333871443,-0.2584025169286819,0.11582354785895346,2.363205896575326
2023-05-04,417.71917724609375,63.20867156982422,679.4391189241652,0.02296313798230661,-0.2529918819125326,0.12122455623153708,2.276395381211124
2023-05-05,417.10491943359375,64.75730895996094,696.0856453857311,-0.01838540091908267,-0.2490938447323511,0.12495125719030122,1.8463875354363073
2023-05-08,421.8921508789063,64.77510833740234,696.2769734586971,-0.0072832305373787595,-0.24456840942313254,0.12871705744670658,1.8434633574807926
2023-05-09,417.6607055664063,65.26461029052734,701.5387004889118,-0.030086407392419776,-0.2406381484057508,0.13162204228331123,1.5996693058456481
2023-05-10,425.0120544433594,64.37460327148438,691.9718867933117,0.010240303510395614,-0.23623195591846463,0.1355297466192109,1.8185842265414787
2023-05-11,424.6512756347656,64.47249603271484,693.0241501898935,0.006921468029285281,-0.2316841394446465,0.13904821963436323,1.7159918199698025
2023-05-12,424.6611022949219,64.7306137084961,695.7986942810129,0.0004108989403434582,-0.2256196550573636,0.14112304227462583,1.6016559050495167
2023-05-15,424.7392578125,64.79290771484375,696.468301531663,-0.0009816821225363307,-0.21897539204810504,0.1421719130196823,1.5333106609839993
2023-05-16,426.8311462402344,62.97993469238281,676.9803932681043,0.04958128745189563,-0.21124558368809543,0.1439738999272412,1.8116260743912806
2023-05-17,427.63275146484375,63.88197326660156,686.6765358840074,0.028688869881553062,-0.20471371931903046,0.14584017499547683,1.600399815810852
2023-05-18,428.0432434082031,63.95343017578125,687.4446364975515,0.027825907492066326,-0.19868166037573973,0.14786866479918268,1.5318158730615523
2023-05-19,432.4323425292969,64.07843780517578,688.7883615192172,0.03458590933700912,-0.19226192532968592,0.1495136593681702,1.5172381949938978
2023-05-22,424.2309265136719,63.7569465637207,685.3326058386888,0.024068036580739794,-0.18618561420571142,0.15078952702915605,1.394351815599219
2023-05-23,413.693359375,63.7569465637207,685.3326058386888,-0.0007908313567178233,-0.18026753806522403,0.1509847108043656,1.1887078218208356
2023-05-24,416.1958312988281,62.90851593017578,676.2127027018662,0.02713917951734859,-0.17344456914076442,0.1509528217612448,1.3287843600258575
2023-05-25,417.7011413574219,63.42647171020508,681.7802840176043,0.01731606980852724,-0.16655916132535112,0.15005749900819879,1.2253651590170236
2023-05-26,416.2154541015625,63.72121810913086,684.9485555319168,0.006196270050187763,-0.15902085686058337,0.14710820455983778,1.1230993363362503
2023-05-30,417.6326904296875,63.55152893066406,683.1245421007677,0.013936248874485014,-0.15089035904859566,0.14282925749246195,1.1540115156852908
2023-05-31,419.8028259277344,61.42598724365234,660.2767882215471,0.0734585871857015,-0.14176249383615896,0.13927215428289,1.5453274355525712
2023-06-01,426.67474365234375,62.53341293334961,672.1806665375267,0.060482046996606656,-0.13244999159034515,0.13359504319916018,1.4441556660102537
2023-06-02,432.3833618164063,65.46269989013672,703.6679941393559,6.34910186280175e-05,-0.12420812055348332,0.1259170764811304,0.9869321544384358
2023-06-05,434.26995849609375,65.489501953125,703.9560933765308,0.003744099426593543,-0.11709533880009103,0.12069695581658763,1.00118049713129
2023-06-06,433.1068115234375,66.61478424072266,716.0519148364351,-0.0268594679659962,-0.11138793820937949,0.11659553748037148,0.7249717448029555
2023-06-07,426.5574951171875,68.04370880126953,731.4116308424041,-0.0786343021190438,-0.10766307594541304,0.11393842704624131,0.2547759748744649
2023-06-08,435.63861083984375,68.50811767578125,736.4036287547514,-0.0676086379834373,-0.10336063429556705,0.11038188679217066,0.3238936871902213
2023-06-09,436.010009765625,68.61528015136719,737.555533646684,-0.06934115827818209,-0.10017127508307729,0.10850728085257505,0.284129475576694
2023-06-12,435.2964172363281,69.44584655761719,746.4834116301206,-0.0916040381492843,-0.0972773861063941,0.10632378386506104,0.0533591615241047
2023-06-13,435.69720458984375,70.9819564819336,762.9952785564058,-0.12849747162421427,-0.09604907153918395,0.10551377564281234,-0.3075276179564969
2023-06-14,437.6522521972656,69.71375274658203,749.3631738599521,-0.09230807490840506,-0.09366929789593331,0.10392278917662363,0.01309840698381142
2023-06-15,443.72259521484375,70.62470245361328,759.15510352653,-0.09943244721917907,-0.09071315993415108,0.10110982363795096,-0.08623580747454951
2023-06-16,437.6424255371094,70.22283172607422,754.8353371675909,-0.10483633251767997,-0.08838356432633288,0.09909399395029414,-0.16603194134651447
2023-06-20,441.7870788574219,69.45478057861328,746.5794447091789,-0.0757837489392329,-0.08593446420386154,0.09752075217248615,0.10408774582331921
2023-06-21,442.8134765625,70.12459564208984,753.7793833452554,-0.08954971810603743,-0.08388259430672901,0.09609389326097607,-0.058974858932163296
2023-06-22,447.3882446289063,69.75843048095703,749.8434212647048,-0.069610885459455,-0.08089769269269691,0.09363749310926707,0.12053726406441867
2023-06-23,448.5221252441406,70.05313873291016,753.0112827317113,-0.07396975720313136,-0.07773752032552086,0.09051516963401687,0.041625764362192945
2023-06-26,442.5789184570313,70.74081420898438,760.4032055164432,-0.10509357842560356,-0.07473613071387007,0.08641283396202419,-0.35130716491805675
2023-06-27,454.0548706054688,71.76787567138672,771.4432371729345,-0.10147734286606197,-0.07204471749739134,0.08289414688068357,-0.3550627695226232
2023-06-28,448.3853454589844,72.05363464355469,774.5149015419602,-0.12225526961375922,-0.06939549409894874,0.0785207919787549,-0.6731946301447465
2023-06-29,454.0450439453125,73.77728271484375,793.0426430338581,-0.14907224560228632,-0.06771346519023809,0.07561366905230615,-1.075979798781724
2023-06-30,458.4341735839844,74.70608520507812,803.0264748396302,-0.15984893948834702,-0.06747200590335084,0.0752898541936748,-1.22695062401591
2023-07-03,451.0441589355469,74.6971664428711,802.9306057794943,-0.17863963087577017,-0.06900285811380868,0.07661146415759575,-1.431075283151228
2023-07-05,455.2279052734375,73.48257446289062,789.8747815668517,-0.13912765622824097,-0.0701682851228333,0.07714455113439904,-0.8938981443455238
2023-07-06,452.7939147949219,73.0717544555664,785.4588181099318,-0.13549832832839329,-0.07068030932847809,0.07747937443091685,-0.8365841809643039
2023-07-07,441.9141540527344,73.50934600830078,790.1625527661818,-0.17409787223343237,-0.07107498013755552,0.07795130611566184,-1.3216313777092399
2023-07-10,442.9699096679688,75.5634536743164,812.2424520602417,-0.22114472218365971,-0.07203989756498518,0.07945544005075693,-1.876584215296333
2023-07-11,429.509521484375,76.92093658447266,826.8342314715891,-0.29338726826983547,-0.07475078289709236,0.08412919440797804,-2.5988182450967297
2023-07-12,430.6923522949219,77.01023864746094,827.7941522148662,-0.29206396274893504,-0.07692534042505018,0.08800863954833367,-2.444517077277764
2023-07-13,424.9250183105469,76.59941101074219,823.3781067484853,-0.29920809125432846,-0.07885804899223589,0.0915837325771342,-2.405995432393062
2023-07-14,439.3531188964844,76.50116729736328,822.3220709166885,-0.25413923888288686,-0.07998909887225693,0.0933351255774119,-1.865858527893556
2023-07-17,437.0852661132813,78.1980209350586,840.5617951808727,-0.3023768004348804,-0.08202903900126432,0.09682971633354041,-2.275621263565458
2023-07-18,441.0539855957031,79.8591537475586,858.4175511477459,-0.33114195889591935,-0.08492011183802986,0.10159880300979669,-2.423471928445333
2023-07-19,443.3609008789063,79.49298858642578,854.4815890671954,-0.3153381435487597,-0.08782819907241626,0.10564356949887725,-2.1535616938687534
2023-07-20,453.3901977539063,79.33223724365234,852.7536497198353,-0.2824308240832421,-0.08982958891770648,0.10818612293244093,-1.7802767115132638
2023-07-21,451.6502075195313,78.51060485839844,843.921804815457,-0.2678167982634344,-0.09122470514343022,0.10994789963269162,-1.6061433980090034
2023-07-24,448.9913635253906,79.21613311767578,851.5056297393832,-0.29221537893466387,-0.09331586218244275,0.11257052875069741,-1.7668880030999132
2023-07-25,447.2514343261719,77.08167266845703,828.5620068000268,-0.24594328659124215,-0.09509841855261399,0.11414187386293774,-1.3215559104957715
2023-07-26,443.3901977539063,75.5634536743164,812.2424520602417,-0.21998720318450468,-0.09629121603084063,0.11507863156545425,-1.0748823258582842
2023-07-27,444.7587585449219,76.22432708740234,819.3462756077987,-0.23220550533445342,-0.09811665497241699,0.11636579026379726,-1.1523047285466081
2023-07-28,448.1702270507813,76.21539306640625,819.2502425287404,-0.22261168786570348,-0.10066251900870356,0.11740344117629306,-1.03871886237032
2023-07-31,444.32861328125,76.92093658447266,826.8342314715891,-0.2502506705255261,-0.10508856975636018,0.11796161079625857,-1.2305876444828105
2023-08-01,442.9014587402344,77.18885803222656,829.7141577203429,-0.26078174257001385,-0.10981765109889885,0.118427752935987,-1.2747357585406072
2023-08-02,444.26025390625,76.86735534667969,826.2582790256228,-0.24914661926903134,-0.11366367140473134,0.11915294401146788,-1.1370507794692881
2023-08-03,439.059814453125,75.8134994506836,814.9302301414178,-0.23814142734856603,-0.11751130801825112,0.11938668657886287,-1.010415170963227
2023-08-04,439.3823852539063,74.9293441772461,805.4263177025537,-0.21560228822299166,-0.12060323936542731,0.11948638669961384,-0.7950616926461244
2023-08-07,443.8692321777344,75.5902328491211,812.5303052690331,-0.21931907249045157,-0.12442922896544144,0.11889956529388075,-0.7980672031093936
2023-08-08,509.8708190917969,76.28683471679688,820.0181791233622,-0.07616689128770152,-0.12581403495405788,0.11782279694933635,0.4213712876609488
2023-08-09,514.396728515625,76.28683471679688,820.0181791233622,-0.06669825821737499,-0.12693252090668652,0.11691930853935044,0.5151780611928529
2023-08-10,509.6167907714844,76.34042358398438,820.5942135787897,-0.07783365607759656,-0.12821338713927086,0.11593291495944186,0.4345593404539101
2023-08-11,516.4007568359375,76.64408874511719,823.858354153238,-0.06999508047923905,-0.13020632660478978,0.11383351818969596,0.5289412739155853
2023-08-14,527.0293579101562,76.8048324584961,825.586211491137,-0.05169497370314633,-0.13154605733120142,0.11239569766074135,0.7104460872610985
2023-08-15,535.4736328125,75.97425842285156,816.6582514982391,-0.01843701220330107,-0.1323171059927909,0.11143846369579379,1.021910119834039
2023-08-16,535.101318359375,75.75923156738281,814.346896843944,-0.014826152411405166,-0.13314064035526446,0.11036151344776253,1.0720629343295582
2023-08-17,526.6964111328125,75.03353881835938,806.5463209140818,-0.016210144625586356,-0.13381194337536992,0.1095082451226956,1.0739081666227028
2023-08-18,535.2874145507812,75.84883117675781,815.3100159562077,-0.01627259746001566,-0.13406997281042485,0.10920732700984359,1.078658168602472
2023-08-21,538.8336181640625,75.77716064453125,814.5396190777502,-0.00815449515869067,-0.13465820072169218,0.10841647039165951,1.1668310645605877
2023-08-22,542.3701782226562,76.09073638916016,817.9102899422898,-0.0077954635161904115,-0.13507672627710413,0.10786692974692044,1.1799841068948898
2023-08-23,542.0762329101562,76.73578643798828,824.8440258673302,-0.021133020558094642,-0.13553221445390884,0.10731656465103871,1.0659975397815433
2023-08-24,536.8255004882812,75.46359252929688,811.169030222672,-0.00564698388695077,-0.13585860166659944,0.10688317856382296,1.2182610914952876
2023-08-25,542.3603515625,75.95633697509766,816.4656112738941,-0.005150035249291447,-0.13716874537384932,0.10473411638228289,1.2605129511255468
2023-08-28,542.6248779296875,76.31471252441406,820.3178416945655,-0.011759282040650725,-0.13837276752447025,0.10282118677478826,1.2313949046429908
2023-08-29,542.605224609375,74.23616790771484,797.9752660963007,0.02938055620009949,-0.13788414977144575,0.10355722610535423,1.6151910616201524
2023-08-30,536.8157958984375,74.11074829101562,796.6271125637306,0.021424049377101115,-0.13758948393893727,0.10399129504861293,1.529104270138228
2023-08-31,542.8990478515625,73.72547912597656,792.48579879235,0.04001726274565441,-0.1364748717604098,0.10554504667012862,1.6721972283329811
2023-09-01,545.749755859375,74.82746887207031,804.3312453672286,0.023326799762152982,-0.13477552006238983,0.10729836673000973,1.4734830048473049
2023-09-05,546.8076782226562,73.16107177734375,786.4189028721314,0.0579744239082275,-0.1326824690308621,0.10982588143673305,1.735992376705126
2023-09-06,548.5317993164062,74.13761138916016,796.9158678765951,0.041798882492161175,-0.13083013501802304,0.11183125011780037,1.5436563333445787
2023-09-07,561.541015625,74.40641021728516,799.8052252133864,0.058852112802232494,-0.12832253250216444,0.11438345159376061,1.6363787129729082
2023-09-08,574.50146484375,75.71444702148438,813.8655013067346,0.05561003805052712,-0.1252540740075854,0.11682212319257693,1.548200863974752
2023-09-11,583.4156494140625,76.35055541992188,820.7031221432554,0.05831967669706469,-0.12274361148082757,0.119137638485579,1.519782417038668
2023-09-12,587.0794677734375,76.35055541992188,820.7031221432554,0.06419647165680759,-0.12001646283289445,0.12152908428143105,1.515792993742229
2023-09-13,586.66796875,74.61244201660156,802.0198907129335,0.09538642946423109,-0.11667941679986261,0.1246615484687316,1.7011327780617564
2023-09-14,579.5462036132812,76.93289184570312,826.9627402972802,0.041231480682729325,-0.11472916297282991,0.12621778225100017,1.2356471558453752
2023-09-15,563.9214477539062,76.35055541992188,820.7031221432554,0.02576672770924816,-0.11280722220924182,0.1274793598648869,1.0870304813686078
2023-09-18,559.6307983398438,77.3091812133789,831.0075289328354,-0.00011551510416209242,-0.1116489660366536,0.12819220528156444,0.8700486171332863
2023-09-19,563.2357788085938,76.30574798583984,820.2214805776624,0.02543585395846986,-0.10999220585062691,0.12932478376382398,1.0471933984163373
2023-09-20,558.0242919921875,76.37742614746094,820.9919594655811,0.014953501898358803,-0.10799142117856088,0.1303265993255534,0.9433601713937579
2023-09-21,538.9121704101562,75.08728790283203,807.1240775681944,0.005752658401890401,-0.10620425449076168,0.1311500610021493,0.8536550577038414
2023-09-22,539.3136596679688,76.09073638916016,817.9102899422898,-0.013507066547835404,-0.10439178443966293,0.1316748693740723,0.6902206801028608
2023-09-25,541.028076171875,76.56558227539062,823.0144767975505,-0.01972968929482207,-0.10223607516787186,0.13198937451153325,0.6250986958487357
2023-09-26,538.7943725585938,75.13209533691406,807.6057191337874,0.00464135918116612,-0.09949457019004665,0.13247980958532143,0.7860513213082915
2023-09-27,538.5494995117188,75.98321533203125,816.754530605681,-0.01279909519400299,-0.0967305612620172,0.13253057702515472,0.6332988805450063
2023-09-28,533.3478393554688,76.7895278930664,825.4217005119815,-0.03892727192552894,-0.095060554856972,0.13261855893486,0.4232686841290048
2023-09-29,526.1771240234375,76.17135620117188,818.776883918728,-0.04045724175441955,-0.09347653674740578,0.13269494835005105,0.39955774995383103
2023-10-02,527.3134155273438,75.93842315673828,816.2730530590103,-0.033466914038189,-0.09113268744415172,0.1324886146082833,0.4352507842010253
2023-10-03,514.4806518554688,75.2933578491211,809.3391531150476,-0.04576735080635168,-0.0882097312545299,0.13150259462971473,0.322749376677225
2023-10-04,520.622802734375,77.64962768554688,834.6670371197006,-0.08207890506881754,-0.08468792520117961,0.12871454354816173,0.020269816140752114
2023-10-05,530.4384765625,77.25542449951172,830.4296902692616,-0.05406683374401361,-0.08072130638443092,0.12585082479078039,0.21179418319052587
2023-10-06,553.6942749023438,78.3753433227539,842.4678590779464,-0.03153635532108993,-0.07626011078554362,0.12267885070506966,0.36455962219578814
2023-10-09,560.1011352539062,78.3395004272461,842.0825786292564,-0.019048985836253363,-0.07234193990143306,0.1206386205292875,0.4417569915120319
2023-10-10,567.4971313476562,77.73921203613281,835.6299922130419,0.005602185001523531,-0.06720895681082631,0.11718776239481363,0.6213203522654873
2023-10-11,592.9374389648438,77.65858459472656,834.7633162271425,0.049729036459913376,-0.060861106888229106,0.11288523348608319,0.9796688187899825
2023-10-12,598.051025390625,76.4222183227539,821.4734370122518,0.08007623284338075,-0.05427086728169343,0.1092610291118343,1.229597608746326
2023-10-13,596.777587890625,75.05146789550781,806.739043147888,0.10280317285811046,-0.04785030066600422,0.10692007502281789,1.409028879674501
2023-10-16,604.0659790039062,76.23407745361328,819.4510836992048,0.092584224292772,-0.041843616956734116,0.10444802656242684,1.287030934654958
2023-10-17,595.90576171875,76.14449310302734,818.4881286058635,0.0817742016042372,-0.03561045728108577,0.10033150425444749,1.1699680948431466
2023-10-18,594.8576049804688,74.94393920898438,805.5832018018181,0.10185040496148494,-0.029813895755206984,0.09799323878813435,1.3436059706257477
2023-10-19,578.752685546875,73.95844268798828,794.9899576899124,0.09516122173662202,-0.02456142200652154,0.09605395732482258,1.2464103205897217
2023-10-20,572.7184448242188,73.08940124511719,785.6485059936739,0.10193843788546537,-0.01899235628618956,0.0934626436730998,1.293894431176474
2023-10-23,564.891357421875,72.89227294921875,783.5295455353402,0.09324606577442421,-0.01372806039218743,0.09065248811619135,1.1800462225537647
2023-10-24,580.3494873046875,76.00114440917969,816.9472528394872,0.059816231439184755,-0.008560278692775583,0.08563996395957502,0.7984182497348595
2023-10-25,574.50146484375,75.73235321044922,814.0579775121571,0.055275006345299256,-0.003292666210853697,0.07935250837007801,0.7380695803970005
2023-10-26,556.5156860351562,75.17689514160156,808.0872786899192,0.035471582605164996,0.001450970487049575,0.0726287039835422,0.4684182733843709
2023-10-27,548.8060302734375,74.62142181396484,802.1164158487591,0.03280156961602326,0.005966687103126063,0.06555831032004429,0.409328464719331
2023-10-30,554.1744995117188,74.91708374023438,805.2945284984147,0.03643627740743085,0.010167329863633105,0.05885237091825569,0.44635325873760606
2023-10-31,542.6345825195312,73.9405288696289,794.7973994750287,0.035289434998077046,0.014410804988441914,0.050629792701726836,0.4123783427800411
2023-11-01,543.1538696289062,74.49600219726562,800.7682623161888,0.025218806054175855,0.016100566610806537,0.04922799857806029,0.1852246629306009
2023-11-02,568.45703125,75.60692596435547,812.7097419701258,0.047601441402530385,0.01800556160447163,0.04816976936505125,0.6144077538293455
2023-11-03,556.2315673828125,77.76610565185547,835.9190755637512,-0.01505743990280482,0.019051831874051493,0.04671253591670368,-0.7301952486090434
2023-11-06,583.0532836914062,77.380859375,831.7780078207542,0.03873978808707993,0.02086407968349014,0.04528680883017221,0.39472219097231137
2023-11-07,587.696533203125,77.46149444580078,832.6447658161147,0.044859635339940404,0.022473323167541585,0.04437100877723389,0.5045256528827198
2023-11-08,606.5051879882812,77.57795715332031,833.8966402412431,0.07241592223761144,0.023987538741556794,0.04450127316938861,1.0882471454629619
2023-11-09,579.26220703125,77.03146362304688,828.0223025359082,0.03893226418818347,0.02488351235154994,0.04424701686454445,0.3175073221239222
2023-11-10,585.52197265625,79.07415008544922,849.9794336665606,0.011706860020337374,0.025348795762315333,0.04395337625855277,-0.31037287469636443
2023-11-13,600.216064453125,78.80537414550781,847.090322358153,0.04071504967176634,0.02629858988117837,0.04365343340611346,0.33024801638097523
2023-11-14,599.4700927734375,81.48345184326172,875.877365435974,-0.00849948636459005,0.026292840027746713,0.04365807081663136,-0.796927709849304
2023-11-15,577.6040649414062,81.28575134277344,873.7522542680508,-0.04299849334705586,0.025706122863898954,0.044354929009514106,-1.5489736483676417
2023-11-16,577.8101196289062,81.6991195678711,878.1956088850094,-0.0503165373630808,0.025219730917149182,0.04503211072843655,-1.6773868037353818
2023-11-17,580.71533203125,82.10354614257812,882.5428484134484,-0.0525480040150329,0.024438047248347815,0.04597419570176595,-1.6745491702081814
2023-11-20,586.4957885742188,82.5348892211914,887.1794173209804,-0.05007971844970155,0.02368921919500765,0.04682237834635911,-1.5755059920070342
2023-11-21,581.5887451171875,82.16643524169922,883.2188524020715,-0.05212965821019458,0.023016379592181915,0.04762361521983891,-1.57791544080577
2023-11-22,584.032470703125,81.9957046508789,881.3836446794695,-0.04458500254611972,0.021783620279744932,0.04840695727794118,-1.3710554547932412
2023-11-24,589.9307250976562,82.67869567871094,888.7252136550284,-0.04658581525787393,0.020650122535828676,0.049205197923363926,-1.3664397387125886
2023-11-27,580.5386352539062,82.44503784179688,886.2135918964972,-0.0591913608721886,0.018996645475531298,0.050200188369475304,-1.557524162504196
2023-11-28,580.6072998046875,81.7260971069336,878.4855943397918,-0.045755900349533786,0.017845267140336515,0.050886726559735675,-1.249857709263519
2023-11-29,580.8624267578125,82.05860137939453,882.0597306775538,-0.051449737080640476,0.016021531123855383,0.05138257388793019,-1.3131157725118345
2023-11-30,580.0576171875,82.51692199707031,886.9862850398682,-0.06140180218998192,0.01430151971248633,0.052225449897716304,-1.4495484873894513
2023-12-01,573.1876831054688,83.7391357421875,900.1240367042437,-0.09704372661041778,0.011703255722275492,0.05382493741758412,-2.020382884777245
2023-12-04,574.79736328125,84.22443389892578,905.3405765213405,-0.10304697314361103,0.009058972202373191,0.0555024178375063,-2.0198389496146874
2023-12-05,577.2213745117188,84.3592300415039,906.7895196817183,-0.10092498815770676,0.006404894454793667,0.0568968426591913,-1.8863943515354626
2023-12-06,578.3009643554688,85.12309265136719,915.0003889459347,-0.11306801101449433,0.003450486410271968,0.05842683222436423,-1.994263474311339
2023-12-07,577.3391723632812,85.84204864501953,922.7285505215625,-0.12830810192910355,-0.00027775577961694335,0.05958644330078785,-2.1486489049732187
2023-12-08,586.9373779296875,85.71623992919922,921.3762145064715,-0.1075527887087763,-0.0027574936028087037,0.060910893418729455,-1.7204688558014838
2023-12-11,573.1876831054688,88.00788116455078,946.0093963653492,-0.17709666740723243,-0.00613855018808338,0.0648064527795718,-2.637979859824055
2023-12-12,573.8944091796875,87.73827362060547,943.1113460256714,-0.17059732678507525,-0.0089799137160986,0.06818702029135901,-2.3702078838229803
2023-12-13,586.3976440429688,88.12469482421875,947.2650432256924,-0.15272113609162502,-0.011949196883600181,0.07050265169076016,-1.9966899943775296
2023-12-14,563.010498046875,89.00724792480469,956.7517336777057,-0.2174544724699049,-0.01582266312307124,0.07522567724259763,-2.6803588447144846
2023-12-15,561.41064453125,89.41600799560547,961.1455545801031,-0.22875024995838947,-0.019731044929075906,0.0800245072966217,-2.611939918037302
2023-12-18,568.9872436523438,88.9515151977539,956.1526545636826,-0.20361322230116147,-0.02289948085829801,0.08346347647272867,-2.1651834919901867
2023-12-19,569.0363159179688,89.88977813720703,966.2381781013355,-0.2212332919336658,-0.02625787423561207,0.08729964830558264,-2.233404389162762
2023-12-20,559.6148071289062,89.09087371826172,957.6506393818544,-0.22644816730292208,-0.030109366343680208,0.09093523849305575,-2.159105801149191
2023-12-21,561.3715209960938,90.01985168457031,967.636357405234,-0.2403982863018272,-0.03390268619547728,0.09486317231404369,-2.176773083475936
2023-12-22,559.7913818359375,90.54937744140624,973.328306068873,-0.25406757600207097,-0.037488357930086307,0.09903074132899434,-2.1869897686868507
2023-12-26,560.066162109375,90.78164672851562,975.8250021054669,-0.2579101630940058,-0.041112573285746086,0.10303915971617808,-2.104031034467185
2023-12-27,570.7047119140625,90.84667205810548,976.5239687432245,-0.2356861074355159,-0.04448289317570153,0.10604811015525072,-1.8029855881439054
2023-12-28,570.0570678710938,90.88382720947266,976.9233548192396,-0.2377905823909011,-0.04768328036877735,0.10894545070811698,-1.744976965871231
2023-12-29,572.0885620117188,90.7165985107422,975.1257894393259,-0.23025306113685207,-0.05015284963657793,0.11139031255072765,-1.616839089290244
2024-01-02,581.1961669921875,89.90838623046875,966.4381991771879,-0.19602666685085485,-0.05251884685502528,0.11297129354777442,-1.270303415045359
2024-01-03,606.2222900390625,88.18972778320312,947.964091872911,-0.1161780393233004,-0.053929541588395455,0.11323300568734913,-0.549738102923639
2024-01-04,603.0817260742188,87.12136840820312,936.4801430029761,-0.10294845534432184,-0.055327866080196596,0.11331297464086021,-0.4202571630923671
2024-01-05,607.0565185546875,86.94488525390625,934.5831001466337,-0.09260175138676635,-0.05696459835333476,0.11312705628393474,-0.3150188310742109
2024-01-08,614.3975219726562,88.9515151977539,956.1526545636826,-0.11465386055240691,-0.059704313303540105,0.11248806173399187,-0.4884922577722934
2024-01-09,613.8575439453125,88.08753204345703,946.8655751402158,-0.10050531596524714,-0.0627140057836839,0.11109187705702364,-0.3401806791163039
2024-01-10,618.480224609375,87.8831558227539,944.6687056937477,-0.08872781071699248,-0.06590618884326896,0.10898703727893304,-0.20939758014813836
2024-01-11,623.907470703125,87.8831558227539,944.6687056937477,-0.07925718560777276,-0.06877021234161136,0.10699114200766548,-0.09801721029774639
2024-01-12,630.9736938476562,87.37220001220703,939.1763680586552,-0.058466129075860906,-0.07110755118627966,0.1051628219418259,0.12020809138624822
2024-01-16,622.7788696289062,87.37220001220703,939.1763680586552,-0.07239393602673892,-0.0740116235360834,0.10268225714620267,0.015754304144689327
2024-01-17,617.2239990234375,87.40008544921875,939.4761126393196,-0.08253086223712872,-0.07697315826897923,0.10025408352963273,-0.05543618546477224
2024-01-18,611.7672119140625,88.6077880859375,952.4578823085039,-0.11340683884372385,-0.08056224621446571,0.0975589483079718,-0.33666407027651735
2024-01-19,616.9002075195312,89.4253158569336,961.2456061227599,-0.11838756565483455,-0.08408947340495337,0.09495959005644818,-0.3611861869821981
2024-01-22,619.157470703125,90.19635772705078,969.53364628996,-0.1276962558717404,-0.08721468152680213,0.09321278599642989,-0.43429207605154885
2024-01-23,617.9796142578125,93.83802795410156,1008.6784843165983,-0.19318887309760063,-0.0913557461841838,0.09228980681354043,-1.1034060036462905
2024-01-24,621.9249877929688,93.67082214355467,1006.8811649650678,-0.1827295809296228,-0.0949924322430969,0.0915032254018844,-0.9588421424619974
2024-01-25,615.9579467773438,94.76703643798828,1018.6645303778226,-0.21331732061400976,-0.0990944137469308,0.09119335692049399,-1.2525353899041467
2024-01-26,627.3717651367188,94.5347900390625,1016.1680803696124,-0.1872641342478364,-0.10282275394118526,0.09012503297645989,-0.936935915781653
2024-01-29,633.0150146484375,94.19105529785156,1012.4732261049726,-0.17084290920582343,-0.10625829301125027,0.08868840537579556,-0.728219386975237
2024-01-30,632.9954223632812,94.7298812866211,1018.2651443018073,-0.18002916471344668,-0.10967909252404398,0.08748134555751264,-0.8041722694257444
2024-01-31,633.6138305664062,93.26206970214844,1002.4874260721318,-0.1539762959963853,-0.11303872148069256,0.08517917435580726,-0.4806054393611498
2024-02-01,648.1582641601562,94.77631378173828,1018.7642538826346,-0.15319391949450534,-0.11534099614055425,0.0843487607700958,-0.4487667988048391
2024-02-02,655.244140625,95.79822540283205,1029.74892915282,-0.15748741170941455,-0.1186114494704958,0.08204605708842833,-0.47383096297995975
2024-02-05,693.0780029296875,96.7643814086914,1040.1342792805983,-0.1092866766045177,-0.12118055466957012,0.07920472414327952,0.15016627093526225
2024-02-06,691.9296875,96.82942199707033,1040.8334099372782,-0.11213803809256147,-0.12425645400840633,0.07503269491890112,0.16150847212595817
2024-02-07,711.9014282226562,97.6004867553711,1049.1216961328619,-0.0925804900992036,-0.12644833324652946,0.07204623773896643,0.4700848262199863
2024-02-08,722.0100708007812,98.1114273071289,1054.6138697490321,-0.08489038677430516,-0.12805828735977348,0.06995563367890581,0.6170753992967549
2024-02-09,726.40673828125,98.48302459716795,1058.6082225659527,-0.0838227349676628,-0.13013391710376399,0.06663173529974266,0.6950319082606881
2024-02-12,723.560791015625,98.49230194091795,1058.7079460707648,-0.08822350666971428,-0.13146265077551605,0.06493844759221495,0.6658481332557361
2024-02-13,729.1646728515625,97.72124481201172,1050.4197418846425,-0.06849342282962996,-0.1318875662668923,0.06443121412893726,0.9839042193183015
2024-02-14,744.5408935546875,99.35118103027344,1067.9401611646929,-0.06995879377195072,-0.1322149372070401,0.06405855500573787,0.9718630623109273
2024-02-15,745.0029907226562,100.6457977294922,1081.856182615801,-0.08797428725291476,-0.13280537526100483,0.06347238923735171,0.7063084995973059
2024-02-16,768.8735961914062,100.37569427490234,1078.9528016611453,-0.050420668467146955,-0.13281105776129556,0.06346487233582813,1.2982046014080824
2024-02-20,742.9186401367188,100.04041290283205,1075.3488138795087,-0.08226754002095488,-0.1333133557914749,0.06293252129671816,0.8111198267402326
2024-02-21,733.3331298828125,101.21394348144533,1087.9632631720044,-0.11361555221087195,-0.13446386495255414,0.06190554512079098,0.3367761757206508
2024-02-22,756.6630249023438,102.93701171875,1106.4847719448514,-0.10375776227417904,-0.1354167307361592,0.060962801997652666,0.5193161637025668
2024-02-23,756.5646362304688,103.1791763305664,1109.0878342526141,-0.10734193663048418,-0.1362192403321308,0.06025518842150801,0.4792500771823808
2024-02-26,758.904541015625,104.5483169555664,1123.8049241206659,-0.12332025078775342,-0.1375119795061011,0.05910247833100076,0.2401207042260995
2024-02-27,752.101318359375,103.6914291381836,1114.5941134961097,-0.12123461045462083,-0.1386750607290008,0.058057562237278725,0.3003992865408575
2024-02-28,744.8652954101562,103.72869873046876,1114.994729714043,-0.13266472492377876,-0.1398627761078974,0.05717212770981426,0.1259014046259296
2024-02-29,740.9720458984375,103.28163146972656,1110.1891393069898,-0.13213050231444587,-0.14044755570296455,0.0569055533396826,0.14615539082578174
2024-03-01,768.9325561523438,105.42382049560548,1133.215837830536,-0.12090942976895276,-0.1407452633133869,0.05675309221065393,0.3495110622485251
2024-03-04,778.92138671875,104.58557891845705,1124.205458329138,-0.09496720476371837,-0.1406459669234871,0.056829104473077915,0.803791694120545
2024-03-05,764.4789428710938,106.25276184082033,1142.1262477987384,-0.13909502823617442,-0.14107975054384841,0.05671424827140511,0.0349951267656081
2024-03-06,766.622314453125,107.5473861694336,1156.0423512593072,-0.15406276310572334,-0.14150899489679208,0.05671340977145832,-0.22135449551561054
2024-03-07,767.005615234375,106.48561096191406,1144.6291765543826,-0.13860586470999015,-0.14202654616347898,0.05653970746505336,0.06050051559964523
2024-03-08,749.2894287109375,106.78363800048828,1147.8327121370087,-0.16980247387438535,-0.1419049762712649,0.05647082262903908,-0.4940161361979999
2024-03-11,721.9877319335938,106.20618438720705,1141.6255800381482,-0.20544083612651734,-0.14248570142695557,0.056948027852755524,-1.105484018908226
2024-03-12,742.2206420898438,106.90473175048828,1149.1343663050816,-0.18269720854219323,-0.14298530263446504,0.057170399446947164,-0.6946235515562549
2024-03-13,745.0620727539062,108.0130844116211,1161.0482087705961,-0.19417717868648857,-0.14259734773807478,0.0567338030616033,-0.909155180244251
2024-03-14,747.9032592773438,107.3052215576172,1153.4392889515448,-0.17946698750967455,-0.1417759600305962,0.055814661109309834,-0.6752890142119222
2024-03-15,741.4539184570312,110.21116638183594,1184.6757086068503,-0.2318548747095906,-0.14224665423740335,0.05646033225352485,-1.5871004809149518
2024-03-18,749.8007202148438,112.0832290649414,1204.7987801473575,-0.24497972620892167,-0.14264242814199093,0.057102966009175485,-1.7921538094971607
2024-03-19,759.7500610351562,112.69796752929688,1211.4066924830736,-0.23737352046957333,-0.14282451736143514,0.05739142489598455,-1.6474412907415619
2024-03-20,759.8287963867188,113.1170883178711,1215.9118822337725,-0.24317451765803377,-0.1428707878840386,0.05747248673525553,-1.745247778054913
2024-03-21,757.2726440429688,115.88330841064452,1245.6463806167692,-0.2866360662811094,-0.1434135960553559,0.05868158379182229,-2.4406715185780756
2024-03-22,757.6165771484375,115.25927734375,1238.9385807573187,-0.2771981569045123,-0.14373506261886432,0.059368257899541435,-2.2480547519431067
2024-03-25,760.1040649414062,114.9333038330078,1235.4346445183385,-0.26840863534867454,-0.1442804380840836,0.06036912890301462,-2.0561535261508865
2024-03-26,761.8343505859375,114.57006072998048,1231.5300920614256,-0.2604026144789604,-0.1446573052855513,0.06102974584204993,-1.896539262886128
2024-03-27,765.0590209960938,115.92057037353516,1246.0469148252414,-0.2740648803449494,-0.14538750227235292,0.06231968682334029,-2.064795005105892
2024-03-28,764.8427734375,115.3896713256836,1240.3402044585873,-0.266963817047483,-0.14656978810896337,0.0639482664210131,-1.8826785412115365
2024-04-01,747.7262573242188,114.65386962890624,1232.4309659926428,-0.28538869913306597,-0.14938996577245947,0.06627412173044456,-2.0520639098583833
2024-04-02,751.0789184570312,113.25680541992188,1217.4137214966206,-0.25965675971468155,-0.1520017708452988,0.06748960420492447,-1.595134393476374
2024-04-03,762.906005859375,112.1577606201172,1205.599930573763,-0.22464345360383675,-0.15420246588224995,0.06767241910102259,-1.0409113292733225
2024-04-04,755.1293334960938,112.26021575927734,1206.7012356281386,-0.2387138326549306,-0.1562701320839587,0.06833558598849043,-1.2064534075241213
2024-04-05,770.9874267578125,113.82495880126952,1223.5208840622852,-0.23505100891660843,-0.15851256029981473,0.06868133109410213,-1.1143996104549334
2024-04-08,764.1839599609375,114.1043472290039,1226.524070531214,-0.24997649230561197,-0.16120003832629173,0.0690581646893791,-1.2855316149601315
2024-04-09,744.4720458984375,111.00283813476562,1193.1855023571195,-0.2382915149776549,-0.16385061048245644,0.06891160011583933,-1.0802376431553535
2024-04-10,749.1322631835938,110.54645538330078,1188.2797783979483,-0.22403978400032307,-0.16661017139786413,0.06792813329724781,-0.8454466480206628
2024-04-11,746.7824096679688,110.72341918945312,1190.1819878503459,-0.23043860055013995,-0.1692442491399208,0.06727387909856589,-0.9096301897585041
2024-04-12,738.966552734375,110.0528335571289,1182.9737662586888,-0.2336981668551388,-0.17176370421688764,0.06680035402026539,-0.9271577006831724
2024-04-15,738.1112060546875,109.92242431640624,1181.5719785384977,-0.23322866024611794,-0.1737607345735942,0.06681724122946715,-0.8900086950357016
2024-04-16,734.1490478515625,109.47534942626952,1176.7663061219835,-0.23333841266797917,-0.17567658202381328,0.0668506003686583,-0.8625476858275097
2024-04-17,738.1112060546875,107.975830078125,1160.6477565715852,-0.20488032764356137,-0.1769629832200103,0.06665400426483506,-0.4188397191056613
2024-04-18,733.3724975585938,105.95470428466795,1138.9223841782673,-0.18304177247377532,-0.17679386487627988,0.06662500381954174,-0.09377721935173636
2024-04-19,714.0635375976562,103.56104278564452,1113.192571804302,-0.17899940648647972,-0.17673169530222751,0.06662111141558955,-0.03403892754214171
2024-04-22,718.9990234375,104.85567474365234,1127.1087572743322,-0.1902612445838662,-0.17634742736839176,0.0664728385593704,-0.20931582759245754
2024-04-23,733.116943359375,105.54490661621094,1134.5174099891478,-0.17744560813263624,-0.17618378526647177,0.06645759224968717,-0.018986888080803274
2024-04-24,719.854248046875,105.93607330322266,1138.7221170740315,-0.2049800840162841,-0.17675273817997944,0.06655714530901577,-0.42410691902798603
2024-04-25,712.6478881835938,104.8929443359375,1127.5093734922655,-0.2014310333417576,-0.1771094359904513,0.0666323089533751,-0.3650120749728925
2024-04-26,721.1422119140625,104.27820587158205,1120.9014611565494,-0.1781162749002477,-0.17751176897218235,0.06656310507036999,-0.009081696646006419
2024-04-29,724.77001953125,105.84294891357422,1137.721109590696,-0.19542613720145718,-0.1782156392672982,0.06652487889685497,-0.25870769281434397
2024-04-30,767.9298095703125,98.82958221435548,1062.3334203312347,-0.030069839313587476,-0.17609201306070107,0.06917858767289206,2.110800157377787
2024-05-01,763.6531982421875,99.0438003540039,1064.636081982643,-0.038853761138857267,-0.1749181311362734,0.07090739334616698,1.9189024384686584
2024-05-02,743.1643676757812,99.15557861328124,1065.8376025985979,-0.06911142726126335,-0.1742010209557518,0.07176545024927529,1.4643480021300317
2024-05-03,722.57763671875,97.60015869140624,1049.1181697260304,-0.07643254567778429,-0.17393188854872813,0.072106198619874,1.3521631251834008
2024-05-06,753.7529907226562,97.93546295166016,1052.722403536051,-0.03669282692178679,-0.1731285958845195,0.07337232461404408,1.8594990642645899
2024-05-07,764.6558837890625,99.28597259521484,1067.2392262998667,-0.04089585706555756,-0.1724131479194844,0.07445913810703104,1.7663015473651833
2024-05-08,761.9326782226562,99.7051010131836,1071.744498060027,-0.05052905086594927,-0.17178490698942162,0.0753353843339273,1.6095471894853632
2024-05-09,758.540771484375,101.44679260253906,1090.4661919276489,-0.07990781502968076,-0.1719751468594225,0.07508412069887264,1.2261891192544003
2024-05-10,747.1854858398438,101.6889419555664,1093.069090216489,-0.09980322290361017,-0.17247255401161682,0.07449337260522612,0.9755140432842813
2024-05-13,744.9244384765625,99.51880645751952,1069.7419910365888,-0.0718267048486431,-0.1722034276382123,0.07483221631204419,1.3413570750197552
2024-05-14,751.098388671875,100.9852294921875,1085.504783544327,-0.08400272326637394,-0.17276312855153272,0.0740271712834826,1.1990246789959886
2024-05-15,775.0687255859375,100.94786071777344,1085.1031012033982,-0.0499598158926594,-0.17222466648272777,0.0748099409666216,1.634339621316103
2024-05-16,759.4102172851562,98.93972778320312,1063.517390922494,-0.04318494551146431,-0.17105082303773766,0.07628322066927316,1.676199253314663
2024-05-17,758.3072509765625,99.005126953125,1064.2203760238501,-0.04562931479251801,-0.17008201557971,0.07751156709907155,1.6056016597899843
2024-05-20,771.2871704101562,98.46339416503906,1058.3972122223004,-0.020482587595375096,-0.16863435976245816,0.07948909614167964,1.8637999343082297
2024-05-21,790.9735717773438,98.63152313232422,1060.2044547186351,0.0026311901130415516,-0.16653516908077826,0.08231878834191232,2.055015174557536
2024-05-22,790.7174072265625,101.18135833740234,1087.6130007632444,-0.0323548065590042,-0.1650538390158513,0.08393168738392989,1.581036156819296
2024-05-23,796.1734619140625,101.68572998046876,1093.0345642333264,-0.0320897627946716,-0.1633775896470329,0.08557769418869805,1.5341360631062668
2024-05-24,795.1688842773438,102.2087631225586,1098.6567228454892,-0.04046405036881937,-0.16184981544793908,0.08695218585253825,1.396005907027768
2024-05-28,795.5923461914062,100.82642364501952,1083.7977566095713,-0.02123364524056351,-0.16018855237246593,0.08868258760276627,1.5668792588046676
2024-05-29,799.2067260742188,98.29524993896484,1056.5898057070433,0.017428538444145953,-0.1583152899856682,0.09123400155453164,1.9262974925501872
2024-05-30,802.6830444335938,98.77161407470705,1061.7103124450819,0.015304692003566192,-0.15574196131500587,0.09392316529806696,1.821133825459909
2024-05-31,807.8828125,100.40613555908205,1079.28001941131,-0.00010536445009569957,-0.15317600467074538,0.09604880295215074,1.5936756681590907
2024-06-03,818.6370239257812,98.52877044677734,1059.0999512952728,0.03768356000514135,-0.15023784759215986,0.09914841629654021,1.8953546069283884
2024-06-04,819.94677734375,98.94906616210938,1063.6177705029957,0.03371083634638805,-0.14684595908848033,0.10191040831530072,1.7717208518706304
2024-06-05,819.1294555664062,102.7505111694336,1104.4800506659612,-0.017138329260566812,-0.1437075839740478,0.10296929719914183,1.2291941205415533
2024-06-06,824.575439453125,101.9005355834961,1095.3435406132467,0.0006597135894178633,-0.1406516352718543,0.10450199010423676,1.3522359595288036
2024-06-07,837.0825805664062,100.56490325927734,1080.9866362987593,0.032742323979708866,-0.13686964356075096,0.10661681457347925,1.5908557033803044
2024-06-10,851.86474609375,100.34075164794922,1078.5771983288762,0.05235529789490149,-0.13300593880400804,0.10921580376487858,1.6972015982042121
2024-06-11,852.6722412109375,99.005126953125,1064.2203760238501,0.07009017894758911,-0.12797352124305508,0.11151611748327996,1.7760993178438143
2024-06-12,854.1297607421875,99.6776123046875,1071.4490179713446,0.06321384646163775,-0.12283696169854573,0.11312164788450238,1.6446967635243614
2024-06-13,869.9163208007812,100.03253173828124,1075.2640981060947,0.07582833647378144,-0.11761693074948983,0.11495822970241357,1.6827439646907667
2024-06-14,865.1104736328125,99.6776123046875,1071.4490179713446,0.07510432762610893,-0.11231228332808746,0.11640058672067419,1.6101002257311547
2024-06-17,871.5707397460938,100.6396255493164,1081.7898369616946,0.07009527142366649,-0.10636676103300785,0.11645610792809884,1.5152664432648202
2024-06-18,877.9228515625,100.59292602539062,1081.2878570497255,0.07739527359935268,-0.1004568705246101,0.11663713036153456,1.5248329890548828
2024-06-20,872.5359497070312,100.15396118164062,1076.5693606904606,0.07710705080081766,-0.0946982757554519,0.1167338314275414,1.4717697899165756
2024-06-21,870.4580078125,98.96774291992188,1063.8185296639988,0.08955235316569271,-0.08886569296137434,0.11705638809583499,1.52420597482467
2024-06-24,876.5933837890625,99.83639526367188,1073.1557988777165,0.08527291110876367,-0.08287672977047914,0.11661199863129822,1.4419583134913536
2024-06-25,890.8731079101562,99.45343780517578,1069.0393339730776,0.10455569698204581,-0.07668473786998699,0.11653511497680932,1.5552431118131211
2024-06-26,887.5740966796875,97.40796661376952,1047.0522693890894,0.1259995221717094,-0.0698282675149074,0.11614926420998814,1.6860011212174066
2024-06-27,895.23583984375,97.1090850830078,1043.8395487468097,0.1370682119935975,-0.06321618465310273,0.1164515292642283,1.7198949460960302
2024-06-28,891.6315307617188,96.14704132080078,1033.498401718615,0.14517792312206376,-0.0570524950410044,0.1175445417362507,1.7204577530859553
2024-07-01,900.4849853515625,95.11962890625,1022.4545976269088,0.16584671031397297,-0.05030981932485601,0.1185464102668725,1.8233916079973733
2024-07-02,892.9413452148438,94.2509994506836,1013.1175744415748,0.16925619623978147,-0.04357136590558284,0.1193554266681243,1.7831410610021567
2024-07-03,884.4620361328125,95.26908111572266,1024.0610809622406,0.1489188168318654,-0.03692311075329155,0.11877159329702752,1.5647001309513289
2024-07-05,900.6819458007812,93.60653686523438,1006.1901532450463,0.18408704439095933,-0.02988346809714798,0.11915078407659711,1.795796092710179
2024-07-08,904.0598754882812,94.5965805053711,1016.8322749958236,0.17536414298871492,-0.023226735980664014,0.11927669251921845,1.6649596394314925
2024-07-09,918.339599609375,94.65261840820312,1017.4346344882944,0.18753089813110965,-0.016260577669309856,0.11917507525371786,1.710017596939272
2024-07-10,925.5090942382812,94.80205535888672,1019.0409538047037,0.19208911757147512,-0.009164122928866288,0.11868403611362703,1.6957060704243607
2024-07-11,919.9547119140624,96.41789245605467,1036.4098196004672,0.16833108748845693,-0.002471460466623375,0.11714689129413462,1.4580203201997572
2024-07-12,933.998291015625,96.30581665039062,1035.2051006155257,0.18212589553901304,0.004452944670159829,0.11553706905978002,1.537800398735435
2024-07-15,936.0269775390624,97.65081024169922,1049.6626305388984,0.1684528710889777,0.010675164649035479,0.11411655066228506,1.382601432695485
2024-07-16,927.301513671875,101.70440673828124,1093.2353233943293,0.11363970996154639,0.015619856022957507,0.11198827787208647,0.8752688745740658
2024-07-17,891.8383178710938,102.00328826904295,1096.448044036609,0.07479198558853023,0.01984971255754101,0.10927280981011077,0.5027991238302132
2024-07-18,836.0092163085938,102.72248077392578,1104.178747905534,0.0037589934713456925,0.023083383191794538,0.10576414200006497,-0.18271211163833745
2024-07-19,844.4490356445312,100.69566345214844,1082.3921964541655,0.03951561617679601,0.02669940359695174,0.10244889391108114,0.1250985939483924
2024-07-22,852.8198852539062,101.86318969726562,1094.9421043007014,0.034227468473654724,0.030686196138450725,0.09783056884629177,0.03619801435242527
2024-07-23,864.952880859375,90.69242095947266,974.8659014568016,0.18659867809821534,0.037153357995783606,0.09501108184307543,1.572925149397439
2024-07-24,846.8223876953125,92.37364959716795,992.93767034446,0.14784304708170695,0.04258601336214952,0.09175682697267092,1.1471302702185577
2024-07-25,808.7199096679688,91.159423828125,979.8857825859549,0.12383299912346588,0.0479069989675649,0.08684606663224734,0.8742595157177613
2024-07-26,792.401611328125,92.69120025634766,996.3510681382818,0.08501071553851014,0.049825008215099865,0.08636419642133826,0.40741081120876194
2024-07-29,795.5233764648438,91.83191680908205,987.1145065429107,0.10021195738989729,0.0521427701905791,0.08580824999501564,0.5601930723690366
2024-07-30,778.2105102539062,90.64572143554688,974.3639215448324,0.09657884659972148,0.05490427475492885,0.08449598529271667,0.49321363258172296
2024-07-31,792.0570068359375,92.14948272705078,990.5280683556546,0.09196436952725541,0.05771089000834618,0.08284007312203158,0.41348924775151374
2024-08-01,819.7990112304688,89.9452133178711,966.8340588463719,0.15159451946714791,0.06084901244816176,0.08276957913083577,1.096363035452224
2024-08-02,792.2439575195312,88.13323211669922,947.3568118127686,0.14667102145354904,0.06397512709014687,0.08240294072137669,1.0035551357689532
2024-08-05,763.4873657226562,85.86360168457031,922.9602272494359,0.14648470724907328,0.06725868972539724,0.08168502453524976,0.9698964770401388
2024-08-06,781.1353149414062,86.19047546386719,926.4738406048367,0.1612698295801004,0.07127831713556025,0.08024167106998319,1.1215059612361957
2024-08-07,760.414794921875,85.59272766113281,920.0485633391999,0.14686499672481787,0.0753894541293674,0.07760342325320442,0.9210359491776554
2024-08-08,832.4735717773438,87.12449645996094,936.5137668820656,0.20093357356820252,0.07993545876964817,0.07681851225799918,1.5751166124146685
2024-08-09,878.1395263671875,86.73221588134766,932.2970864158476,0.2472893181710254,0.08545699279360482,0.07674150890533703,2.1087978029862
2024-08-12,870.9503173828125,86.0877456665039,925.369583209858,0.2490300705185366,0.09044015756712476,0.07750285024469428,2.0462462019229886
2024-08-13,894.2609252929688,86.56409454345703,930.489925928974,0.2628797451593988,0.09554123574497246,0.07862303315948792,2.128364967489589
2024-08-14,917.5321044921876,87.5074462890625,940.6301497772433,0.27052354711375315,0.10081045011007699,0.07958974329201648,2.1323488427522017
2024-08-15,918.7155151367188,89.02539825439453,956.9468341858865,0.2537028730805482,0.10538020778800905,0.08037499378094398,1.8453832257428402
2024-08-16,909.3861694335938,89.17533111572266,958.5584841172733,0.2442744101086429,0.10940759478793574,0.08118917915858084,1.6611427374734475
2024-08-19,909.0804443359376,89.92493438720703,966.616077698518,0.23515680350665502,0.11386612162236338,0.08061552015480314,1.5045574555790426
2024-08-20,936.8515625,89.66256713867188,963.7958543375133,0.2608393930554135,0.1187482742198648,0.08049642173125164,1.765185529736209
2024-08-21,938.8239135742188,89.9717788696289,967.1196157902499,0.25885193064778733,0.1237368739034749,0.079733461003897,1.6945841186764568
2024-08-22,940.9935302734376,89.27839660644531,959.6663499285447,0.2684814050257169,0.12856545807457959,0.07957766463096662,1.7582313781132353
2024-08-23,939.5833740234376,90.38407135009766,971.55140707318,0.2547342347155201,0.13252055301243582,0.07985710294072847,1.5304046503389148
2024-08-26,937.4038696289062,89.83123779296875,965.608919505593,0.2593407631254841,0.1365878208644678,0.08000037119292454,1.534404658760795
2024-08-27,941.2992553710938,88.41634368896484,950.40001889876,0.278563187805763,0.14123229673539878,0.0800191939484131,1.7162243743532197
2024-08-28,935.8358154296876,88.57563781738281,952.112294439032,0.27252174106692584,0.14514626641976183,0.08060960959685799,1.580152481623343
2024-08-29,927.2164306640624,88.68807983398438,953.3209498781109,0.2644555871312219,0.14899201226617573,0.08070726698091508,1.4306465722888368
2024-08-30,946.7628173828124,90.12169647216795,968.7311017027141,0.26336458919288985,0.15366706090706667,0.07902762281049315,1.3880909533224342
2024-09-03,943.3211059570312,89.5407485961914,962.4864092706268,0.2672968725889177,0.15811101355705834,0.07776454114585798,1.4040571373920465
2024-09-04,933.2421264648438,89.0160140991211,956.8459625486178,0.26542763305979683,0.16198910204172648,0.07720644589707097,1.3397654796332823
2024-09-05,900.1456298828125,86.73908996582031,932.3709769403835,0.2656089523609465,0.16554332961616056,0.07698214985095347,1.299854874649835
2024-09-06,890.2442016601562,87.37627410888672,939.2201611109327,0.24974734451247532,0.16853761570890863,0.076699932550806,1.0587979168009491
2024-09-09,895.7274169921875,88.9879150390625,956.5439217030398,0.2349995948309939,0.1714007115150646,0.0759038373328498,0.8378875897543698
2024-09-10,888.8043823242188,88.61311340332031,952.5151249124175,0.23357371579554315,0.1740298011704273,0.07526662614170142,0.7911064661383246
2024-09-11,908.1732177734376,88.31326293945312,949.2919890685662,0.25346851127394393,0.1770025375645579,0.07481421795459807,1.0220780995905132
2024-09-12,922.1080322265624,89.08161926269531,957.5511619054259,0.2557931900176881,0.18009750287445822,0.07415477858419975,1.0207796259182471
2024-09-13,910.9542236328124,89.12847137451172,958.054782006619,0.2461282033635948,0.18290971837052894,0.07338945707484137,0.8614109916169115
2024-09-16,910.7864990234376,89.67193603515625,963.8965619558597,0.23957538027250874,0.1856175238617238,0.07241027086922214,0.7451685480950138
2024-09-17,893.666259765625,91.8176727294922,986.9613948788613,0.19919846779991446,0.18744495910562747,0.07132013600149684,0.1647993028790678
2024-09-18,892.4730224609375,90.25289154052734,970.1413363974084,0.21697436894237748,0.18963998340285437,0.07013919778754689,0.38971625569940993
2024-09-19,902.4039306640624,93.2513198852539,1002.3718747413093,0.1898752153923944,0.1910619753763602,0.06924414100877509,-0.017138778338161277
2024-09-20,908.764892578125,92.67974090576172,996.2278899275683,0.20230654697939995,0.19233375912315503,0.06872773406072176,0.14510572758638957
2024-09-23,905.8359985351562,92.56729888916016,995.0192344884894,0.2010616150431423,0.19340031584064743,0.0683510661632703,0.11208748645111558
2024-09-24,911.6641845703124,92.9233627319336,998.8466160424189,0.20197091914684245,0.19434686577439378,0.06806459110418223,0.11201203516787475
2024-09-25,911.7925415039062,91.93950653076172,988.27100396467,0.21368196541826034,0.19514412002613188,0.06800523104568551,0.27259440350514874
2024-09-26,896.762939453125,91.6490249633789,985.148575739165,0.20398529025802908,0.19572293825976933,0.06792890792552256,0.12163233961185743
2024-09-27,865.6683349609375,91.94886779785156,988.3716295735552,0.17166943062219925,0.19610211515627493,0.06772641553665738,-0.3607556127173352
2024-09-30,873.7057495117188,92.4642333984375,993.911368677218,0.1729489198188035,0.19591647974673895,0.06777515359237338,-0.33887875881582585
2024-10-01,872.2659301757812,91.8739242553711,987.5660506362453,0.17885825747100437,0.19597471498811048,0.06775869400019495,-0.25260902338313757
2024-10-02,878.7650146484375,91.75209045410156,986.2564415504364,0.18642146097107537,0.19595622436877658,0.06776118861257269,-0.14071127725070762
2024-10-03,873.3211059570312,94.8723373413086,1019.7964249612239,0.14294486292305247,0.1951371534579695,0.06810487171741181,-0.7663517927392771
2024-10-04,874.908935546875,96.89630126953124,1041.5523048741056,0.11963383982399689,0.19432553266356184,0.06871715561154983,-1.086943895957925
2024-10-07,885.9937744140625,96.49337768554688,1037.2212212095221,0.13553666115429025,0.19354904542381648,0.06911939134895247,-0.839306931634395
2024-10-08,901.1021728515624,96.32472229003906,1035.4083200603648,0.15204262258148563,0.19327554128202493,0.06925271851318456,-0.5953978354321101
2024-10-09,907.0390014648438,97.2335968017578,1045.1779431534978,0.1468218487620752,0.1938285769287004,0.06873655569989001,-0.6838679606214311
2024-10-10,898.114013671875,97.09307861328124,1043.6674928972245,0.14002521243769986,0.1949157973761866,0.0673231896902558,-0.8153295349051396
2024-10-11,919.18896484375,100.07275390625,1075.6964519855103,0.12489771095194127,0.19693477600086318,0.06318245473583776,-1.1401434994905588
2024-10-14,916.6741943359376,101.40330505371094,1089.9987379988424,0.10689462158483577,0.19805775942433052,0.06089447730681037,-1.4970674168066003
2024-10-15,900.707763671875,99.70732879638672,1071.7684448226955,0.11130291941030702,0.19934235027327468,0.05813006052118967,-1.5145250163790105
2024-10-16,903.764892578125,100.28826904296876,1078.013055245322,0.10739952714797617,0.19802236442410406,0.05931154059549573,-1.5279123820804956
2024-10-17,904.4552001953124,100.7848892211914,1083.3512971028306,0.10217862405518166,0.19726129070699533,0.06025186918932454,-1.5780865877047423
2024-10-18,905.29345703125,103.15550994873048,1108.83344090399,0.07486202444512924,0.19644510779568966,0.0615804384815924,-1.974378330984181
2024-10-21,893.6170043945312,102.7057647705078,1103.9990651760575,0.06818359957550933,0.19616465586297302,0.062132382632994934,-2.0598124659636072
2024-10-22,896.5952758789062,98.18936157226562,1055.45159639513,0.1254253365952304,0.19658487884972858,0.061555002417185534,-1.1560318326724843
2024-10-23,890.7767944335938,97.26171875,1045.4802300274594,0.13090669842079783,0.19715700971341316,0.060764181284974045,-1.0902855908139737
2024-10-24,879.0115356445312,98.2362060546875,1055.9551344868619,0.10735750569132542,0.19741356198281437,0.0603435599102706,-1.492388855171954
2024-10-25,880.37255859375,99.22945404052734,1066.6317002113408,0.096610170700114,0.19649715617003044,0.061458394248996365,-1.6252781526511755
2024-10-28,883.2225341796875,100.32574462890624,1078.4158857187072,0.08618296102998141,0.19548902182963765,0.06277164925399858,-1.7413284834585319
2024-10-29,891.1022338867188,99.95094299316406,1074.387088928085,0.09878465836373758,0.19469402101488203,0.06369803053417922,-1.505688038497222
2024-10-30,835.1359252929688,98.29244232177734,1056.5596262253237,0.059736843236833766,0.1930018045758276,0.06591125955278113,-2.021884610356695
2024-10-31,818.281982421875,97.71148681640624,1050.3148517837749,0.04800205340569059,0.19135408885384214,0.06827744730129709,-2.099551771693554
2024-11-01,807.6212158203125,96.8400650024414,1040.947813135644,0.04703379099460024,0.1887890924776154,0.07075723694808111,-2.003403575340706
2024-11-04,795.0078125,98.21747589111328,1055.7538012596303,0.013290556215004185,0.18488911311168174,0.07385894455224717,-2.323328040184628
2024-11-05,794.928955078125,101.26274871826172,1088.4878776952633,-0.027985944771533395,0.1802721795235139,0.07830581520910683,-2.6595486393816032
2024-11-06,765.6587524414062,108.70263671875,1168.460305882782,-0.17173377596621828,0.17302862083808698,0.08979376325898263,-3.8394915670250245
2024-11-07,786.437744140625,105.61985778808594,1135.3230709359188,-0.09863875760061903,0.1668759157595141,0.09546841099383949,-2.781178303860809
2024-11-08,820.0570678710938,107.17530059814452,1152.0427498368697,-0.07398704256065779,0.16141441716549398,0.09969659043548566,-2.36117863908778
2024-11-11,820.9446411132812,109.09617614746094,1172.690517910097,-0.09797712048489723,0.155710224988935,0.10454835240083857,-2.426507349452954
2024-11-12,807.5521240234375,109.43348693847656,1176.3163202084113,-0.12067593967360596,0.14977967926926397,0.10991972357525563,-2.460483070244484
2024-11-13,800.5994262695312,109.72472381591795,1179.4468673705744,-0.134318552811217,0.14319371350482016,0.11487896659297658,-2.4156925723338074
2024-11-14,775.3726806640625,108.09012603759766,1161.8763403097344,-0.14856284949836993,0.13640346716905086,0.1198595267567988,-2.3775024345426647
2024-11-15,737.1142578125,105.45973205566406,1133.6018563643765,-0.16981833201860055,0.12909847155164555,0.12492285715039736,-2.3928111347179133
2024-11-18,718.3455810546875,105.10274505615234,1129.7645516656426,-0.1950410631359611,0.12160221658745421,0.13062093926741072,-2.4241387445176352
2024-11-19,720.8446655273438,103.69361877441406,1114.6176502114722,-0.169885282859812,0.11444844915436594,0.13464142136936075,-2.1117849850542463
2024-11-20,744.2365112304688,103.32723999023438,1110.6793918660082,-0.12782333897490164,0.1076753403746882,0.1364551146342914,-1.7258325565937314
2024-11-21,740.7889404296875,107.14130401611328,1151.677315677789,-0.18841573199528672,0.09999304915698466,0.13994759501608597,-2.060834136657517
2024-11-22,738.9022827148438,107.79889678955078,1158.7458751570325,-0.20101644173222938,0.09223518200926047,0.1435318513487246,-2.043111831874909
2024-11-25,745.8071899414062,109.48047637939452,1176.8214164799058,-0.2141332825820804,0.0842768841463443,0.14707650727522567,-2.028945154170726
2024-11-26,779.709228515625,108.8040771484375,1169.550703678819,-0.1520174265550451,0.07728831249394492,0.14819059633128975,-1.547370377917652
2024-11-27,778.593017578125,109.14227294921876,1173.186019074632,-0.15833807127753716,0.07022555075498936,0.1491670176546935,-1.5322664864268325
2024-11-29,785.665771484375,109.91260528564452,1181.4664323619409,-0.15844978948152197,0.06315790505761489,0.14979747858702003,-1.4793820071570898
2024-12-02,790.0616455078125,109.19864654541016,1173.7919869833952,-0.14229048749771508,0.05662394119077837,0.15007058525282488,-1.325472465862521
2024-12-03,803.4269409179688,109.77169799804688,1179.9517996231468,-0.13095499859879778,0.05052469796694851,0.15013471869478653,-1.2087790095686122
2024-12-04,819.7359619140625,111.23719024658205,1195.7045869766193,-0.1276710369460398,0.04450395208792213,0.1499128224552227,-1.1485007500635156
2024-12-05,815.5672607421875,110.49505615234376,1187.7272806578837,-0.12365373156457125,0.03821858137394687,0.14890549114687396,-1.0870808839336505
2024-12-06,816.6439819335938,108.86044311523438,1170.1565895781212,-0.10065649742115229,0.0322777532499662,0.14717842527871186,-0.9032183244207216
2024-12-09,793.795654296875,107.87406158447266,1159.553832368717,-0.11898036072327822,0.02619261051518498,0.14572746257047617,-0.9961950114121777
2024-12-10,789.8444213867188,108.38134765625,1165.0067234529752,-0.13148186461948919,0.020008323100318352,0.14438574842323057,-1.0492045743722025
2024-12-11,786.3375854492188,108.83226013183594,1169.85364662847,-0.14269186475694437,0.01431015089103737,0.14393981261578545,-1.0907476728975802
2024-12-12,772.8240966796875,105.96703338623048,1139.0549114675573,-0.12282061391802292,0.008646901176697365,0.142508354036141,-0.922524970440535
2024-12-13,779.51171875,106.16429901123048,1141.1753480961925,-0.1159078720561741,0.003550516385887888,0.14138066349583236,-0.8449414897927919
2024-12-16,769.5149536132812,105.5254898071289,1134.3086959104087,-0.12148127476295598,-0.0018459473098180435,0.13983663037577643,-0.8555364008103422
2024-12-17,769.1395263671875,104.89608001708984,1127.5430793808164,-0.11323233983559738,-0.007084179891130372,0.13798131863491525,-0.7692937058046562
2024-12-18,755.3989868164062,101.25111389160156,1088.362813266942,-0.0816148058754158,-0.011810608641501344,0.13553423767168626,-0.5150299911894283
2024-12-19,748.3162231445312,100.99746704101562,1085.6363267200825,-0.08820872346605964,-0.016842120122906677,0.13259298303255806,-0.5382381609562926
2024-12-20,758.411865234375,101.78024291992188,1094.050497438599,-0.08481743280917133,-0.021655498840693347,0.12965003944107437,-0.4871725009939926
2024-12-23,786.5845947265625,101.18107604980467,1087.60996641318,-0.03777506844501264,-0.025146240491813545,0.12715218603752498,-0.09932057282500902
2024-12-24,785.98193359375,101.64495086669922,1092.5962236632438,-0.04491477956121995,-0.02877730214814727,0.12448204911133715,-0.12963698403325016
2024-12-26,784.470703125,101.88654327392578,1095.1931352614167,-0.05023813788888923,-0.032595575404145496,0.12148267238647158,-0.14522698701109923
2024-12-27,773.6341552734375,101.0554428100586,1086.2595166156966,-0.05340156749494602,-0.036592625878579185,0.11805128044402492,-0.14238677931440943
2024-12-30,764.417724609375,100.12772369384766,1076.287330153414,-0.053056750851421065,-0.03985931944148708,0.11568713392344494,-0.11407864437775148
2024-12-31,762.6001586914062,100.52394104003906,1080.5463275016082,-0.06115142187643286,-0.04287240713649424,0.11380162849926441,-0.16062173257965964
2025-01-02,768.5962524414062,99.94410705566406,1074.313608450855,-0.04476377697280359,-0.04587741443861247,0.11136516555103189,0.009999872584022388
2025-01-03,772.4585571289062,101.3743667602539,1089.6876761125332,-0.05944271543998868,-0.049402170072303714,0.108299337838164,-0.09271105039154486
2025-01-06,755.7841796875,103.63571166992188,1113.995198401009,-0.11497850347490829,-0.05376550927625344,0.10549721774702212,-0.5802332564394355
2025-01-07,763.8744506835938,105.8777313232422,1138.0949907242803,-0.1347190695611881,-0.05834458064290157,0.10287318798906142,-0.7424139410009095
2025-01-08,777.6348876953125,104.85337829589844,1127.0840724265129,-0.1004804454951183,-0.06210088325035256,0.10014749975606943,-0.3832303586035331
2025-01-10,790.1604614257812,102.99789428710938,1107.1392074451805,-0.057794161395988315,-0.06484569630003297,0.09766327554444078,0.07220252305418441
2025-01-13,787.7699584960938,104.52478790283205,1123.5520069423435,-0.08183856590101275,-0.06806472105522163,0.09490293914044703,-0.1451361250825666
2025-01-14,735.8399658203125,106.49623107910156,1144.743333724365,-0.18698533582317306,-0.07297113543807411,0.09327356699385993,-1.2223634633014984
2025-01-15,737.647705078125,105.94538116455078,1138.8221686166883,-0.17604932254453406,-0.07760826788140271,0.09131385940572267,-1.0780516265963676
2025-01-16,748.3754272460938,105.80043029785156,1137.2640708634613,-0.15710905857371885,-0.08147445259838351,0.08964443670309842,-0.8437177894913488
2025-01-17,716.8836059570312,106.6218719482422,1146.0938655313098,-0.22025636167318577,-0.08628178528586176,0.08921575787401055,-1.501691848838199
2025-01-21,733.3110961914062,106.40927124023438,1143.8085898856743,-0.18980404037812257,-0.09153560823541765,0.08575175327931409,-1.14596411600613
2025-01-22,744.7994995117188,106.14832305908205,1141.0036202844522,-0.16768544564219226,-0.09651214396980082,0.08116531484607742,-0.8768930645727807
2025-01-23,757.2659301757812,106.3609390258789,1143.2890599490097,-0.1514805307081119,-0.10082611124312477,0.07691319808931574,-0.6585920326205199
2025-01-24,775.8468627929688,106.2063217163086,1141.6270562084496,-0.12176128197821968,-0.10446563545443031,0.07244930315561401,-0.23872757598013075
2025-01-27,798.3297729492188,106.21598815917967,1141.7309621957825,-0.09029990726416283,-0.10740701659266608,0.06802540244244903,0.2514811925291619
2025-01-28,795.1884765625,103.64537811279295,1114.0991043883416,-0.05985819015961482,-0.11005106406805526,0.0627540655878813,0.7998346153071141
2025-01-29,794.2896118164062,107.1630401611328,1151.9109606327308,-0.10866220928651048,-0.11285771494344435,0.05866417643675052,0.07151733667406555
2025-01-30,813.2063598632812,108.72859954833984,1168.7393840792256,-0.103566503644997,-0.11538385756095582,0.05475294713308475,0.2158304627371942
2025-01-31,801.2042846679688,107.15337371826172,1151.807054645398,-0.0989643798862851,-0.11781716040897056,0.05049082428563469,0.37339023058986415
2025-02-03,800.562255859375,105.46218872070312,1133.6282634108811,-0.07713818921201374,-0.11932430616608752,0.04778825700107132,0.882771617996615
2025-02-04,816.0118408203125,104.83403778076172,1126.8761784423857,-0.04847019474531571,-0.11966571033231724,0.047194144343668115,1.5085667210863118
2025-02-05,831.9256591796875,103.39411926269533,1111.398286802836,-0.009809221232779521,-0.11696696775342659,0.048769662772128596,2.197221396041449
2025-02-06,859.7723999023438,104.06094360351562,1118.5660777301243,0.014560140517037296,-0.11508031945146564,0.05159822142861538,2.512498616795478
2025-02-07,867.61572265625,102.45672607421876,1101.3221123437595,0.043343722472418814,-0.11312480670091436,0.05527439850388503,2.8307595090760795
2025-02-10,858.3004760742188,102.54369354248048,1102.256938191911,0.03187184841194385,-0.11096065721930035,0.058334780985580516,2.4484964753111913
2025-02-11,854.4678344726562,102.52436065673828,1102.0491262172452,0.027772599600645993,-0.10848651489806281,0.06100279247660232,2.233653722507394
2025-02-12,862.3406982421875,99.9554443359375,1074.4354745101896,0.06867043227315696,-0.1051033651466566,0.06504101031181482,2.671757351042366
2025-02-13,861.2442626953125,102.03966522216795,1096.8390651475825,0.04147172164489071,-0.10193612229426892,0.06747043193838563,2.125491712727146
2025-02-14,835.4275512695312,102.71824645996094,1104.1332326545712,0.003119843718379172,-0.09905381936531923,0.06821123638220156,1.4979007639034485
2025-02-18,848.2220458984375,103.28050231933594,1110.177001906733,0.011031461419777736,-0.09561927728939026,0.06848370419565192,1.5573155681602184
2025-02-19,857.9689331054688,103.93001556396484,1117.158713366572,0.014129071641380244,-0.09255237138103706,0.06921790114297714,1.5412406510572334
2025-02-20,863.975341796875,103.20294952392578,1109.343375733695,0.03002869363406981,-0.08992150417088754,0.07083553894598035,1.6933618292426935
2025-02-21,864.5294799804688,101.2641372680664,1088.5028034172005,0.054756676831155336,-0.08586863069044683,0.07205081272253729,1.9517518568893946
2025-02-24,872.168701171875,102.99937438964844,1107.1551172806521,0.04164981915246854,-0.08182419300903522,0.07228807076467103,1.7080828254977938
2025-02-25,892.3550415039062,103.31928253173828,1110.593855997983,0.059475508985198114,-0.0772640464829139,0.07243004336592965,1.8878844898280551
2025-02-26,905.4266967773438,102.78610229492188,1104.8626248024318,0.0793837391958593,-0.0734073603870655,0.07451294723177779,2.0505308843529875
2025-02-27,895.6797485351562,102.2723159790039,1099.3398616572363,0.07553142936589871,-0.06950953537634155,0.07609500463087937,1.90605106663444
2025-02-28,910.98779296875,103.95909118652344,1117.4712514231828,0.0711630022146961,-0.06568265551473791,0.07731031763099762,1.7700827253433205
2025-03-03,919.9826049804688,101.80701446533205,1094.3382686379293,0.10538940693082659,-0.06155465727426223,0.07972523747964734,2.093992686415103
2025-03-04,901.51806640625,98.37531280517578,1057.4504129928143,0.1279838335979296,-0.057239010070983434,0.08285188330655523,2.235590022541567
2025-03-05,919.9826049804688,99.8197250366211,1072.9766082050073,0.12860904208183632,-0.052967675420518834,0.08571590932533092,2.1183549113757727
2025-03-06,903.2002563476562,103.61980438232422,1113.8242086744192,0.06719233307314997,-0.049786907676556816,0.08658499123063797,1.3510336963378227
2025-03-07,860.4724731445312,106.69281768798828,1146.8564715109537,-0.017515857919677802,-0.048401230351532244,0.08642221750896573,0.3573776896971001
2025-03-10,821.0695190429688,107.1775131225586,1152.0665325806162,-0.07269168733018687,-0.047629752461647384,0.08598699971103012,-0.2914619064831102
2025-03-11,815.4291381835938,101.51618194580078,1091.2120679772095,-0.005482812425057122,-0.04552976825840686,0.08544129463058367,0.4687072686163974
2025-03-12,813.252197265625,99.19931030273438,1066.3076808301628,0.022448880285691166,-0.04277742250769626,0.08491658659869694,0.7681220525459549
2025-03-13,793.25390625,95.408935546875,1025.5643963953898,0.049166596382757166,-0.039910969002683254,0.08507151237731538,1.0470904171816897
2025-03-14,804.9599609375,96.1747589111328,1033.796342091133,0.052767473775871446,-0.03709971323881583,0.08530425564280446,1.0534900789825683
2025-03-17,816.1219482421875,98.07479858398438,1054.220142325839,0.04069721537438806,-0.03439673840319344,0.08515448529786146,0.8818555301568757
2025-03-18,813.8954467773438,97.1441650390625,1044.2166282493804,0.05036384399654502,-0.0316701353393244,0.08520654248312023,0.9627662025145627
2025-03-19,828.2435913085938,96.54312896728516,1037.756004905969,0.0746153327766929,-0.02906629969512258,0.08603748405099619,1.20507513225702
2025-03-20,833.745361328125,95.3119888305664,1024.5223021719962,0.09659441320413276,-0.02598624741728604,0.08718459436711026,1.40598991726985
2025-03-21,828.7977294921875,94.1390151977539,1011.9138395701675,0.10641435366755604,-0.022799050976007252,0.08848320473842987,1.4603156048149277
2025-03-24,855.841552734375,95.62220001220705,1027.8568068641493,0.11602244636989857,-0.020235759062425397,0.09025202686359754,1.5097523032724562
2025-03-25,843.4228515625,96.20384216308594,1034.1089621572053,0.09559377486507338,-0.017893949821987176,0.09141622593356227,1.2414396189308776
2025-03-26,818.1008911132812,96.48497009277344,1037.1308467832862,0.06390670109389322,-0.0159915358389408,0.09191804609920244,0.8692334130623701
2025-03-27,813.064208984375,95.18596649169922,1023.1676698919917,0.07528141467679414,-0.0138468194694118,0.09252960655388716,0.9632401721528953
2025-03-28,813.8954467773438,93.94513702392578,1009.8298151423026,0.09261351284926314,-0.011418981741067062,0.09339043949257139,1.1139522969972244
2025-03-31,817.259765625,94.39105224609376,1014.6230221207154,0.09048387232272626,-0.008891726837747744,0.09407104528971444,1.056388805444044
2025-04-01,796.7964477539062,95.2829132080078,1024.2097641153853,0.05509408148755751,-0.007227429196741726,0.09430868165007622,0.6608247469256068
2025-04-02,809.6502685546875,96.05843353271484,1032.5459438363064,0.05979916438221986,-0.00524006453303825,0.09444599117304663,0.68863938116856
2025-04-03,780.8255004882812,89.5343246459961,962.4173573043014,0.11490432614060801,-0.0014086840394463113,0.09458150916776202,1.2297647944456722
2025-04-04,730.478271484375,88.099609375,946.9953961172861,0.07501244361282837,0.00208684118012063,0.09343986181466593,0.7804549473473391
2025-04-07,716.1499633789062,85.44344329833984,918.4438842120145,0.09637389859559928,0.005367746914965923,0.09323322306792559,0.976112899307689
2025-04-08,718.6337280273438,83.75667572021484,900.3125764555291,0.12472728854640293,0.008409771080672444,0.09411097289990943,1.2359612687187769
2025-04-09,745.8159790039062,91.0562973022461,978.7772606989939,0.05142126766868393,0.010630768306834053,0.09351560141567111,0.43618924269693365
2025-04-10,713.3595581054688,86.05416107177734,925.0085775616815,0.08363673640999326,0.015141136177386827,0.09029349850343886,0.7585883963727218
2025-04-11,724.7390747070312,87.70215606689453,942.7231132363784,0.07358240795177122,0.019301665018991918,0.08702668859815359,0.623725248049148
2025-04-14,746.4492797851562,86.81031799316406,933.1366172700918,0.11336972194875755,0.023809644694366524,0.08470825007987283,1.0572769142314158
2025-04-15,749.2496337890625,86.1026382446289,925.5296656781088,0.12683630209252436,0.02959452242379502,0.07944640644386965,1.223992173106438
2025-04-16,727.2030639648438,84.15412902832031,904.5848593364367,0.12916652042046012,0.03491069843710473,0.07506780077686823,1.25560920938022
2025-04-17,831.1627197265625,85.47251892089844,918.7564222686253,0.22103780388683253,0.04138941926258848,0.07405391765352638,2.4259133117677716
2025-04-21,809.4524536132812,84.61943817138672,909.5865343652049,0.21147382192368563,0.047438658473118435,0.07284639855872148,2.2517951016938533
2025-04-22,818.8727416992188,85.85057830810547,922.8202370991776,0.20438412571381595,0.052874415267985704,0.07217207332553502,2.099284438766774
2025-04-23,820.7330322265625,86.35466766357422,928.2387662191954,0.19958542468554816,0.05770583746714755,0.07212798854273868,1.9670531521107282
2025-04-24,850.7255859375,89.84453582763672,965.7518619964543,0.1837088378526288,0.061765287934018274,0.07225321110344778,1.6877249890530002
2025-04-25,875.2757568359375,89.0787124633789,957.519916300711,0.2160095533797524,0.067176483978456,0.07142614574070395,2.083733734445091
2025-04-28,868.1016845703125,89.22412109375,959.0829346216098,0.20773008270452886,0.07236476041761475,0.07010730479779977,1.9308304987237563
2025-04-29,875.928955078125,87.52766418457031,940.8474748494077,0.23562820228192813,0.07794130345375165,0.06955334791595558,2.267135997805837
2025-04-30,889.534912109375,87.45010375976562,940.0137666669083,0.24825695677511836,0.08336455588687051,0.06994131885123693,2.3575820930538787
2025-05-01,785.782958984375,87.03326416015625,935.5330977451064,0.15470168273872548,0.08675075384493787,0.06835055464208112,0.9941532918001008
2025-05-02,814.9938354492188,87.14958953857422,936.7834959999332,0.18346448491834172,0.08997198228078988,0.06827700795549138,1.3693116531775675
2025-05-05,812.8564453125,86.7133560180664,932.0943590277758,0.18708613549750336,0.09284741553046433,0.06867898366032521,1.372162413368375
2025-05-06,767.0017700195312,86.25775146484375,927.1970000336465,0.144871705792914,0.0945395485858059,0.06868936183079682,0.7327503978140282
2025-05-07,768.5850219726562,86.00569915771484,924.4876534641763,0.15015834291865096,0.0965109901609177,0.06855759573186783,0.7825150836320272
2025-05-08,743.5797119140625,88.75880432128906,954.0811775833804,0.08178090141429147,0.09741112852447845,0.06799200928284284,-0.2298832947437417
2025-05-09,726.87646484375,87.8863525390625,944.7030676579881,0.07358263000066773,0.09749299848660362,0.06795976549128786,-0.35183123886737205
2025-05-12,747.6565551757812,92.81092834472656,997.6380426128011,0.02852994091785128,0.09727730214115299,0.06816082454637587,-1.0086051875227355
2025-05-13,738.24609375,93.31501770019533,1003.0565717328192,0.008806828583656036,0.09737208522224092,0.06803150327737281,-1.3018271296680515
2025-05-14,708.0656127929688,92.06991577148438,989.6727916848611,-0.014539745925881316,0.0969458984331466,0.06865876039678287,-1.6237643050172483
2025-05-15,725.6099243164062,93.35392761230467,1003.4748199849089,-0.009030762488050202,0.09655990119765609,0.06919525108648102,-1.525981364728887
2025-05-16,750.99365234375,94.07376098632812,1011.2124126485742,0.014771528951788272,0.09630561511961808,0.06947137444538695,-1.1736357142599163
2025-05-19,748.73291015625,94.3655776977539,1014.3491925297881,0.007607255313917468,0.0955197914276641,0.07021203646381528,-1.2521006445818381
2025-05-20,740.7013549804688,93.86946868896484,1009.0164453061792,0.004046157654723963,0.09489306373603504,0.07086582670807305,-1.2819564845485925
2025-05-21,718.8276977539062,91.75863647460938,986.326805668141,0.005304437879492701,0.09399021255093994,0.07166527284544223,-1.2374999933749289
2025-05-22,709.159912109375,91.75863647460938,986.326805668141,-0.008255978201477781,0.09252955059431764,0.07285133353212249,-1.3834410972224118
2025-05-23,707.6826171875,90.6983413696289,974.9295407986882,0.005744328139635261,0.0913664322405466,0.07367970756443105,-1.1620852868618807
2025-05-27,719.0952758789062,92.38117980957033,993.018613682659,-0.00363130326163252,0.0901198604826078,0.07465359707260989,-1.2558157599968782
2025-05-28,713.3145751953125,91.48625946044922,983.3989858940497,0.0017210836943234225,0.08839205509533274,0.07548919327737326,-1.148124223324925
2025-05-29,716.4677734375,91.71971893310548,985.9084754065899,0.0026119567178305744,0.08630252381399775,0.07610733140174004,-1.099638701748696
2025-05-30,731.440185546875,91.29170989990234,981.3077446335997,0.029318221940829,0.08464767681164762,0.07625117790126786,-0.72562098571724
2025-06-02,740.8104248046875,89.26840209960938,959.5589175343804,0.07095417436545179,0.08471037416651933,0.07623812748639015,-0.18043727272188403
2025-06-03,744.4395751953125,91.00961303710938,978.2754448059471,0.05034151383282133,0.08584133036239432,0.07519208680803875,-0.47212170903305367
2025-06-04,759.372314453125,90.06604766845703,968.1329246927644,0.0823726034684807,0.08842573520903878,0.07225844747486332,-0.08377057565018665
2025-06-05,759.2136840820312,89.92987823486328,966.6692198293717,0.08410879621183047,0.08991892868632023,0.07120295100710625,-0.08159960215567323
2025-06-06,763.3782348632812,90.95125579833984,977.6481544372733,0.0747233319001466,0.09079016954656115,0.07068129817463087,-0.22731384484080264
2025-06-09,767.1758422851562,91.85590362548828,987.3723442889049,0.06662824865160577,0.09108119708437529,0.07054282309759773,-0.3466397765076436
2025-06-10,800.3731079101562,92.19635772705078,991.0319344852312,0.10076957535285863,0.09188123211065842,0.07037293194255233,0.12630343793912197
2025-06-11,801.7810668945312,91.32089233398438,981.6214308226672,0.11408565833212124,0.09310437282662062,0.07010550064774383,0.29928158720275605
2025-06-12,805.1721801757812,91.08744049072266,979.1120233195884,0.12093344012204213,0.0942805327620456,0.06996812774319734,0.3809292633614577
2025-06-13,812.4403686523438,89.37541198730469,960.7091822370891,0.1514489874529314,0.09556109367331624,0.07030441279395253,0.7949414774775353
2025-06-16,800.759765625,90.17306518554688,969.2832714049343,0.12836381573550634,0.09609058371550579,0.07043184544120769,0.4582193156778822
2025-06-17,784.5578002929688,88.6166763305664,952.5534233307951,0.13168750818183492,0.09651180295741042,0.07057007114574913,0.49845075473674566
2025-06-18,778.4002685546875,88.24703216552734,948.5800649359401,0.12992324448905473,0.09674348292606304,0.07065797305663177,0.469582697148677
2025-06-20,756.28857421875,88.50967407226562,951.4032406375476,0.10075177777602132,0.0968294496412455,0.0706596882910895,0.05551012507467346
2025-06-23,764.1317749023438,89.24894714355469,959.3497934083354,0.09958238719592877,0.09742404440961276,0.07052793173463989,0.030602666677320596
2025-06-24,771.5089721679688,91.44734954833984,982.9807376419598,0.07756270045814836,0.097462065839302,0.07051640635227634,-0.28219483111126054
2025-06-25,785.60888671875,91.57380676269533,984.3400444612524,0.09238811865236807,0.09745830926935374,0.07051667502673846,-0.07190059110222032
2025-06-26,788.4050903320312,92.29364776611328,992.0777191343786,0.08579276923769712,0.0973801242179366,0.07052713881208694,-0.16429639959041753
2025-06-27,768.9011840820312,92.30335235595705,992.1820351690177,0.06246736861692539,0.09750301233675938,0.07045860020603265,-0.49725148693536286
2025-06-30,772.9467163085938,92.4687271118164,993.9596722498613,0.0650745100282953,0.09759093476419398,0.07041403101063283,-0.4617889967269244
2025-07-01,769.3473510742188,95.52313232421876,1026.7919140105437,0.01802504658960783,0.09597628010501065,0.07111753943318036,-1.0960901366482618
2025-07-02,772.6988525390625,96.63206481933594,1038.7119891951088,0.006857714502319536,0.09484036795316884,0.07199691365752953,-1.2220336814625106
2025-07-03,774.0770263671875,94.9978485107422,1021.1455626073284,0.031319297327121694,0.0937561245986942,0.07246177468909776,-0.8616519197806295
2025-07-07,766.3429565429688,94.00566864013672,1010.4804782074167,0.035460054648597104,0.09226833736706411,0.07273101439015967,-0.7810737028047423
2025-07-08,771.0924682617188,96.0094985961914,1032.0199351522074,0.013467409318561503,0.09163577306122873,0.07325545293538951,-1.0670654621658109
2025-07-09,780.2742309570312,95.9803237915039,1031.706330972601,0.025478202379022305,0.09066646416071257,0.0737462194018545,-0.8839539478826622
2025-07-10,783.9728393554688,96.51532745361328,1037.4571624293776,0.022740279782877505,0.08981909535789766,0.07423631611648143,-0.9035849175189309
2025-07-11,786.3129272460938,94.56011962890624,1016.4403517807767,0.052376933942301175,0.08880254889112339,0.07432590722880678,-0.4900796546847208
2025-07-14,792.58935546875,93.27610778808594,1002.638323480729,0.0772949022698117,0.08797685889407818,0.0741712450961446,-0.1440174910158239
2025-07-15,765.232421875,92.5368194580078,994.6916066910187,0.05469305634549684,0.08673563449282878,0.07409337070487691,-0.43246214664685056
2025-07-16,783.1300048828125,92.78973388671876,997.410220329604,0.0728255449039675,0.08426543017644769,0.07198047412834777,-0.1589303962083082
2025-07-17,755.0690307617188,91.48625946044922,983.3989858940497,0.056924768331893416,0.0816896126165845,0.0700916563836771,-0.35332085960602727
2025-07-18,765.1927490234375,91.12635040283205,979.5302715716786,0.07445779159238078,0.07952417371456058,0.06821881364027353,-0.07426664070846319
2025-07-21,755.7432861328125,90.37733459472656,971.4789927189456,0.0735386992073511,0.07742339495659062,0.06637475923818027,-0.05852670192444118
2025-07-22,769.8827514648438,95.8927764892578,1030.7652724053985,0.01354695091249958,0.07458736350758847,0.06538438255463291,-0.9335625758044844
2025-07-23,792.1432495117188,98.3538055419922,1057.2192283217082,0.007872447283851242,0.07111841173932347,0.06324026797470714,-1.000090076796755
2025-07-24,798.6279907226562,98.6650848388672,1060.5652143384282,0.01173870848024512,0.0678518888355854,0.06108947984547419,-0.9185408109101362
2025-07-25,805.8265991210938,98.80127716064452,1062.0291652302042,0.018750334985713376,0.06423725771398182,0.057292246061535414,-0.7939455311179925
2025-07-28,801.2853393554688,97.89662170410156,1052.3048933691116,0.02532497447876556,0.06052172467570927,0.052154316503399974,-0.6748578556225392
2025-07-29,756.5067749023438,96.76824951171876,1040.175858077424,-0.01633428648890327,0.057671125188582126,0.051590584801830215,-1.4344751462259058
2025-07-30,753.6610717773438,96.30132293701172,1035.1567970428825,-0.013512228326313614,0.05438817996783787,0.04968206624528913,-1.3666985579648634
2025-07-31,733.8199462890625,96.06787109375,1032.6473895398035,-0.03749606236087946,0.050645143336864824,0.04794479556262943,-1.8383894365053033
2025-08-01,755.8919677734375,93.85002899169922,1008.8074851990566,0.02433756163807256,0.048636240934284126,0.04643106870455269,-0.5233280209600046
2025-08-04,762.5056762695312,93.71383666992188,1007.3435343072804,0.03472003890489312,0.046712269200721496,0.044504737469300906,-0.2694596345861054
2025-08-05,759.4813842773438,95.52313232421876,1026.7919140105437,0.005268799384249155,0.0454370675002208,0.04457897422570591,-0.9010586002404943
2025-08-06,740.0667724609375,94.71575927734376,1018.1133447891372,-0.009099837738663005,0.04405902637123195,0.044970418363843995,-1.1820851582878409
2025-08-07,635.44775390625,94.13211059570312,1011.8396210077868,-0.16536337043062482,0.04082747118209069,0.052449812006597575,-3.9312026816564964
2025-08-08,620.3663330078125,94.6865692138672,1017.7995765906084,-0.20330110144481112,0.03729233901494956,0.06108227194977092,-3.93884236423958
2025-08-11,629.8554077148438,94.5017547607422,1015.8129794026421,-0.18201873874626323,0.0345010224679432,0.06702831298581474,-3.2302731721747002
2025-08-12,634.0298461914062,96.25269317626952,1034.634068737231,-0.2039212168629738,0.031252848228361135,0.07357597244062226,-3.196343280153403
2025-08-13,654.9119873046875,97.91607666015624,1052.5140174951564,-0.1928349882969624,0.027792739607548626,0.07904272423424076,-2.7912465067712917
2025-08-14,678.6498413085938,97.2914810180664,1045.8001489355777,-0.14121895712692806,0.025312302733534534,0.08196792767157533,-2.0316636590803054
2025-08-15,696.8351440429688,95.85684967041016,1030.3790898526354,-0.0893064328896709,0.023756426224461287,0.08325432643781525,-1.3580418454118621
2025-08-18,693.675048828125,96.01299285888672,1032.0574954854342,-0.0966884450977253,0.022056544841507653,0.08466672497056257,-1.4024989153710494
2025-08-19,698.802734375,97.06700897216795,1043.387266568324,-0.10485426545422567,0.020446573387295185,0.08615819004017124,-1.4543114100133645
2025-08-20,701.0187377929688,95.81779479980467,1029.9592834207826,-0.08220673391158934,0.01898072235310811,0.08715497703319117,-1.161006057361042
2025-08-21,705.371337890625,95.19320678710938,1023.245496870665,-0.06601072611803628,0.01794106530550138,0.08779896148973979,-0.9561820549933076
2025-08-22,707.2196655273438,99.05792999267578,1064.7879635047746,-0.12196523569531131,0.01587962664900747,0.08961939429346504,-1.5381141931503803
2025-08-25,690.97216796875,98.09174346923828,1054.4022853391511,-0.13331656014188142,0.013614151368012271,0.09165540129171161,-1.603077499407344
2025-08-26,731.4171142578125,97.8380126953125,1051.6748966882185,-0.0669189942281339,0.01201019776519622,0.09221627602288368,-0.8559138950020456
2025-08-27,729.5686645507812,98.99938201904295,1064.1586228995707,-0.0867332667100259,0.009382073747271593,0.09275337350492414,-1.0362463037767018
2025-08-28,727.37255859375,98.25765228271484,1056.1856630822786,-0.07905305063565748,0.007225497672796946,0.09328761392221338,-0.9248660640028442
2025-08-29,727.9886474609375,97.5745086669922,1048.842453917496,-0.06805287671218484,0.004718406336452521,0.09325514222102459,-0.7803460625920413
2025-09-02,730.5823364257812,96.4814453125,1037.0929584122143,-0.04817874105142666,0.002513614048731569,0.09290950391484366,-0.5456100072024965
2025-09-03,733.205810546875,93.90496826171876,1009.3980353291156,-0.006655893787273134,0.0011572936206079064,0.0924302613297794,-0.08453062119996159
2025-09-04,738.25390625,95.84707641601562,1030.2740357328457,-0.028050030652738776,-0.00042067770113116923,0.09210118437091495,-0.2999891167559492
2025-09-05,722.65234375,96.6668701171875,1039.0861163570762,-0.062438997415964745,-0.0031408205806115587,0.0914699094376169,-0.648280699083833
2025-09-08,734.0106811523438,95.88612365722656,1030.6937601552372,-0.03456488423306558,-0.005618329623364672,0.09024590295163176,-0.3207520082680664
2025-09-09,745.9056396484375,95.1834487915039,1023.1406067697976,-0.007940524945115863,-0.007766229041150639,0.08870330385995771,-0.0019649313653570095
2025-09-10,749.8904418945312,96.28627014160156,1034.9949923759464,-0.018392641015053602,-0.010596922848950387,0.08621130491825756,-0.09042570662275479
2025-09-11,751.5401611328125,99.3116683959961,1067.5154341651685,-0.05942887760250244,-0.013726801071250535,0.08447220597179572,-0.5410309344414574
2025-09-12,750.6557006835938,100.04362487792967,1075.383339862671,-0.071158527601142,-0.01710756833430015,0.08259201011570241,-0.654433270132575
2025-09-15,743.5009155273438,99.71179962158205,1071.8165023669555,-0.076669040839246,-0.02055077308977183,0.08064182553488804,-0.6958953046666304
2025-09-16,759.9172973632812,100.3852081298828,1079.0550674592541,-0.0629353818881169,-0.023278892417507465,0.07922492391841267,-0.5005557280363997
2025-09-17,755.3660278320312,98.43331909179688,1058.073930926273,-0.0415637150128681,-0.025631327454320747,0.07759369724707414,-0.20533094985557115
2025-09-18,758.1484375,98.97985076904295,1063.9486786789137,-0.045489978861671894,-0.02768220544298442,0.07643753646874377,-0.23297157707285984
2025-09-19,747.2770385742188,97.06700897216795,1043.387266568324,-0.033184671722806224,-0.029775085282570658,0.07479573398836556,-0.04558530625243848
2025-09-22,750.218505859375,94.7345199584961,1018.3150060542133,0.004286197371934098,-0.03113352814700004,0.07338812857230204,0.48263562796861076
2025-09-23,742.2984619140625,95.39815521240234,1025.4485170267226,-0.01594772310197983,-0.032440446342315125,0.07238435852612045,0.22784926987207835
2025-09-24,737.2005615234375,94.55885314941406,1016.4267382102187,-0.010735330813364377,-0.03370394368967612,0.07130697377005965,0.322108927948304
2025-09-25,710.1115112304688,93.2706069946289,1002.579194659208,-0.029791938746426105,-0.03450089344527669,0.07098551936349223,0.06633683518940896
2025-09-26,719.9990234375,98.08199310302734,1054.297477247745,-0.0874811867473089,-0.03607320846610383,0.07109861141394792,-0.7230517904477667
2025-09-29,721.956787109375,97.4476318359375,1047.4786365778377,-0.07508727066959614,-0.03784665126604912,0.07071515808607183,-0.5266285250783027
2025-09-30,758.218017578125,95.9544448852539,1031.4281548802305,-0.0025033070635001875,-0.03847937396125075,0.07021620846875978,0.512361286408064
2025-10-01,820.246826171875,95.3591079711914,1025.028792604331,0.08110987598827019,-0.0373519995167556,0.07159389970154934,1.6546364424741933
2025-10-02,814.7117309570312,96.69615173339844,1039.4008686691393,0.05722631122072303,-0.03682286436939392,0.0721810489173232,1.3029621625177779
2025-10-03,834.606201171875,95.72996520996094,1029.0151905035161,0.0921429715516227,-0.03566615283991483,0.0736920143024563,1.7343687182571341
2025-10-06,839.7537231445312,96.14962005615234,1033.5261209164985,0.09233622295916441,-0.03500016468963378,0.07467519226083197,1.7052033452291175
2025-10-07,838.3427124023438,94.35388946533205,1014.2235540352389,0.1138332113327108,-0.0343911928719188,0.07574775456387088,1.9568158166278848
2025-10-08,840.4196166992188,93.4267578125,1004.2576823014681,0.1278813785938127,-0.033171387501113536,0.07776896743402897,2.0709130056477414
2025-10-09,849.9891967773438,92.92901611328124,998.9073850531636,0.14399464954525837,-0.03198523575709202,0.07992589397085563,2.201788138478878
2025-10-10,828.2662353515625,90.76244354248048,975.6185842916414,0.14966170363124218,-0.03043962016876954,0.08252868522413333,2.182287568387747
2025-10-13,814.2645874023438,90.98690032958984,978.0313026399722,0.13207668761390015,-0.02947930523507755,0.08409042753916274,1.921217403416549
2025-10-14,807.2586669921875,92.82167053222656,997.7535119341625,0.10011318942189351,-0.029036397064835177,0.08470992733857698,1.5246098130922827
2025-10-15,821.3896484375,92.93878936767578,999.0124391729533,0.1140619366530824,-0.02736114730249213,0.08654047152306435,1.6341843471222954
2025-10-16,814.2446899414062,92.87046813964844,998.27804444796,0.10718980590804461,-0.025705857992088906,0.08816049437468523,1.507428750743187
2025-10-17,797.7984619140625,92.4117660522461,993.347389612586,0.09496528346612268,-0.02431874840899095,0.08940557728950797,1.3341900526949786
2025-10-20,803.8900146484375,95.13465881347656,1022.6161562654613,0.06541435048052252,-0.023541014817410794,0.08998765157256985,0.9885285785705379
2025-10-21,794.558837890625,97.4476318359375,1047.4786365778377,0.023147796259675044,-0.023577301121062304,0.08996804987170852,0.5193521194175689
2025-10-22,807.3382568359375,97.3988265991211,1046.954022054579,0.03926027200619682,-0.02265072514614397,0.09032946631671589,0.6853909325143868
2025-10-23,815.8941650390625,96.98893737792967,1042.5480637519247,0.05473526835190542,-0.021513266868173654,0.09087454453332404,0.8390527359630225
2025-10-24,820.276611328125,97.72089385986328,1050.4159694494274,0.050193710381505545,-0.020051770655800567,0.09131720375237412,0.769246956222965
2025-10-27,821.2305908203125,98.64803314208984,1060.3819231926593,0.03916165906406078,-0.01980470236536743,0.0914592828958245,0.6447280096935931
2025-10-28,814.9601440429688,96.78398895263672,1040.3450435958673,0.05635513045127397,-0.019444117506261082,0.09172017103243438,0.8264185195504126
2025-10-29,808.431396484375,95.84707641601562,1030.2740357328457,0.06119189055458027,-0.018512065986755567,0.09225812269706102,0.8639234596508312
2025-10-30,839.2072143554688,96.44241333007812,1036.6733980087454,0.0879948359195981,-0.01689382142578455,0.09327198411254142,1.1245462219268823
2025-10-31,857.4521484375,96.0325164794922,1032.2673576966301,0.11253907952734303,-0.012262113926485083,0.09267243425764535,1.346691650581437
2025-11-03,890.9111938476562,95.11512756347656,1022.4062120448043,0.1569371532779163,-0.006258143014439625,0.09175060720906876,1.778683555962619
2025-11-04,901.1763305664062,94.58811950683594,1016.7413265033593,0.17282643092521752,-0.0003440568532482799,0.09166567608680017,1.8891530087498292
2025-11-05,920.0076293945312,98.31621551513672,1056.8151677064047,0.14619938158521006,0.005491286454221451,0.08960756433294967,1.570270279952791
2025-11-06,931.5647583007812,95.91539764404295,1031.008430457839,0.18449432644861696,0.011780108366647774,0.08868887150138097,1.9474170226563303
2025-11-07,918.57666015625,96.31553649902344,1035.3095806690872,0.16828117997674577,0.01693844398504234,0.08863987371832172,1.7073888944453801
2025-11-10,960.5817260742188,96.59856414794922,1038.3518856510054,0.20148407985775957,0.021784952530832846,0.0906590188944807,1.9821428636469256
2025-11-11,982.4239501953124,95.66165161132812,1028.2808777879839,0.2294886613315317,0.027221237637987127,0.09317889643097921,2.170742855313499
2025-11-12,1011.4013061523438,96.42546081542967,1036.4911729859718,0.24344660863263057,0.0330262522061014,0.09562849006035334,2.2003940069923518
2025-11-13,1016.4593505859376,94.54532623291016,1016.2813354355216,0.26709390766777324,0.038847929565757444,0.0990650521737509,2.304000988175866
2025-11-14,1020.3505249023438,93.60525512695312,1006.1763756555657,0.27979231358471696,0.04461131356080333,0.10284800798010707,2.2866850281573026
2025-11-17,1016.7877807617188,92.19515228271484,991.0189769903626,0.2921759035418673,0.05151366588142297,0.10534583751158619,2.28449688516621
2025-11-18,1025.0975341796875,94.9859848022461,1021.0180378951715,0.2686491498469181,0.0582130943812363,0.1061706053347503,1.9820557187386103
2025-11-19,1044.5535888671875,94.486572265625,1015.6497805748656,0.2874107142754958,0.06411858952296345,0.10891146036917247,2.0502169743721064
2025-11-20,1038.2740478515625,95.5735321044922,1027.333668511192,0.2718477503193377,0.07009493980678619,0.11032254573413318,1.8287541242816912
2025-11-21,1054.60498046875,100.8516082763672,1084.0684698409734,0.22932624052591616,0.07523459465947908,0.1104395917933736,1.3952572928260554
2025-11-24,1065.014892578125,100.3326187133789,1078.4897762432433,0.24209727292522054,0.0804037638201025,0.11087677830351143,1.4583171659488707
2025-11-25,1104.6033935546875,102.74153137207033,1104.3835255301358,0.24581850317675819,0.08530371789057224,0.11159201876682168,1.4384073974106641
2025-11-26,1099.030517578125,102.77091217041016,1104.6993439651942,0.24170689907805634,0.08944309777166108,0.11272369530069963,1.3507701366622094
2025-11-28,1070.2991943359375,103.2311553955078,1109.6465647117293,0.21672885080620732,0.09352274579597684,0.11282877934578528,1.0919741020386466
2025-12-01,1052.8037109375,101.81127166748048,1094.3840299172757,0.2182094947202285,0.09820022066491339,0.11206835589697062,1.07085780901118
2025-12-02,1041.09033203125,103.69140625,1114.593867467726,0.1900013315469108,0.10194299092791301,0.11130657299637592,0.7911333378475763
2025-12-03,1028.5906982421875,106.28638458251952,1142.4876634942204,0.15303961021620271,0.10462599318060166,0.11055059473016932,0.4379317646709046
2025-12-04,1009.6123657226562,106.24720764160156,1142.0665449109888,0.13753586060260406,0.10722480154089593,0.10943683670386928,0.27697309219315586
2025-12-05,1005.4524536132812,108.03922271728516,1161.3291731846473,0.11480937243409621,0.11012877237483926,0.10722911843532111,0.043650457334312755
2025-12-08,992.793701171875,107.4418716430664,1154.9081604109924,0.1099902481401895,0.11314791863719478,0.10455514853227214,-0.030201004363076718
2025-12-09,977.4974975585938,106.64869689941406,1146.3822107968683,0.1047853030832079,0.116172157702569,0.10155283002760103,-0.112127398283891
2025-12-10,988.8626708984376,111.12380981445312,1194.4858443738133,0.06642875015999071,0.11832822657003747,0.0990276145178208,-0.5240909483960864
2025-12-11,1004.5269775390624,110.44813537597656,1187.2229224715397,0.0882167844487838,0.12049123489439832,0.09686983993484193,-0.3331733640452329
2025-12-12,1022.56982421875,109.24366760253906,1174.2759248139016,0.11696608031559824,0.12319883588068617,0.09439055043374367,-0.06603156286775694
2025-12-15,1057.0830078125,110.6146011352539,1189.0122869053343,0.13185606490698387,0.125949514824516,0.09213385221778608,0.06410835909157438
2025-12-16,1049.2210693359375,109.83122253417967,1180.591637439383,0.13337657884448886,0.12810102118239192,0.09074135495403463,0.05813840519319224
2025-12-17,1036.7811279296875,109.31221771240234,1175.0127798227309,0.12835923543065397,0.13050613715793583,0.08874917687926692,-0.024190666356291576
2025-12-18,1051.798583984375,109.18492126464844,1173.644451962707,0.1421053603613878,0.13305348201084835,0.08679848268262519,0.104286135780014
2025-12-19,1066.28857421875,110.64270782470705,1189.3144097603736,0.13906765281626704,0.13586780853689323,0.08412530326593073,0.038036644804223724
2025-12-22,1071.3043212890625,111.87239837646484,1202.5325306967193,0.1307601141819482,0.13950516355238085,0.07885778081212155,-0.11089646805136094
2025-12-23,1066.4876708984375,110.79146575927734,1190.9134302347363,0.1377290422147959,0.14305210210045408,0.07365664979472783,-0.07226855824277781
2025-12-24,1071.802001953125,110.58319854736328,1188.6747359630592,0.14409317251849027,0.14549537676015387,0.07113479120976718,-0.019711933047342187
2025-12-26,1072.5682373046875,110.86087799072266,1191.6595523126805,0.14192175796437864,0.14650890812642237,0.07063333298658088,-0.06494313616653491
2025-12-29,1073.5435791015625,110.51378631591795,1187.928613885115,0.14617669282769793,0.14799141448653863,0.06965433476589852,-0.026053248013060484
2025-12-30,1074.5587158203125,110.03777313232422,1182.8118795822916,0.1517450080860139,0.1489847817621118,0.06926829305263485,0.039848337561959164
2025-12-31,1069.5130615234375,108.5998306274414,1167.355228393191,0.16219523085223592,0.15014909856032965,0.06888602815919703,0.17487047248634227
2026-01-02,1075.165771484375,110.63278198242188,1189.2077154513597,0.14627524888456694,0.15068979918619393,0.06872327576415434,-0.0642366105593819
2026-01-05,1036.5025634765625,111.98147583007812,1203.7050199634116,0.10044319422325687,0.15023249611335132,0.06896847461690295,-0.7219139203332762
2026-01-06,1058.9241943359375,116.1069107055664,1248.0499139054466,0.07761307717126996,0.14912613657378487,0.06959977673349538,-1.027489781703549
2026-01-07,1102.762451171875,114.34170532226562,1229.0754668784243,0.13148712936534362,0.14882322700268658,0.06963694578171464,-0.24894971258051765
2026-01-08,1079.972412109375,117.21759796142578,1259.9888512660864,0.08453516460480814,0.14803086828586834,0.0700996611727744,-0.9057918771470599
2026-01-09,1058.446533203125,117.81261444091795,1266.3847691446156,0.059874397859052304,0.147360221759821,0.07075527896941657,-1.2364564902441242
2026-01-12,1075.8026123046875,117.47543334960938,1262.7603610071417,0.07841060722083855,0.14676603293595028,0.07118802395862324,-0.9602096239508221
2026-01-13,1072.010986328125,118.4373779296875,1273.100441912341,0.06550551262477368,0.14607129471456243,0.07178172956917414,-1.1223717034032963
2026-01-14,1068.1297607421875,118.01094818115234,1268.5166870978182,0.0664012566957372,0.14559522760172264,0.07221980073512173,-1.0965686709167568
2026-01-15,1028.00341796875,120.90668487548828,1299.6433780940463,-0.0003189438250264243,0.1444996726966302,0.07393495026943044,-1.9587301539247013
2026-01-16,1033.407470703125,120.3513412475586,1293.6739094137263,0.010688568048489543,0.1442920188931104,0.07429816043705649,-1.7982067127732766
2026-01-20,1036.2835693359375,118.38778686523438,1272.5673804145792,0.03380182291883087,0.14420104474165432,0.07443216693344085,-1.4832192366714954
2026-01-21,1073.3345947265625,122.2355499267578,1313.9275400164543,0.02862028266308065,0.14376579498017392,0.0750380831973937,-1.5344943182276358
2026-01-22,1082.1519775390625,122.53304290771484,1317.1253349367967,0.0335800591225027,0.14348890079252385,0.07541890728787035,-1.457311510103221
2026-01-23,1059.1729736328125,120.98601531982422,1300.4961124715426,0.02831354905274934,0.143308098959002,0.07568578107251213,-1.5193679483347087
2026-01-26,1057.6402587890625,121.09510803222656,1301.6687657571574,0.025796652111344843,0.14279879098666987,0.07638045580037406,-1.5318334729648475
2026-01-27,1034.5120849609375,119.80590057373048,1287.8108890140363,0.01741234441994019,0.14206913188442585,0.07737588183646553,-1.611054821035173
2026-01-28,1018.8776245117188,122.0372085571289,1311.7955400537908,-0.021205520897955913,0.1402491259374666,0.07991207411439058,-2.020403657703933
2026-01-29,1019.2160034179688,122.2950439453125,1314.567049794846,-0.023585737972356118,0.1379803789791383,0.0825992591341596,-1.9560238026962815
2026-01-30,1032.163330078125,121.88845825195312,1310.196601588889,-0.006511747251499653,0.1352562306369814,0.08463370478582154,-1.6750770658952776
2026-02-02,1039.10986328125,123.5743179321289,1328.3181502194925,-0.017222627546524937,0.132088746329119,0.08673408416430817,-1.7214844119733825
2026-02-03,998.6354370117188,126.83698272705078,1363.3890042423905,-0.09356916346495132,0.12809260391161628,0.0914672779283312,-2.423399628774891
2026-02-04,1101.7969970703125,127.70965576171876,1372.7694924421576,0.00030821413752895785,0.12502283537309816,0.09262570937512729,-1.346436341237444
2026-02-05,1015.931884765625,126.3609619140625,1358.272187930106,-0.06991435099788999,0.12105290985685424,0.0957906796299066,-1.9935891632939493
2026-02-06,1053.0924072265625,126.29154205322266,1357.5259838427005,-0.03145164812301523,0.11717064772384132,0.09718578691110921,-1.5292595817821966
2026-02-09,1039.6474609375,126.20230865478516,1356.5668011845742,-0.04386800062294079,0.11261470335793346,0.09823288360078751,-1.5929767939706472
2026-02-10,1020.0718994140624,126.01387786865234,1354.5413315120018,-0.061914603618811945,0.10752534982040941,0.09924474679358175,-1.7072939265152036
2026-02-11,1010.3289794921876,128.73817443847656,1383.8251879057368,-0.10113945626094975,0.10138812708826403,0.10058646779229158,-2.01346749512497
2026-02-12,1033.278076171875,124.124755859375,1334.2348868162646,-0.02868997856916636,0.09624675555236598,0.09918710707705616,-1.259606594075497
2026-02-13,1036.7271728515625,126.27238464355467,1357.320058085642,-0.04753497520037153,0.09058490757332867,0.09749475554106467,-1.416690385110246
2026-02-17,1032.7896728515625,125.79512786865234,1352.189956240644,-0.046561463451972304,0.0853313973516805,0.09622138180335815,-1.370722996612066
2026-02-18,1017.348388671875,124.45287322998048,1337.7618677138403,-0.04826409006558405,0.07973681727932916,0.094005810225356,-1.3616276168256223
2026-02-19,1020.0,124.18441772460938,1334.8762008028027,-0.042709917666444726,0.07449418947956611,0.09185710462562519,-1.2759394890976636
2026-02-20,1006.3431396484376,127.72402954101562,1372.9239982670472,-0.09466827971705782,0.06909428080884987,0.09212366124191895,-1.777638429891136
2026-02-23,1055.2288818359375,125.33777618408205,1347.2738170799014,-0.01964772839126882,0.06473186412024172,0.0899644597275463,-0.9379214054866855
2026-02-24,1038.8704833984375,125.52668762207033,1349.304453348529,-0.037658096742804494,0.060007254121582344,0.08770855568614958,-1.113521367446364
2026-02-25,1025.5924072265625,123.8662567138672,1331.4562422520855,-0.03368955347078847,0.05541731324576827,0.08520910779615196,-1.0457434542059694
2026-02-26,1018.8038330078124,123.3691177368164,1326.1124237512154,-0.03533212655286297,0.05121629695645043,0.08331378987689404,-1.0388247088170988
2026-02-27,1048.679443359375,125.36759185791016,1347.594310054248,-0.026321467524356275,0.047140780919040684,0.08095393693365795,-0.9074573915237693
2026-03-02,1014.7664794921876,123.71710968017578,1329.8530392952016,-0.04313748621445462,0.043255133956351256,0.07956385218007858,-1.085827518447342
2026-03-03,1004.5587158203124,120.49567413330078,1295.2253644005966,-0.01926673224018608,0.040383361582078114,0.07863836082282409,-0.75853684128359
2026-03-04,1000.4118041992188,124.2042999267578,1335.0899174586743,-0.06333994482117085,0.037035431491681856,0.07870809768744619,-1.2752865240302005
2026-03-05,980.165771484375,122.63335418701172,1318.203595332577,-0.06807597347959066,0.03398734239312041,0.07918494598724508,-1.288923223981881
2026-03-06,987.2135009765624,119.74002075195312,1287.102737316625,-0.028947286001219333,0.03167171682409693,0.07895586441994604,-0.7677580794112937
2026-03-09,1005.2167358398438,119.97864532470705,1289.6677472343936,-0.013070740013638303,0.029707449439149495,0.07857118905466677,-0.5444513436474075
2026-03-10,998.1987915039062,118.33809661865234,1272.033252793822,-0.0025269280311252676,0.028558188135964228,0.07852925896372043,-0.39584120081217683
2026-03-11,996.693603515625,117.44326782226562,1262.4146091187474,0.005609626830337154,0.027181402175656785,0.07818899119129423,-0.27589274419135223
2026-03-12,974.1746215820312,116.15071105957033,1248.5207302221622,-0.0031144558582061185,0.025180059906093382,0.07738455705877041,-0.365635171146757
2026-03-13,981.9800415039062,114.67918395996094,1232.7030733848849,0.02096687512153328,0.023331906743002537,0.07610728948761739,-0.031074968473999424
2026-03-16,986.00732421875,114.967529296875,1235.8025389612556,0.021822221308114675,0.02147266745072963,0.07472343293244882,0.004677968391803494
2026-03-17,927.4222412109376,114.76866912841795,1233.6649623552307,-0.037664221116430203,0.018705609841611563,0.07376611355477107,-0.764169728369753
2026-03-18,915.1609497070312,114.0329132080078,1225.7562159460533,-0.042924888205259006,0.015621772365500783,0.07237439706443223,-0.8089416001440105
2026-03-19,914.6127319335938,112.20345306396484,1206.0910852368545,-0.02204896981654509,0.012936495321620582,0.07068582965466173,-0.49494312097754917
2026-03-20,903.8467407226562,110.62256622314452,1189.0979047828207,-0.015421950037669654,0.01050012758462695,0.06905639396763304,-0.375375488538344
2026-03-23,907.6845092773438,113.66503143310548,1221.8018017367344,-0.04715868480606891,0.007418665467612538,0.06738781823256683,-0.8098993513237915
2026-03-24,900.1782836914062,115.13655853271484,1237.6194585740113,-0.07346221442756552,0.0037927423518449408,0.06574203843930042,-1.1751226249356401
2026-03-25,913.4264526367188,115.67345428466795,1243.3906283771637,-0.06421107116846607,0.0003571951996308625,0.06375743706918381,-1.0127174073517615
2026-03-26,894.17724609375,114.66925048828124,1232.59629706641,-0.07504884124796335,-0.0033298970349634927,0.061539941778459464,-1.1654048109305053
2026-03-27,875.4762573242188,112.1040267944336,1205.0223379385727,-0.06651693331959639,-0.006967596058390331,0.0585984765401447,-1.0162267140240402
2026-03-30,883.83984375,111.8256378173828,1202.0298947090603,-0.053038982692989935,-0.01055483295081076,0.05451286899275067,-0.7793416587160159
2026-03-31,916.8756103515624,114.83827209472656,1234.4131346697047,-0.050416260410055834,-0.01383302477238781,0.05070285429682871,-0.7215222130000711
2026-04-01,951.5161743164062,116.97595977783205,1257.3914476111465,-0.036324331046229744,-0.016112483526879252,0.048504942137511775,-0.41669666282767215
2026-04-02,932.6358032226562,117.64212036132812,1264.5521037153107,-0.06498165253812033,-0.01848906235536909,0.04731357038822749,-0.9826481028859211
2026-04-06,924.142578125,117.64212036132812,1264.5521037153107,-0.07476924280176982,-0.021926668558154318,0.043577601748272084,-1.2126085907357393
2026-04-07,928.1599731445312,117.52279663085938,1263.2694757422348,-0.06873536853623838,-0.02448117744383842,0.04168217856959055,-1.061705328537838
2026-04-08,950.300048828125,123.47848510742188,1327.288029377433,-0.11120266267122116,-0.027332461786009645,0.041665292669219964,-2.012951200200502
2026-04-09,952.18408203125,126.32210540771484,1357.8545137442443,-0.14110543272614345,-0.03099106245179268,0.04186001103823553,-2.6305384911095877
2026-04-10,936.5135498046876,126.46129608154295,1359.3506943542695,-0.16179697538615836,-0.03477943725197488,0.04324170573209345,-2.9373850079163892
2026-04-13,926.624755859375,126.65020751953124,1361.3813306228972,-0.17638692355991564,-0.03882590692290243,0.04493942704889334,-3.061031830409167
