period,screen_id,window_start,window_end,pair,selected,eligible,screen_rank,screen_tstat,screen_pvalue,screen_half_life,screen_pvalue_fdr,screen_group,screen_score,screen_stability,screen_crossings_py,screen_edge_ratio,screen_net_edge_bps_year,formation_rank,formation_net_pnl,formation_sharpe,formation_trades,next_net_pnl,next_gross_pnl,next_costs,next_trades,next_win_rate
0,0,2017-07-05,2018-01-02,MDLZ/NVDA,False,False,1,-4.551187904498698,0.001007758194276569,8.411159243923837,0.25766066438749413,all,0.8754040278468423,1.0,29.0,62.89126628880021,3221.155249641189,27.0,0.0,,0,1862.4350378923814,1989.4611485527148,127.02611066033211,1,1.0
0,0,2017-07-05,2018-01-02,MDLZ/WM,False,False,2,-4.378747977796589,0.0019240626312070745,9.072109869876831,0.3146716975946843,all,0.868100447538538,1.0,30.0,62.18430985499986,2936.0239033009575,28.0,0.0,,0,3447.9134768575063,3574.8836204549216,126.97014359741519,1,1.0
0,0,2017-07-05,2018-01-02,CNC/CZR,False,True,3,-3.222516620665486,0.0662423059366267,17.571631311598683,0.8206995602099084,all,0.8595226255594232,1.0,24.0,108.32163007324968,5804.910433700614,43.0,-1467.603952773565,-0.40434557592418324,1,815.2080553799033,1296.5744380951078,481.3663827152051,2,0.5
0,0,2017-07-05,2018-01-02,MDLZ/RSG,False,False,4,-4.414757597707048,0.0016849821620999945,8.92363651150263,0.2943088247605769,all,0.8590253605171556,1.0,30.0,61.746948089433005,2669.3316091909405,29.0,0.0,,0,4622.346639370041,4749.2172264570945,126.87058708705493,1,1.0
0,0,2017-07-05,2018-01-02,MDLZ/NSC,False,False,5,-4.560185093522862,0.0009735637269154997,7.7840809494933,0.25766066438749413,all,0.8480544505221284,1.0,32.0,61.36212030028609,2320.448117491023,30.0,0.0,,0,1340.4548005099869,1467.5115503021334,127.05674979214717,1,1.0
0,0,2017-07-05,2018-01-02,AEM/O,True,True,6,-3.2530385721975836,0.061496724835930314,12.739410553949376,0.8206995602099084,all,0.8480233714569866,1.0,24.0,64.68639990406831,2799.677240072555,15.0,3496.408865656891,0.7968851122891796,1,0.0,0.0,0.0,0,
0,0,2017-07-05,2018-01-02,ABBV/PYPL,False,False,7,-2.832999789223461,0.1554104468369737,14.443373002544845,0.8206995602099084,all,0.8479922923918449,1.0,23.0,66.379237476963,3075.987718553298,31.0,0.0,,0,-5510.951104419724,-5230.66623496393,280.2848694557952,2,0.0
0,0,2017-07-05,2018-01-02,CNC/KBH,True,True,8,-2.886850661748483,0.13960758884288688,14.576746033877535,0.8206995602099084,all,0.8458167578319244,1.0,22.0,85.50345511843558,3166.399312003439,8.0,4856.339875755111,2.5953822066106036,1,2955.6666607443676,3199.9010178944336,244.23435715006684,1,1.0
0,0,2017-07-05,2018-01-02,CZR/V,False,False,9,-2.9491000001536425,0.1228055955890544,20.050182711897175,0.8206995602099084,all,0.842646693187469,1.0,29.0,57.835560247207226,3912.1503415535153,32.0,0.0,,0,0.0,0.0,0.0,0,
0,0,2017-07-05,2018-01-02,MDLZ/RTX,False,False,10,-4.817184772036307,0.0003519175188725998,7.810908912243062,0.25766066438749413,all,0.8426156141223273,1.0,28.0,54.86435188154241,2274.5698874700024,33.0,0.0,,0,2034.9307635398652,2164.0909941852424,129.16023064537782,1,1.0
0,0,2017-07-05,2018-01-02,AAL/SPG,False,False,11,-3.27125646678687,0.05879749483342125,17.34145691488098,0.8206995602099084,all,0.8413724515166584,1.0,26.5,82.786219726324,2876.1596785605216,34.0,0.0,,0,-1099.5637465044085,-1000.3753522787154,99.18839422569307,1,0.0
0,0,2017-07-05,2018-01-02,EMN/UNH,False,False,12,-3.1869324249006294,0.07214045302189019,18.98596735536979,0.8206995602099084,all,0.8347836897066137,1.0,24.0,67.39246567146002,3284.9405112963345,35.0,0.0,,0,0.0,0.0,0.0,0,
0,0,2017-07-05,2018-01-02,ABBV/EXC,False,True,13,-2.3307688252081946,0.35830408104906153,18.07340054886419,0.8529778119776285,all,0.8298421183490801,1.0,20.0,62.18630416117426,4025.7561780712526,44.0,-1846.8206819766476,-1.1832771029739744,1,-12287.344920469825,-11962.960106467677,324.3848140021459,2,0.0
0,0,2017-07-05,2018-01-02,HUM/SCCO,False,True,14,-3.618239953956018,0.023256603685523906,13.664261924597405,0.7050820954731645,all,0.8276044256588763,1.0,23.0,57.673078465221344,2380.4021432112113,46.0,-2692.3070488257813,-0.5539051406934051,3,9883.328577147417,10188.478382738696,305.14980559127986,2,1.0
0,0,2017-07-05,2018-01-02,PYPL/WYNN,False,True,15,-3.5526002371936616,0.028008754083701858,13.538614993449169,0.7267463739891294,all,0.8265788165091994,1.0,26.5,78.41866804628235,2194.183917701626,47.0,-7312.635990251635,-1.4895238680493448,4,-15785.148953090997,-14859.21638961934,925.93256347166,9,0.1111111111111111
0,0,2017-07-05,2018-01-02,CNC/CSX,False,True,16,-2.587236276930421,0.24200641171549164,17.86830708817226,0.8333667763016708,all,0.8231911984087519,1.0,21.0,103.13496294094807,3078.43669669226,24.0,393.0932908642427,0.12286605468101895,1,-9556.876392667255,-9113.917056840692,442.95933582656147,2,0.0
0,0,2017-07-05,2018-01-02,CB/NVDA,False,False,17,-3.2512693850630128,0.06176409906365681,16.431443192367468,0.8206995602099084,all,0.8230047240179016,1.0,22.5,40.37191135895321,2580.1104629717856,36.0,0.0,,0,6862.629869079824,6987.231896149092,124.60202706926816,1,1.0
0,0,2017-07-05,2018-01-02,LYB/NEM,True,True,18,-2.5959653715024644,0.23845926152421565,20.136489482137037,0.8333667763016708,all,0.8228804077573346,1.0,22.0,109.44056191253772,3694.944397625379,13.0,3585.9153420273806,0.524628827114571,1,-19485.70381675338,-19107.650853564064,378.0529631893212,2,0.0
0,0,2017-07-05,2018-01-02,CNC/WYNN,False,True,19,-2.6278627257723124,0.22658827300612494,13.323770244432875,0.8333667763016708,all,0.8220723520636499,1.0,21.0,99.40545685877757,2484.556999189712,19.0,2055.359183652673,1.1975825595190681,1,-2362.755912319882,-1962.717591259319,400.0383210605677,2,0.5
0,0,2017-07-05,2018-01-02,CMI/KBH,True,True,20,-3.0345304122811743,0.10222399694260553,18.261259771087687,0.8206995602099084,all,0.8212332173048235,1.0,24.0,60.87508907825071,2637.0669772011056,1.0,8267.97283328291,2.5907579523156636,2,-4446.569246584266,-4288.254164480946,158.3150821033181,1,0.0
0,0,2017-07-05,2018-01-02,LLY/UPS,True,True,21,-2.7692328702127766,0.17567064983504604,18.704832795760236,0.8206995602099084,all,0.8206737941322725,1.0,24.0,86.92587781962466,2699.360588566092,3.0,6706.20460150911,1.5258038359897224,2,-3479.1916572422824,-3281.262931464143,197.92872577813844,1,0.0
0,0,2017-07-05,2018-01-02,ICE/MGM,True,True,22,-3.0684554776840396,0.09481586166573353,12.392413456945881,0.8206995602099084,all,0.8182807061163601,1.0,25.5,50.11726716426807,2059.1974435099796,7.0,5198.587952070104,1.5188499302601668,1,4826.194409105163,5148.175891832565,321.9814827274031,2,0.5
0,0,2017-07-05,2018-01-02,CME/NVDA,True,True,23,-3.3969609858484913,0.042689134278481,13.625685560302603,0.8137249249010283,all,0.8170997016409747,1.0,25.0,47.58239875211684,2097.388158456717,14.0,3516.3396311081847,0.7163301923409994,1,-6811.16558620332,-6459.06879263356,352.0967935697594,3,0.3333333333333333
0,0,2017-07-05,2018-01-02,MGM/TMUS,True,True,24,-3.426274572063098,0.03951485121480742,15.944633441656341,0.792794245376638,all,0.8161362506215813,1.0,26.5,67.0330482673441,2167.4987281419417,6.0,5355.499793222181,1.149373652633626,2,9315.03344874431,9580.30789603388,265.274447289573,2,1.0
0,0,2017-07-05,2018-01-02,CNC/IHG,False,True,25,-2.814487545597446,0.16111857539723756,15.229690544904695,0.8206995602099084,all,0.815607906514172,1.0,20.0,85.46935217806592,2651.5112368181153,18.0,2128.3806790641215,1.2580447742159335,1,-9562.813323964332,-8974.61491918765,588.1984047766815,3,0.6666666666666666
0,0,2017-07-05,2018-01-02,AMD/MGM,True,True,26,-3.2135680822804824,0.06768793009067954,17.811804538708042,0.8206995602099084,all,0.8155457483838886,1.0,24.5,88.05896874276606,2372.0869808198167,2.0,7690.307304642516,1.1382107939753359,1,3683.121982428909,3831.110602222355,147.98861979344565,1,1.0
0,0,2017-07-05,2018-01-02,LYB/O,False,True,27,-3.0213284533125653,0.10522237172138937,19.402845022823197,0.8206995602099084,all,0.8135877672799603,1.0,19.0,95.51986648216003,4551.570560888377,20.0,1839.4729526528645,0.3171359890258466,1,-17733.97216735845,-17275.42452558435,458.54764177410055,3,0.3333333333333333
0,0,2017-07-05,2018-01-02,CE/SCCO,False,True,28,-3.1603541861173126,0.07681190218913822,15.833586488279833,0.8206995602099084,all,0.8125621581302834,1.0,20.0,47.87294600663696,2641.824458334857,25.0,267.18417021404485,0.21738798134070694,1,5727.595828845009,5918.144355063855,190.54852621884584,1,1.0
0,0,2017-07-05,2018-01-02,CBOE/CE,False,True,29,-3.5230966605039318,0.030402113131524505,16.246236535925984,0.7325009132626685,all,0.8119094977623074,1.0,28.5,56.42500600196055,2090.003960312808,50.0,-8423.777336767605,-1.6869530675814577,2,-16377.952310140157,-15738.357218847952,639.5950912922035,5,0.2
0,0,2017-07-05,2018-01-02,MGM/STLD,True,True,30,-3.1415425132023747,0.08025991642588387,19.68530926906436,0.8206995602099084,all,0.8098582794629539,1.0,23.5,73.6780301752962,2691.1597209004185,10.0,4347.95272667618,0.7724203869708066,1,6512.904462194918,6656.50521915723,143.60075696231343,1,1.0
0,0,2017-07-05,2018-01-02,CZR/UNH,False,False,31,-3.0711316983153774,0.09424940492451328,14.874089402729417,0.8206995602099084,all,0.8064085032322229,1.0,23.0,59.97885972660079,2095.2638167671184,37.0,0.0,,0,6883.815468359044,7132.102782472985,248.2873141139429,2,1.0
0,0,2017-07-05,2018-01-02,DE/HUM,False,True,32,-4.548044871944031,0.0010199661406222547,10.363587138484352,0.25766066438749413,all,0.8064085032322228,1.0,25.5,61.66511826858193,1857.5879800547762,23.0,1080.5914756998955,0.2688302525162127,2,2332.4363621838083,2551.7363035252692,219.29994134146068,2,0.5
0,0,2017-07-05,2018-01-02,EMN/LUV,False,False,33,-3.9192433593160723,0.009329288405450496,14.601247214801617,0.4978104913560341,all,0.8063463451019394,1.0,20.0,71.1623712119338,2350.915585024208,38.0,0.0,,0,2619.484640107498,2959.426665482768,339.9420253752704,2,0.5
0,0,2017-07-05,2018-01-02,EMN/HLT,False,False,34,-2.9232542893925966,0.12959324888580975,16.09180023259579,0.8206995602099084,all,0.8056626056688215,1.0,24.5,54.73387554642033,2091.184423633226,39.0,0.0,,0,0.0,0.0,0.0,0,
0,0,2017-07-05,2018-01-02,NUE/UNH,False,True,35,-3.3275069182534773,0.0510643615947655,14.29352986551359,0.8206995602099084,all,0.805165340626554,1.0,21.0,55.53057150582836,2196.8663088366047,48.0,-7404.605716516445,-1.881203403462773,2,-7724.24377586976,-7079.513371590775,644.730404278983,6,0.16666666666666666
0,0,2017-07-05,2018-01-02,CSX/SCCO,False,True,36,-2.9641054946246848,0.11898606011881852,14.339377708591151,0.8206995602099084,all,0.8041708105420189,1.0,21.0,52.22227362313074,2189.3346540477874,49.0,-8222.790887325751,-1.2479749073260684,3,10326.795287519837,10949.403796895414,622.6085093755783,3,0.6666666666666666
0,0,2017-07-05,2018-01-02,GD/SCCO,False,True,37,-3.02069771548503,0.10536726182698292,15.780611283842564,0.8206995602099084,all,0.8039843361511686,1.0,34.5,52.76633693971974,1891.7482611377811,26.0,266.5971437832377,0.0851337318613744,1,-4188.529604028735,-4060.452687913494,128.0769161152402,1,0.0
0,0,2017-07-05,2018-01-02,LLY/VZ,True,True,38,-3.064885654275948,0.09557551132000491,14.86507216050471,0.8206995602099084,all,0.8031762804574838,1.0,21.0,74.22479041319777,2198.194991786777,4.0,5652.762668363002,1.3036630404346983,1,-2941.5681005552933,-2649.8147984875786,291.7533020677153,2,0.5
0,0,2017-07-05,2018-01-02,KHC/TECK,True,True,39,-4.204790868686843,0.0035873142700009538,11.46293857155224,0.35447245466811156,all,0.8025236200895078,1.0,19.0,70.65959386395478,2306.761514171515,12.0,4057.004926612197,0.8110975549780363,2,-4440.042870400583,-4220.388781150968,219.65408924961568,2,0.5
0,0,2017-07-05,2018-01-02,EMN/NSC,False,False,40,-3.089038657572172,0.09052565714407063,19.356830892719753,0.8206995602099084,all,0.8001305320735953,1.0,25.0,62.87218565144815,2264.414376184065,40.0,0.0,,0,1624.3894550777463,1809.6235526659464,185.23409758819898,1,1.0
0,0,2017-07-05,2018-01-02,CME/CMI,True,True,41,-3.2194772043443565,0.06673052113529349,20.881352234874203,0.8206995602099084,all,0.8001305320735953,1.0,22.5,61.30436091659104,2751.7621089667387,11.0,4195.175794387428,2.4013008684171178,1,-2866.3287007913373,-2658.101782441065,208.22691835027246,2,0.5
0,0,2017-07-05,2018-01-02,LYB/SO,False,True,42,-2.5669917889943594,0.2503487452001073,20.163922462570333,0.8333667763016708,all,0.798825211337643,1.0,22.0,90.94153914837409,2651.8748509158995,22.0,1647.1254252873669,0.34675140740423227,1,-19534.58915829771,-18975.920327780543,558.6688305171608,4,0.0
0,0,2017-07-05,2018-01-02,AVGO/DD,False,True,43,-3.4370799368554956,0.03839576425007244,13.877496778973057,0.7852181660083516,all,0.7972712580805569,1.0,27.5,50.97679809395277,1803.8860802533916,16.0,3128.4429120049595,0.7146809284884171,1,6382.9860352594405,6472.950601980496,89.9645667210554,1,1.0
0,0,2017-07-05,2018-01-02,LYB/WFC,False,True,44,-4.0872537504454876,0.005371216326160605,10.842972363733763,0.3971021166066957,all,0.7970537046245648,1.0,28.5,49.469212477900435,1732.8392018902925,17.0,3083.1554788451704,1.2078331351986686,1,-6765.104921111486,-6467.893241048199,297.2116800632874,2,0.0
0,0,2017-07-05,2018-01-02,ABBV/NSC,False,True,45,-2.50940839989375,0.27493547409816,18.88259936028608,0.8335257059497199,all,0.7967118349080059,1.0,21.0,76.61789921682062,2456.475169884526,21.0,1828.3818667874943,2.243323384853428,1,-18060.82571719923,-17489.737819880407,571.0878973188228,5,0.2
0,0,2017-07-05,2018-01-02,NEM/O,True,True,46,-3.3073019237340846,0.05374006910264174,13.829825556762664,0.8206995602099084,all,0.796152411735455,1.0,26.0,65.9717315952981,1812.5035740587427,5.0,5573.466595949799,1.5826564984202338,1,0.0,0.0,0.0,0,
0,0,2017-07-05,2018-01-02,KHC/NEM,True,True,47,-3.287364057169543,0.0564916873189468,13.7415099641453,0.8206995602099084,all,0.7960902536051716,1.0,18.5,69.36213602830188,2366.447019314583,9.0,4447.323046540277,1.0792658952659475,2,3161.8990339091415,3280.8485554018157,118.9495214926734,1,1.0
0,0,2017-07-05,2018-01-02,GPN/XEL,False,False,48,-2.944613006881575,0.12396495848422673,19.91466052269828,0.8206995602099084,all,0.7953443560417703,1.0,20.5,57.50284478906379,2739.3028941080406,41.0,0.0,,0,0.0,0.0,0.0,0,
0,0,2017-07-05,2018-01-02,DUK/KGC,False,True,49,-2.751828291374312,0.1814937811606051,22.000961145159483,0.8206995602099084,all,0.7946606166086524,1.0,22.5,45.60057143022032,2852.9072802601763,45.0,-1974.7376714040902,-0.5115972792193672,2,1657.2315484442065,2071.57873848447,414.3471900402641,2,0.5
0,0,2017-07-05,2018-01-02,LYB/TFC,False,False,50,-2.9797454747729506,0.11509882500909557,15.362225581262644,0.8206995602099084,all,0.7946606166086524,1.0,17.5,70.48883427934784,2804.677820474248,42.0,0.0,,0,-8883.371354001332,-8581.26624958279,302.1051044185434,2,0.0
1,0,2018-01-03,2018-07-03,MDLZ/NVDA,False,True,1,-4.551187904498698,0.001007758194276569,8.411159243923837,0.25766066438749413,all,0.8754040278468423,1.0,29.0,62.89126628880021,3221.155249641189,18.0,1862.4350378923814,0.3166202861161685,1,3003.740765956524,3113.976345158314,110.23557920179078,1,1.0
1,0,2018-01-03,2018-07-03,MDLZ/WM,True,True,2,-4.378747977796589,0.0019240626312070745,9.072109869876831,0.3146716975946843,all,0.868100447538538,1.0,30.0,62.18430985499986,2936.0239033009575,12.0,3447.9134768575063,0.6736588801001487,1,-768.9474682227619,-550.5940225321738,218.35344569058887,2,0.5
1,0,2018-01-03,2018-07-03,CNC/CZR,False,True,3,-3.222516620665486,0.0662423059366267,17.571631311598683,0.8206995602099084,all,0.8595226255594232,1.0,24.0,108.32163007324968,5804.910433700614,22.0,815.2080553799033,0.07762406954486306,2,0.0,0.0,0.0,0,
1,0,2018-01-03,2018-07-03,MDLZ/RSG,True,True,4,-4.414757597707048,0.0016849821620999945,8.92363651150263,0.2943088247605769,all,0.8590253605171556,1.0,30.0,61.746948089433005,2669.3316091909405,10.0,4622.346639370041,0.8898326682578834,1,-1939.4205721565004,-1721.1184925271273,218.30207962937357,2,0.5
1,0,2018-01-03,2018-07-03,MDLZ/NSC,False,True,5,-4.560185093522862,0.0009735637269154997,7.7840809494933,0.25766066438749413,all,0.8480544505221284,1.0,32.0,61.36212030028609,2320.448117491023,21.0,1340.4548005099869,0.24813908068231383,1,-886.8386464514556,-667.7200790337802,219.1185674176755,2,0.5
1,0,2018-01-03,2018-07-03,AEM/O,False,False,6,-3.2530385721975836,0.061496724835930314,12.739410553949376,0.8206995602099084,all,0.8480233714569866,1.0,24.0,64.68639990406831,2799.677240072555,23.0,0.0,,0,4696.847719795348,4858.920714057904,162.07299426255526,1,1.0
1,0,2018-01-03,2018-07-03,ABBV/PYPL,False,True,7,-2.832999789223461,0.1554104468369737,14.443373002544845,0.8206995602099084,all,0.8479922923918449,1.0,23.0,66.379237476963,3075.987718553298,37.0,-5510.951104419724,-0.8218387968152088,2,7740.637864423201,8072.747476338589,332.1096119153878,3,0.3333333333333333
1,0,2018-01-03,2018-07-03,CNC/KBH,True,True,8,-2.886850661748483,0.13960758884288688,14.576746033877535,0.8206995602099084,all,0.8458167578319244,1.0,22.0,85.50345511843558,3166.399312003439,14.0,2955.6666607443676,0.32836472176950554,1,-8345.791510478972,-8139.563213087477,206.22829739149458,1,0.0
1,0,2018-01-03,2018-07-03,CZR/V,False,False,9,-2.9491000001536425,0.1228055955890544,20.050182711897175,0.8206995602099084,all,0.842646693187469,1.0,29.0,57.835560247207226,3912.1503415535153,24.0,0.0,,0,6199.227801951914,6364.820126288383,165.592324336467,1,1.0
1,0,2018-01-03,2018-07-03,MDLZ/RTX,False,True,10,-4.817184772036307,0.0003519175188725998,7.810908912243062,0.25766066438749413,all,0.8426156141223273,1.0,28.0,54.86435188154241,2274.5698874700024,17.0,2034.9307635398652,0.4103120980355436,1,-1646.8014622670703,-1430.063572526842,216.73788974022895,2,0.5
1,0,2018-01-03,2018-07-03,AAL/SPG,False,True,11,-3.27125646678687,0.05879749483342125,17.34145691488098,0.8206995602099084,all,0.8413724515166584,1.0,26.5,82.786219726324,2876.1596785605216,29.0,-1099.5637465044085,-1.3858072144627966,1,9072.569727491722,9198.237578851322,125.66785135960069,1,1.0
1,0,2018-01-03,2018-07-03,EMN/UNH,False,False,12,-3.1869324249006294,0.07214045302189019,18.98596735536979,0.8206995602099084,all,0.8347836897066137,1.0,24.0,67.39246567146002,3284.9405112963345,25.0,0.0,,0,-1846.0182841195247,-1556.5444227144949,289.47386140503136,2,0.5
1,0,2018-01-03,2018-07-03,ABBV/EXC,False,True,13,-2.3307688252081946,0.35830408104906153,18.07340054886419,0.8529778119776285,all,0.8298421183490801,1.0,20.0,62.18630416117426,4025.7561780712526,44.0,-12287.344920469825,-1.9357302106619196,2,-5407.748615615827,-4946.238138336655,461.51047727917216,4,0.5
1,0,2018-01-03,2018-07-03,HUM/SCCO,True,True,14,-3.618239953956018,0.023256603685523906,13.664261924597405,0.7050820954731645,all,0.8276044256588763,1.0,23.0,57.673078465221344,2380.4021432112113,2.0,9883.328577147417,2.842444757142467,2,-2099.748486581893,-1966.533121637391,133.21536494450177,1,0.0
1,0,2018-01-03,2018-07-03,PYPL/WYNN,False,True,15,-3.5526002371936616,0.028008754083701858,13.538614993449169,0.7267463739891294,all,0.8265788165091994,1.0,26.5,78.41866804628235,2194.183917701626,45.0,-15785.148953090997,-1.9107762407972912,9,16605.281603367956,16816.656235619914,211.37463225195603,2,1.0
1,0,2018-01-03,2018-07-03,CNC/CSX,False,True,16,-2.587236276930421,0.24200641171549164,17.86830708817226,0.8333667763016708,all,0.8231911984087519,1.0,21.0,103.13496294094807,3078.43669669226,42.0,-9556.876392667255,-0.8791512883733607,2,-170.20006804861464,139.93225972855635,310.1323277771702,2,0.5
1,0,2018-01-03,2018-07-03,CB/NVDA,True,True,17,-3.2512693850630128,0.06176409906365681,16.431443192367468,0.8206995602099084,all,0.8230047240179016,1.0,22.5,40.37191135895321,2580.1104629717856,5.0,6862.629869079824,1.9201404446901096,1,-10683.315034236672,-10234.555718336836,448.7593158998367,4,0.0
1,0,2018-01-03,2018-07-03,LYB/NEM,False,True,18,-2.5959653715024644,0.23845926152421565,20.136489482137037,0.8333667763016708,all,0.8228804077573346,1.0,22.0,109.44056191253772,3694.944397625379,49.0,-19485.70381675338,-2.3862846260801533,2,12129.357681593103,12503.809711120372,374.45202952726504,2,1.0
1,0,2018-01-03,2018-07-03,CNC/WYNN,False,True,19,-2.6278627257723124,0.22658827300612494,13.323770244432875,0.8333667763016708,all,0.8220723520636499,1.0,21.0,99.40545685877757,2484.556999189712,30.0,-2362.755912319882,-0.21969845162000443,2,3329.1563467724714,3568.9942695715795,239.83792279910767,2,0.5
1,0,2018-01-03,2018-07-03,CMI/KBH,False,True,20,-3.0345304122811743,0.10222399694260553,18.261259771087687,0.8206995602099084,all,0.8212332173048235,1.0,24.0,60.87508907825071,2637.0669772011056,36.0,-4446.569246584266,-1.1569890974414738,1,9427.156764489051,9892.875023208651,465.71825871959845,3,0.6666666666666666
1,0,2018-01-03,2018-07-03,LLY/UPS,False,True,21,-2.7692328702127766,0.17567064983504604,18.704832795760236,0.8206995602099084,all,0.8206737941322725,1.0,24.0,86.92587781962466,2699.360588566092,33.0,-3479.1916572422824,-0.9240677380534585,1,0.0,0.0,0.0,0,
1,0,2018-01-03,2018-07-03,ICE/MGM,True,True,22,-3.0684554776840396,0.09481586166573353,12.392413456945881,0.8206995602099084,all,0.8182807061163601,1.0,25.5,50.11726716426807,2059.1974435099796,9.0,4826.194409105163,0.802988054245136,2,-1328.1883964059616,-1049.7735751356004,278.41482127035994,2,0.5
1,0,2018-01-03,2018-07-03,CME/NVDA,False,True,23,-3.3969609858484913,0.042689134278481,13.625685560302603,0.8137249249010283,all,0.8170997016409747,1.0,25.0,47.58239875211684,2097.388158456717,39.0,-6811.16558620332,-2.4067930392525825,3,-9156.817455947805,-8494.860518544308,661.9569374034958,4,0.25
1,0,2018-01-03,2018-07-03,MGM/TMUS,True,True,24,-3.426274572063098,0.03951485121480742,15.944633441656341,0.792794245376638,all,0.8161362506215813,1.0,26.5,67.0330482673441,2167.4987281419417,3.0,9315.03344874431,2.1898950660168923,2,863.7678289956716,1034.7123128895394,170.94448389386878,1,1.0
1,0,2018-01-03,2018-07-03,CNC/IHG,False,True,25,-2.814487545597446,0.16111857539723756,15.229690544904695,0.8206995602099084,all,0.815607906514172,1.0,20.0,85.46935217806592,2651.5112368181153,43.0,-9562.813323964332,-1.0805703465939955,3,-1681.5358070551133,-1516.0084771790296,165.52732987608368,1,0.0
1,0,2018-01-03,2018-07-03,AMD/MGM,True,True,26,-3.2135680822804824,0.06768793009067954,17.811804538708042,0.8206995602099084,all,0.8155457483838886,1.0,24.5,88.05896874276606,2372.0869808198167,11.0,3683.121982428909,1.4137409492473405,1,-1197.3682782059213,-984.1989847794703,213.1692934264514,1,0.0
1,0,2018-01-03,2018-07-03,LYB/O,False,True,27,-3.0213284533125653,0.10522237172138937,19.402845022823197,0.8206995602099084,all,0.8135877672799603,1.0,19.0,95.51986648216003,4551.570560888377,47.0,-17733.97216735845,-2.41614896645731,3,7918.576575910239,8318.00910703064,399.4325311204052,2,1.0
1,0,2018-01-03,2018-07-03,CE/SCCO,True,True,28,-3.1603541861173126,0.07681190218913822,15.833586488279833,0.8206995602099084,all,0.8125621581302834,1.0,20.0,47.87294600663696,2641.824458334857,8.0,5727.595828845009,2.6080394407114404,1,4661.163483785782,5420.5874631781,759.4239793923174,4,0.25
1,0,2018-01-03,2018-07-03,CBOE/CE,False,True,29,-3.5230966605039318,0.030402113131524505,16.246236535925984,0.7325009132626685,all,0.8119094977623074,1.0,28.5,56.42500600196055,2090.003960312808,46.0,-16377.952310140157,-3.6817401571230555,5,2592.9478522850927,2890.0757811523026,297.12792886720786,2,1.0
1,0,2018-01-03,2018-07-03,MGM/STLD,True,True,30,-3.1415425132023747,0.08025991642588387,19.68530926906436,0.8206995602099084,all,0.8098582794629539,1.0,23.5,73.6780301752962,2691.1597209004185,6.0,6512.904462194918,1.6853968283505174,1,-4223.8104465762535,-4075.297933448456,148.51251312779613,1,0.0
1,0,2018-01-03,2018-07-03,CZR/UNH,True,True,31,-3.0711316983153774,0.09424940492451328,14.874089402729417,0.8206995602099084,all,0.8064085032322229,1.0,23.0,59.97885972660079,2095.2638167671184,4.0,6883.815468359044,2.089276791572074,2,-823.6360525931267,-507.23478608373716,316.4012665093925,2,0.5
1,0,2018-01-03,2018-07-03,DE/HUM,False,True,32,-4.548044871944031,0.0010199661406222547,10.363587138484352,0.25766066438749413,all,0.8064085032322228,1.0,25.5,61.66511826858193,1857.5879800547762,16.0,2332.4363621838083,0.5354761511771079,2,-265.33021127147566,-24.85071511744809,240.47949615402834,2,0.5
1,0,2018-01-03,2018-07-03,EMN/LUV,True,True,33,-3.9192433593160723,0.009329288405450496,14.601247214801617,0.4978104913560341,all,0.8063463451019394,1.0,20.0,71.1623712119338,2350.915585024208,15.0,2619.484640107498,0.4887092699138741,2,-14517.638116750335,-13891.527182946424,626.1109338039137,5,0.2
1,0,2018-01-03,2018-07-03,EMN/HLT,False,False,34,-2.9232542893925966,0.12959324888580975,16.09180023259579,0.8206995602099084,all,0.8056626056688215,1.0,24.5,54.73387554642033,2091.184423633226,26.0,0.0,,0,3873.366170779435,4179.491013792773,306.1248430133361,2,1.0
1,0,2018-01-03,2018-07-03,NUE/UNH,False,True,35,-3.3275069182534773,0.0510643615947655,14.29352986551359,0.8206995602099084,all,0.805165340626554,1.0,21.0,55.53057150582836,2196.8663088366047,40.0,-7724.24377586976,-1.2425576347993692,6,0.0,0.0,0.0,0,
1,0,2018-01-03,2018-07-03,CSX/SCCO,True,True,36,-2.9641054946246848,0.11898606011881852,14.339377708591151,0.8206995602099084,all,0.8041708105420189,1.0,21.0,52.22227362313074,2189.3346540477874,1.0,10326.795287519837,1.7829646384297133,3,-9432.191294896169,-9187.104738314598,245.08655658157016,1,0.0
1,0,2018-01-03,2018-07-03,GD/SCCO,False,True,37,-3.02069771548503,0.10536726182698292,15.780611283842564,0.8206995602099084,all,0.8039843361511686,1.0,34.5,52.76633693971974,1891.7482611377811,34.0,-4188.529604028735,-2.2519354896305104,1,8674.325427627822,9121.036126749017,446.7106991211965,3,0.6666666666666666
1,0,2018-01-03,2018-07-03,LLY/VZ,False,True,38,-3.064885654275948,0.09557551132000491,14.86507216050471,0.8206995602099084,all,0.8031762804574838,1.0,21.0,74.22479041319777,2198.194991786777,32.0,-2941.5681005552933,-0.7550586240766807,2,11319.418488790256,11416.681906305781,97.26341751552602,1,1.0
1,0,2018-01-03,2018-07-03,KHC/TECK,False,True,39,-4.204790868686843,0.0035873142700009538,11.46293857155224,0.35447245466811156,all,0.8025236200895078,1.0,19.0,70.65959386395478,2306.761514171515,35.0,-4440.042870400583,-0.8645711544774484,2,-11382.030993969236,-10770.560732039889,611.4702619293449,5,0.2
1,0,2018-01-03,2018-07-03,EMN/NSC,False,True,40,-3.089038657572172,0.09052565714407063,19.356830892719753,0.8206995602099084,all,0.8001305320735953,1.0,25.0,62.87218565144815,2264.414376184065,20.0,1624.3894550777463,0.49174520930728277,1,-2532.113492469356,-2332.968888164755,199.14460430460224,1,0.0
1,0,2018-01-03,2018-07-03,CME/CMI,False,True,41,-3.2194772043443565,0.06673052113529349,20.881352234874203,0.8206995602099084,all,0.8001305320735953,1.0,22.5,61.30436091659104,2751.7621089667387,31.0,-2866.3287007913373,-1.1262140439660155,2,-13019.491824897523,-12692.406809532353,327.0850153651702,3,0.0
1,0,2018-01-03,2018-07-03,LYB/SO,False,True,42,-2.5669917889943594,0.2503487452001073,20.163922462570333,0.8333667763016708,all,0.798825211337643,1.0,22.0,90.94153914837409,2651.8748509158995,50.0,-19534.58915829771,-2.7945908943221562,4,-1513.730928123262,-1051.8654872855132,461.8654408377489,4,0.25
1,0,2018-01-03,2018-07-03,AVGO/DD,True,True,43,-3.4370799368554956,0.03839576425007244,13.877496778973057,0.7852181660083516,all,0.7972712580805569,1.0,27.5,50.97679809395277,1803.8860802533916,7.0,6382.9860352594405,2.0836725933356606,1,6630.998746885847,6841.876415923933,210.8776690380851,2,1.0
1,0,2018-01-03,2018-07-03,LYB/WFC,False,True,44,-4.0872537504454876,0.005371216326160605,10.842972363733763,0.3971021166066957,all,0.7970537046245648,1.0,28.5,49.469212477900435,1732.8392018902925,38.0,-6765.104921111486,-1.2359938396611918,2,125.85985123317312,408.9506477621653,283.09079652899254,2,0.5
1,0,2018-01-03,2018-07-03,ABBV/NSC,False,True,45,-2.50940839989375,0.27493547409816,18.88259936028608,0.8335257059497199,all,0.7967118349080059,1.0,21.0,76.61789921682062,2456.475169884526,48.0,-18060.82571719923,-2.524566299541239,5,2854.288113412663,3011.691726823994,157.4036134113312,1,1.0
1,0,2018-01-03,2018-07-03,NEM/O,False,False,46,-3.3073019237340846,0.05374006910264174,13.829825556762664,0.8206995602099084,all,0.796152411735455,1.0,26.0,65.9717315952981,1812.5035740587427,27.0,0.0,,0,6202.607888909428,6558.960532707098,356.352643797668,2,0.5
1,0,2018-01-03,2018-07-03,KHC/NEM,True,True,47,-3.287364057169543,0.0564916873189468,13.7415099641453,0.8206995602099084,all,0.7960902536051716,1.0,18.5,69.36213602830188,2366.447019314583,13.0,3161.8990339091415,0.7464295561845317,1,-8571.105235587796,-7739.232720138194,831.8725154496019,7,0.42857142857142855
1,0,2018-01-03,2018-07-03,GPN/XEL,False,False,48,-2.944613006881575,0.12396495848422673,19.91466052269828,0.8206995602099084,all,0.7953443560417703,1.0,20.5,57.50284478906379,2739.3028941080406,28.0,0.0,,0,-8835.179676151778,-8128.9879267450615,706.191749406721,6,0.16666666666666666
1,0,2018-01-03,2018-07-03,DUK/KGC,False,True,49,-2.751828291374312,0.1814937811606051,22.000961145159483,0.8206995602099084,all,0.7946606166086524,1.0,22.5,45.60057143022032,2852.9072802601763,19.0,1657.2315484442065,0.40180833062101096,2,0.0,0.0,0.0,0,
1,0,2018-01-03,2018-07-03,LYB/TFC,False,True,50,-2.9797454747729506,0.11509882500909557,15.362225581262644,0.8206995602099084,all,0.7946606166086524,1.0,17.5,70.48883427934784,2804.677820474248,41.0,-8883.371354001332,-1.522468000307591,2,4761.817547999679,4944.351911731599,182.53436373192145,1,1.0
2,1,2018-07-05,2019-01-03,AEM/STLD,False,False,1,-3.323277641043035,0.05161519616489985,13.41098268295396,0.6438294644774011,all,0.8797111331515002,1.0,25.0,95.97443151945401,4155.637794483076,29.0,0.0,,0,10275.86434345724,10731.396746221026,455.5324027637877,2,0.5
2,1,2018-07-05,2019-01-03,GDX/MGM,False,False,2,-2.8586030541476615,0.14774878687946685,15.892756827071297,0.6482169321158351,all,0.8704128440366973,1.0,34.5,73.48940327994663,3076.5976494184533,30.0,0.0,,0,-4990.851421419116,-4761.333271068204,229.51815035091215,2,0.5
2,1,2018-07-05,2019-01-03,GDX/SPG,False,False,3,-3.9214589476911157,0.00926340571893446,13.04248246111432,0.6438294644774011,all,0.8693280436399702,1.0,29.5,60.471406726872175,2712.0907718366816,31.0,0.0,,0,206.68683131244688,414.0109452263696,207.32411391392316,2,0.5
2,1,2018-07-05,2019-01-03,AEM/AMD,False,False,4,-3.2448285807689783,0.06274541796742913,16.303757476113713,0.6438294644774011,all,0.8680572774609472,1.0,25.0,102.3610996888348,3947.5144625146822,32.0,0.0,,0,24133.62521911612,24664.96055515888,531.3353360427587,2,1.0
2,1,2018-07-05,2019-01-03,HUM/NSC,True,True,5,-3.527258894223774,0.03005424904732549,15.462161643626445,0.6438294644774011,all,0.8675923630052069,1.0,27.0,56.74200632911017,3029.2269440701916,11.0,7093.028337067297,1.8594732473612685,1,0.0,0.0,0.0,0,
2,1,2018-07-05,2019-01-03,ELV/NVDA,True,True,6,-3.402042733117351,0.042124091201048604,15.648313509337887,0.6438294644774011,all,0.8672824200347136,1.0,27.0,55.111170100563434,3077.12926114425,6.0,8404.676320943487,1.5674235518464361,1,-12234.457088534147,-11910.258772385425,324.19831614871987,2,0.0
2,1,2018-07-05,2019-01-03,AEM/PCAR,False,False,7,-3.1509405796249204,0.07852247151552295,15.54393548086941,0.6438294644774011,all,0.8626952640714107,1.0,23.5,82.3198718622681,3428.3607199986263,33.0,0.0,,0,5691.736130476665,6109.713637403061,417.9775069263949,2,0.5
2,1,2018-07-05,2019-01-03,AEM/O,False,True,8,-4.41024161294862,0.0017133732457335052,11.0823438770932,0.6438294644774011,all,0.8615484750805852,1.0,30.5,56.57873537688019,2327.5697000528403,18.0,4696.847719795348,1.211538173984694,1,7808.479964224078,8233.462396308865,424.9824320847855,2,0.5
2,1,2018-07-05,2019-01-03,LYB/TXN,False,True,9,-2.9940213801191407,0.11163345388870827,12.293773907868859,0.6438294644774011,all,0.8614554921894372,1.0,29.5,49.125846851231,2408.7033898554228,17.0,4709.085643872924,0.8072053194932668,1,-1360.2921129398067,-1106.76979730546,253.52231563434609,2,0.5
2,1,2018-07-05,2019-01-03,AEM/CAT,False,False,10,-3.085416368682164,0.0912696227103107,18.345538868504402,0.6438294644774011,all,0.861176543515993,1.0,25.0,110.07217651460057,4692.675680206022,34.0,0.0,,0,16489.076515637506,16972.75392273508,483.677407097578,2,0.5
2,1,2018-07-05,2019-01-03,INTC/KHC,False,True,11,-3.0818751060723093,0.09200148616647169,14.282392366536559,0.6438294644774011,all,0.859812794445822,1.0,26.0,61.07325636979134,2646.6176167529416,50.0,-16774.202461653942,-2.2399496076374943,2,-8017.203870852125,-7834.038898346153,183.1649725059733,2,0.0
2,1,2018-07-05,2019-01-03,KGC/TMUS,False,False,12,-3.2483328848829083,0.062209956841557765,19.129522159833467,0.6438294644774011,all,0.8534899578477559,1.0,24.5,55.72006681773222,4584.520669591431,35.0,0.0,,0,18592.20759628776,19694.001207227564,1101.793610939811,2,0.5
2,1,2018-07-05,2019-01-03,GDX/RSG,False,False,13,-2.7316315680203664,0.18840882104633006,17.860147498784244,0.6791798613376657,all,0.8528700719067691,1.0,23.0,75.29698063957454,3919.384912923898,36.0,0.0,,0,6386.639850982636,6495.996112532241,109.35626154960552,1,1.0
2,1,2018-07-05,2019-01-03,HUM/RIO,False,False,14,-3.773283952736456,0.014708547769698696,11.953171394188418,0.6438294644774011,all,0.8493057277460947,1.0,27.0,56.38466136298453,2195.613402484774,37.0,0.0,,0,-424.7113112224822,-19.06177557535193,405.6495356471305,3,0.3333333333333333
2,1,2018-07-05,2019-01-03,GOLD/LVS,True,True,15,-3.5606052219553126,0.027387893845250363,14.96343283740081,0.6438294644774011,all,0.8470741383585421,1.0,22.0,51.0422766196678,2833.380792019168,12.0,6647.655179775091,0.5944603699907249,1,-8618.867232788067,-5871.950468831857,2746.9167639562106,1,0.0
2,1,2018-07-05,2019-01-03,NSC/RIO,False,True,16,-3.9351770332089604,0.008864686923777237,11.365319145626518,0.6438294644774011,all,0.8446255888916439,1.0,28.5,47.79824234751371,2053.0399483163746,23.0,3510.669493084153,0.8299067276725322,1,3075.5680526819724,3364.0354973767307,288.46744469475783,2,0.5
2,1,2018-07-05,2019-01-03,MDLZ/NEM,False,True,17,-3.5358666351925394,0.02934560316313178,10.164286302925438,0.6438294644774011,all,0.8437577485742623,1.0,25.5,55.736519915157245,2078.7539068591295,26.0,2788.5269640237125,0.6154456539398094,1,4680.24332100015,4794.5929030826865,114.34958208253676,1,1.0
2,1,2018-07-05,2019-01-03,O/RTX,True,True,18,-3.3676502872587966,0.046072723855435954,16.485949919808704,0.6438294644774011,all,0.8431688569303248,1.0,22.0,53.80879970132874,2927.809772598029,7.0,8208.869911308882,1.3726689286173253,1,-12614.350618820414,-11794.034919034826,820.3156997855875,5,0.2
2,1,2018-07-05,2019-01-03,DAL/O,True,True,19,-3.714462861591734,0.017555456738766677,12.707210430932903,0.6438294644774011,all,0.8404413587899826,1.0,20.5,54.68428769696534,2780.426747418953,4.0,9044.110548766696,1.974477733000705,1,8431.866117702979,8902.007936762497,470.1418190595188,3,0.6666666666666666
2,1,2018-07-05,2019-01-03,GDX/IHG,False,False,20,-2.6156245861845853,0.2305823716624058,20.663425855954127,0.6954859196751447,all,0.8391395983139102,1.0,24.0,87.15015215934346,4900.080894979186,38.0,0.0,,0,11535.457294707294,11795.722014615094,260.2647199078009,2,0.5
2,1,2018-07-05,2019-01-03,KGC/SO,True,True,21,-3.5392624882229957,0.029069984901251355,17.117797250260868,0.6438294644774011,all,0.8344284651624101,1.0,23.5,40.83023456320824,2501.81157519158,14.0,4835.623058221973,0.8436922991486168,1,589.3295713259594,1613.9303725221234,1024.6008011961646,3,0.3333333333333333
2,1,2018-07-05,2019-01-03,AAL/MGM,False,True,22,-3.607981021403176,0.023949939452478895,14.767386007498436,0.6438294644774011,all,0.8321658814778081,1.0,23.0,60.71692832524235,2258.492625980609,28.0,2126.2462231498303,0.41723705296616953,1,14407.083947963994,14910.115276177461,503.0313282134663,3,0.6666666666666666
2,1,2018-07-05,2019-01-03,RIO/UNH,False,False,23,-4.28392825025892,0.0027121314701290897,10.799277771641504,0.6438294644774011,all,0.8319489213984625,1.0,30.0,52.4553950480987,1818.3520024635518,39.0,0.0,,0,-6662.411786785194,-6021.97356216764,640.4382246175522,5,0.2
2,1,2018-07-05,2019-01-03,LYB/RIO,False,True,24,-3.1605542073646213,0.07677587674035986,17.415722512981194,0.6438294644774011,all,0.8315150012397718,1.0,23.5,48.30947519121602,2453.2349651358336,20.0,4059.8969328112726,0.7689503569615461,1,2363.6887632946095,2809.3465349530024,445.6577716583938,3,0.6666666666666666
2,1,2018-07-05,2019-01-03,BHP/MA,False,True,25,-3.2935790076165996,0.05562192144497788,17.24159004756045,0.6438294644774011,all,0.8312670468633772,1.0,21.0,56.63156508469645,2914.344538960345,21.0,3682.6854203644393,1.7611551281717177,1,5090.823940878057,5237.455072109673,146.63113123161577,1,1.0
2,1,2018-07-05,2019-01-03,CNC/GPN,True,True,26,-2.9576118901928785,0.12062809416209541,9.190816302521608,0.6438294644774011,all,0.8310190924869824,1.0,30.0,57.999142852451705,1792.0725758736787,8.0,8045.215763821767,2.315192130520649,2,-3453.8685450869043,-2748.5019573845398,705.3665877023645,5,0.4
2,1,2018-07-05,2019-01-03,MGM/O,False,False,27,-3.5447731458935543,0.028627429325357272,13.695403906479445,0.6438294644774011,all,0.8307401438135383,1.0,23.0,53.1343556533057,2169.5417260847744,40.0,0.0,,0,5960.60622325817,6124.1738593643095,163.56763610613945,1,1.0
2,1,2018-07-05,2019-01-03,HLT/HUM,False,False,28,-3.251250719076608,0.06176692501421855,16.171100608956017,0.6438294644774011,all,0.8294693776345152,1.0,22.0,55.95660169760946,2439.9594372501374,41.0,0.0,,0,-562.6454226975366,-279.8490193200437,282.79640337749265,2,0.5
2,1,2018-07-05,2019-01-03,GDX/SCCO,False,False,29,-2.945649777469981,0.12369636739109313,18.250130051657607,0.6438294644774011,all,0.8266798909000743,1.0,21.0,88.39850108937291,2923.7315915471854,42.0,0.0,,0,12386.743503888665,12640.458521551522,253.7150176628587,2,0.5
2,1,2018-07-05,2019-01-03,GOLD/GPN,True,True,30,-3.054679415257297,0.09777303219037531,19.30204408108662,0.6438294644774011,all,0.8235184726010414,1.0,21.5,50.81594633143261,2962.8172421117097,9.0,7765.92495129553,0.7388482816392988,1,-1768.117118993729,1262.052374335955,3030.169493329683,1,0.0
2,1,2018-07-05,2019-01-03,PNC/RIO,False,True,31,-3.1393386234424567,0.08067168180506412,18.87309815678521,0.6438294644774011,all,0.8215968261839821,1.0,21.0,51.07697170750445,2884.457227029346,48.0,-227.06558570290304,-0.05345434480462,1,9972.896201935053,10500.340603582987,527.4444016479308,4,0.75
2,1,2018-07-05,2019-01-03,KBH/WYNN,True,True,32,-3.3166078621774626,0.05249378803665783,18.842557387796145,0.6438294644774011,all,0.8215968261839821,1.0,22.5,75.08893069173418,2547.4750228651255,1.0,15963.233823686365,1.6820631400036783,2,9620.691135595831,9891.252029707819,270.5608941119878,1,1.0
2,1,2018-07-05,2019-01-03,DD/TOL,True,True,33,-3.8455118769774597,0.01177535467754913,11.70658094928333,0.6438294644774011,all,0.8206050086784032,1.0,20.5,43.808167295981015,2190.136648856301,13.0,5013.9573531993965,1.546387377732431,2,5777.2937555507,6533.4981675615,756.2044120108015,6,0.3333333333333333
2,1,2018-07-05,2019-01-03,BHP/HUM,False,False,34,-3.6008226354181376,0.024444235371546143,15.395835158019052,0.6438294644774011,all,0.820047111331515,1.0,27.0,60.9976494403319,1878.5948331247494,43.0,0.0,,0,7582.626651047705,7729.891155954996,147.26450490729124,1,1.0
2,1,2018-07-05,2019-01-03,CAT/ICE,False,True,35,-3.411842861394747,0.04105201598131514,15.237081525980622,0.6438294644774011,all,0.819675179766923,1.0,21.5,42.214994905152494,2208.265370662075,16.0,4756.4249761023275,1.8791875448879953,1,3403.561894139726,3897.0310097863216,493.4691156465946,4,0.75
2,1,2018-07-05,2019-01-03,CZR/ICE,False,True,36,-3.503152664433588,0.032116933202430975,14.170614521264705,0.6438294644774011,all,0.8187453508554425,1.0,30.0,53.92989949733529,1768.6696339983955,49.0,-2673.577720987981,-0.37229687499930514,3,11719.814201970634,12123.21173891419,403.39753694355466,3,1.0
2,1,2018-07-05,2019-01-03,EXC/HUM,False,False,37,-2.827089474684908,0.1572174588494612,21.227945322086082,0.6581565024074736,all,0.8172266303000247,1.0,32.0,46.937243854358805,2468.7959774224355,44.0,0.0,,0,-5440.792778664136,-5189.944010836597,250.84876782754057,2,0.0
2,1,2018-07-05,2019-01-03,O/SCCO,True,True,38,-3.403906114144463,0.041918469434434016,16.505543660410492,0.6438294644774011,all,0.8169476816265806,1.0,20.0,61.06684999961673,2599.612774340408,3.0,10946.20191410435,2.0473596401347756,1,-5492.291792495252,-4874.594431659201,617.6973608360518,3,0.3333333333333333
2,1,2018-07-05,2019-01-03,MDLZ/WYNN,False,True,39,-3.1000123312889927,0.08830033097383355,11.392419333231755,0.6438294644774011,all,0.8163277956855939,1.0,18.5,60.259968140999405,2544.407597207641,24.0,3105.0690905585197,0.6753802415455963,1,1297.384297712426,1401.8555087002474,104.47121098782148,1,1.0
2,1,2018-07-05,2019-01-03,SCCO/TFC,False,True,40,-3.7614042471919147,0.01524830643354723,13.337261662160433,0.6438294644774011,all,0.8158628812298537,1.0,30.5,42.52030249073437,1695.1557642252583,27.0,2282.107291792017,0.5866056247118221,1,-3881.895606930334,-3328.32289629721,553.5727106331242,3,0.6666666666666666
2,1,2018-07-05,2019-01-03,CBOE/DD,True,True,41,-3.815733196000422,0.012915069193128086,11.23822122242496,0.6438294644774011,all,0.8158318869328044,1.0,22.0,53.56456459011521,1907.131052824478,2.0,12348.528402242593,1.7629625042674397,3,-1531.0361016667991,-1116.0640756530013,414.9720260137987,4,0.25
2,1,2018-07-05,2019-01-03,ELV/ICE,False,False,42,-3.8408106350756728,0.011949120242991298,12.240919221624123,0.6438294644774011,all,0.814530126456732,1.0,28.0,45.28483220635389,1669.2388708175429,45.0,0.0,,0,2942.7580793724737,3048.3552721398273,105.59719276735379,1,1.0
2,1,2018-07-05,2019-01-03,KGC/TECK,False,False,43,-3.2863350699216327,0.05663675378677524,16.15124061470152,0.6438294644774011,all,0.8144061492685346,1.0,17.5,54.35700027670524,5838.00975342282,46.0,0.0,,0,8478.706457359374,9542.155229875476,1063.448772516102,2,0.5
2,1,2018-07-05,2019-01-03,KGC/STLD,False,False,44,-3.3816682365147437,0.044427755437119125,17.895917178791674,0.6438294644774011,all,0.8134763203570543,1.0,18.0,56.51266168493026,5549.976192659044,47.0,0.0,,0,9973.291485375394,11035.0895936402,1061.7981082648073,2,0.5
2,1,2018-07-05,2019-01-03,CZR/UNP,True,True,45,-3.93633612373782,0.008831713626451387,12.690123964901261,0.6438294644774011,all,0.813445326060005,1.0,25.5,64.16622845107608,1714.5489175132495,10.0,7380.849120171217,1.51732844320533,1,10856.711253897873,11149.377471943502,292.6662180456296,2,1.0
2,1,2018-07-05,2019-01-03,PCAR/WFC,True,True,46,-3.6112367805047265,0.023727995041895822,13.633606109424498,0.6438294644774011,all,0.81273245722787,1.0,34.0,37.876978215863474,1660.5739703882102,15.0,4797.208300747292,1.6197594106078648,1,12866.82931091709,13264.839691814816,398.010380897727,3,1.0
2,1,2018-07-05,2019-01-03,GOLD/H,False,True,47,-3.279834586705865,0.05756020986168586,18.08923352800415,0.6438294644774011,all,0.81273245722787,1.0,18.5,49.02991345776639,3637.19334090097,22.0,3530.22973975086,0.35942875687438247,1,-1873.9657964673002,1093.8039605136655,2967.769756980966,1,0.0
2,1,2018-07-05,2019-01-03,EXC/UNH,False,True,48,-3.2828147348636976,0.05713534370223574,15.9022979471485,0.6438294644774011,all,0.8119266055045872,1.0,29.0,41.565771732927374,1777.811436311559,19.0,4351.353085231752,1.1519529343675587,1,727.4845988814777,1014.5994149912113,287.1148161097334,2,0.5
2,1,2018-07-05,2019-01-03,NVR/WYNN,True,True,49,-3.0674546966642535,0.09502835789118513,18.681802723102862,0.6438294644774011,all,0.8106868336226135,1.0,20.0,84.99147415094005,2777.504769983799,5.0,8698.591387995106,1.2772745205914318,1,8.673576469767,222.71773840211893,214.0441619323505,1,1.0
2,1,2018-07-05,2019-01-03,MDLZ/PLD,False,True,50,-3.2862932620937886,0.056642654249592334,10.284330671790208,0.6438294644774011,all,0.8106248450285148,1.0,21.5,56.59931697717863,1858.1578686056002,25.0,2928.371990553476,0.6409232783844249,1,4812.497490848913,4959.713972033735,147.21648118482196,1,1.0
3,1,2019-01-04,2019-07-05,AEM/STLD,True,True,1,-3.323277641043035,0.05161519616489985,13.41098268295396,0.6438294644774011,all,0.8797111331515002,1.0,25.0,95.97443151945401,4155.637794483076,10.0,10275.86434345724,0.7341633767304498,2,0.0,0.0,0.0,0,
3,1,2019-01-04,2019-07-05,GDX/MGM,False,True,2,-2.8586030541476615,0.14774878687946685,15.892756827071297,0.6482169321158351,all,0.8704128440366973,1.0,34.5,73.48940327994663,3076.5976494184533,43.0,-4990.851421419116,-0.5186830668208339,2,-4701.055083183388,-4549.408955791903,151.64612739148524,1,0.0
3,1,2019-01-04,2019-07-05,GDX/SPG,False,True,3,-3.9214589476911157,0.00926340571893446,13.04248246111432,0.6438294644774011,all,0.8693280436399702,1.0,29.5,60.471406726872175,2712.0907718366816,32.0,206.68683131244688,0.030792778773736554,2,4576.0731445864785,4889.8758772628835,313.8027326764046,2,0.5
3,1,2019-01-04,2019-07-05,AEM/AMD,True,True,4,-3.2448285807689783,0.06274541796742913,16.303757476113713,0.6438294644774011,all,0.8680572774609472,1.0,25.0,102.3610996888348,3947.5144625146822,1.0,24133.62521911612,1.9273906041307054,2,-14203.212995035177,-13704.162996934654,499.0499981005216,2,0.5
3,1,2019-01-04,2019-07-05,HUM/NSC,False,False,5,-3.527258894223774,0.03005424904732549,15.462161643626445,0.6438294644774011,all,0.8675923630052069,1.0,27.0,56.74200632911017,3029.2269440701916,34.0,0.0,,0,-16183.262905900228,-15767.27262416257,415.9902817376548,4,0.0
3,1,2019-01-04,2019-07-05,ELV/NVDA,False,True,6,-3.402042733117351,0.042124091201048604,15.648313509337887,0.6438294644774011,all,0.8672824200347136,1.0,27.0,55.111170100563434,3077.12926114425,49.0,-12234.457088534147,-2.074234105092664,2,6530.1493850557645,6933.559271148057,403.40988609229333,2,0.5
3,1,2019-01-04,2019-07-05,AEM/PCAR,False,True,7,-3.1509405796249204,0.07852247151552295,15.54393548086941,0.6438294644774011,all,0.8626952640714107,1.0,23.5,82.3198718622681,3428.3607199986263,21.0,5691.736130476665,0.44716244142023476,2,0.0,0.0,0.0,0,
3,1,2019-01-04,2019-07-05,AEM/O,False,True,8,-4.41024161294862,0.0017133732457335052,11.0823438770932,0.6438294644774011,all,0.8615484750805852,1.0,30.5,56.57873537688019,2327.5697000528403,16.0,7808.479964224078,0.5851435733093734,2,-5141.755187999283,-4714.619264875756,427.1359231235293,2,0.5
3,1,2019-01-04,2019-07-05,LYB/TXN,False,True,9,-2.9940213801191407,0.11163345388870827,12.293773907868859,0.6438294644774011,all,0.8614554921894372,1.0,29.5,49.125846851231,2408.7033898554228,37.0,-1360.2921129398067,-0.2935547657010135,2,-13373.16894214269,-12731.228142541166,641.9407996015234,5,0.4
3,1,2019-01-04,2019-07-05,AEM/CAT,True,True,10,-3.085416368682164,0.0912696227103107,18.345538868504402,0.6438294644774011,all,0.861176543515993,1.0,25.0,110.07217651460057,4692.675680206022,3.0,16489.076515637506,1.0863127614936228,2,1196.7190089868357,1353.61193606012,156.8929270732848,1,1.0
3,1,2019-01-04,2019-07-05,INTC/KHC,False,True,11,-3.0818751060723093,0.09200148616647169,14.282392366536559,0.6438294644774011,all,0.859812794445822,1.0,26.0,61.07325636979134,2646.6176167529416,47.0,-8017.203870852125,-0.8788402200445364,2,4051.148467162665,4331.689405779877,280.5409386172109,3,0.6666666666666666
3,1,2019-01-04,2019-07-05,KGC/TMUS,True,True,12,-3.2483328848829083,0.062209956841557765,19.129522159833467,0.6438294644774011,all,0.8534899578477559,1.0,24.5,55.72006681773222,4584.520669591431,2.0,18592.20759628776,1.0603479239420734,2,430.64838495027846,687.6808868516255,257.03250190134725,1,1.0
3,1,2019-01-04,2019-07-05,GDX/RSG,False,True,13,-2.7316315680203664,0.18840882104633006,17.860147498784244,0.6791798613376657,all,0.8528700719067691,1.0,23.0,75.29698063957454,3919.384912923898,18.0,6386.639850982636,0.9647289183342874,1,-13674.592203612112,-13139.416023777074,535.1761798350367,4,0.25
3,1,2019-01-04,2019-07-05,HUM/RIO,False,True,14,-3.773283952736456,0.014708547769698696,11.953171394188418,0.6438294644774011,all,0.8493057277460947,1.0,27.0,56.38466136298453,2195.613402484774,35.0,-424.7113112224822,-0.06237235097119911,3,-6204.12490125795,-5907.301107634794,296.8237936231572,2,0.5
3,1,2019-01-04,2019-07-05,GOLD/LVS,False,True,15,-3.5606052219553126,0.027387893845250363,14.96343283740081,0.6438294644774011,all,0.8470741383585421,1.0,22.0,51.0422766196678,2833.380792019168,48.0,-8618.867232788067,-0.9694001105253307,1,-4175.085532895511,-1484.043362960505,2691.0421699350063,1,0.0
3,1,2019-01-04,2019-07-05,NSC/RIO,False,True,16,-3.9351770332089604,0.008864686923777237,11.365319145626518,0.6438294644774011,all,0.8446255888916439,1.0,28.5,47.79824234751371,2053.0399483163746,26.0,3075.5680526819724,0.518124751793984,2,0.0,0.0,0.0,0,
3,1,2019-01-04,2019-07-05,MDLZ/NEM,False,True,17,-3.5358666351925394,0.02934560316313178,10.164286302925438,0.6438294644774011,all,0.8437577485742623,1.0,25.5,55.736519915157245,2078.7539068591295,24.0,4680.24332100015,1.454846634809617,1,-8201.15786257197,-7778.421004605227,422.7368579667416,3,0.0
3,1,2019-01-04,2019-07-05,O/RTX,False,True,18,-3.3676502872587966,0.046072723855435954,16.485949919808704,0.6438294644774011,all,0.8431688569303248,1.0,22.0,53.80879970132874,2927.809772598029,50.0,-12614.350618820414,-1.5608998688183182,5,-13062.98768763696,-12487.436779790944,575.5509078460173,3,0.3333333333333333
3,1,2019-01-04,2019-07-05,DAL/O,True,True,19,-3.714462861591734,0.017555456738766677,12.707210430932903,0.6438294644774011,all,0.8404413587899826,1.0,20.5,54.68428769696534,2780.426747418953,15.0,8431.866117702979,1.0911981967502655,3,0.0,0.0,0.0,0,
3,1,2019-01-04,2019-07-05,GDX/IHG,True,True,20,-2.6156245861845853,0.2305823716624058,20.663425855954127,0.6954859196751447,all,0.8391395983139102,1.0,24.0,87.15015215934346,4900.080894979186,8.0,11535.457294707294,0.9988534051942397,2,-1745.605738149858,-1618.7460874122921,126.8596507375664,1,0.0
3,1,2019-01-04,2019-07-05,KGC/SO,False,True,21,-3.5392624882229957,0.029069984901251355,17.117797250260868,0.6438294644774011,all,0.8344284651624101,1.0,23.5,40.83023456320824,2501.81157519158,31.0,589.3295713259594,0.05081013129178309,3,0.0,0.0,0.0,0,
3,1,2019-01-04,2019-07-05,AAL/MGM,True,True,22,-3.607981021403176,0.023949939452478895,14.767386007498436,0.6438294644774011,all,0.8321658814778081,1.0,23.0,60.71692832524235,2258.492625980609,4.0,14407.083947963994,1.4625221465513631,3,437.03622246171085,804.6236948954461,367.58747243373557,2,0.5
3,1,2019-01-04,2019-07-05,RIO/UNH,False,True,23,-4.28392825025892,0.0027121314701290897,10.799277771641504,0.6438294644774011,all,0.8319489213984625,1.0,30.0,52.4553950480987,1818.3520024635518,46.0,-6662.411786785194,-1.1300700415740468,5,-6188.858860404785,-5862.706746712731,326.1521136920528,2,0.0
3,1,2019-01-04,2019-07-05,LYB/RIO,False,True,24,-3.1605542073646213,0.07677587674035986,17.415722512981194,0.6438294644774011,all,0.8315150012397718,1.0,23.5,48.30947519121602,2453.2349651358336,28.0,2363.6887632946095,0.46538391559371,3,-13172.600534916577,-12383.029724725,789.5708101915751,6,0.0
3,1,2019-01-04,2019-07-05,BHP/MA,False,True,25,-3.2935790076165996,0.05562192144497788,17.24159004756045,0.6438294644774011,all,0.8312670468633772,1.0,21.0,56.63156508469645,2914.344538960345,22.0,5090.823940878057,2.183100465286885,1,2603.1946555947407,2769.963822027482,166.76916643274075,1,1.0
3,1,2019-01-04,2019-07-05,CNC/GPN,False,True,26,-2.9576118901928785,0.12062809416209541,9.190816302521608,0.6438294644774011,all,0.8310190924869824,1.0,30.0,57.999142852451705,1792.0725758736787,41.0,-3453.8685450869043,-0.5613657212894496,5,-19338.191192381248,-18891.726268278202,446.4649241030447,4,0.0
3,1,2019-01-04,2019-07-05,MGM/O,False,True,27,-3.5447731458935543,0.028627429325357272,13.695403906479445,0.6438294644774011,all,0.8307401438135383,1.0,23.0,53.1343556533057,2169.5417260847744,19.0,5960.60622325817,1.6101268061124423,1,-5056.000580930081,-4428.973373400822,627.0272075292577,4,0.25
3,1,2019-01-04,2019-07-05,HLT/HUM,False,True,28,-3.251250719076608,0.06176692501421855,16.171100608956017,0.6438294644774011,all,0.8294693776345152,1.0,22.0,55.95660169760946,2439.9594372501374,36.0,-562.6454226975366,-0.08409525100443813,2,-13871.799746901792,-13603.817148686161,267.982598215633,2,0.0
3,1,2019-01-04,2019-07-05,GDX/SCCO,True,True,29,-2.945649777469981,0.12369636739109313,18.250130051657607,0.6438294644774011,all,0.8266798909000743,1.0,21.0,88.39850108937291,2923.7315915471854,6.0,12386.743503888665,0.980821848126191,2,-1713.5059292311798,-1589.3321684177727,124.17376081340743,1,0.0
3,1,2019-01-04,2019-07-05,GOLD/GPN,False,True,30,-3.054679415257297,0.09777303219037531,19.30204408108662,0.6438294644774011,all,0.8235184726010414,1.0,21.5,50.81594633143261,2962.8172421117097,39.0,-1768.117118993729,-0.32098720002909653,1,-6279.774048459294,-3705.171607377386,2574.602441081908,1,0.0
3,1,2019-01-04,2019-07-05,PNC/RIO,True,True,31,-3.1393386234424567,0.08067168180506412,18.87309815678521,0.6438294644774011,all,0.8215968261839821,1.0,21.0,51.07697170750445,2884.457227029346,12.0,9972.896201935053,2.043578266823634,4,2749.741041672636,3042.012551793312,292.27151012067543,2,0.5
3,1,2019-01-04,2019-07-05,KBH/WYNN,True,True,32,-3.3166078621774626,0.05249378803665783,18.842557387796145,0.6438294644774011,all,0.8215968261839821,1.0,22.5,75.08893069173418,2547.4750228651255,13.0,9620.691135595831,1.333442438345495,1,5408.319061259119,5631.002995470881,222.6839342117619,1,1.0
3,1,2019-01-04,2019-07-05,DD/TOL,False,True,33,-3.8455118769774597,0.01177535467754913,11.70658094928333,0.6438294644774011,all,0.8206050086784032,1.0,20.5,43.808167295981015,2190.136648856301,20.0,5777.2937555507,0.7599073446767428,6,-12025.68682903909,-11360.701057809621,664.9857712294692,5,0.4
3,1,2019-01-04,2019-07-05,BHP/HUM,False,True,34,-3.6008226354181376,0.024444235371546143,15.395835158019052,0.6438294644774011,all,0.820047111331515,1.0,27.0,60.9976494403319,1878.5948331247494,17.0,7582.626651047705,3.1892690602617337,1,-21801.278841977797,-20893.64663470959,907.6322072682061,7,0.0
3,1,2019-01-04,2019-07-05,CAT/ICE,False,True,35,-3.411842861394747,0.04105201598131514,15.237081525980622,0.6438294644774011,all,0.819675179766923,1.0,21.5,42.214994905152494,2208.265370662075,25.0,3403.561894139726,0.6051068532717114,4,-3541.144357617148,-3414.680975706172,126.4633819109762,1,0.0
3,1,2019-01-04,2019-07-05,CZR/ICE,True,True,36,-3.503152664433588,0.032116933202430975,14.170614521264705,0.6438294644774011,all,0.8187453508554425,1.0,30.0,53.92989949733529,1768.6696339983955,7.0,11719.814201970634,2.3841508381687966,3,3899.865320741136,4137.964775097698,238.0994543565624,2,0.5
3,1,2019-01-04,2019-07-05,EXC/HUM,False,True,37,-2.827089474684908,0.1572174588494612,21.227945322086082,0.6581565024074736,all,0.8172266303000247,1.0,32.0,46.937243854358805,2468.7959774224355,44.0,-5440.792778664136,-1.4387606853765964,2,-7184.612080382487,-6675.840938442444,508.7711419400397,4,0.25
3,1,2019-01-04,2019-07-05,O/SCCO,False,True,38,-3.403906114144463,0.041918469434434016,16.505543660410492,0.6438294644774011,all,0.8169476816265806,1.0,20.0,61.06684999961673,2599.612774340408,45.0,-5492.291792495252,-0.7070929843122052,3,-8072.571463437094,-7481.279104810797,591.292358626296,3,0.3333333333333333
3,1,2019-01-04,2019-07-05,MDLZ/WYNN,False,True,39,-3.1000123312889927,0.08830033097383355,11.392419333231755,0.6438294644774011,all,0.8163277956855939,1.0,18.5,60.259968140999405,2544.407597207641,29.0,1297.384297712426,1.2752057481925987,1,-12585.438127752845,-11926.702945067764,658.7351826850804,6,0.16666666666666666
3,1,2019-01-04,2019-07-05,SCCO/TFC,False,True,40,-3.7614042471919147,0.01524830643354723,13.337261662160433,0.6438294644774011,all,0.8158628812298537,1.0,30.5,42.52030249073437,1695.1557642252583,42.0,-3881.895606930334,-0.6954096584798835,3,2940.668502593686,3330.7396783806416,390.07117578695545,2,0.5
3,1,2019-01-04,2019-07-05,CBOE/DD,False,True,41,-3.815733196000422,0.012915069193128086,11.23822122242496,0.6438294644774011,all,0.8158318869328044,1.0,22.0,53.56456459011521,1907.131052824478,38.0,-1531.0361016667991,-0.372975211685553,4,-532.7864113820189,-370.7751852789615,162.01122610305777,1,0.0
3,1,2019-01-04,2019-07-05,ELV/ICE,False,True,42,-3.8408106350756728,0.011949120242991298,12.240919221624123,0.6438294644774011,all,0.814530126456732,1.0,28.0,45.28483220635389,1669.2388708175429,27.0,2942.7580793724737,1.3149452585788548,1,-561.8923965682558,-108.17179488920056,453.7206016790548,4,0.25
3,1,2019-01-04,2019-07-05,KGC/TECK,True,True,43,-3.2863350699216327,0.05663675378677524,16.15124061470152,0.6438294644774011,all,0.8144061492685346,1.0,17.5,54.35700027670524,5838.00975342282,14.0,8478.706457359374,0.46221923881562077,2,0.0,0.0,0.0,0,
3,1,2019-01-04,2019-07-05,KGC/STLD,True,True,44,-3.3816682365147437,0.044427755437119125,17.895917178791674,0.6438294644774011,all,0.8134763203570543,1.0,18.0,56.51266168493026,5549.976192659044,11.0,9973.291485375394,0.5881482120939304,2,0.0,0.0,0.0,0,
3,1,2019-01-04,2019-07-05,CZR/UNP,True,True,45,-3.93633612373782,0.008831713626451387,12.690123964901261,0.6438294644774011,all,0.813445326060005,1.0,25.5,64.16622845107608,1714.5489175132495,9.0,10856.711253897873,2.2495525546240813,2,6538.7748924745465,6696.046955870006,157.27206339545992,1,1.0
3,1,2019-01-04,2019-07-05,PCAR/WFC,True,True,46,-3.6112367805047265,0.023727995041895822,13.633606109424498,0.6438294644774011,all,0.81273245722787,1.0,34.0,37.876978215863474,1660.5739703882102,5.0,12866.82931091709,2.3995158371027046,3,-6470.965417967537,-6124.168346160973,346.7970718065628,2,0.5
3,1,2019-01-04,2019-07-05,GOLD/H,False,True,47,-3.279834586705865,0.05756020986168586,18.08923352800415,0.6438294644774011,all,0.81273245722787,1.0,18.5,49.02991345776639,3637.19334090097,40.0,-1873.9657964673002,-0.3815151098777042,1,8089.851030117384,12841.876426738265,4752.025396620881,2,1.0
3,1,2019-01-04,2019-07-05,EXC/UNH,False,True,48,-3.2828147348636976,0.05713534370223574,15.9022979471485,0.6438294644774011,all,0.8119266055045872,1.0,29.0,41.565771732927374,1777.811436311559,30.0,727.4845988814777,0.1638615907945233,2,-7815.015669937847,-7425.785784857306,389.22988508054175,3,0.0
3,1,2019-01-04,2019-07-05,NVR/WYNN,False,True,49,-3.0674546966642535,0.09502835789118513,18.681802723102862,0.6438294644774011,all,0.8106868336226135,1.0,20.0,84.99147415094005,2777.504769983799,33.0,8.673576469767,0.00088618538867618,1,1862.1495727913452,2517.451445172978,655.3018723816281,5,0.4
3,1,2019-01-04,2019-07-05,MDLZ/PLD,False,True,50,-3.2862932620937886,0.056642654249592334,10.284330671790208,0.6438294644774011,all,0.8106248450285148,1.0,21.5,56.59931697717863,1858.1578686056002,23.0,4812.497490848913,1.481101430590089,1,-13213.201693495694,-12535.520679563693,677.6810139320035,6,0.0
4,2,2019-07-08,2020-01-03,FCX/WYNN,True,True,1,-3.240568609742551,0.06340133855816944,14.24630680701063,0.9381044169301862,all,0.8952412868632709,1.0,30.0,65.95652167145225,3926.950985619164,7.0,13252.524016611118,1.7064756634641947,2,9256.89340281126,9649.97437039054,393.08096757927956,2,0.5
4,2,2019-07-08,2020-01-03,AAL/AMD,True,True,2,-3.338395911914221,0.04966833212932697,15.943101379509311,0.9381044169301862,all,0.8901139410187667,1.0,25.0,118.3543794056611,4532.280446703121,5.0,14549.103911403909,1.6632317785580542,1,9488.139764739763,9633.240541463303,145.10077672353975,1,1.0
4,2,2019-07-08,2020-01-03,DD/MRK,True,True,3,-3.580287901107567,0.025911286296880703,13.73929928763709,0.9381044169301862,all,0.8883713136729222,1.0,29.5,78.89765958473618,3415.8110481713275,15.0,8802.01745114443,0.9645269913369048,1,0.0,0.0,0.0,0,
4,2,2019-07-08,2020-01-03,MGM/UAL,True,True,4,-3.817511268615768,0.012844367264356055,11.64189457166899,0.9381044169301862,all,0.8883042895442359,1.0,25.0,85.46076811475653,3577.553851675102,9.0,10343.260335446448,1.9422431385811785,1,4042.3038816500157,4331.825992884014,289.52211123399815,2,0.5
4,2,2019-07-08,2020-01-03,AMD/MGM,False,True,5,-3.4605651706110696,0.03605500141208416,12.918409137859383,0.9381044169301862,all,0.8840817694369972,1.0,28.5,96.80852029134638,3099.3694649543427,50.0,-8491.568813177659,-0.777166787388008,2,-9458.880467189541,-9065.651326783842,393.2291404056978,2,0.5
4,2,2019-07-08,2020-01-03,MGM/MOH,False,False,6,-3.540956161542301,0.028933349560374355,13.762230413878736,0.9381044169301862,all,0.8777815013404825,1.0,23.5,93.89200690259689,3373.039355380037,29.0,0.0,,0,-3973.9114549858637,-3804.3275831014953,169.58387188436814,1,0.0
4,2,2019-07-08,2020-01-03,NEM/WYNN,False,True,7,-3.766907841301196,0.01499611630076968,17.191580427963768,0.9381044169301862,all,0.8691689008042895,1.0,26.5,71.91724542352033,3042.809693593724,21.0,4812.759377334941,0.7859352945761068,2,-12256.30965170642,-11631.517627569232,624.7920241371912,4,0.25
4,2,2019-07-08,2020-01-03,GOLD/ICE,False,True,8,-3.120962264384815,0.0841696854102163,16.050113130374847,0.9381044169301862,all,0.868666219839142,1.0,31.0,42.75570497710288,2863.4699031984287,48.0,-3229.770359469495,-0.7815880951874178,1,-22014.050239138058,-15939.328832988824,6074.7214061492305,2,0.5
4,2,2019-07-08,2020-01-03,AAL/MOH,True,True,9,-3.050546478670136,0.09867376938522199,18.63775063352526,0.9381044169301862,all,0.8686327077747988,1.0,21.5,107.24522448249667,4591.284493297125,1.0,35601.45563753216,3.0937182756718014,3,2664.442254157203,2960.600666727301,296.1584125700952,2,0.5
4,2,2019-07-08,2020-01-03,AAL/UAL,True,True,10,-3.433856551167151,0.038726784228675024,15.775012363520032,0.9381044169301862,all,0.8618297587131367,1.0,20.5,116.18680733921137,3598.647257816593,2.0,29789.48848444935,2.3806747446115955,3,10600.599179501025,10728.479233076358,127.8800535753327,1,1.0
4,2,2019-07-08,2020-01-03,BMY/DD,False,True,11,-3.424530332033545,0.03969803546981861,14.703811129273802,0.9381044169301862,all,0.8614611260053618,1.0,24.0,59.52362985012592,2813.4926048314996,20.0,5225.27091687921,1.515854696376596,1,-11281.44218762307,-10895.381067888235,386.06111973483155,4,0.0
4,2,2019-07-08,2020-01-03,AAL/FIS,False,True,12,-3.1764539677654264,0.07395453465220674,16.880016183409975,0.9381044169301862,all,0.8596849865951742,1.0,20.5,76.58421443213446,3691.551347822411,19.0,6859.188146992305,0.8012626143909194,1,5545.392822066507,5647.474810885526,102.08198881901787,1,1.0
4,2,2019-07-08,2020-01-03,AAL/MRK,True,True,13,-3.899194281578405,0.00994481690762606,13.259291767192444,0.9381044169301862,all,0.8579423592493297,1.0,25.0,77.26647077029014,2604.1513667394506,13.0,9012.838494802443,2.550518263773392,1,14180.008896680429,14413.985461093442,233.9765644130129,2,1.0
4,2,2019-07-08,2020-01-03,GOLD/INTC,False,False,14,-3.3210316704724647,0.05190969475636943,12.34008426619394,0.9381044169301862,all,0.8555965147453083,1.0,26.0,44.25113563524037,2494.0955716318394,30.0,0.0,,0,-11353.781874938239,-8475.193938559873,2878.587936378366,1,0.0
4,2,2019-07-08,2020-01-03,GOLD/PGR,False,True,15,-2.850452815730078,0.1501584536091381,17.31196393095904,0.9381044169301862,all,0.8553619302949061,1.0,22.0,48.42793955906687,3030.9440969393813,45.0,-1343.745086268069,-0.17522691193710727,1,-9025.123457673697,1874.8610283555172,10899.984486029214,3,0.3333333333333333
4,2,2019-07-08,2020-01-03,DD/TMUS,True,True,16,-3.7048129838263173,0.018065961231756914,12.995756184005435,0.9381044169301862,all,0.8550938337801608,1.0,30.0,79.1429944492334,2436.909726043473,3.0,17337.035984661667,1.729487546823064,2,0.0,0.0,0.0,0,
4,2,2019-07-08,2020-01-03,LLY/MGM,False,True,17,-3.822113365826421,0.012662963815504316,11.739994425719079,0.9381044169301862,all,0.8541219839142091,1.0,27.5,73.5806199258753,2424.4723402791783,26.0,1991.0737712104028,0.2768679221212961,2,-7603.516367542379,-7460.603676940098,142.91269060228126,1,0.0
4,2,2019-07-08,2020-01-03,CNC/T,False,False,18,-2.915454013301355,0.13169411538314585,22.774071619152206,0.9381044169301862,all,0.8534517426273458,1.0,23.5,64.25596888216103,4197.235905656238,31.0,0.0,,0,-7652.094591806286,-7451.72996943842,200.36462236786662,1,0.0
4,2,2019-07-08,2020-01-03,JNJ/PLD,False,False,19,-2.694265533563734,0.20164789325395677,21.24903028559473,0.9381044169301862,all,0.8505361930294906,1.0,25.5,51.98108459570405,3059.4372921206914,32.0,0.0,,0,1583.0625693208794,1685.9240181548766,102.86144883399773,1,1.0
4,2,2019-07-08,2020-01-03,MGM/PFE,False,False,20,-4.008218101305278,0.0069899013743143995,10.800541977580064,0.9381044169301862,all,0.8502680965147453,1.0,33.5,65.85097532298087,2298.440866141281,33.0,0.0,,0,12281.555511204715,12623.80810154083,342.25259033611553,3,0.6666666666666666
4,2,2019-07-08,2020-01-03,DAL/NSC,False,True,21,-3.289317110096026,0.05621717790501076,16.15856908933572,0.9381044169301862,all,0.849597855227882,1.0,20.0,73.74720888651645,3126.685556340729,22.0,3883.385986136899,0.6531602031241719,1,9268.822080215656,9427.458545647129,158.63646543147522,1,1.0
4,2,2019-07-08,2020-01-03,GOLD/MA,False,True,22,-2.590029826548248,0.24086792908080124,17.271377169620045,0.9381044169301862,all,0.8492292225201072,1.0,25.0,49.021323311043005,2643.4154563576994,44.0,-805.6956856352176,-0.1174780038762054,1,-16702.14075712335,-9487.37411809529,7214.766639028058,2,0.5
4,2,2019-07-08,2020-01-03,GOLD/V,False,True,23,-2.518098016459567,0.2711461215444303,18.185157967118666,0.9381044169301862,all,0.8474865951742627,1.0,33.0,48.30274764358071,2533.0996011812117,46.0,-1930.5720767195692,-0.4166601002001229,1,-16318.056916237212,-9467.532591904972,6850.524324332241,2,0.5
4,2,2019-07-08,2020-01-03,TECK/WYNN,False,False,24,-3.6821239481838774,0.01931771537795792,11.99051713457067,0.9381044169301862,all,0.8472855227882037,1.0,26.0,85.91896195637027,2353.1827697719023,34.0,0.0,,0,-13447.204612450616,-12955.480222633661,491.724389816956,2,0.0
4,2,2019-07-08,2020-01-03,LYB/NVDA,False,False,25,-3.714787955676795,0.017538480598526432,12.768284920701749,0.9381044169301862,all,0.8444034852546917,1.0,27.5,39.4808495554212,2284.3858299616463,35.0,0.0,,0,5539.836479293438,5950.516110355086,410.6796310616478,2,0.5
4,2,2019-07-08,2020-01-03,BMY/KHC,False,True,26,-2.988306409919944,0.11301128014750195,20.92882508570302,0.9381044169301862,all,0.8438002680965146,1.0,21.0,74.56001524696916,3541.3370929516236,27.0,1842.5416304226474,0.20240273482939933,2,-11618.175939799821,-11445.95314873233,172.22279106748937,1,0.0
4,2,2019-07-08,2020-01-03,AMD/SPG,False,True,27,-2.68834085182811,0.2037999782627118,19.986850694438964,0.9381044169301862,all,0.8395777479892761,1.0,33.0,69.3416433853463,2524.1782953332386,49.0,-8447.112227469519,-2.2969552633780586,2,-21746.79405512336,-21197.919706634737,548.8743484886221,5,0.0
4,2,2019-07-08,2020-01-03,FCX/TMUS,False,False,28,-3.3212199337003385,0.051884956305197634,17.43021426883738,0.9381044169301862,all,0.8388069705093835,1.0,19.5,79.1772995667507,3048.193987087852,36.0,0.0,,0,0.0,0.0,0.0,0,
4,2,2019-07-08,2020-01-03,DAL/QCOM,True,True,29,-4.921937013017481,0.00022853075291569857,13.40647883586314,0.5934943653220692,all,0.8365951742627347,1.0,18.0,69.89315487844776,3098.2914660276974,12.0,9192.777614601337,1.707238070417626,1,6093.777525592766,6215.331145969118,121.55362037635123,1,1.0
4,2,2019-07-08,2020-01-03,KGC/TOL,False,False,30,-3.0705796387100324,0.09436604281424366,18.285969835904876,0.9381044169301862,all,0.8347184986595174,1.0,32.0,40.89505253977041,2327.3718999444463,37.0,0.0,,0,-5933.840584791907,-4190.138959234167,1743.7016255577362,6,0.3333333333333333
4,2,2019-07-08,2020-01-03,ICE/PYPL,False,True,31,-3.5244439301742663,0.030289139635520164,13.009009696359444,0.9381044169301862,all,0.8332774798927614,1.0,33.0,46.58269130109106,2096.9131658138394,23.0,3617.79564231351,1.5525420114017878,1,-5976.0837367070835,-5488.23173426997,487.8520024371144,4,0.25
4,2,2019-07-08,2020-01-03,AVGO/XEL,False,True,32,-3.5102972497446645,0.03149341240323426,16.57351690041645,0.9381044169301862,all,0.8328753351206434,1.0,21.0,66.52118653263639,2598.3130774190613,16.0,7191.698132618318,1.5738451210779214,1,0.0,0.0,0.0,0,
4,2,2019-07-08,2020-01-03,DAL/PYPL,True,True,33,-3.349068490981668,0.04833068563727618,16.1587485673412,0.9381044169301862,all,0.830529490616622,1.0,23.0,78.70310146372894,2352.5033855018755,10.0,9700.323091041824,1.4802792473643338,1,9526.862686038676,9687.062836947718,160.20015090904212,1,1.0
4,2,2019-07-08,2020-01-03,AVGO/KHC,False,True,34,-3.284412767213571,0.056908571656920426,18.13143570361068,0.9381044169301862,all,0.8294571045576407,1.0,23.5,89.43779761465264,2409.263720577266,17.0,7114.13413582941,1.1193720531493911,1,-702.0967451144202,-526.4637154930042,175.63302962141427,1,0.0
4,2,2019-07-08,2020-01-03,CE/NOC,False,False,35,-2.969797105404574,0.11756040341053031,20.179590147707998,0.9381044169301862,all,0.8291890080428954,1.0,21.0,64.71578970248257,2835.7044398096828,38.0,0.0,,0,4079.122059484359,4395.573077506916,316.4510180225566,2,0.5
4,2,2019-07-08,2020-01-03,CE/NVR,False,False,36,-2.794184462052151,0.1675420739801612,23.491260374925275,0.9381044169301862,all,0.8290214477211796,1.0,21.5,80.21602660311693,3415.522971897523,39.0,0.0,,0,3956.3114477089944,4320.089296612935,363.7778489039408,2,1.0
4,2,2019-07-08,2020-01-03,CNC/KGC,False,False,37,-3.420844752375623,0.040087443750965145,17.1105375080314,0.9381044169301862,all,0.8270442359249329,1.0,21.0,49.021463456318536,2511.8276693379867,40.0,0.0,,0,-5263.288794396182,-4976.504601230657,286.7841931655241,1,0.0
4,2,2019-07-08,2020-01-03,MOH/UAL,False,False,38,-4.362793201331933,0.002039740749905524,13.689911986926091,0.9381044169301862,all,0.825402144772118,1.0,24.0,93.28282647443599,2129.54611495128,41.0,0.0,,0,0.0,0.0,0.0,0,
4,2,2019-07-08,2020-01-03,DAL/RIO,True,True,39,-2.9655048579383667,0.11863436808409861,19.55015361366456,0.9381044169301862,all,0.8238605898123325,1.0,22.0,75.89743563886303,2515.6992393122437,11.0,9307.915402013743,2.039586072395153,1,9762.417030430639,9930.65057927945,168.23354884881098,1,1.0
4,2,2019-07-08,2020-01-03,FCX/MRK,False,False,40,-3.4365037760717283,0.038454757136608196,16.12636948452987,0.9381044169301862,all,0.8212466487935657,1.0,17.5,75.99914368591911,3024.988343606131,42.0,0.0,,0,6181.392080213598,6479.696838923048,298.3047587094507,2,0.5
4,2,2019-07-08,2020-01-03,NUE/NVDA,True,True,41,-2.9116186301702665,0.13273606175084796,15.806979777099139,0.9381044169301862,all,0.8201742627345844,1.0,20.0,51.007520643292104,2435.9016892761083,8.0,11109.330898933813,2.496189461644227,1,3407.2965166048502,3631.812591354205,224.51607474935565,1,1.0
4,2,2019-07-08,2020-01-03,EMN/WYNN,False,True,42,-1.5693349117729363,0.7336576521279704,22.426175208036312,0.9455928194312646,all,0.819269436997319,1.0,21.0,60.458183370284296,2884.054969335273,24.0,2890.3242620465135,0.702164121650148,1,3892.7519072797595,4063.728727547474,170.97682026771452,1,1.0
4,2,2019-07-08,2020-01-03,DAL/PGR,False,True,43,-3.386049704438918,0.04392371876723387,15.556736281879369,0.9381044169301862,all,0.8185991957104557,1.0,21.0,77.02761220417065,2289.2219698708604,18.0,6954.90370054163,1.1005697152750344,1,10913.728608371768,11076.24300309043,162.51439471866365,1,1.0
4,2,2019-07-08,2020-01-03,ALL/DHI,False,True,44,-2.1048634724804938,0.47382510643594844,14.177303509984231,0.9381044169301862,all,0.8183310991957105,1.0,25.0,46.025722661615504,2026.293982427336,28.0,1587.7247641466677,0.6553657283155828,2,3318.487680680005,3493.8433884723077,175.35570779230488,1,1.0
4,2,2019-07-08,2020-01-03,NUE/TECK,True,True,45,-3.341951076910012,0.04921940031741156,17.321653748075672,0.9381044169301862,all,0.8167225201072386,1.0,23.5,56.2073744244788,2170.9786583838513,14.0,8952.07435708939,2.2339378734526134,1,-1914.2354145189324,-1539.8471444826619,374.38827003626994,2,0.5
4,2,2019-07-08,2020-01-03,TECK/UAL,False,False,46,-3.3001346991852065,0.054716329292364446,20.95094862955703,0.9381044169301862,all,0.8158176943699732,1.0,18.0,119.77929227679132,3415.5213834360165,43.0,0.0,,0,-3201.7036857416124,-2725.3290268189403,476.37465892267267,2,0.5
4,2,2019-07-08,2020-01-03,AVGO/EXC,True,True,47,-2.7711172925041883,0.1750477232146413,21.95885648902633,0.9381044169301862,all,0.8155160857908847,1.0,20.5,70.47429264275037,2790.824871769621,6.0,13298.394847115971,2.1028853009906405,2,5980.407581825015,6274.168614752039,293.761032927023,2,0.5
4,2,2019-07-08,2020-01-03,DD/RSG,True,True,48,-3.514619788653554,0.03112119730918634,14.855836443980468,0.9381044169301862,all,0.8152144772117962,1.0,19.5,74.38937738436805,2384.796081746311,4.0,15488.276330781495,1.4050122911361995,2,0.0,0.0,0.0,0,
4,2,2019-07-08,2020-01-03,CZR/PGR,False,True,49,-2.859961699756851,0.14734974587487693,21.564931743959317,0.9381044169301862,all,0.81514745308311,1.0,20.0,73.03443680375071,2813.2706806375495,47.0,-2569.4765433935722,-0.5509768880069844,1,-2176.3152887093465,-1865.1858318980605,311.1294568112853,2,0.0
4,2,2019-07-08,2020-01-03,GDX/NVR,False,True,50,-2.6129255869260146,0.2316545459643491,23.662381315086446,0.9381044169301862,all,0.8147788203753351,1.0,23.0,61.81277992414917,2727.687955954403,25.0,2570.9804029722627,0.7655213619462033,1,-6661.057305819905,-6273.127387153442,387.92991866646554,3,0.3333333333333333
5,2,2020-01-06,2020-07-06,FCX/WYNN,True,True,1,-3.240568609742551,0.06340133855816944,14.24630680701063,0.9381044169301862,all,0.8952412868632709,1.0,30.0,65.95652167145225,3926.950985619164,9.0,9256.89340281126,1.2020069315477024,2,20005.883175973526,21346.256922231918,1340.373746258395,4,0.5
5,2,2020-01-06,2020-07-06,AAL/AMD,True,True,2,-3.338395911914221,0.04966833212932697,15.943101379509311,0.9381044169301862,all,0.8901139410187667,1.0,25.0,118.3543794056611,4532.280446703121,7.0,9488.139764739763,0.9979536748677962,1,-55560.90393749439,-54494.65512943269,1066.248808061704,6,0.16666666666666666
5,2,2020-01-06,2020-07-06,DD/MRK,False,False,3,-3.580287901107567,0.025911286296880703,13.73929928763709,0.9381044169301862,all,0.8883713136729222,1.0,29.5,78.89765958473618,3415.8110481713275,23.0,0.0,,0,11390.785806773572,11843.756872106142,452.97106533256607,4,0.25
5,2,2020-01-06,2020-07-06,MGM/UAL,False,True,4,-3.817511268615768,0.012844367264356055,11.64189457166899,0.9381044169301862,all,0.8883042895442359,1.0,25.0,85.46076811475653,3577.553851675102,16.0,4042.3038816500157,0.9079168859946135,2,15407.479429273135,15950.534728695617,543.055299422485,3,0.6666666666666666
5,2,2020-01-06,2020-07-06,AMD/MGM,False,True,5,-3.4605651706110696,0.03605500141208416,12.918409137859383,0.9381044169301862,all,0.8840817694369972,1.0,28.5,96.80852029134638,3099.3694649543427,41.0,-9458.880467189541,-0.8711021062397869,2,78980.29323644415,79801.90594788815,821.6127114440151,3,0.6666666666666666
5,2,2020-01-06,2020-07-06,MGM/MOH,False,True,6,-3.540956161542301,0.028933349560374355,13.762230413878736,0.9381044169301862,all,0.8777815013404825,1.0,23.5,93.89200690259689,3373.039355380037,33.0,-3973.9114549858637,-1.503815170862946,1,29840.98215899049,31037.366484796275,1196.3843258057777,5,0.6
5,2,2020-01-06,2020-07-06,NEM/WYNN,False,True,7,-3.766907841301196,0.01499611630076968,17.191580427963768,0.9381044169301862,all,0.8691689008042895,1.0,26.5,71.91724542352033,3042.809693593724,45.0,-12256.30965170642,-1.2408604720772727,4,-72861.79893902186,-71494.33751663876,1367.4614223831077,7,0.0
5,2,2020-01-06,2020-07-06,GOLD/ICE,False,True,8,-3.120962264384815,0.0841696854102163,16.050113130374847,0.9381044169301862,all,0.868666219839142,1.0,31.0,42.75570497710288,2863.4699031984287,50.0,-22014.050239138058,-2.1102961850905952,2,-23052.883430748414,-10167.339597435495,12885.543833312906,5,0.2
5,2,2020-01-06,2020-07-06,AAL/MOH,False,True,9,-3.050546478670136,0.09867376938522199,18.63775063352526,0.9381044169301862,all,0.8686327077747988,1.0,21.5,107.24522448249667,4591.284493297125,21.0,2664.442254157203,0.2153924850565357,2,-40440.04677759277,-39406.122220993035,1033.9245565997194,5,0.2
5,2,2020-01-06,2020-07-06,AAL/UAL,True,True,10,-3.433856551167151,0.038726784228675024,15.775012363520032,0.9381044169301862,all,0.8618297587131367,1.0,20.5,116.18680733921137,3598.647257816593,4.0,10600.599179501025,1.1041005598628615,1,-9275.030838440081,-9150.01067409551,125.0201643445717,1,0.0
5,2,2020-01-06,2020-07-06,BMY/DD,False,True,11,-3.424530332033545,0.03969803546981861,14.703811129273802,0.9381044169301862,all,0.8614611260053618,1.0,24.0,59.52362985012592,2813.4926048314996,42.0,-11281.44218762307,-2.9052913101503743,4,-7644.340597685798,-7372.644134143007,271.69646354279087,2,0.5
5,2,2020-01-06,2020-07-06,AAL/FIS,True,True,12,-3.1764539677654264,0.07395453465220674,16.880016183409975,0.9381044169301862,all,0.8596849865951742,1.0,20.5,76.58421443213446,3691.551347822411,13.0,5545.392822066507,1.5251774943086491,1,-3305.6326117350995,-2597.591070534196,708.0415412008937,5,0.2
5,2,2020-01-06,2020-07-06,AAL/MRK,True,True,13,-3.899194281578405,0.00994481690762606,13.259291767192444,0.9381044169301862,all,0.8579423592493297,1.0,25.0,77.26647077029014,2604.1513667394506,1.0,14180.008896680429,2.9046382778237283,2,-44927.73190800064,-44060.16446086613,867.5674471345299,6,0.16666666666666666
5,2,2020-01-06,2020-07-06,GOLD/INTC,False,True,14,-3.3210316704724647,0.05190969475636943,12.34008426619394,0.9381044169301862,all,0.8555965147453083,1.0,26.0,44.25113563524037,2494.0955716318394,43.0,-11353.781874938239,-2.526892633481844,1,-15146.769297049523,-2129.2991278839218,13017.470169165608,5,0.2
5,2,2020-01-06,2020-07-06,GOLD/PGR,False,True,15,-2.850452815730078,0.1501584536091381,17.31196393095904,0.9381044169301862,all,0.8553619302949061,1.0,22.0,48.42793955906687,3030.9440969393813,40.0,-9025.123457673697,-0.883656308194586,3,-16682.541639291918,-5863.338512646573,10819.203126645352,4,0.25
5,2,2020-01-06,2020-07-06,DD/TMUS,False,False,16,-3.7048129838263173,0.018065961231756914,12.995756184005435,0.9381044169301862,all,0.8550938337801608,1.0,30.0,79.1429944492334,2436.909726043473,24.0,0.0,,0,8087.559726336503,8488.661265074023,401.10153873751716,3,0.6666666666666666
5,2,2020-01-06,2020-07-06,LLY/MGM,False,True,17,-3.822113365826421,0.012662963815504316,11.739994425719079,0.9381044169301862,all,0.8541219839142091,1.0,27.5,73.5806199258753,2424.4723402791783,38.0,-7603.516367542379,-3.228150707384867,1,-5423.258348119659,-4629.69315176387,793.5651963557879,4,0.5
5,2,2020-01-06,2020-07-06,CNC/T,False,True,18,-2.915454013301355,0.13169411538314585,22.774071619152206,0.9381044169301862,all,0.8534517426273458,1.0,23.5,64.25596888216103,4197.235905656238,39.0,-7652.094591806286,-1.4775044327018307,1,32485.610326001366,33035.419526514335,549.8092005129668,3,1.0
5,2,2020-01-06,2020-07-06,JNJ/PLD,False,True,19,-2.694265533563734,0.20164789325395677,21.24903028559473,0.9381044169301862,all,0.8505361930294906,1.0,25.5,51.98108459570405,3059.4372921206914,22.0,1583.0625693208794,0.41449808761887463,1,22006.86830518553,22372.754801132938,365.88649594741025,3,1.0
5,2,2020-01-06,2020-07-06,MGM/PFE,True,True,20,-4.008218101305278,0.0069899013743143995,10.800541977580064,0.9381044169301862,all,0.8502680965147453,1.0,33.5,65.85097532298087,2298.440866141281,2.0,12281.555511204715,3.3501950713714197,3,8982.216925543442,9595.188708184927,612.9717826414847,3,0.6666666666666666
5,2,2020-01-06,2020-07-06,DAL/NSC,True,True,21,-3.289317110096026,0.05621717790501076,16.15856908933572,0.9381044169301862,all,0.849597855227882,1.0,20.0,73.74720888651645,3126.685556340729,8.0,9268.822080215656,1.778072946047937,1,-12717.054105664874,-12461.064297581037,255.98980808383567,2,0.0
5,2,2020-01-06,2020-07-06,GOLD/MA,False,True,22,-2.590029826548248,0.24086792908080124,17.271377169620045,0.9381044169301862,all,0.8492292225201072,1.0,25.0,49.021323311043005,2643.4154563576994,48.0,-16702.14075712335,-1.5096559221536887,2,-17262.054147303996,-2602.0851286135785,14659.969018690423,4,0.5
5,2,2020-01-06,2020-07-06,GOLD/V,False,True,23,-2.518098016459567,0.2711461215444303,18.185157967118666,0.9381044169301862,all,0.8474865951742627,1.0,33.0,48.30274764358071,2533.0996011812117,47.0,-16318.056916237212,-1.53073859651464,2,-1243.4369567229387,6576.19133476278,7819.628291485722,2,0.5
5,2,2020-01-06,2020-07-06,TECK/WYNN,False,True,24,-3.6821239481838774,0.01931771537795792,11.99051713457067,0.9381044169301862,all,0.8472855227882037,1.0,26.0,85.91896195637027,2353.1827697719023,46.0,-13447.204612450616,-1.3389818933101392,2,-20870.77014661056,-18256.438024174822,2614.3321224357383,6,0.16666666666666666
5,2,2020-01-06,2020-07-06,LYB/NVDA,True,True,25,-3.714787955676795,0.017538480598526432,12.768284920701749,0.9381044169301862,all,0.8444034852546917,1.0,27.5,39.4808495554212,2284.3858299616463,14.0,5539.836479293438,0.9597743283209308,2,-9835.284216430868,-8265.893960912319,1569.3902555185548,6,0.16666666666666666
5,2,2020-01-06,2020-07-06,BMY/KHC,False,True,26,-2.988306409919944,0.11301128014750195,20.92882508570302,0.9381044169301862,all,0.8438002680965146,1.0,21.0,74.56001524696916,3541.3370929516236,44.0,-11618.175939799821,-2.538004305594923,1,21356.673117196482,21684.21586573723,327.5427485407489,2,1.0
5,2,2020-01-06,2020-07-06,AMD/SPG,False,True,27,-2.68834085182811,0.2037999782627118,19.986850694438964,0.9381044169301862,all,0.8395777479892761,1.0,33.0,69.3416433853463,2524.1782953332386,49.0,-21746.79405512336,-2.7291347775487598,5,-19023.408847195,-18892.296471335114,131.11237585988818,1,0.0
5,2,2020-01-06,2020-07-06,FCX/TMUS,False,False,28,-3.3212199337003385,0.051884956305197634,17.43021426883738,0.9381044169301862,all,0.8388069705093835,1.0,19.5,79.1772995667507,3048.193987087852,25.0,0.0,,0,1823.9879427911837,2930.141795475087,1106.1538526839104,5,0.4
5,2,2020-01-06,2020-07-06,DAL/QCOM,True,True,29,-4.921937013017481,0.00022853075291569857,13.40647883586314,0.5934943653220692,all,0.8365951742627347,1.0,18.0,69.89315487844776,3098.2914660276974,11.0,6093.777525592766,1.5953736452790594,1,-37166.51372093138,-36711.98016941004,454.53355152134543,4,0.0
5,2,2020-01-06,2020-07-06,KGC/TOL,False,True,30,-3.0705796387100324,0.09436604281424366,18.285969835904876,0.9381044169301862,all,0.8347184986595174,1.0,32.0,40.89505253977041,2327.3718999444463,35.0,-5933.840584791907,-0.5494253748192801,6,-50297.89238250563,-47396.64302202336,2901.249360482276,8,0.125
5,2,2020-01-06,2020-07-06,ICE/PYPL,False,True,31,-3.5244439301742663,0.030289139635520164,13.009009696359444,0.9381044169301862,all,0.8332774798927614,1.0,33.0,46.58269130109106,2096.9131658138394,36.0,-5976.0837367070835,-1.213972216071597,4,-7051.429786209388,-6925.536205854393,125.89358035499623,1,0.0
5,2,2020-01-06,2020-07-06,AVGO/XEL,False,False,32,-3.5102972497446645,0.03149341240323426,16.57351690041645,0.9381044169301862,all,0.8328753351206434,1.0,21.0,66.52118653263639,2598.3130774190613,26.0,0.0,,0,5635.963777133881,6017.443590874234,381.4798137403518,2,0.5
5,2,2020-01-06,2020-07-06,DAL/PYPL,True,True,33,-3.349068490981668,0.04833068563727618,16.1587485673412,0.9381044169301862,all,0.830529490616622,1.0,23.0,78.70310146372894,2352.5033855018755,6.0,9526.862686038676,1.799370728757766,1,-16672.613195954425,-16319.798582994252,352.8146129601754,3,0.0
5,2,2020-01-06,2020-07-06,AVGO/KHC,False,True,34,-3.284412767213571,0.056908571656920426,18.13143570361068,0.9381044169301862,all,0.8294571045576407,1.0,23.5,89.43779761465264,2409.263720577266,29.0,-702.0967451144202,-0.13052498645218488,1,-384.90804514821775,195.56809092779258,580.4761360760114,3,0.3333333333333333
5,2,2020-01-06,2020-07-06,CE/NOC,True,True,35,-2.969797105404574,0.11756040341053031,20.179590147707998,0.9381044169301862,all,0.8291890080428954,1.0,21.0,64.71578970248257,2835.7044398096828,15.0,4079.122059484359,0.7517520233357822,2,2612.046979893068,3601.41343923794,989.3664593448748,4,0.25
5,2,2020-01-06,2020-07-06,CE/NVR,False,True,36,-2.794184462052151,0.1675420739801612,23.491260374925275,0.9381044169301862,all,0.8290214477211796,1.0,21.5,80.21602660311693,3415.522971897523,17.0,3956.3114477089944,0.7195288575363856,2,-4683.471375955025,-4102.5514390033295,580.9199369516931,2,0.5
5,2,2020-01-06,2020-07-06,CNC/KGC,False,True,37,-3.420844752375623,0.040087443750965145,17.1105375080314,0.9381044169301862,all,0.8270442359249329,1.0,21.0,49.021463456318536,2511.8276693379867,34.0,-5263.288794396182,-1.1378231987529555,1,-7663.689413017886,-6235.053588209548,1428.6358248083366,5,0.4
5,2,2020-01-06,2020-07-06,MOH/UAL,False,False,38,-4.362793201331933,0.002039740749905524,13.689911986926091,0.9381044169301862,all,0.825402144772118,1.0,24.0,93.28282647443599,2129.54611495128,27.0,0.0,,0,-37609.267077158045,-36664.48991394041,944.7771632176285,4,0.25
5,2,2020-01-06,2020-07-06,DAL/RIO,True,True,39,-2.9655048579383667,0.11863436808409861,19.55015361366456,0.9381044169301862,all,0.8238605898123325,1.0,22.0,75.89743563886303,2515.6992393122437,5.0,9762.417030430639,1.771555242367491,1,-28920.589722657223,-28646.19986177128,274.38986088594015,2,0.0
5,2,2020-01-06,2020-07-06,FCX/MRK,True,True,40,-3.4365037760717283,0.038454757136608196,16.12636948452987,0.9381044169301862,all,0.8212466487935657,1.0,17.5,75.99914368591911,3024.988343606131,10.0,6181.392080213598,1.236930803150246,2,17057.810659878232,17866.749201979954,808.9385421017214,4,0.5
5,2,2020-01-06,2020-07-06,NUE/NVDA,False,True,41,-2.9116186301702665,0.13273606175084796,15.806979777099139,0.9381044169301862,all,0.8201742627345844,1.0,20.0,51.007520643292104,2435.9016892761083,19.0,3407.2965166048502,0.4994847297782733,1,-6701.674194936807,-6196.347022230693,505.32717270611454,2,0.5
5,2,2020-01-06,2020-07-06,EMN/WYNN,False,True,42,-1.5693349117729363,0.7336576521279704,22.426175208036312,0.9455928194312646,all,0.819269436997319,1.0,21.0,60.458183370284296,2884.054969335273,18.0,3892.7519072797595,0.8192104672806763,1,6701.7431789391885,7483.963553373034,782.220374433844,3,0.3333333333333333
5,2,2020-01-06,2020-07-06,DAL/PGR,True,True,43,-3.386049704438918,0.04392371876723387,15.556736281879369,0.9381044169301862,all,0.8185991957104557,1.0,21.0,77.02761220417065,2289.2219698708604,3.0,10913.728608371768,1.9780230081835208,1,-20734.09684372085,-19931.337172357693,802.759671363159,6,0.3333333333333333
5,2,2020-01-06,2020-07-06,ALL/DHI,False,True,44,-2.1048634724804938,0.47382510643594844,14.177303509984231,0.9381044169301862,all,0.8183310991957105,1.0,25.0,46.025722661615504,2026.293982427336,20.0,3318.487680680005,0.6719261805353203,1,5174.185116318955,6466.72150905986,1292.5363927409041,7,0.42857142857142855
5,2,2020-01-06,2020-07-06,NUE/TECK,False,True,45,-3.341951076910012,0.04921940031741156,17.321653748075672,0.9381044169301862,all,0.8167225201072386,1.0,23.5,56.2073744244788,2170.9786583838513,30.0,-1914.2354145189324,-0.4916128797881585,2,4134.556265396253,5371.478707016744,1236.9224416204904,3,0.6666666666666666
5,2,2020-01-06,2020-07-06,TECK/UAL,False,True,46,-3.3001346991852065,0.054716329292364446,20.95094862955703,0.9381044169301862,all,0.8158176943699732,1.0,18.0,119.77929227679132,3415.5213834360165,32.0,-3201.7036857416124,-0.2320403693989546,2,-22818.25708305658,-22288.20155870623,530.0555243503466,3,0.0
5,2,2020-01-06,2020-07-06,AVGO/EXC,True,True,47,-2.7711172925041883,0.1750477232146413,21.95885648902633,0.9381044169301862,all,0.8155160857908847,1.0,20.5,70.47429264275037,2790.824871769621,12.0,5980.407581825015,0.9719634842394832,2,-11719.063060538618,-11327.144506813102,391.91855372551663,2,0.0
5,2,2020-01-06,2020-07-06,DD/RSG,False,False,48,-3.514619788653554,0.03112119730918634,14.855836443980468,0.9381044169301862,all,0.8152144772117962,1.0,19.5,74.38937738436805,2384.796081746311,28.0,0.0,,0,21892.71110918106,22208.474800891207,315.7636917101482,2,0.5
5,2,2020-01-06,2020-07-06,CZR/PGR,False,True,49,-2.859961699756851,0.14734974587487693,21.564931743959317,0.9381044169301862,all,0.81514745308311,1.0,20.0,73.03443680375071,2813.2706806375495,31.0,-2176.3152887093465,-0.3322052590590623,2,128126.13819010368,129947.48084433145,1821.3426542277748,4,0.5
5,2,2020-01-06,2020-07-06,GDX/NVR,False,True,50,-2.6129255869260146,0.2316545459643491,23.662381315086446,0.9381044169301862,all,0.8147788203753351,1.0,23.0,61.81277992414917,2727.687955954403,37.0,-6661.057305819905,-0.671366794279767,3,-29735.856684686005,-28208.360775439283,1527.4959092467188,8,0.125
6,3,2020-07-07,2021-01-04,MOH/TOL,False,True,1,-2.5383862684628196,0.26240695933002756,17.554304665381427,0.7681142423971681,all,0.8370521347350355,1.0,26.5,181.56336645780334,7635.068753636146,49.0,-15876.406224723127,-0.7002780604750644,4,-21892.898332212517,-20982.013831716828,910.8845004956872,3,0.0
6,3,2020-07-07,2021-01-04,MOH/TFC,False,True,2,-3.2994187412392457,0.05481464144695452,13.916327567606178,0.541493393575695,all,0.8350407637845956,1.0,20.5,162.05166383869098,6429.328225070281,23.0,11391.162652641644,0.5760927641027201,2,-6432.345268150284,-5656.195582715653,776.149685434634,3,0.3333333333333333
6,3,2020-07-07,2021-01-04,MOH/O,False,True,3,-2.693219811717679,0.2020266922640852,18.26215041096444,0.7286698472210993,all,0.8304280197382536,1.0,25.5,184.44163014251973,7790.2011816273725,44.0,-9772.309082214895,-0.5692898442604282,2,-14306.472072540217,-13459.03052812967,847.4415444105367,3,0.0
6,3,2020-07-07,2021-01-04,AAL/TMUS,False,True,4,-3.2647356300866752,0.0597523969251493,16.369833877616948,0.5583551739426994,all,0.8302939283415576,1.0,22.0,122.93049574502716,6531.269594342784,40.0,-4306.06233258364,-0.20003356769634367,12,-1915.0949076950865,-1764.6799846357571,150.41492305932871,1,0.0
6,3,2020-07-07,2021-01-04,MOH/TRV,False,True,5,-2.9176364417708736,0.1311038592274924,15.755338571616372,0.6632705947769065,all,0.829945290710148,1.0,23.5,169.67083194963868,5320.705745426529,43.0,-6775.21013709852,-0.6127769576865668,1,-18867.788644291417,-18073.94843294137,793.8402113500531,3,0.3333333333333333
6,3,2020-07-07,2021-01-04,CAT/H,False,True,6,-3.763517022500156,0.015151054690193799,12.34224565578328,0.4682117543459373,all,0.8280948294357434,1.0,26.5,87.34926909908975,3921.0427683967923,38.0,-3792.4840364694965,-0.393624039238635,6,-22207.717513552234,-21534.495093561392,673.2224199908455,4,0.0
6,3,2020-07-07,2021-01-04,C/TOL,True,True,7,-2.3913052313544654,0.32898402463277443,13.078780532407633,0.8064373129826036,all,0.8247425445183437,1.0,26.0,75.98463198848555,3976.539905162497,14.0,17395.703649733947,1.2237236586495952,5,12159.017386757358,12655.627016686807,496.6096299294444,3,0.3333333333333333
6,3,2020-07-07,2021-01-04,MOH/STLD,True,True,8,-2.3632673697069966,0.34244375150985973,18.921154560382707,0.8104937244545092,all,0.8229457198026174,1.0,24.5,175.20933903997877,7680.171214607028,7.0,22916.562159868092,1.302855123016682,2,-20611.12938502425,-19705.369461787763,905.7599232364972,3,0.0
6,3,2020-07-07,2021-01-04,CNC/ED,True,True,9,-3.345026867866288,0.048833703818857835,11.793614541564718,0.5324171022177181,all,0.8216584423943359,1.0,22.5,113.43877626243466,3927.2973562828274,3.0,37865.19293664061,3.008574458951323,3,9903.129173306415,10045.226686889724,142.0975135833073,1,1.0
6,3,2020-07-07,2021-01-04,AMD/TECK,False,True,10,-3.4952579673477873,0.032818080591012135,17.13026829695951,0.5134787386842325,all,0.8192716155331474,1.0,20.5,158.6066667788965,7269.518038958741,45.0,-10805.526746737509,-0.5622623473142705,3,-51020.4950116532,-50282.99986055157,737.4951511016397,3,0.0
6,3,2020-07-07,2021-01-04,ELV/HLT,True,True,11,-3.6964238703686925,0.01852027213602248,11.77824139538417,0.4891457063375309,all,0.8168579703926195,1.0,21.5,123.88537463287864,3897.817289653266,10.0,18524.549502237805,1.354233411408796,1,4908.603432469215,5081.955027887306,173.3515954180906,1,1.0
6,3,2020-07-07,2021-01-04,CZR/TOL,False,True,12,-3.153330680962486,0.07808535189498822,7.0055233517005036,0.599350258630287,all,0.8141225059000214,1.0,27.5,91.76730422486423,3182.4001624252624,42.0,-5314.741717807268,-0.27244330046623305,5,20229.645038752464,21017.670713479274,788.025674726812,3,0.6666666666666666
6,3,2020-07-07,2021-01-04,CNC/O,False,True,13,-2.861295419554379,0.1469587616991903,12.995235697028384,0.6775623435437916,all,0.8125402274190088,1.0,22.5,136.6074802458438,3861.167211645971,16.0,16234.673975377264,1.498750083202949,1,0.0,0.0,0.0,0,
6,3,2020-07-07,2021-01-04,AEM/TXN,False,True,14,-3.1963140139305333,0.07054638591919757,10.86456493196131,0.5922348916131719,all,0.812003861832225,1.0,32.0,97.50157553878624,3190.2597648406795,26.0,9359.949614681736,1.0700787882695144,1,5385.449424592416,5696.893267224043,311.4438426316261,2,0.5
6,3,2020-07-07,2021-01-04,ELV/WM,True,True,15,-3.8519157036866734,0.011542274600870895,12.929640008369667,0.4549831936236187,all,0.8109847672173354,1.0,19.0,130.28426662066002,4675.482431933696,13.0,17564.075008975364,1.2208877231374706,2,1921.7238908700301,2097.8277555802924,176.1038647102624,1,1.0
6,3,2020-07-07,2021-01-04,DE/TOL,False,False,16,-3.4685648571815157,0.03528565209785766,11.750359324081309,0.5134787386842325,all,0.8100997639991417,1.0,20.5,94.03005967287271,3868.954807806175,37.0,0.0,,0,-22899.081692540873,-22345.09464454514,553.987047995733,4,0.0
6,3,2020-07-07,2021-01-04,FDX/XEL,False,True,17,-3.9292631584007243,0.009034647679721706,13.067115961481573,0.4549831936236187,all,0.8093220338983051,1.0,19.0,107.96865479034425,4653.1779649988985,34.0,2524.277253599319,0.15162591002146034,6,-12674.834318040406,-12134.74826720059,540.0860508398171,4,0.25
6,3,2020-07-07,2021-01-04,ELV/T,True,True,18,-3.955314212588945,0.008307264899760457,12.908559425561988,0.4549831936236187,all,0.8091343059429308,1.0,23.5,136.52071214436378,3643.7469619811077,4.0,31340.978715093326,1.73500388473577,1,3099.087505932731,3286.0478370194423,186.96033108671233,1,1.0
6,3,2020-07-07,2021-01-04,AEM/PLD,True,True,19,-4.273425472420564,0.0028157044338815835,9.934832784350867,0.4549831936236187,all,0.8068547521990989,1.0,22.0,94.08590476389979,3409.89074591879,1.0,54360.751330457315,3.3860405781086365,4,4671.607769849929,4821.674235481978,150.0664656320484,1,1.0
6,3,2020-07-07,2021-01-04,ELV/KO,True,True,20,-3.848739093324771,0.011657375643962494,13.156480186284643,0.4549831936236187,all,0.8066133876850462,1.0,20.5,119.13728845541132,4011.914267544157,9.0,18669.493034011517,1.8020077150702118,1,3372.1384370706523,3541.529712771684,169.39127570103255,1,1.0
6,3,2020-07-07,2021-01-04,CZR/TFC,False,True,21,-2.8774586920599283,0.14227830127108476,11.429458522100063,0.6729498948143167,all,0.8051652006007295,1.0,19.5,88.80225550276086,3888.734085777,31.0,4749.371509244181,0.2407691760227819,4,-3632.89735726473,-3050.0171760191033,582.8801812456283,3,0.6666666666666666
6,3,2020-07-07,2021-01-04,INTC/KGC,False,True,22,-2.9031122530111255,0.1350680887825348,11.538399484853905,0.6632705947769065,all,0.8046556532932848,1.0,25.0,90.57106318036222,3193.7571033444315,22.0,12078.838114803435,1.0565187537879825,1,9476.029125550645,10038.039560581925,562.0104350312845,4,0.5
6,3,2020-07-07,2021-01-04,GDX/MA,False,True,23,-2.5100673612514193,0.2746471550226597,12.493586541947852,0.7752173300819926,all,0.8024565543874705,1.0,29.0,100.53904801098649,3156.5206055508897,19.0,14851.948444318681,0.7780552675832582,2,13491.385978196542,13741.936508081773,250.55052988523124,2,1.0
6,3,2020-07-07,2021-01-04,GDX/ICE,True,True,24,-2.0675593648753767,0.4933303972130984,9.711470122080335,0.8728494756033475,all,0.8021347350354,1.0,21.0,76.41710836147531,3404.30753123843,11.0,18360.59317423569,0.9766514889060472,3,5965.263781435933,6300.475478276185,335.21169684025097,3,0.6666666666666666
6,3,2020-07-07,2021-01-04,ELV/RSG,False,True,25,-3.618515934094498,0.02323819416035984,13.382883333641342,0.5013707682165668,all,0.8010620038618321,1.0,21.0,115.23685905281232,3802.4448913702972,17.0,16028.816566846128,1.2790133141158815,2,1727.6370960331294,1899.1233731269676,171.48627709383885,1,1.0
6,3,2020-07-07,2021-01-04,AAL/SPG,True,True,26,-5.208546906182862,6.687573522908176e-05,7.122386387621288,0.2018310835311456,all,0.8002038189229779,1.0,26.5,81.56643632819184,2940.1356844534644,6.0,23720.916026061932,1.094993682219028,2,8921.91280753326,9145.202915839782,223.29010830652396,1,1.0
6,3,2020-07-07,2021-01-04,ALL/NVR,False,True,27,-4.004014305012065,0.007087227621816012,11.473349754087375,0.4549831936236187,all,0.797924265179146,1.0,26.0,77.75913412342533,3018.9307808822896,24.0,9901.365403572328,0.847956036391781,3,1549.6413238044083,1901.017691775004,351.3763679705947,2,0.5
6,3,2020-07-07,2021-01-04,GD/LLY,True,True,28,-3.7607800164499263,0.015277145012471465,15.546753883840138,0.4682117543459373,all,0.7961006221840807,1.0,25.5,112.27979482243825,3513.922892435554,15.0,17364.158869330437,1.5000314173248266,6,13240.034716801754,13358.152255166402,118.11753836464896,1,1.0
6,3,2020-07-07,2021-01-04,CAT/MAR,False,True,29,-3.783326106978469,0.014265496184224338,12.960416737983984,0.4644315153725622,all,0.7950278910105127,1.0,25.5,93.52003589493539,3135.536752875899,35.0,2057.883952790483,0.18318824900271452,4,-18188.217174643243,-17719.00430503973,469.21286960350744,3,0.0
6,3,2020-07-07,2021-01-04,AEM/AVGO,False,True,30,-2.805271937296359,0.16401302863386952,18.08006392827516,0.6944663205123528,all,0.7934456125295001,1.0,22.0,103.11804563359362,4502.663578235691,25.0,9758.705566990428,1.17168237398857,1,8762.439041409656,9118.115596986132,355.6765555764731,2,1.0
6,3,2020-07-07,2021-01-04,CAT/DD,False,True,31,-3.5959729635010813,0.024784089487331754,16.669144198318385,0.5134787386842325,all,0.7918633340484875,1.0,19.5,112.79488897443211,4638.635440789868,21.0,14146.069517714404,1.688869360527784,2,-17745.07732279512,-17262.355107323616,482.7222154715068,3,0.0
6,3,2020-07-07,2021-01-04,AAL/LLY,False,True,32,-3.1270523353219004,0.08299756810746134,16.401808938165587,0.6012575670582879,all,0.7918365157691483,1.0,21.0,120.31483320930057,4021.5736584122405,47.0,-12305.420587417098,-0.45039719975279374,4,23890.700538834157,24146.84091406568,256.1403752315287,2,1.0
6,3,2020-07-07,2021-01-04,IHG/WYNN,False,True,33,-3.328345561553696,0.05095570957138436,13.994457719042817,0.5392620885010906,all,0.7903615104054924,1.0,28.5,74.04752518790932,3078.6978075318802,46.0,-11558.63294503851,-0.899681842695068,5,5893.040807320875,6705.853945759729,812.8131384388537,2,0.5
6,3,2020-07-07,2021-01-04,LVS/TOL,False,True,34,-3.310747966685017,0.053275772240958474,11.11233523195916,0.541493393575695,all,0.7898251448187085,1.0,23.5,89.7995038238464,2961.5035370926744,41.0,-5004.854839703033,-0.478785704479718,3,5933.475744375466,6500.418509204466,566.942764828998,3,0.3333333333333333
6,3,2020-07-07,2021-01-04,ALL/KBH,True,True,35,-3.1904835956048934,0.07153372845321021,9.996696591402467,0.5923854673958326,all,0.7884574125724093,1.0,20.0,71.48118293165177,3223.8384203452592,5.0,27249.55586722569,3.02281634071916,5,3388.2577312960166,3896.4073123637454,508.14958106773054,3,0.3333333333333333
6,3,2020-07-07,2021-01-04,CNC/EXC,False,True,36,-2.4823446156669386,0.2869106151592716,17.136906400772016,0.780408320003907,all,0.7884574125724093,1.0,19.0,128.20888000559572,4862.130212445877,20.0,14744.82868441738,1.4055737673238358,1,0.0,0.0,0.0,0,
6,3,2020-07-07,2021-01-04,ED/NVR,False,True,37,-2.379001702344264,0.3348636782471711,10.578109692450804,0.8064373129826036,all,0.7882160480583567,1.0,28.0,77.31006520924282,2774.951697390152,29.0,5791.851038100819,0.9902813384138265,2,-5219.549228055852,-4709.83160412854,509.71762392730886,4,0.25
6,3,2020-07-07,2021-01-04,GDX/GIS,True,True,38,-2.6653599641461887,0.21228385232866648,12.155834760221204,0.7436222606465561,all,0.7879210469856255,1.0,20.0,80.81991558502448,3360.4243663155003,2.0,38853.30963395945,1.8302372731289074,3,968.2046023112684,1109.9735449709392,141.76894265967059,1,1.0
6,3,2020-07-07,2021-01-04,INTC/SO,True,True,39,-2.5598163330869346,0.2533439793182015,18.470123834495784,0.7648918814700377,all,0.7856146749624544,1.0,25.0,83.80277869766363,3898.8916260803585,12.0,17564.090447440412,2.0778022701346046,2,5851.15052684848,5980.800928000964,129.65040115248456,1,1.0
6,3,2020-07-07,2021-01-04,INTC/PLD,False,True,40,-2.829622310062581,0.15644130653426952,16.540574047229715,0.692410098509107,all,0.7844346706715297,1.0,24.0,80.87813654764096,3486.5166367371507,27.0,8345.399282526108,1.017382229257773,1,9554.53447394121,9821.200648793827,266.6661748526146,2,1.0
6,3,2020-07-07,2021-01-04,AEM/FIS,False,True,41,-3.2809408021593733,0.057402203181002996,9.240456797788324,0.546445504898543,all,0.7826110276764644,1.0,24.0,88.41689319326889,2755.1392603865706,18.0,15033.422946620065,1.1380668881651488,2,1273.1228720029612,1700.439102449678,427.3162304467185,3,0.3333333333333333
6,3,2020-07-07,2021-01-04,AEM/PCAR,False,True,42,-3.0631542403504644,0.09594562300410847,19.905826705180683,0.619806632082684,all,0.780814202960738,1.0,23.0,92.33792217865484,4457.049081159632,28.0,6772.360248738983,1.0115252016672112,1,0.0,0.0,0.0,0,
6,3,2020-07-07,2021-01-04,CBOE/PHM,False,True,43,-2.0431842649885263,0.5060698646259463,16.85027960286235,0.8747041149179671,all,0.7806264750053636,1.0,19.0,76.61797380852651,4339.323615314337,30.0,5521.2134516639935,0.4944559734899283,2,-5746.331806927796,-5391.59039819877,354.74140872902285,2,0.5
6,3,2020-07-07,2021-01-04,CBOE/KBH,False,True,44,-1.8845100675044222,0.5878420674116607,15.8947336058608,0.8960621129320788,all,0.7798487449045269,1.0,23.0,85.24477050875548,3294.852509088835,32.0,4235.719121023628,0.36777994976999706,2,-11396.681564609033,-9614.967959830654,1781.713604778382,10,0.3
6,3,2020-07-07,2021-01-04,CAT/WFC,False,True,45,-4.088463311532931,0.005349337380146408,16.713681725417807,0.4549831936236187,all,0.7789905599656727,1.0,27.5,92.95879851468185,3213.5236074464683,48.0,-14624.122713302524,-1.585795113964193,3,-30226.601285774737,-29560.45035112677,666.1509346479758,5,0.2
6,3,2020-07-07,2021-01-04,GDX/TXN,False,True,46,-1.852304679120634,0.6039859306732182,13.82190343624422,0.8990934897952563,all,0.7777837373954086,1.0,34.5,97.84573617459301,2808.0093389427752,39.0,-4030.509940489744,-0.24263703037513354,4,11610.431943724405,11867.343343968958,256.91140024455024,2,1.0
6,3,2020-07-07,2021-01-04,C/CZR,False,True,47,-2.3831451826284984,0.3328788251520269,16.507785798004928,0.8064373129826036,all,0.7751287277408281,1.0,18.5,91.38994062319071,4192.30213540528,50.0,-35196.93312624043,-1.7694796603615481,7,2058.4273139286784,2387.2525083831624,328.8251944544874,2,0.5
6,3,2020-07-07,2021-01-04,CAT/LEN,True,True,48,-3.930917650997744,0.008986806695724898,17.529188379537107,0.4549831936236187,all,0.7743778159193306,1.0,18.5,107.81100284253552,4552.853002787642,8.0,22853.07429384377,1.665198929796335,3,-9682.391843938978,-9501.931621277019,180.46022266195948,1,0.0
6,3,2020-07-07,2021-01-04,GIS/TXN,False,True,49,-2.435200981476223,0.3083693290799296,18.21474313990753,0.7939367265891559,all,0.7709182578845741,1.0,24.5,77.50273872692331,3426.478035892364,36.0,966.0299517003994,0.08446240050357212,2,-1570.73877220212,-1442.1282065661867,128.61056563593337,1,0.0
6,3,2020-07-07,2021-01-04,MA/NVR,False,True,50,-2.9667942042904842,0.11831100387418525,14.760844160551335,0.6565356498207064,all,0.770623256811843,1.0,25.5,87.10370036247983,2854.5293730521676,33.0,2692.969624305643,0.3514951660100132,1,0.0,0.0,0.0,0,
7,3,2021-01-05,2021-07-06,MOH/TOL,False,True,1,-2.5383862684628196,0.26240695933002756,17.554304665381427,0.7681142423971681,all,0.8370521347350355,1.0,26.5,181.56336645780334,7635.068753636146,46.0,-21892.898332212517,-1.1848011395523819,3,5732.252239309688,6000.820251629918,268.56801232022815,1,1.0
7,3,2021-01-05,2021-07-06,MOH/TFC,False,True,2,-3.2994187412392457,0.05481464144695452,13.916327567606178,0.541493393575695,all,0.8350407637845956,1.0,20.5,162.05166383869098,6429.328225070281,37.0,-6432.345268150284,-0.38097300789329697,3,-19314.341807456116,-18622.743678863262,691.5981285928541,3,0.0
7,3,2021-01-05,2021-07-06,MOH/O,False,True,3,-2.693219811717679,0.2020266922640852,18.26215041096444,0.7286698472210993,all,0.8304280197382536,1.0,25.5,184.44163014251973,7790.2011816273725,41.0,-14306.472072540217,-0.7782316199559683,3,-11062.067642344933,-10572.286810689984,489.78083165493933,2,0.0
7,3,2021-01-05,2021-07-06,AAL/TMUS,False,True,4,-3.2647356300866752,0.0597523969251493,16.369833877616948,0.5583551739426994,all,0.8302939283415576,1.0,22.0,122.93049574502716,6531.269594342784,33.0,-1915.0949076950865,-0.4289085452747394,1,-4691.214712981503,-4328.863790871876,362.35092210962654,2,0.5
7,3,2021-01-05,2021-07-06,MOH/TRV,False,True,5,-2.9176364417708736,0.1311038592274924,15.755338571616372,0.6632705947769065,all,0.829945290710148,1.0,23.5,169.67083194963868,5320.705745426529,44.0,-18867.788644291417,-1.1141675583884776,3,-17565.03943705771,-16888.83123645629,676.2082006014173,3,0.0
7,3,2021-01-05,2021-07-06,CAT/H,False,True,6,-3.763517022500156,0.015151054690193799,12.34224565578328,0.4682117543459373,all,0.8280948294357434,1.0,26.5,87.34926909908975,3921.0427683967923,47.0,-22207.717513552234,-2.0649581769366,4,-18739.464839195072,-18169.25379732522,570.2110418698575,4,0.25
7,3,2021-01-05,2021-07-06,C/TOL,True,True,7,-2.3913052313544654,0.32898402463277443,13.078780532407633,0.8064373129826036,all,0.8247425445183437,1.0,26.0,75.98463198848555,3976.539905162497,5.0,12159.017386757358,0.8687555433996516,3,0.0,0.0,0.0,0,
7,3,2021-01-05,2021-07-06,MOH/STLD,False,True,8,-2.3632673697069966,0.34244375150985973,18.921154560382707,0.8104937244545092,all,0.8229457198026174,1.0,24.5,175.20933903997877,7680.171214607028,45.0,-20611.12938502425,-1.085589870562416,3,4112.386817387131,4373.257649259236,260.87083187210516,1,1.0
7,3,2021-01-05,2021-07-06,CNC/ED,True,True,9,-3.345026867866288,0.048833703818857835,11.793614541564718,0.5324171022177181,all,0.8216584423943359,1.0,22.5,113.43877626243466,3927.2973562828274,7.0,9903.129173306415,2.8390222510421466,1,3069.6336815519444,3228.753600338854,159.11991878690935,1,1.0
7,3,2021-01-05,2021-07-06,AMD/TECK,False,True,10,-3.4952579673477873,0.032818080591012135,17.13026829695951,0.5134787386842325,all,0.8192716155331474,1.0,20.5,158.6066667788965,7269.518038958741,50.0,-51020.4950116532,-2.7225831226449095,3,-7283.593496848023,-6782.084612798192,501.5088840498226,2,0.5
7,3,2021-01-05,2021-07-06,ELV/HLT,False,True,11,-3.6964238703686925,0.01852027213602248,11.77824139538417,0.4891457063375309,all,0.8168579703926195,1.0,21.5,123.88537463287864,3897.817289653266,17.0,4908.603432469215,1.0794399653233389,1,-6572.682539747873,-6310.724017847839,261.95852190003353,2,0.0
7,3,2021-01-05,2021-07-06,CZR/TOL,True,True,12,-3.153330680962486,0.07808535189498822,7.0055233517005036,0.599350258630287,all,0.8141225059000214,1.0,27.5,91.76730422486423,3182.4001624252624,2.0,20229.645038752464,1.297018881553408,3,11852.005790511215,12035.419782961762,183.41399245054464,1,1.0
7,3,2021-01-05,2021-07-06,CNC/O,False,False,13,-2.861295419554379,0.1469587616991903,12.995235697028384,0.6775623435437916,all,0.8125402274190088,1.0,22.5,136.6074802458438,3861.167211645971,28.0,0.0,,0,-3818.0332951364903,-3627.4918342242304,190.54146091225948,1,0.0
7,3,2021-01-05,2021-07-06,AEM/TXN,False,True,14,-3.1963140139305333,0.07054638591919757,10.86456493196131,0.5922348916131719,all,0.812003861832225,1.0,32.0,97.50157553878624,3190.2597648406795,16.0,5385.449424592416,0.8208900690034069,2,-14633.109470158637,-14088.34688137918,544.7625887794561,4,0.0
7,3,2021-01-05,2021-07-06,ELV/WM,False,True,15,-3.8519157036866734,0.011542274600870895,12.929640008369667,0.4549831936236187,all,0.8109847672173354,1.0,19.0,130.28426662066002,4675.482431933696,23.0,1921.7238908700301,0.3485176935157655,1,2703.574072116159,2984.5380480103304,280.96397589417114,2,0.5
7,3,2021-01-05,2021-07-06,DE/TOL,False,True,16,-3.4685648571815157,0.03528565209785766,11.750359324081309,0.5134787386842325,all,0.8100997639991417,1.0,20.5,94.03005967287271,3868.954807806175,48.0,-22899.081692540873,-3.1831578870189943,4,-6663.011219121104,-6038.61551245957,624.3957066615337,4,0.25
7,3,2021-01-05,2021-07-06,FDX/XEL,False,True,17,-3.9292631584007243,0.009034647679721706,13.067115961481573,0.4549831936236187,all,0.8093220338983051,1.0,19.0,107.96865479034425,4653.1779649988985,40.0,-12674.834318040406,-1.21291220670683,4,1201.5103255956947,1359.1149062743734,157.60458067867876,1,1.0
7,3,2021-01-05,2021-07-06,ELV/T,False,True,18,-3.955314212588945,0.008307264899760457,12.908559425561988,0.4549831936236187,all,0.8091343059429308,1.0,23.5,136.52071214436378,3643.7469619811077,21.0,3099.087505932731,0.5400337417615629,1,-17114.35904364426,-16698.626124435217,415.7329192090405,2,0.0
7,3,2021-01-05,2021-07-06,AEM/PLD,False,True,19,-4.273425472420564,0.0028157044338815835,9.934832784350867,0.4549831936236187,all,0.8068547521990989,1.0,22.0,94.08590476389979,3409.89074591879,18.0,4671.607769849929,1.3167608735430942,1,-7430.059826221617,-7105.417247893784,324.6425783278338,2,0.0
7,3,2021-01-05,2021-07-06,ELV/KO,False,True,20,-3.848739093324771,0.011657375643962494,13.156480186284643,0.4549831936236187,all,0.8066133876850462,1.0,20.5,119.13728845541132,4011.914267544157,20.0,3372.1384370706523,0.7030701190710483,1,-637.7731933617465,-250.906240562498,386.8669527992498,3,0.6666666666666666
7,3,2021-01-05,2021-07-06,CZR/TFC,False,True,21,-2.8774586920599283,0.14227830127108476,11.429458522100063,0.6729498948143167,all,0.8051652006007295,1.0,19.5,88.80225550276086,3888.734085777,34.0,-3632.89735726473,-0.24436246360789873,3,0.0,0.0,0.0,0,
7,3,2021-01-05,2021-07-06,INTC/KGC,True,True,22,-2.9031122530111255,0.1350680887825348,11.538399484853905,0.6632705947769065,all,0.8046556532932848,1.0,25.0,90.57106318036222,3193.7571033444315,9.0,9476.029125550645,0.8575056396537455,4,10936.81203548446,11089.57840241304,152.76636692857926,1,1.0
7,3,2021-01-05,2021-07-06,GDX/MA,True,True,23,-2.5100673612514193,0.2746471550226597,12.493586541947852,0.7752173300819926,all,0.8024565543874705,1.0,29.0,100.53904801098649,3156.5206055508897,3.0,13491.385978196542,1.3472709620993613,2,7869.62660711832,8009.599325472684,139.97271835436254,1,1.0
7,3,2021-01-05,2021-07-06,GDX/ICE,True,True,24,-2.0675593648753767,0.4933303972130984,9.711470122080335,0.8728494756033475,all,0.8021347350354,1.0,21.0,76.41710836147531,3404.30753123843,12.0,5965.263781435933,0.8529617523864729,3,-1166.2441912918102,-1008.3112255535507,157.93296573825955,1,0.0
7,3,2021-01-05,2021-07-06,ELV/RSG,False,True,25,-3.618515934094498,0.02323819416035984,13.382883333641342,0.5013707682165668,all,0.8010620038618321,1.0,21.0,115.23685905281232,3802.4448913702972,24.0,1727.6370960331294,0.33478065891731706,1,-5110.173719550678,-4940.3124250205365,169.86129453013916,1,0.0
7,3,2021-01-05,2021-07-06,AAL/SPG,True,True,26,-5.208546906182862,6.687573522908176e-05,7.122386387621288,0.2018310835311456,all,0.8002038189229779,1.0,26.5,81.56643632819184,2940.1356844534644,10.0,8921.91280753326,1.2674103915022046,1,9275.139661110785,9557.47225450475,282.3325933939704,2,0.5
7,3,2021-01-05,2021-07-06,ALL/NVR,False,True,27,-4.004014305012065,0.007087227621816012,11.473349754087375,0.4549831936236187,all,0.797924265179146,1.0,26.0,77.75913412342533,3018.9307808822896,25.0,1549.6413238044083,0.19742798593025562,2,-1370.4544190378285,-1208.0008873291627,162.45353170866713,1,0.0
7,3,2021-01-05,2021-07-06,GD/LLY,True,True,28,-3.7607800164499263,0.015277145012471465,15.546753883840138,0.4682117543459373,all,0.7961006221840807,1.0,25.5,112.27979482243825,3513.922892435554,4.0,13240.034716801754,2.6331787678282934,1,-22088.27587194521,-21584.09141868801,504.1844532571993,3,0.0
7,3,2021-01-05,2021-07-06,CAT/MAR,False,True,29,-3.783326106978469,0.014265496184224338,12.960416737983984,0.4644315153725622,all,0.7950278910105127,1.0,25.5,93.52003589493539,3135.536752875899,43.0,-18188.217174643243,-1.751830209038823,3,-16433.952330481123,-15992.280464751104,441.67186573002056,3,0.3333333333333333
7,3,2021-01-05,2021-07-06,AEM/AVGO,True,True,30,-2.805271937296359,0.16401302863386952,18.08006392827516,0.6944663205123528,all,0.7934456125295001,1.0,22.0,103.11804563359362,4502.663578235691,11.0,8762.439041409656,1.0861174777002713,2,-6880.305159034435,-6691.9154127449765,188.38974628945306,1,0.0
7,3,2021-01-05,2021-07-06,CAT/DD,False,True,31,-3.5959729635010813,0.024784089487331754,16.669144198318385,0.5134787386842325,all,0.7918633340484875,1.0,19.5,112.79488897443211,4638.635440789868,42.0,-17745.07732279512,-1.63264580372122,3,-15353.800794810826,-14844.490043693899,509.31075111693195,4,0.25
7,3,2021-01-05,2021-07-06,AAL/LLY,True,True,32,-3.1270523353219004,0.08299756810746134,16.401808938165587,0.6012575670582879,all,0.7918365157691483,1.0,21.0,120.31483320930057,4021.5736584122405,1.0,23890.700538834157,2.7112765441044293,2,-39360.445339930346,-38753.93006205769,606.5152778726515,4,0.0
7,3,2021-01-05,2021-07-06,IHG/WYNN,True,True,33,-3.328345561553696,0.05095570957138436,13.994457719042817,0.5392620885010906,all,0.7903615104054924,1.0,28.5,74.04752518790932,3078.6978075318802,14.0,5893.040807320875,0.7243499579633913,2,0.0,0.0,0.0,0,
7,3,2021-01-05,2021-07-06,LVS/TOL,True,True,34,-3.310747966685017,0.053275772240958474,11.11233523195916,0.541493393575695,all,0.7898251448187085,1.0,23.5,89.7995038238464,2961.5035370926744,13.0,5933.475744375466,0.3754171514488442,3,0.0,0.0,0.0,0,
7,3,2021-01-05,2021-07-06,ALL/KBH,False,True,35,-3.1904835956048934,0.07153372845321021,9.996696591402467,0.5923854673958326,all,0.7884574125724093,1.0,20.0,71.48118293165177,3223.8384203452592,19.0,3388.2577312960166,0.40938576923687103,3,-6528.362258684593,-6349.3445999533105,179.01765873128375,1,0.0
7,3,2021-01-05,2021-07-06,CNC/EXC,False,False,36,-2.4823446156669386,0.2869106151592716,17.136906400772016,0.780408320003907,all,0.7884574125724093,1.0,19.0,128.20888000559572,4862.130212445877,29.0,0.0,,0,-2878.6177526330976,-2694.70494002423,183.91281260886808,1,0.0
7,3,2021-01-05,2021-07-06,ED/NVR,False,True,37,-2.379001702344264,0.3348636782471711,10.578109692450804,0.8064373129826036,all,0.7882160480583567,1.0,28.0,77.31006520924282,2774.951697390152,35.0,-5219.549228055852,-0.8804387569493449,4,7934.281388193285,8059.904167484046,125.62277929076083,1,1.0
7,3,2021-01-05,2021-07-06,GDX/GIS,False,True,38,-2.6653599641461887,0.21228385232866648,12.155834760221204,0.7436222606465561,all,0.7879210469856255,1.0,20.0,80.81991558502448,3360.4243663155003,27.0,968.2046023112684,0.15843799466451966,1,0.0,0.0,0.0,0,
7,3,2021-01-05,2021-07-06,INTC/SO,True,True,39,-2.5598163330869346,0.2533439793182015,18.470123834495784,0.7648918814700377,all,0.7856146749624544,1.0,25.0,83.80277869766363,3898.8916260803585,15.0,5851.15052684848,0.9961344191947087,1,10061.490684687775,10172.331973787925,110.84128910014815,1,1.0
7,3,2021-01-05,2021-07-06,INTC/PLD,True,True,40,-2.829622310062581,0.15644130653426952,16.540574047229715,0.692410098509107,all,0.7844346706715297,1.0,24.0,80.87813654764096,3486.5166367371507,8.0,9554.53447394121,1.1919891986020483,2,0.0,0.0,0.0,0,
7,3,2021-01-05,2021-07-06,AEM/FIS,False,True,41,-3.2809408021593733,0.057402203181002996,9.240456797788324,0.546445504898543,all,0.7826110276764644,1.0,24.0,88.41689319326889,2755.1392603865706,26.0,1273.1228720029612,0.13606127192871323,3,6528.432952163037,6658.487896980154,130.0549448171189,1,1.0
7,3,2021-01-05,2021-07-06,AEM/PCAR,False,False,42,-3.0631542403504644,0.09594562300410847,19.905826705180683,0.619806632082684,all,0.780814202960738,1.0,23.0,92.33792217865484,4457.049081159632,30.0,0.0,,0,449.41218861893003,664.0857190771048,214.67353045817873,1,1.0
7,3,2021-01-05,2021-07-06,CBOE/PHM,False,True,43,-2.0431842649885263,0.5060698646259463,16.85027960286235,0.8747041149179671,all,0.7806264750053636,1.0,19.0,76.61797380852651,4339.323615314337,36.0,-5746.331806927796,-0.6278676582797816,2,0.0,0.0,0.0,0,
7,3,2021-01-05,2021-07-06,CBOE/KBH,False,True,44,-1.8845100675044222,0.5878420674116607,15.8947336058608,0.8960621129320788,all,0.7798487449045269,1.0,23.0,85.24477050875548,3294.852509088835,39.0,-11396.681564609033,-1.1105720934240513,10,0.0,0.0,0.0,0,
7,3,2021-01-05,2021-07-06,CAT/WFC,False,True,45,-4.088463311532931,0.005349337380146408,16.713681725417807,0.4549831936236187,all,0.7789905599656727,1.0,27.5,92.95879851468185,3213.5236074464683,49.0,-30226.601285774737,-2.3116374713828485,5,-17628.6639091489,-16984.132598720233,644.531310428671,5,0.4
7,3,2021-01-05,2021-07-06,GDX/TXN,True,True,46,-1.852304679120634,0.6039859306732182,13.82190343624422,0.8990934897952563,all,0.7777837373954086,1.0,34.5,97.84573617459301,2808.0093389427752,6.0,11610.431943724405,1.628921000139826,2,-5806.053578965953,-5651.519530947444,154.53404801850886,1,0.0
7,3,2021-01-05,2021-07-06,C/CZR,False,True,47,-2.3831451826284984,0.3328788251520269,16.507785798004928,0.8064373129826036,all,0.7751287277408281,1.0,18.5,91.38994062319071,4192.30213540528,22.0,2058.4273139286784,0.14771366083922452,2,0.0,0.0,0.0,0,
7,3,2021-01-05,2021-07-06,CAT/LEN,False,True,48,-3.930917650997744,0.008986806695724898,17.529188379537107,0.4549831936236187,all,0.7743778159193306,1.0,18.5,107.81100284253552,4552.853002787642,38.0,-9682.391843938978,-1.0101498891229237,1,-11602.61740747746,-11164.893636295643,437.72377118182055,3,0.0
7,3,2021-01-05,2021-07-06,GIS/TXN,False,True,49,-2.435200981476223,0.3083693290799296,18.21474313990753,0.7939367265891559,all,0.7709182578845741,1.0,24.5,77.50273872692331,3426.478035892364,32.0,-1570.73877220212,-0.5591323995124989,1,601.4573472473285,741.7708494311155,140.3135021837864,1,1.0
7,3,2021-01-05,2021-07-06,MA/NVR,False,False,50,-2.9667942042904842,0.11831100387418525,14.760844160551335,0.6565356498207064,all,0.770623256811843,1.0,25.5,87.10370036247983,2854.5293730521676,31.0,0.0,,0,0.0,0.0,0.0,0,
8,4,2021-07-07,2022-01-03,FIS/NEM,False,False,1,-3.3907809548140255,0.04338479118881155,10.391180957653527,0.5805298249550498,all,0.8678810720268006,1.0,28.5,113.76294179116321,4344.921066345322,21.0,0.0,,0,-16285.69287097555,-15766.0823549068,519.6105160687525,5,0.2
8,4,2021-07-07,2022-01-03,FIS/NVDA,True,True,2,-4.051213241334932,0.006061625836520013,9.852472655425027,0.3624111797118985,all,0.8649796602057909,1.0,26.0,112.24937958144807,4299.103977686349,2.0,13720.391914707594,2.4602061514816254,1,-16647.97134844523,-16284.568217407443,363.40313103778385,3,0.0
8,4,2021-07-07,2022-01-03,C/H,False,True,3,-2.771803275340463,0.1748213267872582,12.068566620348207,0.822571881384648,all,0.8614501076812635,1.0,28.0,78.16297854728877,4791.506685045154,17.0,5884.339615429173,1.7529846080563596,1,4186.406503051923,4512.189231193719,325.7827281417952,2,0.5
8,4,2021-07-07,2022-01-03,FIS/GOLD,False,False,4,-4.071338393418375,0.005666774017345389,9.541322540267265,0.3624111797118985,all,0.8603732950466618,1.0,23.5,123.56847383318649,4660.324643093105,22.0,0.0,,0,-21388.18790916552,-20786.16741292907,602.0204962364444,5,0.2
8,4,2021-07-07,2022-01-03,FIS/PCAR,True,True,5,-3.852891142468901,0.011507134123165622,9.452450361583283,0.4060518342617117,all,0.8584888729361092,1.0,25.5,87.02734453146334,3879.7864747650874,13.0,6970.296690139137,1.0593079420004274,1,-13057.36627753661,-12723.753384980571,333.6128925560414,3,0.0
8,4,2021-07-07,2022-01-03,GDX/MOH,True,True,6,-2.6110293257534547,0.2324095992513323,13.890149887716774,0.8609957762979051,all,0.8572026800670016,1.0,28.0,123.10629338476554,6836.33181938214,15.0,6801.714159579059,0.9953543672364368,1,304.0686396393389,574.2679667515115,270.19932711216967,2,0.5
8,4,2021-07-07,2022-01-03,CZR/TOL,True,True,7,-3.3414778704161376,0.04927896138092025,7.55405386271442,0.5981208479022224,all,0.8544209140942809,1.0,25.0,118.0353689455875,3623.039825441677,5.0,11852.005790511215,2.6848753023094187,1,10215.690234288646,10568.938224833322,353.24799054467667,2,0.5
8,4,2021-07-07,2022-01-03,FIS/RIO,True,True,8,-3.6874354943878913,0.019018083782327354,9.783524363484885,0.45598685047677195,all,0.8518485283560661,1.0,24.0,104.23845573610393,3916.887774334674,9.0,8107.741730701834,1.2890928291223243,1,-16187.872187643683,-15516.283110175826,671.5890774678559,6,0.16666666666666666
8,4,2021-07-07,2022-01-03,AIG/EXC,True,True,9,-3.455459290662012,0.03655340327087848,7.7671184571202385,0.5657582953865441,all,0.8466140224934194,1.0,31.0,58.390878413158305,3060.894619418718,12.0,6987.447789862842,2.595477503369586,1,298.3749701073473,557.9719748926191,259.5970047852707,2,0.5
8,4,2021-07-07,2022-01-03,CBOE/RTX,False,False,10,-3.969796499467826,0.00792607184927578,10.94112351922663,0.39266089437133445,all,0.8368927973199329,1.0,29.0,75.01594600954473,3203.5881386394362,23.0,0.0,,0,1216.802435644237,1546.835140530939,330.0327048867026,2,1.0
8,4,2021-07-07,2022-01-03,CNC/NEM,False,False,11,-2.452446976385466,0.30043405213992835,13.26430912521926,0.911901758393012,all,0.8365338597750658,1.0,28.5,114.48255078206044,3620.864057072622,24.0,0.0,,0,-5985.919982892868,-5806.629151942778,179.2908309500889,1,0.0
8,4,2021-07-07,2022-01-03,MOH/PYPL,True,True,12,-3.7562530705709567,0.015487724684835917,12.327215117704759,0.4473709799389157,all,0.835995453457765,1.0,34.5,104.60483899840698,3266.8368977656055,1.0,16056.213050643386,2.948238662817731,2,-9918.631943414799,-9777.49605830531,141.13588510948864,1,0.0
8,4,2021-07-07,2022-01-03,AEP/C,False,False,13,-3.313010580091999,0.05297271145831618,13.855708749734058,0.5981208479022224,all,0.8324359894711654,1.0,26.0,87.91067352933537,3858.739232193799,25.0,0.0,,0,0.0,0.0,0.0,0,
8,4,2021-07-07,2022-01-03,FCX/V,False,True,14,-2.651554063728477,0.21748428190702496,11.32831613402911,0.8494727823009987,all,0.8321667863125148,1.0,22.5,88.4294494580859,3754.1623306035453,49.0,-4701.850242478199,-0.3443083594870526,2,3066.4038064382694,3160.328315925194,93.92450948692564,1,1.0
8,4,2021-07-07,2022-01-03,CB/TECK,False,False,15,-4.227947602031833,0.0033075907660927804,14.042053685020603,0.2621352331988596,all,0.831389088298636,1.0,32.0,95.20706907738864,3545.3708349575977,26.0,0.0,,0,11352.578665559098,11501.97485468515,149.3961891260521,1,1.0
8,4,2021-07-07,2022-01-03,GPN/QCOM,False,False,16,-3.458932106966805,0.03621378328996364,13.53893362434779,0.5657582953865441,all,0.8283979420914094,1.0,24.0,117.55203931799689,3883.9616827725827,27.0,0.0,,0,-12906.504232116906,-12511.469500969566,395.03473114733913,3,0.3333333333333333
8,4,2021-07-07,2022-01-03,PEP/PHM,False,False,17,-3.7275597685148996,0.016882827366611793,5.783522817474599,0.4473709799389157,all,0.8212790141182101,1.0,31.5,66.38820295263632,2611.6482166701508,28.0,0.0,,0,-9344.173244010106,-8992.04084668411,352.13239732599277,2,0.0
8,4,2021-07-07,2022-01-03,SCCO/V,False,True,18,-2.5397530654215825,0.2618237278562967,14.200969004198427,0.8987815548920092,all,0.8208602536491983,1.0,30.5,78.34326182348727,3287.6189092334084,48.0,-2805.4279949180072,-0.3802121562683724,2,14618.806328349077,14831.46477937478,212.6584510257027,2,1.0
8,4,2021-07-07,2022-01-03,CZR/LYB,False,False,19,-2.6365624925012257,0.22321887422761705,9.493703973389952,0.8563250476874638,all,0.8205611390284757,1.0,18.5,120.71602428025406,4241.686611560982,29.0,0.0,,0,4130.0878212736825,4287.653908023137,157.56608674945556,1,1.0
8,4,2021-07-07,2022-01-03,AEP/O,False,False,20,-4.443943099999146,0.0015117876308866135,8.98805032538682,0.20332873594007733,all,0.8197834410145968,1.0,27.0,65.06619463700929,2761.3589321501863,30.0,0.0,,0,0.0,0.0,0.0,0,
8,4,2021-07-07,2022-01-03,CME/LUV,False,False,21,-2.5106824659498144,0.27437816651743535,10.937112392675786,0.9001782229001672,all,0.8192749461593682,1.0,21.5,97.22528408477615,3443.091479332288,31.0,0.0,,0,-11074.553911618426,-10812.282097904012,262.27181371441674,2,0.0
8,4,2021-07-07,2022-01-03,LMT/TFC,False,False,22,-3.597344102487825,0.024687592666906906,14.35893491437133,0.48008398196545615,all,0.8181682220626945,1.0,24.5,109.78867762997804,3662.9274516413057,32.0,0.0,,0,9336.322289820208,9440.227375545051,103.90508572484569,1,1.0
8,4,2021-07-07,2022-01-03,MRK/WFC,False,False,23,-3.3879949606464406,0.04370146838679686,10.390932006936003,0.5833782715767181,all,0.8181083991385498,1.0,28.5,84.01198777160705,2784.6426686849263,33.0,0.0,,0,18674.112660844716,18997.678248863103,323.5655880183885,3,1.0
8,4,2021-07-07,2022-01-03,PEP/TOL,False,False,24,-3.5488748996551966,0.02830177301828476,6.5817328468372045,0.5004625409888868,all,0.8176298157453936,1.0,31.5,75.27809163389604,2559.2633262829318,34.0,0.0,,0,-7574.194485781877,-7211.059160424552,363.1353253573274,2,0.0
8,4,2021-07-07,2022-01-03,MAR/WYNN,False,False,25,-3.4190463198138596,0.04027861885561748,8.220518959748501,0.5751754004563058,all,0.8175699928212491,1.0,30.5,74.35104471461185,2621.2866517672896,35.0,0.0,,0,-19738.616247986858,-18615.96364380217,1122.6526041846823,9,0.0
8,4,2021-07-07,2022-01-03,BAC/HLT,False,True,26,-2.3768430645694125,0.33589961873721347,10.860769941318553,0.9337213515809341,all,0.8165829145728644,1.0,23.5,67.60655984264349,3084.486641226091,47.0,-87.69780324731357,-0.016957776055687858,2,0.0,0.0,0.0,0,
8,4,2021-07-07,2022-01-03,CMI/DHI,True,True,27,-3.5911829378019604,0.025123753269827305,13.834084222824389,0.48354621019325156,all,0.8160445082555635,1.0,21.5,83.42887882830847,4064.414145256026,8.0,8182.438432341531,1.1147352001000914,1,1457.5298619839075,1700.2875938792272,242.75773189531992,2,0.5
8,4,2021-07-07,2022-01-03,GIS/GOLD,False,False,28,-2.7528409899238677,0.18115150878622405,12.928969132447282,0.8229657251433626,all,0.8158949509452023,1.0,27.0,80.72987262582787,3061.7013706564144,36.0,0.0,,0,1970.3994485625092,2124.971342328206,154.57189376569707,1,1.0
8,4,2021-07-07,2022-01-03,MRK/USB,True,True,29,-3.350783905876968,0.048118482084774344,10.652361371702826,0.5981208479022224,all,0.8144592007657334,1.0,30.0,81.67904563494918,2723.7002236908284,14.0,6889.207793343202,2.5975901514894915,1,18398.721160393925,18717.73415672807,319.012996334145,3,1.0
8,4,2021-07-07,2022-01-03,KBH/UNP,True,True,30,-3.421923726559911,0.03997311267626139,14.71848723241953,0.5751754004563058,all,0.8135618569035654,1.0,24.0,90.2596296139606,3659.967909764313,3.0,12703.846535432971,3.247961210988261,1,979.2995658408064,1145.0522952340957,165.75272939328917,1,1.0
8,4,2021-07-07,2022-01-03,MRK/SPG,False,False,31,-3.445899112157531,0.03750221421233952,9.829942000145415,0.5719849928289906,all,0.8134422110552764,1.0,25.5,85.60077014459661,2775.170858862813,37.0,0.0,,0,18148.580422881543,18382.755223397344,234.17480051580102,2,1.0
8,4,2021-07-07,2022-01-03,EXC/HLT,True,True,32,-3.43925632371146,0.03817360992557954,11.889973890533977,0.5736248336410615,all,0.8134122995932042,1.0,27.5,75.02524554292425,2889.1514588893006,6.0,10489.571332538553,3.4542653544868833,1,-1119.55992600642,-976.6696487423078,142.89027726411294,1,0.0
8,4,2021-07-07,2022-01-03,LMT/WYNN,False,False,33,-3.724182935193129,0.017054055567757492,13.296996262947928,0.4473709799389157,all,0.813412299593204,1.0,21.5,115.33081368898202,3694.5767508783215,38.0,0.0,,0,0.0,0.0,0.0,0,
8,4,2021-07-07,2022-01-03,ELV/NUE,True,True,34,-2.9144845482864588,0.13195692868531816,11.639596459440822,0.7749445558532098,all,0.8121261067240967,1.0,30.5,99.69786140008623,2764.744060625802,11.0,7018.983038555384,1.7808305135953488,1,7917.493704018119,8117.250727917986,199.7570238998659,2,0.5
8,4,2021-07-07,2022-01-03,GIS/TMUS,True,True,35,-2.5793998997833434,0.2452165270701105,14.057507243444995,0.8789010727895541,all,0.8119466379516631,1.0,25.0,68.27324421088366,3346.693901788067,7.0,9855.77257531217,1.7089044667745916,1,-5146.123403333439,-4995.334614214921,150.7887891185169,1,0.0
8,4,2021-07-07,2022-01-03,AEP/WFC,False,False,36,-3.6871015433636622,0.019036802216497336,13.001004487372606,0.45598685047677195,all,0.8114381430964345,1.0,22.0,88.4668129496057,3483.544491064169,39.0,0.0,,0,0.0,0.0,0.0,0,
8,4,2021-07-07,2022-01-03,MRK/QCOM,False,True,37,-3.293205225886716,0.05567392096693847,10.827582719759228,0.6005517002575704,all,0.8102715960756162,1.0,27.0,92.92140120606894,2758.0294445683103,20.0,4469.451032168819,1.0064085645553635,1,12611.311578040588,12873.569910719732,262.25833267914504,2,1.0
8,4,2021-07-07,2022-01-03,MRK/UPS,False,True,38,-3.293963153741634,0.05556852130603161,10.843588113466778,0.6005517002575704,all,0.8100023929169657,1.0,28.0,91.99210569665833,2729.23672390042,19.0,4967.289496293505,1.145909364027825,1,10819.346875127534,11079.78527108635,260.4383959588169,2,1.0
8,4,2021-07-07,2022-01-03,FCX/ICE,False,True,39,-4.617443481912452,0.0007801605244158947,7.491863181705246,0.182673087968309,all,0.80979301268246,1.0,29.5,75.90815697162793,2500.51304403819,50.0,-7414.546776381341,-0.5739549225339957,2,-1436.0723344491462,-1236.9567620673306,199.11557238181558,1,0.0
8,4,2021-07-07,2022-01-03,LMT/MGM,False,False,40,-3.6171864645312226,0.023326993711992896,13.197705324681781,0.4792411964583659,all,0.8084769083512803,1.0,22.5,117.47370305927214,3358.727371936677,40.0,0.0,,0,9463.712699215264,9567.381265719388,103.66856650412149,1,1.0
8,4,2021-07-07,2022-01-03,PEP/SCCO,False,True,41,-4.454063852195778,0.0014557032233572496,7.397355181771461,0.20332873594007733,all,0.8078188561856903,1.0,28.5,78.46895314114806,2492.532447813032,16.0,6785.353869281253,1.3933673511270541,2,-14513.81947289286,-14077.933999781402,435.88547311145646,3,0.0
8,4,2021-07-07,2022-01-03,MA/MOH,False,False,42,-3.096587032871782,0.088990353170392,15.233669663014714,0.669455004328283,all,0.8075795644891122,1.0,25.5,101.45344661683463,3407.4843603151157,41.0,0.0,,0,6922.024109671118,7033.3662672061455,111.34215753502762,1,1.0
8,4,2021-07-07,2022-01-03,PEP/STLD,False,False,43,-4.5213768290179495,0.0011292587599798427,6.880065739671763,0.20332873594007733,all,0.8073402727925342,1.0,24.5,76.74438156374414,2632.6162580110595,42.0,0.0,,0,-8352.332895484058,-7959.263106546194,393.06978893786373,3,0.0
8,4,2021-07-07,2022-01-03,RTX/SPG,False,False,44,-2.7168093392298,0.19359135993069737,11.18985212985206,0.83207329301903,all,0.8063831060062215,1.0,18.5,83.53970176613448,3957.4362144481975,43.0,0.0,,0,1091.5907993738883,1198.3812965260117,106.79049715212346,1,1.0
8,4,2021-07-07,2022-01-03,ELV/STLD,False,False,45,-3.615586833513874,0.023434226895397415,8.224625024615182,0.4792411964583659,all,0.8051866475233309,1.0,34.0,94.10858180470382,2410.6101786231156,44.0,0.0,,0,624.8226264718448,913.3748414905544,288.5522150187101,2,0.5
8,4,2021-07-07,2022-01-03,EXC/TECK,True,True,46,-3.280872624880935,0.05741193110493623,12.5244429776466,0.6042229453365948,all,0.8041995692749462,1.0,22.0,84.73306993710831,3200.9971473163823,10.0,7505.153979497787,2.030078212378915,1,4220.531072306609,4563.186946844923,342.65587453831324,2,0.5
8,4,2021-07-07,2022-01-03,AVGO/CMI,False,True,47,-3.844692086657379,0.011805492773465489,8.001813561841747,0.40954857646219783,all,0.8039303661162958,1.0,31.5,64.63532638374305,2396.910118722193,18.0,4983.872126175141,0.8596728018960993,3,-17260.29913710252,-16920.69420309353,339.6049340089915,3,0.0
8,4,2021-07-07,2022-01-03,LVS/SO,False,False,48,-3.3081767194690515,0.05362189277915135,13.46403365319929,0.5981208479022224,all,0.8024946159368269,1.0,28.5,85.52635887526924,2834.2517921999074,45.0,0.0,,0,-15782.92001472,-15305.917169202216,477.0028455177858,4,0.0
8,4,2021-07-07,2022-01-03,PFE/PYPL,False,False,49,-3.7440233075273683,0.01606944213784141,17.065114151128995,0.4473709799389157,all,0.8019562096195262,1.0,25.0,86.38923430757266,3756.64827564433,46.0,0.0,,0,-24895.244479304012,-24510.1412282384,385.10325106561197,3,0.0
8,4,2021-07-07,2022-01-03,MGM/TECK,True,True,50,-4.332559035557535,0.0022768079495263166,13.47342546394845,0.21794010360467095,all,0.8019262981574539,1.0,23.5,109.65184202238473,3097.146618406051,4.0,12496.564965272388,1.920761107466013,1,0.0,0.0,0.0,0,
9,4,2022-01-04,2022-07-06,FIS/NEM,False,True,1,-3.3907809548140255,0.04338479118881155,10.391180957653527,0.5805298249550498,all,0.8678810720268006,1.0,28.5,113.76294179116321,4344.921066345322,45.0,-16285.69287097555,-1.75973727226558,5,-24247.165489350024,-23633.179848839605,613.9856405104122,5,0.0
9,4,2022-01-04,2022-07-06,FIS/NVDA,False,True,2,-4.051213241334932,0.006061625836520013,9.852472655425027,0.3624111797118985,all,0.8649796602057909,1.0,26.0,112.24937958144807,4299.103977686349,46.0,-16647.97134844523,-1.6445958771918512,3,-6019.061565987062,-5633.722359007585,385.33920697947605,3,0.3333333333333333
9,4,2022-01-04,2022-07-06,C/H,True,True,3,-2.771803275340463,0.1748213267872582,12.068566620348207,0.822571881384648,all,0.8614501076812635,1.0,28.0,78.16297854728877,4791.506685045154,14.0,4186.406503051923,0.8318794124632236,2,-5013.552663514446,-4670.2262077425285,343.32645577191965,2,0.5
9,4,2022-01-04,2022-07-06,FIS/GOLD,False,True,4,-4.071338393418375,0.005666774017345389,9.541322540267265,0.3624111797118985,all,0.8603732950466618,1.0,23.5,123.56847383318649,4660.324643093105,49.0,-21388.18790916552,-1.8189001159353595,5,-486.5223247938378,-38.902128607111536,447.6201961867272,3,0.3333333333333333
9,4,2022-01-04,2022-07-06,FIS/PCAR,False,True,5,-3.852891142468901,0.011507134123165622,9.452450361583283,0.4060518342617117,all,0.8584888729361092,1.0,25.5,87.02734453146334,3879.7864747650874,41.0,-13057.36627753661,-1.9011353140281906,3,-16756.650591392296,-16249.18705865866,507.46353273364366,4,0.25
9,4,2022-01-04,2022-07-06,GDX/MOH,False,True,6,-2.6110293257534547,0.2324095992513323,13.890149887716774,0.8609957762979051,all,0.8572026800670016,1.0,28.0,123.10629338476554,6836.33181938214,23.0,304.0686396393389,0.03990713763556721,2,12456.499664075793,12713.423799548553,256.92413547275737,2,0.5
9,4,2022-01-04,2022-07-06,CZR/TOL,True,True,7,-3.3414778704161376,0.04927896138092025,7.55405386271442,0.5981208479022224,all,0.8544209140942809,1.0,25.0,118.0353689455875,3623.039825441677,8.0,10215.690234288646,1.673256700742864,2,4707.704523418699,5130.060547753097,422.3560243344005,2,0.5
9,4,2022-01-04,2022-07-06,FIS/RIO,False,True,8,-3.6874354943878913,0.019018083782327354,9.783524363484885,0.45598685047677195,all,0.8518485283560661,1.0,24.0,104.23845573610393,3916.887774334674,44.0,-16187.872187643683,-1.5553351196243719,6,-18905.7406715509,-18394.07710076207,511.6635707888354,4,0.25
9,4,2022-01-04,2022-07-06,AIG/EXC,False,True,9,-3.455459290662012,0.03655340327087848,7.7671184571202385,0.5657582953865441,all,0.8466140224934194,1.0,31.0,58.390878413158305,3060.894619418718,24.0,298.3749701073473,0.08345615601621462,2,-14494.272155643237,-14058.78074413142,435.49141151182266,3,0.0
9,4,2022-01-04,2022-07-06,CBOE/RTX,False,True,10,-3.969796499467826,0.00792607184927578,10.94112351922663,0.39266089437133445,all,0.8368927973199329,1.0,29.0,75.01594600954473,3203.5881386394362,19.0,1216.802435644237,0.20871921537108198,2,2026.503473017794,2191.548031555509,165.04455853771674,1,1.0
9,4,2022-01-04,2022-07-06,CNC/NEM,False,True,11,-2.452446976385466,0.30043405213992835,13.26430912521926,0.911901758393012,all,0.8365338597750658,1.0,28.5,114.48255078206044,3620.864057072622,34.0,-5985.919982892868,-0.9365403778964104,1,-997.3951151068301,-542.7313533684569,454.6637617383757,3,0.3333333333333333
9,4,2022-01-04,2022-07-06,MOH/PYPL,False,True,12,-3.7562530705709567,0.015487724684835917,12.327215117704759,0.4473709799389157,all,0.835995453457765,1.0,34.5,104.60483899840698,3266.8368977656055,38.0,-9918.631943414799,-2.013760683452666,1,2530.697014121185,2904.900398141281,374.20338402009816,2,0.5
9,4,2022-01-04,2022-07-06,AEP/C,False,False,13,-3.313010580091999,0.05297271145831618,13.855708749734058,0.5981208479022224,all,0.8324359894711654,1.0,26.0,87.91067352933537,3858.739232193799,25.0,0.0,,0,-5788.107949036589,-5288.280645563098,499.82730347349246,4,0.5
9,4,2022-01-04,2022-07-06,FCX/V,False,True,14,-2.651554063728477,0.21748428190702496,11.32831613402911,0.8494727823009987,all,0.8321667863125148,1.0,22.5,88.4294494580859,3754.1623306035453,16.0,3066.4038064382694,0.4416821177833709,1,22252.58308392055,22515.179850235792,262.59676631524246,3,1.0
9,4,2022-01-04,2022-07-06,CB/TECK,True,True,15,-4.227947602031833,0.0033075907660927804,14.042053685020603,0.2621352331988596,all,0.831389088298636,1.0,32.0,95.20706907738864,3545.3708349575977,6.0,11352.578665559098,2.609980724733617,1,0.0,0.0,0.0,0,
9,4,2022-01-04,2022-07-06,GPN/QCOM,False,True,16,-3.458932106966805,0.03621378328996364,13.53893362434779,0.5657582953865441,all,0.8283979420914094,1.0,24.0,117.55203931799689,3883.9616827725827,40.0,-12906.504232116906,-1.3366729864723987,3,-6570.2015096292735,-6258.943904556132,311.2576050731428,2,0.0
9,4,2022-01-04,2022-07-06,PEP/PHM,False,True,17,-3.7275597685148996,0.016882827366611793,5.783522817474599,0.4473709799389157,all,0.8212790141182101,1.0,31.5,66.38820295263632,2611.6482166701508,37.0,-9344.173244010106,-1.6975644850256155,2,-5369.705146797204,-4927.538301790297,442.16684500690315,3,0.3333333333333333
9,4,2022-01-04,2022-07-06,SCCO/V,True,True,18,-2.5397530654215825,0.2618237278562967,14.200969004198427,0.8987815548920092,all,0.8208602536491983,1.0,30.5,78.34326182348727,3287.6189092334084,4.0,14618.806328349077,3.8056820130301334,2,6436.625028749231,6546.963409859327,110.33838111009659,1,1.0
9,4,2022-01-04,2022-07-06,CZR/LYB,True,True,19,-2.6365624925012257,0.22321887422761705,9.493703973389952,0.8563250476874638,all,0.8205611390284757,1.0,18.5,120.71602428025406,4241.686611560982,15.0,4130.0878212736825,0.6973105786657994,1,-15681.50579480427,-15477.262280372637,204.2435144316328,1,0.0
9,4,2022-01-04,2022-07-06,AEP/O,False,False,20,-4.443943099999146,0.0015117876308866135,8.98805032538682,0.20332873594007733,all,0.8197834410145968,1.0,27.0,65.06619463700929,2761.3589321501863,26.0,0.0,,0,-745.8327650933059,-432.8516203134286,312.9811447798768,2,0.5
9,4,2022-01-04,2022-07-06,CME/LUV,False,True,21,-2.5106824659498144,0.27437816651743535,10.937112392675786,0.9001782229001672,all,0.8192749461593682,1.0,21.5,97.22528408477615,3443.091479332288,39.0,-11074.553911618426,-2.5806818448701496,2,8056.010393446511,8388.756909722866,332.74651627635365,2,0.5
9,4,2022-01-04,2022-07-06,LMT/TFC,True,True,22,-3.597344102487825,0.024687592666906906,14.35893491437133,0.48008398196545615,all,0.8181682220626945,1.0,24.5,109.78867762997804,3662.9274516413057,10.0,9336.322289820208,2.5822901852461038,1,-4902.837718958963,-4479.521870095434,423.31584886352766,3,0.3333333333333333
9,4,2022-01-04,2022-07-06,MRK/WFC,True,True,23,-3.3879949606464406,0.04370146838679686,10.390932006936003,0.5833782715767181,all,0.8181083991385498,1.0,28.5,84.01198777160705,2784.6426686849263,1.0,18674.112660844716,2.142146362600135,3,-12585.17436798731,-12285.286125972165,299.88824201514467,3,0.0
9,4,2022-01-04,2022-07-06,PEP/TOL,False,True,24,-3.5488748996551966,0.02830177301828476,6.5817328468372045,0.5004625409888868,all,0.8176298157453936,1.0,31.5,75.27809163389604,2559.2633262829318,35.0,-7574.194485781877,-1.3288014945377637,2,-6593.262457940882,-6147.3241423708405,445.9383155700428,3,0.0
9,4,2022-01-04,2022-07-06,MAR/WYNN,False,True,25,-3.4190463198138596,0.04027861885561748,8.220518959748501,0.5751754004563058,all,0.8175699928212491,1.0,30.5,74.35104471461185,2621.2866517672896,48.0,-19738.616247986858,-2.326393214065714,9,-5715.639031962756,-5343.322680212878,372.3163517498802,2,0.0
9,4,2022-01-04,2022-07-06,BAC/HLT,False,False,26,-2.3768430645694125,0.33589961873721347,10.860769941318553,0.9337213515809341,all,0.8165829145728644,1.0,23.5,67.60655984264349,3084.486641226091,27.0,0.0,,0,1876.406501825375,2112.0513182246395,235.64481639926518,2,0.5
9,4,2022-01-04,2022-07-06,CMI/DHI,False,True,27,-3.5911829378019604,0.025123753269827305,13.834084222824389,0.48354621019325156,all,0.8160445082555635,1.0,21.5,83.42887882830847,4064.414145256026,18.0,1457.5298619839075,0.3123698058021332,2,0.0,0.0,0.0,0,
9,4,2022-01-04,2022-07-06,GIS/GOLD,False,True,28,-2.7528409899238677,0.18115150878622405,12.928969132447282,0.8229657251433626,all,0.8158949509452023,1.0,27.0,80.72987262582787,3061.7013706564144,17.0,1970.3994485625092,0.6292657626436562,1,-2692.263520176737,-2237.6980672187706,454.56545295796377,2,0.5
9,4,2022-01-04,2022-07-06,MRK/USB,True,True,29,-3.350783905876968,0.048118482084774344,10.652361371702826,0.5981208479022224,all,0.8144592007657334,1.0,30.0,81.67904563494918,2723.7002236908284,2.0,18398.721160393925,2.165283426909754,3,-13106.682293329257,-12803.492744641007,303.18954868824807,3,0.0
9,4,2022-01-04,2022-07-06,KBH/UNP,False,True,30,-3.421923726559911,0.03997311267626139,14.71848723241953,0.5751754004563058,all,0.8135618569035654,1.0,24.0,90.2596296139606,3659.967909764313,21.0,979.2995658408064,0.2716309828768576,1,3942.1033152349487,4460.548765806613,518.4454505716587,3,0.6666666666666666
9,4,2022-01-04,2022-07-06,MRK/SPG,True,True,31,-3.445899112157531,0.03750221421233952,9.829942000145415,0.5719849928289906,all,0.8134422110552764,1.0,25.5,85.60077014459661,2775.170858862813,3.0,18148.580422881543,1.9660093388816637,2,-11989.983168641198,-11763.488093213462,226.49507542773685,2,0.0
9,4,2022-01-04,2022-07-06,EXC/HLT,False,True,32,-3.43925632371146,0.03817360992557954,11.889973890533977,0.5736248336410615,all,0.8134122995932042,1.0,27.5,75.02524554292425,2889.1514588893006,31.0,-1119.55992600642,-0.3487411534272755,1,-14320.269264379427,-13593.175647996059,727.0936163833699,6,0.16666666666666666
9,4,2022-01-04,2022-07-06,LMT/WYNN,False,False,33,-3.724182935193129,0.017054055567757492,13.296996262947928,0.4473709799389157,all,0.813412299593204,1.0,21.5,115.33081368898202,3694.5767508783215,28.0,0.0,,0,-7133.153226491761,-6569.359944492542,563.7932819992184,5,0.2
9,4,2022-01-04,2022-07-06,ELV/NUE,True,True,34,-2.9144845482864588,0.13195692868531816,11.639596459440822,0.7749445558532098,all,0.8121261067240967,1.0,30.5,99.69786140008623,2764.744060625802,11.0,7917.493704018119,1.5215106543043972,2,5847.786283952837,6115.605902677911,267.8196187250721,2,0.5
9,4,2022-01-04,2022-07-06,GIS/TMUS,False,True,35,-2.5793998997833434,0.2452165270701105,14.057507243444995,0.8789010727895541,all,0.8119466379516631,1.0,25.0,68.27324421088366,3346.693901788067,33.0,-5146.123403333439,-1.2539327705808008,1,-5439.958317254579,-4894.486404061236,545.4719131933447,3,0.3333333333333333
9,4,2022-01-04,2022-07-06,AEP/WFC,False,False,36,-3.6871015433636622,0.019036802216497336,13.001004487372606,0.45598685047677195,all,0.8114381430964345,1.0,22.0,88.4668129496057,3483.544491064169,29.0,0.0,,0,-4249.872859219352,-3737.2716391381955,512.6012200811565,4,0.25
9,4,2022-01-04,2022-07-06,MRK/QCOM,True,True,37,-3.293205225886716,0.05567392096693847,10.827582719759228,0.6005517002575704,all,0.8102715960756162,1.0,27.0,92.92140120606894,2758.0294445683103,5.0,12611.311578040588,1.1875100866038613,2,-11494.77782853345,-11273.434847441302,221.34298109214882,2,0.0
9,4,2022-01-04,2022-07-06,MRK/UPS,True,True,38,-3.293963153741634,0.05556852130603161,10.843588113466778,0.6005517002575704,all,0.8100023929169657,1.0,28.0,91.99210569665833,2729.23672390042,7.0,10819.346875127534,1.022310577530376,2,-9920.33337544172,-9704.288725309703,216.04465013201548,2,0.0
9,4,2022-01-04,2022-07-06,FCX/ICE,False,True,39,-4.617443481912452,0.0007801605244158947,7.491863181705246,0.182673087968309,all,0.80979301268246,1.0,29.5,75.90815697162793,2500.51304403819,32.0,-1436.0723344491462,-0.30966126916362635,1,-11725.091376370592,-11167.589784593361,557.5015917772305,5,0.2
9,4,2022-01-04,2022-07-06,LMT/MGM,True,True,40,-3.6171864645312226,0.023326993711992896,13.197705324681781,0.4792411964583659,all,0.8084769083512803,1.0,22.5,117.47370305927214,3358.727371936677,9.0,9463.712699215264,2.5368468540172975,1,-4930.165533065435,-4502.252744246702,427.9127888187333,3,0.3333333333333333
9,4,2022-01-04,2022-07-06,PEP/SCCO,False,True,41,-4.454063852195778,0.0014557032233572496,7.397355181771461,0.20332873594007733,all,0.8078188561856903,1.0,28.5,78.46895314114806,2492.532447813032,42.0,-14513.81947289286,-2.3419926697195086,3,7815.460257775897,8119.045853389136,303.58559561324176,2,0.5
9,4,2022-01-04,2022-07-06,MA/MOH,True,True,42,-3.096587032871782,0.088990353170392,15.233669663014714,0.669455004328283,all,0.8075795644891122,1.0,25.5,101.45344661683463,3407.4843603151157,12.0,6922.024109671118,0.8901434228616257,1,14328.351136185513,14437.054525199914,108.70338901439978,1,1.0
9,4,2022-01-04,2022-07-06,PEP/STLD,False,True,43,-4.5213768290179495,0.0011292587599798427,6.880065739671763,0.20332873594007733,all,0.8073402727925342,1.0,24.5,76.74438156374414,2632.6162580110595,36.0,-8352.332895484058,-1.3884009021528503,3,7443.445139323054,7590.599477497846,147.15433817479123,1,1.0
9,4,2022-01-04,2022-07-06,RTX/SPG,False,True,44,-2.7168093392298,0.19359135993069737,11.18985212985206,0.83207329301903,all,0.8063831060062215,1.0,18.5,83.53970176613448,3957.4362144481975,20.0,1091.5907993738883,0.4333509258215796,1,-8723.931608699197,-8325.614201647468,398.31740705172916,3,0.0
9,4,2022-01-04,2022-07-06,ELV/STLD,False,True,45,-3.615586833513874,0.023434226895397415,8.224625024615182,0.4792411964583659,all,0.8051866475233309,1.0,34.0,94.10858180470382,2410.6101786231156,22.0,624.8226264718448,0.09309568195918476,2,9235.837032268633,9527.090406382835,291.25337411419963,2,0.5
9,4,2022-01-04,2022-07-06,EXC/TECK,True,True,46,-3.280872624880935,0.05741193110493623,12.5244429776466,0.6042229453365948,all,0.8041995692749462,1.0,22.0,84.73306993710831,3200.9971473163823,13.0,4220.531072306609,0.727561139149885,2,-938.8756914226585,-400.4298600830007,538.445831339659,3,0.3333333333333333
9,4,2022-01-04,2022-07-06,AVGO/CMI,False,True,47,-3.844692086657379,0.011805492773465489,8.001813561841747,0.40954857646219783,all,0.8039303661162958,1.0,31.5,64.63532638374305,2396.910118722193,47.0,-17260.29913710252,-3.5487556860726657,3,4934.025461169251,5218.831930451446,284.8064692821953,2,0.5
9,4,2022-01-04,2022-07-06,LVS/SO,False,True,48,-3.3081767194690515,0.05362189277915135,13.46403365319929,0.5981208479022224,all,0.8024946159368269,1.0,28.5,85.52635887526924,2834.2517921999074,43.0,-15782.92001472,-1.3331191149861095,4,23537.51465985801,23991.126262605685,453.61160274767633,2,1.0
9,4,2022-01-04,2022-07-06,PFE/PYPL,False,True,49,-3.7440233075273683,0.01606944213784141,17.065114151128995,0.4473709799389157,all,0.8019562096195262,1.0,25.0,86.38923430757266,3756.64827564433,50.0,-24895.244479304012,-2.4720143476158385,3,-12301.82627009433,-11956.600155636559,345.22611445777125,2,0.0
9,4,2022-01-04,2022-07-06,MGM/TECK,False,False,50,-4.332559035557535,0.0022768079495263166,13.47342546394845,0.21794010360467095,all,0.8019262981574539,1.0,23.5,109.65184202238473,3097.146618406051,30.0,0.0,,0,-29613.400112094394,-28347.77585044899,1265.624261645409,7,0.14285714285714285
10,5,2022-07-07,2023-01-04,MA/STLD,False,True,1,-3.9432615110810816,0.008636986437157015,11.056302409201999,0.5170870908362866,all,0.8916580578512397,1.0,31.0,111.05951340649041,4486.5063094804655,18.0,6786.922513621869,0.6334130453420574,2,5056.5706074601585,5238.754344151947,182.18373669178976,2,0.5
10,5,2022-07-07,2023-01-04,MA/NUE,True,True,2,-3.9752448296022793,0.007786789924387064,11.048687831323418,0.5170870908362866,all,0.8876226756198348,1.0,30.0,115.17991428409199,4238.205779578349,1.0,19883.009955070913,2.0164641444434093,3,7540.032278136016,7639.329640697574,99.29736256156104,1,1.0
10,5,2022-07-07,2023-01-04,MA/UNH,True,True,3,-3.732236353683692,0.016648184344198083,12.403371213544334,0.5186208601798118,all,0.8751936983471075,1.0,29.0,109.91683050045286,3798.9564874652897,10.0,12074.377675080968,1.379913515517784,3,6740.653718765761,6837.387755312606,96.73403654684492,1,1.0
10,5,2022-07-07,2023-01-04,MA/RTX,False,True,4,-3.8468269465144824,0.011727151421836562,11.578081557304515,0.5170870908362866,all,0.875,1.0,28.0,99.9560840781011,3762.027892281964,27.0,1747.5178918111715,0.5095363998894774,1,6494.846738681563,6596.233664868324,101.38692618676149,1,1.0
10,5,2022-07-07,2023-01-04,MA/TECK,True,True,5,-3.8528274800633366,0.011509424673405601,11.853252321451041,0.5170870908362866,all,0.8720299586776858,1.0,28.0,116.35331264834537,3647.317850144799,5.0,15725.567942534459,1.2489864193817368,3,6869.609929337783,6967.698661282309,98.08873194452576,1,1.0
10,5,2022-07-07,2023-01-04,AVGO/MOH,False,False,6,-3.8534225167472407,0.011488031287146054,11.794419367067734,0.5170870908362866,all,0.8692858987603306,1.0,27.0,74.32385682892014,3589.407330336239,29.0,0.0,,0,-944.9246021540894,-436.23050207916276,508.6941000749286,5,0.2
10,5,2022-07-07,2023-01-04,HUM/NEM,False,True,7,-3.447090416177239,0.037382863613832154,13.527934983030317,0.6219970995396907,all,0.8633135330578512,1.0,25.5,93.40373975060034,3738.6416723938005,45.0,-1892.0131289832598,-1.5190466495775303,1,-12053.317958304371,-11478.966090796315,574.3518675080542,5,0.2
10,5,2022-07-07,2023-01-04,AEM/AIG,False,False,8,-3.139688967733105,0.08060611466774398,16.920549140205896,0.7635925602809385,all,0.8631198347107438,1.0,25.0,101.26248012845025,5125.851711525776,30.0,0.0,,0,1966.311859468723,2490.647394278217,524.3355348094979,3,0.3333333333333333
10,5,2022-07-07,2023-01-04,MAR/TECK,True,True,9,-3.2371814726035724,0.06392679425055589,16.38021028419541,0.7365098372197788,all,0.861796229338843,1.0,24.0,90.69580521616143,5110.037391125014,9.0,12578.768822380342,1.3152595138004386,2,3190.34155764828,3301.846421229742,111.50486358146222,1,1.0
10,5,2022-07-07,2023-01-04,KGC/LLY,False,True,10,-2.8927270903660167,0.13795479408819705,16.17505083264492,0.876468574172251,all,0.8613765495867769,1.0,29.0,42.375942037165686,3907.268716231574,48.0,-8706.78034886343,-0.8359462221160503,1,-7559.181545213828,-5327.104281558084,2232.077263655745,7,0.14285714285714285
10,5,2022-07-07,2023-01-04,GPN/LVS,False,True,11,-3.4206270488680333,0.0401105453660868,14.03933190222894,0.6330681693766606,all,0.8572766012396694,1.0,26.5,76.7911622125939,3505.509427198618,19.0,6067.103435977277,1.0898940797814265,1,9751.53869943275,10192.025018700484,440.486319267736,3,0.6666666666666666
10,5,2022-07-07,2023-01-04,LMT/NEM,False,True,12,-3.6928220861942043,0.01871836942788526,11.023252067476493,0.5186208601798118,all,0.8475594008264462,1.0,36.5,60.49520848620072,2774.9652638057414,50.0,-15312.85708019664,-1.4269080236264307,3,-8260.48619490688,-7968.162428150228,292.32376675665074,2,0.0
10,5,2022-07-07,2023-01-04,KBH/PYPL,True,True,13,-3.667673145027075,0.020153833147641888,15.618116708019167,0.5286226458529159,all,0.8453964359504131,1.0,23.0,134.68741576489037,3858.8894592257134,14.0,10272.747870641855,0.9669634355234284,1,14678.447569303404,15017.966510832863,339.5189415294603,1,1.0
10,5,2022-07-07,2023-01-04,AAL/TXN,False,False,14,-3.6645735849213588,0.020337221561834904,13.020199907418343,0.5286226458529159,all,0.845364152892562,1.0,25.5,76.42179548573739,3136.3108201411615,31.0,0.0,,0,6652.016801333351,6966.063520520807,314.0467191874535,2,1.0
10,5,2022-07-07,2023-01-04,HUM/LLY,True,True,15,-3.979040779278866,0.007691056564453512,12.14826195853252,0.5170870908362866,all,0.8381327479338844,1.0,25.5,105.67009548176391,2876.413054029499,7.0,13100.494336008098,2.0915735571416456,1,6195.974604704984,6545.516370686905,349.54176598192356,2,1.0
10,5,2022-07-07,2023-01-04,H/TECK,False,True,16,-3.1458855540199093,0.0794533006772084,17.27694722781872,0.7635925602809385,all,0.8379067665289257,1.0,22.0,101.35271039049174,4152.864359662599,43.0,-1065.3062188541883,-0.13569652632680396,1,0.0,0.0,0.0,0,
10,5,2022-07-07,2023-01-04,FCX/H,False,False,17,-4.039469402174443,0.006303401962815032,10.70396328844947,0.5170870908362866,all,0.8372611053719009,1.0,30.0,83.64685321892846,2641.58640357514,32.0,0.0,,0,-1157.5715645765304,-907.0347087626558,250.53685581387288,1,0.0
10,5,2022-07-07,2023-01-04,NVR/SPG,True,True,18,-3.8216921574376204,0.012679471841521489,13.82245695179195,0.5170870908362866,all,0.8339682334710743,1.0,22.0,103.77323654036326,3362.2929426136975,12.0,10905.747372557707,2.693451696772147,1,13911.320686109348,14289.876342026357,378.55565591701014,2,1.0
10,5,2022-07-07,2023-01-04,CMI/KBH,False,True,19,-3.353197854043462,0.047821170205373985,12.791659012026935,0.6759954159012351,all,0.832709194214876,1.0,25.5,71.05177651063399,2795.12271053625,23.0,4758.930395186882,0.9367920177725072,1,-4643.049501121838,-4245.202865007744,397.8466361140941,2,0.5
10,5,2022-07-07,2023-01-04,RTX/TECK,False,False,20,-3.1383743762134735,0.08085235677378816,16.803619316230783,0.7635925602809385,all,0.8310627582644629,1.0,27.0,69.84381069200302,3102.523803324973,33.0,0.0,,0,8581.290671945744,8736.702119267866,155.4114473221216,1,1.0
10,5,2022-07-07,2023-01-04,PCAR/USB,False,False,21,-3.722432521922897,0.01714341113945757,14.223891568517217,0.5186208601798118,all,0.8304816632231405,1.0,24.0,79.35923033363844,3054.3769648195344,34.0,0.0,,0,-4044.5279280902337,-3424.5298697357025,619.9980583545312,5,0.4
10,5,2022-07-07,2023-01-04,HUM/LYB,False,True,22,-3.55800738093645,0.027588074654319013,14.060278460877639,0.5554769590451228,all,0.8265431301652892,1.0,21.5,100.23914619234847,3284.83543215228,46.0,-2119.454204549106,-1.3196313180011083,1,-2857.7808198188527,-2372.611133621551,485.1696861973048,3,0.3333333333333333
10,5,2022-07-07,2023-01-04,CNC/NOC,False,True,23,-3.4414620349222167,0.03794956475430025,15.036098057429154,0.6230858550247843,all,0.8253809400826446,1.0,23.5,79.2704934590547,3063.03516913721,24.0,4746.947328097261,0.664600952048143,1,776.9407806339041,926.8864072501547,149.94562661624894,1,1.0
10,5,2022-07-07,2023-01-04,PCAR/SCCO,True,True,24,-4.045207202854932,0.006184204572993764,11.262979343004414,0.5170870908362866,all,0.8251872417355371,1.0,23.0,69.37880307710125,2764.4842545723327,11.0,11091.293514362253,2.481420951108391,2,-7807.241381499874,-7165.707290352024,641.5340911478493,4,0.25
10,5,2022-07-07,2023-01-04,PCAR/UAL,False,False,25,-3.805439710838074,0.013331189569311354,13.77861231949335,0.5170870908362866,all,0.8248321280991735,1.0,32.0,75.95359404678959,2576.8038078266627,35.0,0.0,,0,-5456.722991524682,-4891.743533423124,564.9794581015558,4,0.5
10,5,2022-07-07,2023-01-04,JPM/TXN,False,True,26,-4.112294398568709,0.004934474166106913,7.977417493168966,0.5170870908362866,all,0.82396048553719,1.0,23.5,59.11972840160948,2634.082860834201,25.0,4565.280785061957,1.3500826315592789,1,1051.8507444171196,1256.3417412826757,204.49099686555414,2,0.5
10,5,2022-07-07,2023-01-04,CE/TXN,True,True,27,-4.330075153671356,0.0022973757638016425,9.227898459649479,0.44125458635776377,all,0.8217329545454546,1.0,35.0,59.15764735859993,2342.4486721971743,2.0,16713.693499962763,3.5340720885611394,3,-3474.155109703084,-3044.1452241838347,430.00988551924763,3,0.3333333333333333
10,5,2022-07-07,2023-01-04,KGC/SO,False,True,28,-2.7529502751808748,0.18111459797065893,18.161967045025644,0.9152409128921312,all,0.8211518595041323,1.0,33.0,40.65923631608668,2830.2738551507437,49.0,-10150.101811708932,-1.068608846302319,1,18154.945780241935,18868.515605737954,713.5698254960208,3,0.3333333333333333
10,5,2022-07-07,2023-01-04,GDX/LYB,True,True,29,-2.425796115057116,0.3127366721748308,23.26625766111726,0.9338307309484697,all,0.8186014979338844,1.0,24.0,90.39154959416868,4542.1224052411,6.0,13469.041048524115,2.0682745631070416,2,-1743.581002303979,-1372.3339723608572,371.247029943124,3,0.3333333333333333
10,5,2022-07-07,2023-01-04,EMN/MGM,False,False,30,-3.2435185663087487,0.06294654033209063,16.319841485740067,0.732284305987184,all,0.817084194214876,1.0,26.0,69.54599314275741,2764.229070125237,36.0,0.0,,0,-3882.467152625448,-2724.3975218848555,1158.069630740593,6,0.16666666666666666
10,5,2022-07-07,2023-01-04,AEM/CB,False,False,31,-3.571876427018868,0.0265337316874783,16.084836768828428,0.5554769590451228,all,0.8120480371900827,1.0,21.0,94.53088215328292,3244.3833651266664,37.0,0.0,,0,320.6942237933856,771.7390318941918,451.0448081008078,3,0.3333333333333333
10,5,2022-07-07,2023-01-04,FCX/MGM,True,True,32,-2.9721546590085888,0.11697357873217562,19.566327519797806,0.851689978481331,all,0.8115960743801653,1.0,21.0,88.425517482453,3744.9109270933586,4.0,15804.77391343904,1.8688180566111456,2,3191.102905416804,3324.436882552428,133.33397713562363,1,1.0
10,5,2022-07-07,2023-01-04,INTC/WYNN,False,True,33,-3.762137824513718,0.015214477491701836,13.267760905474344,0.5170870908362866,all,0.8110795454545454,1.0,22.5,88.16485036547809,2668.3952188498884,47.0,-4489.515148238999,-1.2746264048518452,1,-14326.982658332281,-13819.154833320277,507.82782501200114,4,0.0
10,5,2022-07-07,2023-01-04,AEM/GOLD,False,False,34,-2.902212230491187,0.13531653726572945,21.11415453683804,0.8755915892710056,all,0.8101433367768596,1.0,20.0,122.73349894031838,5086.727012484191,38.0,0.0,,0,5786.009255285067,6377.108876778581,591.0996214935111,2,0.5
10,5,2022-07-07,2023-01-04,PCAR/TOL,False,False,35,-3.649276019877102,0.02126373555741662,14.236623594041383,0.5286226458529159,all,0.8101110537190084,1.0,21.0,78.34343085998006,3005.992303056045,39.0,0.0,,0,-1460.9311545463797,-902.4897319564654,558.4414225899137,4,0.5
10,5,2022-07-07,2023-01-04,HUM/TECK,False,True,36,-3.837667580430733,0.012066560111619157,12.649802614923399,0.5170870908362866,all,0.8097236570247934,1.0,22.5,105.72734347356362,2615.3968646474173,16.0,9170.420197742518,1.0828003936042085,1,-1342.440383982813,-832.987881074791,509.4525029080221,3,0.3333333333333333
10,5,2022-07-07,2023-01-04,KBH/LMT,True,True,37,-3.4263869385942702,0.039503074534052225,17.732024622944706,0.6322762217088244,all,0.8094976756198348,1.0,20.0,129.11906092351816,3662.3830447474515,3.0,16052.112920404385,2.0309095346509882,1,7977.642987576043,8196.489281837878,218.84629426183216,1,1.0
10,5,2022-07-07,2023-01-04,MOH/NUE,False,True,38,-4.584145643857084,0.0008877244127098796,10.82632741926055,0.40833769038226597,all,0.8093039772727273,1.0,20.5,91.3602441077803,2778.1331861077183,17.0,7968.785995122843,2.108551571368192,1,6131.765704339001,6302.761409440519,170.99570510151824,1,1.0
10,5,2022-07-07,2023-01-04,MDLZ/RTX,True,True,39,-3.554805673349974,0.02783651098352089,15.108024193277892,0.5554769590451228,all,0.8093039772727273,1.0,27.0,50.836183574825185,2523.2746852706987,15.0,9193.500348060412,2.4850974690985916,1,4345.2551031195135,4452.0784033573855,106.82330023787233,1,1.0
10,5,2022-07-07,2023-01-04,KBH/WYNN,True,True,40,-3.683967615080147,0.019213248278349967,14.129874188596457,0.5220380141971186,all,0.8089488636363636,1.0,17.0,116.18458174874007,5863.065758022987,8.0,13022.15744908222,2.0548360728167805,1,9304.552336676832,9602.213024706096,297.66068802926384,1,1.0
10,5,2022-07-07,2023-01-04,PCAR/PHM,False,False,41,-3.5863839321015565,0.02546806650111575,14.708706914902308,0.5543227117922146,all,0.808722882231405,1.0,27.0,72.23090294236711,2494.5489480081483,40.0,0.0,,0,-1994.9874783854266,-1328.2516416059025,666.7358367795225,5,0.4
10,5,2022-07-07,2023-01-04,PNC/TXN,True,True,42,-2.6387592254325303,0.22237290076214505,11.612537154935808,0.92854567055572,all,0.8086905991735538,1.0,28.0,65.43753443225884,2295.642361602184,13.0,10282.174607525514,1.823924290458036,1,0.0,0.0,0.0,0,
10,5,2022-07-07,2023-01-04,GOLD/PLD,False,True,43,-3.233371545507514,0.0645220163254182,23.1493523040873,0.7394807220834966,all,0.806979597107438,1.0,21.5,92.03798759856642,4699.840093741678,22.0,5532.192670264284,0.7083393917117117,1,-4129.103488712009,-3512.9006708124034,616.2028178996076,2,0.5
10,5,2022-07-07,2023-01-04,SPG/WFC,False,False,44,-3.447635779925848,0.037328333124369374,14.325640160853668,0.6219970995396907,all,0.8063662190082644,1.0,26.0,65.03842264226172,2478.2252204755446,41.0,0.0,,0,5469.70649536769,5638.967768913943,169.26127354625055,1,1.0
10,5,2022-07-07,2023-01-04,CME/WFC,False,True,45,-3.2357837245288583,0.0641446486767555,16.41577123720405,0.7366715322258313,all,0.8054622933884298,1.0,29.5,60.18381708908214,2498.9288538715446,28.0,1667.8258005413682,0.2437450122592479,1,-5204.883878609263,-4992.431855485757,212.45202312350509,2,0.5
10,5,2022-07-07,2023-01-04,AVGO/HLT,False,True,46,-3.8257599835597396,0.01252084039797953,11.082024718367038,0.5170870908362866,all,0.805074896694215,1.0,21.0,64.23831046630586,2640.652755453069,26.0,3668.5339748005977,0.8700511339107466,2,5229.599753953422,5462.2188091235685,232.61905517014594,2,0.5
10,5,2022-07-07,2023-01-04,HUM/VZ,False,True,47,-3.5968980026120603,0.02471895229027102,13.095782506867533,0.5529500572562633,all,0.8046875,1.0,18.5,92.8008785864335,3411.995437496873,44.0,-1594.7601083993904,-1.081491544119111,1,2938.8334830520944,3112.178652777239,173.34516972514456,1,1.0
10,5,2022-07-07,2023-01-04,DE/H,False,False,48,-3.709143770012966,0.017835266213934078,13.686840033755978,0.5186208601798118,all,0.8036544421487604,1.0,26.0,89.16337433506094,2363.706456873143,42.0,0.0,,0,0.0,0.0,0.0,0,
10,5,2022-07-07,2023-01-04,TOL/TXN,False,True,49,-3.009276955221746,0.10801680876921665,15.053909376878847,0.8354324681985291,all,0.8033961776859505,1.0,22.5,72.92355184758435,2680.6911420075994,21.0,5667.054168599427,1.2865575753696816,1,13416.096746136605,13740.999896332381,324.9031501957763,2,1.0
10,5,2022-07-07,2023-01-04,KBH/UAL,False,True,50,-3.2169318209524067,0.06714159277383869,16.847857087395987,0.7421161473822161,all,0.8019757231404958,1.0,21.0,104.00435508537709,3068.1976559767636,20.0,5878.658181491845,0.6543065324539395,1,12683.827437677985,13206.785634793823,522.9581971158384,2,1.0
11,5,2023-01-05,2023-07-07,MA/STLD,False,True,1,-3.9432615110810816,0.008636986437157015,11.056302409201999,0.5170870908362866,all,0.8916580578512397,1.0,31.0,111.05951340649041,4486.5063094804655,20.0,5056.5706074601585,0.5804159693132416,2,516.3938321533905,588.2888660091115,71.89503385572107,1,1.0
11,5,2023-01-05,2023-07-07,MA/NUE,True,True,2,-3.9752448296022793,0.007786789924387064,11.048687831323418,0.5170870908362866,all,0.8876226756198348,1.0,30.0,115.17991428409199,4238.205779578349,10.0,7540.032278136016,0.8632642905122903,1,476.8494046005403,548.6387611157265,71.78935651518609,1,1.0
11,5,2023-01-05,2023-07-07,MA/UNH,True,True,3,-3.732236353683692,0.016648184344198083,12.403371213544334,0.5186208601798118,all,0.8751936983471075,1.0,29.0,109.91683050045286,3798.9564874652897,12.0,6740.653718765761,0.8014886691364441,1,1086.306348791427,1213.278929865585,126.97258107415743,1,1.0
11,5,2023-01-05,2023-07-07,MA/RTX,True,True,4,-3.8468269465144824,0.011727151421836562,11.578081557304515,0.5170870908362866,all,0.875,1.0,28.0,99.9560840781011,3762.027892281964,14.0,6494.846738681563,0.8386128630174723,1,0.0,0.0,0.0,0,
11,5,2023-01-05,2023-07-07,MA/TECK,True,True,5,-3.8528274800633366,0.011509424673405601,11.853252321451041,0.5170870908362866,all,0.8720299586776858,1.0,28.0,116.35331264834537,3647.317850144799,11.0,6869.609929337783,0.768567874003854,1,681.3363370936252,811.6605556016525,130.32421850802697,1,1.0
11,5,2023-01-05,2023-07-07,AVGO/MOH,False,True,6,-3.8534225167472407,0.011488031287146054,11.794419367067734,0.5170870908362866,all,0.8692858987603306,1.0,27.0,74.32385682892014,3589.407330336239,32.0,-944.9246021540894,-0.1261341166833469,5,-25800.25478387433,-25435.666525966553,364.58825790777877,3,0.0
11,5,2023-01-05,2023-07-07,HUM/NEM,False,True,7,-3.447090416177239,0.037382863613832154,13.527934983030317,0.6219970995396907,all,0.8633135330578512,1.0,25.5,93.40373975060034,3738.6416723938005,49.0,-12053.317958304371,-1.2385679359808028,5,7067.249892956775,7201.469789926225,134.21989696944996,1,1.0
11,5,2023-01-05,2023-07-07,AEM/AIG,False,True,8,-3.139688967733105,0.08060611466774398,16.920549140205896,0.7635925602809385,all,0.8631198347107438,1.0,25.0,101.26248012845025,5125.851711525776,25.0,1966.311859468723,0.1240860902158461,3,0.0,0.0,0.0,0,
11,5,2023-01-05,2023-07-07,MAR/TECK,False,True,9,-3.2371814726035724,0.06392679425055589,16.38021028419541,0.7365098372197788,all,0.861796229338843,1.0,24.0,90.69580521616143,5110.037391125014,23.0,3190.34155764828,1.8065572495154165,1,0.0,0.0,0.0,0,
11,5,2023-01-05,2023-07-07,KGC/LLY,False,True,10,-2.8927270903660167,0.13795479408819705,16.17505083264492,0.876468574172251,all,0.8613765495867769,1.0,29.0,42.375942037165686,3907.268716231574,46.0,-7559.181545213828,-0.7028123782515493,7,-10921.166175284172,-10250.288399508343,670.8777757758304,3,0.3333333333333333
11,5,2023-01-05,2023-07-07,GPN/LVS,True,True,11,-3.4206270488680333,0.0401105453660868,14.03933190222894,0.6330681693766606,all,0.8572766012396694,1.0,26.5,76.7911622125939,3505.509427198618,6.0,9751.53869943275,1.2085033191780497,3,-6046.625300370679,-5698.521930202065,348.1033701686156,2,0.0
11,5,2023-01-05,2023-07-07,LMT/NEM,False,True,12,-3.6928220861942043,0.01871836942788526,11.023252067476493,0.5186208601798118,all,0.8475594008264462,1.0,36.5,60.49520848620072,2774.9652638057414,48.0,-8260.48619490688,-1.1782742069280112,2,0.0,0.0,0.0,0,
11,5,2023-01-05,2023-07-07,KBH/PYPL,True,True,13,-3.667673145027075,0.020153833147641888,15.618116708019167,0.5286226458529159,all,0.8453964359504131,1.0,23.0,134.68741576489037,3858.8894592257134,2.0,14678.447569303404,1.4037063279382935,1,-25295.33943880513,-24676.070218833185,619.2692199719436,3,0.0
11,5,2023-01-05,2023-07-07,AAL/TXN,True,True,14,-3.6645735849213588,0.020337221561834904,13.020199907418343,0.5286226458529159,all,0.845364152892562,1.0,25.5,76.42179548573739,3136.3108201411615,13.0,6652.016801333351,1.0480551394048125,2,5565.707836748277,5705.139876849362,139.43204010108377,1,1.0
11,5,2023-01-05,2023-07-07,HUM/LLY,True,True,15,-3.979040779278866,0.007691056564453512,12.14826195853252,0.5170870908362866,all,0.8381327479338844,1.0,25.5,105.67009548176391,2876.413054029499,15.0,6195.974604704984,0.6541353842999201,2,-4443.468675949314,-4341.911340943282,101.55733500603188,1,0.0
11,5,2023-01-05,2023-07-07,H/TECK,False,False,16,-3.1458855540199093,0.0794533006772084,17.27694722781872,0.7635925602809385,all,0.8379067665289257,1.0,22.0,101.35271039049174,4152.864359662599,29.0,0.0,,0,-3052.2121687151775,-2636.42272915168,415.78943956350236,2,0.5
11,5,2023-01-05,2023-07-07,FCX/H,False,True,17,-4.039469402174443,0.006303401962815032,10.70396328844947,0.5170870908362866,all,0.8372611053719009,1.0,30.0,83.64685321892846,2641.58640357514,33.0,-1157.5715645765304,-0.1472793415992835,1,0.0,0.0,0.0,0,
11,5,2023-01-05,2023-07-07,NVR/SPG,True,True,18,-3.8216921574376204,0.012679471841521489,13.82245695179195,0.5170870908362866,all,0.8339682334710743,1.0,22.0,103.77323654036326,3362.2929426136975,3.0,13911.320686109348,1.9804755460510546,2,-7176.254821915655,-6693.781818659136,482.47300325651713,4,0.25
11,5,2023-01-05,2023-07-07,CMI/KBH,False,True,19,-3.353197854043462,0.047821170205373985,12.791659012026935,0.6759954159012351,all,0.832709194214876,1.0,25.5,71.05177651063399,2795.12271053625,43.0,-4643.049501121838,-0.8050029200112578,2,8502.809414043344,8632.016081150809,129.20666710746502,1,1.0
11,5,2023-01-05,2023-07-07,RTX/TECK,True,True,20,-3.1383743762134735,0.08085235677378816,16.803619316230783,0.7635925602809385,all,0.8310627582644629,1.0,27.0,69.84381069200302,3102.523803324973,8.0,8581.290671945744,1.8074486644142338,1,0.0,0.0,0.0,0,
11,5,2023-01-05,2023-07-07,PCAR/USB,False,True,21,-3.722432521922897,0.01714341113945757,14.223891568517217,0.5186208601798118,all,0.8304816632231405,1.0,24.0,79.35923033363844,3054.3769648195344,41.0,-4044.5279280902337,-0.7778165023753322,5,-5914.827049192505,-5107.104903992448,807.7221452000566,6,0.3333333333333333
11,5,2023-01-05,2023-07-07,HUM/LYB,False,True,22,-3.55800738093645,0.027588074654319013,14.060278460877639,0.5554769590451228,all,0.8265431301652892,1.0,21.5,100.23914619234847,3284.83543215228,38.0,-2857.7808198188527,-0.2588745879115481,3,6914.251442210005,7274.230274943104,359.97883273310276,2,0.5
11,5,2023-01-05,2023-07-07,CNC/NOC,False,True,23,-3.4414620349222167,0.03794956475430025,15.036098057429154,0.6230858550247843,all,0.8253809400826446,1.0,23.5,79.2704934590547,3063.03516913721,27.0,776.9407806339041,0.10583288387014088,1,-2635.7749557299308,-2377.9356517023066,257.83930402762473,2,0.5
11,5,2023-01-05,2023-07-07,PCAR/SCCO,False,True,24,-4.045207202854932,0.006184204572993764,11.262979343004414,0.5170870908362866,all,0.8251872417355371,1.0,23.0,69.37880307710125,2764.4842545723327,47.0,-7807.241381499874,-1.0228149448964547,4,-24353.55186570385,-23864.7409055163,488.8109601875477,2,0.0
11,5,2023-01-05,2023-07-07,PCAR/UAL,False,True,25,-3.805439710838074,0.013331189569311354,13.77861231949335,0.5170870908362866,all,0.8248321280991735,1.0,32.0,75.95359404678959,2576.8038078266627,45.0,-5456.722991524682,-0.8966658688032507,4,-20643.493272877804,-19907.642041523202,735.8512313545995,4,0.25
11,5,2023-01-05,2023-07-07,JPM/TXN,False,True,26,-4.112294398568709,0.004934474166106913,7.977417493168966,0.5170870908362866,all,0.82396048553719,1.0,23.5,59.11972840160948,2634.082860834201,26.0,1051.8507444171196,0.25181459150971364,2,0.0,0.0,0.0,0,
11,5,2023-01-05,2023-07-07,CE/TXN,False,True,27,-4.330075153671356,0.0022973757638016425,9.227898459649479,0.44125458635776377,all,0.8217329545454546,1.0,35.0,59.15764735859993,2342.4486721971743,39.0,-3474.155109703084,-0.4769757903877852,3,5308.824390430615,5482.131552004974,173.3071615743575,1,1.0
11,5,2023-01-05,2023-07-07,KGC/SO,True,True,28,-2.7529502751808748,0.18111459797065893,18.161967045025644,0.9152409128921312,all,0.8211518595041323,1.0,33.0,40.65923631608668,2830.2738551507437,1.0,18154.945780241935,1.287554115677853,3,16203.72387938125,16627.470647587452,423.7467682062004,2,1.0
11,5,2023-01-05,2023-07-07,GDX/LYB,False,True,29,-2.425796115057116,0.3127366721748308,23.26625766111726,0.9338307309484697,all,0.8186014979338844,1.0,24.0,90.39154959416868,4542.1224052411,36.0,-1743.581002303979,-0.10350413558061355,3,11358.968339136245,11474.465149545218,115.4968104089733,1,1.0
11,5,2023-01-05,2023-07-07,EMN/MGM,False,True,30,-3.2435185663087487,0.06294654033209063,16.319841485740067,0.732284305987184,all,0.817084194214876,1.0,26.0,69.54599314275741,2764.229070125237,40.0,-3882.467152625448,-0.5093379250961197,6,-3189.449166172148,-2824.6822538955585,364.7669122765927,2,0.5
11,5,2023-01-05,2023-07-07,AEM/CB,False,True,31,-3.571876427018868,0.0265337316874783,16.084836768828428,0.5554769590451228,all,0.8120480371900827,1.0,21.0,94.53088215328292,3244.3833651266664,28.0,320.6942237933856,0.025942625788495113,3,0.0,0.0,0.0,0,
11,5,2023-01-05,2023-07-07,FCX/MGM,False,True,32,-2.9721546590085888,0.11697357873217562,19.566327519797806,0.851689978481331,all,0.8115960743801653,1.0,21.0,88.425517482453,3744.9109270933586,22.0,3191.102905416804,1.927654667177945,1,10125.597366673184,10257.13790502211,131.540538348925,1,1.0
11,5,2023-01-05,2023-07-07,INTC/WYNN,False,True,33,-3.762137824513718,0.015214477491701836,13.267760905474344,0.5170870908362866,all,0.8110795454545454,1.0,22.5,88.16485036547809,2668.3952188498884,50.0,-14326.982658332281,-1.5118406375163604,4,-1219.3501144857055,-925.334535915631,294.01557857007253,2,0.5
11,5,2023-01-05,2023-07-07,AEM/GOLD,False,True,34,-2.902212230491187,0.13531653726572945,21.11415453683804,0.8755915892710056,all,0.8101433367768596,1.0,20.0,122.73349894031838,5086.727012484191,17.0,5786.009255285067,0.32823071082107785,2,0.0,0.0,0.0,0,
11,5,2023-01-05,2023-07-07,PCAR/TOL,False,True,35,-3.649276019877102,0.02126373555741662,14.236623594041383,0.5286226458529159,all,0.8101110537190084,1.0,21.0,78.34343085998006,3005.992303056045,35.0,-1460.9311545463797,-0.24780243037529115,4,-31319.739678181326,-30320.45876857749,999.2809096038434,6,0.0
11,5,2023-01-05,2023-07-07,HUM/TECK,False,True,36,-3.837667580430733,0.012066560111619157,12.649802614923399,0.5170870908362866,all,0.8097236570247934,1.0,22.5,105.72734347356362,2615.3968646474173,34.0,-1342.440383982813,-0.1141440580179989,3,0.0,0.0,0.0,0,
11,5,2023-01-05,2023-07-07,KBH/LMT,True,True,37,-3.4263869385942702,0.039503074534052225,17.732024622944706,0.6322762217088244,all,0.8094976756198348,1.0,20.0,129.11906092351816,3662.3830447474515,9.0,7977.642987576043,0.7390851458224184,1,-13833.273092191446,-13382.812195822375,450.4608963690726,2,0.0
11,5,2023-01-05,2023-07-07,MOH/NUE,False,True,38,-4.584145643857084,0.0008877244127098796,10.82632741926055,0.40833769038226597,all,0.8093039772727273,1.0,20.5,91.3602441077803,2778.1331861077183,16.0,6131.765704339001,1.015822358332852,1,4943.074339327146,5182.4513478551835,239.37700852803485,2,0.5
11,5,2023-01-05,2023-07-07,MDLZ/RTX,False,True,39,-3.554805673349974,0.02783651098352089,15.108024193277892,0.5554769590451228,all,0.8093039772727273,1.0,27.0,50.836183574825185,2523.2746852706987,21.0,4345.2551031195135,1.588673367084234,1,-8553.804985503397,-8179.730364280084,374.0746212233149,4,0.0
11,5,2023-01-05,2023-07-07,KBH/WYNN,True,True,40,-3.683967615080147,0.019213248278349967,14.129874188596457,0.5220380141971186,all,0.8089488636363636,1.0,17.0,116.18458174874007,5863.065758022987,7.0,9304.552336676832,0.8174971557156878,1,-267.8397048810011,-97.88720664508901,169.95249823591223,1,0.0
11,5,2023-01-05,2023-07-07,PCAR/PHM,False,True,41,-3.5863839321015565,0.02546806650111575,14.708706914902308,0.5543227117922146,all,0.808722882231405,1.0,27.0,72.23090294236711,2494.5489480081483,37.0,-1994.9874783854266,-0.3562566496477016,5,-26965.955853161566,-25982.489362890483,983.4664902710845,6,0.0
11,5,2023-01-05,2023-07-07,PNC/TXN,False,False,42,-2.6387592254325303,0.22237290076214505,11.612537154935808,0.92854567055572,all,0.8086905991735538,1.0,28.0,65.43753443225884,2295.642361602184,30.0,0.0,,0,-3955.4920330252426,-3735.9755141521855,219.51651887305633,2,0.5
11,5,2023-01-05,2023-07-07,GOLD/PLD,False,True,43,-3.233371545507514,0.0645220163254182,23.1493523040873,0.7394807220834966,all,0.806979597107438,1.0,21.5,92.03798759856642,4699.840093741678,42.0,-4129.103488712009,-0.42797388335223957,2,13445.671869124393,13720.099360869668,274.42749174527455,1,1.0
11,5,2023-01-05,2023-07-07,SPG/WFC,False,True,44,-3.447635779925848,0.037328333124369374,14.325640160853668,0.6219970995396907,all,0.8063662190082644,1.0,26.0,65.03842264226172,2478.2252204755446,18.0,5469.70649536769,1.2662724282425815,1,0.0,0.0,0.0,0,
11,5,2023-01-05,2023-07-07,CME/WFC,False,True,45,-3.2357837245288583,0.0641446486767555,16.41577123720405,0.7366715322258313,all,0.8054622933884298,1.0,29.5,60.18381708908214,2498.9288538715446,44.0,-5204.883878609263,-1.0890803302950562,2,0.0,0.0,0.0,0,
11,5,2023-01-05,2023-07-07,AVGO/HLT,False,True,46,-3.8257599835597396,0.01252084039797953,11.082024718367038,0.5170870908362866,all,0.805074896694215,1.0,21.0,64.23831046630586,2640.652755453069,19.0,5229.599753953422,1.4858385570752957,2,-18413.998650317335,-18133.48883807233,280.50981224500345,2,0.0
11,5,2023-01-05,2023-07-07,HUM/VZ,False,True,47,-3.5968980026120603,0.02471895229027102,13.095782506867533,0.5529500572562633,all,0.8046875,1.0,18.5,92.8008785864335,3411.995437496873,24.0,2938.8334830520944,0.444905212392143,1,-2797.677958625369,-2702.131909306106,95.54604931926296,1,0.0
11,5,2023-01-05,2023-07-07,DE/H,False,False,48,-3.709143770012966,0.017835266213934078,13.686840033755978,0.5186208601798118,all,0.8036544421487604,1.0,26.0,89.16337433506094,2363.706456873143,31.0,0.0,,0,7219.119388253278,7328.534016922088,109.4146286688091,1,1.0
11,5,2023-01-05,2023-07-07,TOL/TXN,True,True,49,-3.009276955221746,0.10801680876921665,15.053909376878847,0.8354324681985291,all,0.8033961776859505,1.0,22.5,72.92355184758435,2680.6911420075994,4.0,13416.096746136605,2.352755427425345,2,-8999.441759424688,-8693.79666322178,305.6450962029079,3,0.3333333333333333
11,5,2023-01-05,2023-07-07,KBH/UAL,True,True,50,-3.2169318209524067,0.06714159277383869,16.847857087395987,0.7421161473822161,all,0.8019757231404958,1.0,21.0,104.00435508537709,3068.1976559767636,5.0,12683.827437677985,1.2465866231617886,2,7383.941223737364,7559.066152197784,175.1249284604203,1,1.0
12,6,2023-07-10,2024-01-05,DAL/HUM,False,True,1,-3.3988990973762734,0.04247289374589291,14.12391335687858,0.7619840246943828,all,0.875110570544007,1.0,27.0,108.79065203025229,4789.656956858769,17.0,1525.5954305481253,1.1114532580895038,1,8963.825512386355,9150.492638931326,186.6671265449727,1,1.0
12,6,2023-07-10,2024-01-05,AAL/ED,False,False,2,-3.3796112303847985,0.04466604193986866,14.222295259007698,0.7619840246943828,all,0.8741430782839452,1.0,30.0,87.42440759003364,4497.404736834272,23.0,0.0,,0,16823.47478942132,17074.726190375768,251.25140095444877,2,1.0
12,6,2023-07-10,2024-01-05,HLT/KGC,False,False,3,-3.3455733748642436,0.048765434553923785,16.6333932944681,0.7619840246943828,all,0.8741430782839451,1.0,28.5,89.60804685809978,5465.930096475195,24.0,0.0,,0,-5908.83353878477,-5722.445583707884,186.3879550768874,1,0.0
12,6,2023-07-10,2024-01-05,LYB/NDAQ,False,False,4,-4.036727356538053,0.006361096848249375,12.403244963705708,0.7619840246943828,all,0.872733303847855,1.0,28.0,92.0165987231084,4296.34444335101,25.0,0.0,,0,0.0,0.0,0.0,0,
12,6,2023-07-10,2024-01-05,MAR/USB,True,True,5,-3.1563417453394247,0.07753739061200247,17.39450368018026,0.7619840246943828,all,0.8691674038036268,1.0,28.5,125.69866601946049,5236.056245321544,12.0,5105.447616729483,1.157894805134075,1,-12281.171518312778,-11902.85912484616,378.31239346661914,2,0.0
12,6,2023-07-10,2024-01-05,DAL/UNH,False,True,6,-3.1418746036950926,0.08019801299582424,15.436151283089465,0.7619840246943828,all,0.8682551968155684,1.0,27.0,99.69869966836853,4506.202351703158,22.0,8.947835718487738,0.005178251108294874,1,9439.664185763952,9617.568365654379,177.9041798904259,1,1.0
12,6,2023-07-10,2024-01-05,AAL/PGR,True,True,7,-3.441803929360528,0.03791493590829236,13.652722440577678,0.7619840246943828,all,0.8677023440955329,1.0,27.0,99.30815962247274,4160.9905661886205,8.0,6801.400918668176,1.037587002951872,1,9546.847637524897,9691.224291929417,144.3766544045191,1,1.0
12,6,2023-07-10,2024-01-05,DAL/NOC,False,True,8,-2.7336551756296763,0.18770833823096406,18.616182211268733,0.7794448939593134,all,0.8627266696152144,1.0,29.0,103.26330089846586,5089.618717197045,48.0,-7346.026905617115,-1.901188678453634,1,17065.058032480818,17238.866919973923,173.8088874931106,1,1.0
12,6,2023-07-10,2024-01-05,ALL/NVDA,False,False,9,-2.9856051985943117,0.11366689837211569,11.628496348512517,0.7619840246943828,all,0.8599624060150376,1.0,32.5,97.43046170288268,3575.5144883095927,26.0,0.0,,0,-8576.99015832829,-8427.140479013407,149.84967931488075,1,0.0
12,6,2023-07-10,2024-01-05,ALL/KBH,False,False,10,-2.645495903471531,0.21979071383697052,12.551126944796163,0.7794448939593134,all,0.859796550199027,1.0,24.5,96.7866300048815,4017.047102019845,27.0,0.0,,0,-9161.635058936954,-9002.735253182504,158.89980575445162,1,0.0
12,6,2023-07-10,2024-01-05,CE/HII,True,True,11,-3.712377138456132,0.017664714182379516,12.64203722616783,0.7619840246943828,all,0.8579168509509068,1.0,24.0,93.6609432189756,4031.2772590654167,2.0,15512.700593851696,1.7694781303755494,1,-10814.97248484438,-10658.72313276991,156.24935207447245,1,0.0
12,6,2023-07-10,2024-01-05,MAR/PNC,False,True,12,-3.147635060631979,0.07913017334578804,17.508326772065452,0.7619840246943828,all,0.8561477222467935,1.0,24.5,129.31110777920432,4731.9587133794885,44.0,-3150.560097831526,-0.6285632330825356,2,-13670.653431803335,-13304.116212827288,366.5372189760414,2,0.0
12,6,2023-07-10,2024-01-05,CNC/LEN,False,False,13,-3.1031292802869044,0.0876760269574487,18.07402350647848,0.7619840246943828,all,0.8560924369747899,1.0,27.0,102.28212252007489,4453.552900336271,28.0,0.0,,0,-4884.2098808191095,-4748.311027185271,135.89885363383777,1,0.0
12,6,2023-07-10,2024-01-05,AAL/ELV,True,True,14,-3.664776642986746,0.02032516314239546,12.889112813267134,0.7619840246943828,all,0.8547655904467051,1.0,24.0,99.53678344726264,3906.2966997063663,5.0,8287.04028311108,1.5570584252165525,1,8377.617664830579,8484.438757388001,106.82109255742182,1,1.0
12,6,2023-07-10,2024-01-05,AAL/INTC,True,True,15,-3.063512016760087,0.09586905416165703,16.68111905374963,0.7619840246943828,all,0.8547103051747015,1.0,25.0,86.43926930071171,4187.440217502706,4.0,8636.986214023193,1.3844476447469134,1,5994.322022341671,6420.571392914006,426.24937057233404,3,0.3333333333333333
12,6,2023-07-10,2024-01-05,UAL/UNH,False,True,16,-3.5799708568831177,0.02593451773773046,14.906815586054066,0.7619840246943828,all,0.8458370190181337,1.0,26.0,123.54429549085674,3479.4368331054443,45.0,-3192.644487969243,-0.8939048192172733,1,9139.10228112087,9308.256507776541,169.15422665566922,1,1.0
12,6,2023-07-10,2024-01-05,GOLD/TECK,False,False,17,-4.001621942139969,0.0071431602695786614,14.644710389548553,0.7619840246943828,all,0.8450353825740824,1.0,23.5,102.91658466599704,3753.7500521613365,29.0,0.0,,0,3032.7206555640505,3524.9266440330202,492.20598846896587,1,1.0
12,6,2023-07-10,2024-01-05,AAL/CE,False,False,18,-3.4240884932300326,0.03974455117807761,14.101857761586805,0.7619840246943828,all,0.8448142414860681,1.0,24.0,76.00288413389012,3582.8910956200048,30.0,0.0,,0,901.6625523769021,1348.9749293329955,447.3123769560914,3,0.3333333333333333
12,6,2023-07-10,2024-01-05,ALL/NVR,False,False,19,-2.671542917718123,0.20998002950886735,11.882470453101709,0.7794448939593134,all,0.8445101724900487,1.0,25.5,93.61132001172929,3331.4964432615448,31.0,0.0,,0,-7223.30303242443,-7065.974484927547,157.32854749688497,1,0.0
12,6,2023-07-10,2024-01-05,EMN/HII,True,True,20,-3.840888380781074,0.01194622820225332,12.00654089557875,0.7619840246943828,all,0.8434597523219814,1.0,23.0,91.05627177133128,3613.276690220085,11.0,6270.539705404459,0.7966081594543499,1,9677.949009218983,9981.952814340773,304.0038051217888,2,1.0
12,6,2023-07-10,2024-01-05,C/PGR,True,True,21,-3.3736462724588923,0.04536303732612868,14.961128951174206,0.7619840246943828,all,0.8432109685979655,1.0,24.5,84.585800153297,3535.006829435784,9.0,6382.918218336827,1.0315354744979386,1,-11566.66146700776,-11427.685066133101,138.97640087465783,1,0.0
12,6,2023-07-10,2024-01-05,ELV/JPM,False,False,22,-3.253142707602211,0.06148101618788861,17.746816945317224,0.7619840246943828,all,0.8422987616099071,1.0,23.0,97.59047716637872,4308.2385840612915,32.0,0.0,,0,-1088.9411735055332,-991.3754200208002,97.56575348473302,1,0.0
12,6,2023-07-10,2024-01-05,EMN/HUM,False,True,23,-4.0543909329852434,0.005997666304831933,10.301749203108718,0.7619840246943828,all,0.8415800530738611,1.0,30.5,91.48984467581222,3111.752025387672,18.0,1299.0116269594532,0.5710271156974043,1,0.0,0.0,0.0,0,
12,6,2023-07-10,2024-01-05,NUE/PYPL,False,False,24,-3.1090540545167387,0.0864987593943819,21.023157707983003,0.7619840246943828,all,0.8412206988058382,1.0,23.5,157.67167912185667,7789.857811286092,33.0,0.0,,0,0.0,0.0,0.0,0,
12,6,2023-07-10,2024-01-05,UAL/VZ,True,True,25,-2.9956239087427057,0.11124935409664566,22.1844480277178,0.7619840246943828,all,0.8408337019018133,1.0,29.0,164.99510316752702,6583.930859227152,3.0,8849.355139576852,1.1396457725259477,2,39633.83028167751,39959.959327458855,326.12904578134595,2,1.0
12,6,2023-07-10,2024-01-05,MAR/TFC,False,True,26,-3.1686452011158153,0.07532974806842233,17.440383066775567,0.7619840246943828,all,0.8387881468376823,1.0,24.5,128.97079285193416,3759.3464118400443,16.0,3097.4369681399594,0.585955301353257,2,-11424.683952911577,-11054.010403989838,370.67354892173563,2,0.0
12,6,2023-07-10,2024-01-05,HUM/NSC,False,False,27,-2.9742183232033286,0.11646168434196397,18.859693708756375,0.7619840246943828,all,0.8363555948695268,1.0,24.5,96.15911617194641,3933.218896912954,34.0,0.0,,0,0.0,0.0,0.0,0,
12,6,2023-07-10,2024-01-05,MAR/MRK,False,False,28,-3.3436329716265583,0.049008185129990334,17.54611971617398,0.7619840246943828,all,0.8349458204334366,1.0,21.5,110.23096705331348,4496.021734481752,35.0,0.0,,0,-7450.495043054642,-7121.8189581876795,328.67608486696645,2,0.0
12,6,2023-07-10,2024-01-05,LUV/PGR,True,True,29,-3.963208578583495,0.008097478984515466,11.058656872993062,0.7619840246943828,all,0.8342547545333924,1.0,21.0,82.10797077038575,3789.678047831916,6.0,8019.033410206868,1.5115981396029394,1,7738.469747731926,7846.015598883035,107.54585115110837,1,1.0
12,6,2023-07-10,2024-01-05,CBOE/NEM,False,True,30,-2.5366160704188654,0.2631633708609197,16.001916472310715,0.7794448939593134,all,0.834171826625387,1.0,27.5,79.21164953255068,3217.9405386599974,20.0,137.91319481497806,0.028043876637298085,1,-21905.14456225521,-21391.03924537076,514.1053168844471,3,0.0
12,6,2023-07-10,2024-01-05,MAR/TECK,False,False,31,-4.175748441641088,0.003968763941319369,10.9825796670964,0.7619840246943828,all,0.8339506855373728,1.0,25.5,86.9477966688894,3086.092790618011,36.0,0.0,,0,-16112.040449707378,-15568.076255571847,543.9641941355255,4,0.0
12,6,2023-07-10,2024-01-05,ALL/CSX,False,True,32,-2.247769229085361,0.3998840408079505,19.837443215526502,0.7847149354300318,all,0.8339230429013711,1.0,23.5,97.89086144067451,4413.363062306008,19.0,749.3829991815355,0.22939128231640804,1,-3589.4011758496654,-3333.5594615595883,255.84171429007688,2,0.5
12,6,2023-07-10,2024-01-05,CZR/PGR,True,True,33,-3.154489839416436,0.07787404604160159,17.57197223906744,0.7619840246943828,all,0.832734409553295,1.0,23.0,111.51835968625234,3821.4026308421307,10.0,6360.391340348286,0.7796894624178446,1,0.0,0.0,0.0,0,
12,6,2023-07-10,2024-01-05,HLT/LEN,False,False,34,-3.0743578144810857,0.09357000532097554,19.701222046136056,0.7619840246943828,all,0.8318498452012384,1.0,30.5,104.04406769932882,3590.7035109915905,37.0,0.0,,0,-602.5210382636567,-490.1878746891907,112.3331635744658,1,0.0
12,6,2023-07-10,2024-01-05,MA/NVDA,False,False,35,-3.8326133618628786,0.012257561504740713,13.876160750285171,0.7619840246943828,all,0.830218929677134,1.0,25.0,94.55134774833711,3121.0126226029865,38.0,0.0,,0,0.0,0.0,0.0,0,
12,6,2023-07-10,2024-01-05,ALL/CBOE,True,True,36,-2.698991436209015,0.1999416138232361,13.246893497917778,0.7794448939593134,all,0.8300530738611234,1.0,24.5,83.9510379576106,3140.168884558466,14.0,4274.18281789375,0.9287729768764512,1,-9007.430614874958,-8773.055143574627,234.3754713003307,2,0.0
12,6,2023-07-10,2024-01-05,UAL/USB,False,True,37,-2.950689700977962,0.12239675190459554,22.897937972771064,0.764881398156856,all,0.8292237947810703,1.0,28.0,163.98900666712888,5801.405723498505,50.0,-17724.866637256182,-2.440399076721291,3,38608.736945220946,38938.61385902218,329.8769138012386,2,1.0
12,6,2023-07-10,2024-01-05,KHC/TECK,False,False,38,-3.426981648842711,0.03944079432104408,15.205790028731988,0.7619840246943828,all,0.8269018133569217,1.0,24.5,66.84987045468746,3154.200593156627,39.0,0.0,,0,631.1802158972423,760.5832964237161,129.40308052647615,1,1.0
12,6,2023-07-10,2024-01-05,UAL/WM,False,True,39,-3.0350943476406216,0.10209737181840489,21.121500662852508,0.7619840246943828,all,0.8258513931888545,1.0,28.0,138.7550891684741,3947.1804796834904,46.0,-5639.606489593586,-1.6797085315490305,1,35713.520211989,36039.25642810223,325.7362161132265,2,1.0
12,6,2023-07-10,2024-01-05,DE/RIO,False,False,40,-3.0410818272562232,0.10076026096597107,19.522369756669164,0.7619840246943828,all,0.8253538257408227,1.0,23.5,80.51350372908429,3836.3250830197703,40.0,0.0,,0,8455.499683739,8579.598934614396,124.0992508753946,1,1.0
12,6,2023-07-10,2024-01-05,H/USB,False,True,41,-2.8325832801762187,0.15553731737445908,21.81959184169837,0.7776865868722954,all,0.825187969924812,1.0,24.5,122.31819546935074,4752.43845871692,49.0,-10648.297949337684,-0.8497061169318462,2,10859.958541069302,11191.983935345988,332.0253942766869,2,0.5
12,6,2023-07-10,2024-01-05,HII/INTC,True,True,42,-3.6364564125905923,0.022068183469176758,13.160546086992335,0.7619840246943828,all,0.8248839009287925,1.0,20.0,84.85118931638542,3841.599513530528,1.0,15520.741807034843,2.8107459137990194,2,-2983.601318137785,-2601.2422254760404,382.35909266174536,2,0.5
12,6,2023-07-10,2024-01-05,C/NOC,True,True,43,-4.376518173811369,0.0019398554584675587,8.92945333273655,0.7619840246943828,all,0.8248839009287925,1.0,28.5,73.81875089654068,2803.0120888344836,13.0,4651.301204508085,1.3616248951826833,1,3818.3361064145383,3907.0310874345964,88.69498102005781,1,1.0
12,6,2023-07-10,2024-01-05,HLT/ICE,True,True,44,-3.4337955596364877,0.03873307065768628,15.366927643297009,0.7619840246943828,all,0.823861123396727,1.0,20.5,89.00094102637554,3810.7909445719506,15.0,4188.35383061393,0.8699364705863755,1,-4637.46163169595,-4487.002135346553,150.4594963493988,1,0.0
12,6,2023-07-10,2024-01-05,ELV/KBH,False,True,45,-2.9759560681443586,0.11603191997040557,21.619566200492066,0.7619840246943828,all,0.8233635559486953,1.0,22.5,106.90267729297182,5771.692341768831,21.0,114.75774823991242,0.01529716599634799,1,9560.593685001255,9851.515838888306,290.9221538870512,2,1.0
12,6,2023-07-10,2024-01-05,KHC/PYPL,False,False,46,-3.19447893801188,0.07085596814897574,17.59696240598948,0.7619840246943828,all,0.8228936311366652,1.0,19.5,72.39721373005628,5025.590880798933,41.0,0.0,,0,8940.807518043666,9170.920664983629,230.11314693996385,2,0.5
12,6,2023-07-10,2024-01-05,INTC/PGR,True,True,47,-3.380397926696214,0.044574784914093564,15.373441761358531,0.7619840246943828,all,0.8225895621406457,1.0,28.0,85.54279028610874,2908.665083483448,7.0,7908.644428772817,2.1693012767801094,1,-15233.0072737034,-15035.095580108009,197.91169359539157,1,0.0
12,6,2023-07-10,2024-01-05,H/LUV,False,True,48,-3.2330374816897383,0.06457441844135561,18.00747273744062,0.7619840246943828,all,0.8206822202565236,1.0,21.5,123.28694922115233,3834.3609268708306,47.0,-6403.746153649057,-0.5829432311833451,2,12646.767458304694,12848.554762659533,201.78730435483888,1,1.0
12,6,2023-07-10,2024-01-05,HLT/WYNN,False,False,49,-3.158370965203276,0.07716981703870918,19.425045934547995,0.7619840246943828,all,0.819797655904467,1.0,21.5,106.80977424239414,4124.735957896827,42.0,0.0,,0,-10061.651378724868,-9747.71404689876,313.9373318261082,3,0.0
12,6,2023-07-10,2024-01-05,CSX/HUM,False,False,50,-3.2853739096918444,0.056772531650253054,19.230936190928087,0.7619840246943828,all,0.8177797434763379,1.0,21.0,77.86596228020561,4147.529002165781,43.0,0.0,,0,0.0,0.0,0.0,0,
13,6,2024-01-08,2024-07-09,DAL/HUM,True,True,1,-3.3988990973762734,0.04247289374589291,14.12391335687858,0.7619840246943828,all,0.875110570544007,1.0,27.0,108.79065203025229,4789.656956858769,13.0,8963.825512386355,1.7834649300169367,1,0.0,0.0,0.0,0,
13,6,2024-01-08,2024-07-09,AAL/ED,True,True,2,-3.3796112303847985,0.04466604193986866,14.222295259007698,0.7619840246943828,all,0.8741430782839452,1.0,30.0,87.42440759003364,4497.404736834272,5.0,16823.47478942132,2.2284733997342556,2,-3216.812883223391,-3063.325198002919,153.4876852204733,1,0.0
13,6,2024-01-08,2024-07-09,HLT/KGC,False,True,3,-3.3455733748642436,0.048765434553923785,16.6333932944681,0.7619840246943828,all,0.8741430782839451,1.0,28.5,89.60804685809978,5465.930096475195,36.0,-5908.83353878477,-1.4537999981522878,1,-7537.434693040865,-7246.430912605024,291.00378043583964,2,0.0
13,6,2024-01-08,2024-07-09,LYB/NDAQ,False,False,4,-4.036727356538053,0.006361096848249375,12.403244963705708,0.7619840246943828,all,0.872733303847855,1.0,28.0,92.0165987231084,4296.34444335101,23.0,0.0,,0,-3641.4317205039506,-3429.000240394189,212.43148010976208,1,0.0
13,6,2024-01-08,2024-07-09,MAR/USB,False,True,5,-3.1563417453394247,0.07753739061200247,17.39450368018026,0.7619840246943828,all,0.8691674038036268,1.0,28.5,125.69866601946049,5236.056245321544,46.0,-12281.171518312778,-1.3938724777894587,2,-3362.096821119596,-2966.092215705819,396.00460541377623,2,0.5
13,6,2024-01-08,2024-07-09,DAL/UNH,True,True,6,-3.1418746036950926,0.08019801299582424,15.436151283089465,0.7619840246943828,all,0.8682551968155684,1.0,27.0,99.69869966836853,4506.202351703158,11.0,9439.664185763952,1.8185902372559266,1,-2394.735768408242,-2087.860544321787,306.8752240864567,2,0.5
13,6,2024-01-08,2024-07-09,AAL/PGR,True,True,7,-3.441803929360528,0.03791493590829236,13.652722440577678,0.7619840246943828,all,0.8677023440955329,1.0,27.0,99.30815962247274,4160.9905661886205,10.0,9546.847637524897,1.727370552214896,1,594.6081527401943,818.3103647402713,223.70221200007788,1,1.0
13,6,2024-01-08,2024-07-09,DAL/NOC,True,True,8,-2.7336551756296763,0.18770833823096406,18.616182211268733,0.7794448939593134,all,0.8627266696152144,1.0,29.0,103.26330089846586,5089.618717197045,4.0,17065.058032480818,3.561157871239209,1,3389.481964974563,3704.521104046239,315.0391390716769,2,0.5
13,6,2024-01-08,2024-07-09,ALL/NVDA,False,True,9,-2.9856051985943117,0.11366689837211569,11.628496348512517,0.7619840246943828,all,0.8599624060150376,1.0,32.5,97.43046170288268,3575.5144883095927,39.0,-8576.99015832829,-1.9670379883538471,1,4854.279632759707,5253.715557138986,399.4359243792789,3,0.3333333333333333
13,6,2024-01-08,2024-07-09,ALL/KBH,False,True,10,-2.645495903471531,0.21979071383697052,12.551126944796163,0.7794448939593134,all,0.859796550199027,1.0,24.5,96.7866300048815,4017.047102019845,41.0,-9161.635058936954,-1.9934964691045034,1,-7753.980909109279,-7147.763812768463,606.2170963408182,5,0.2
13,6,2024-01-08,2024-07-09,CE/HII,False,True,11,-3.712377138456132,0.017664714182379516,12.64203722616783,0.7619840246943828,all,0.8579168509509068,1.0,24.0,93.6609432189756,4031.2772590654167,43.0,-10814.97248484438,-4.243902250054523,1,2762.7133669524787,3200.6847682049215,437.9714012524446,2,0.5
13,6,2024-01-08,2024-07-09,MAR/PNC,False,True,12,-3.147635060631979,0.07913017334578804,17.508326772065452,0.7619840246943828,all,0.8561477222467935,1.0,24.5,129.31110777920432,4731.9587133794885,47.0,-13670.653431803335,-1.5630927317769254,2,-6470.578108162125,-5997.915200015546,472.662908146579,3,0.3333333333333333
13,6,2024-01-08,2024-07-09,CNC/LEN,False,True,13,-3.1031292802869044,0.0876760269574487,18.07402350647848,0.7619840246943828,all,0.8560924369747899,1.0,27.0,102.28212252007489,4453.552900336271,35.0,-4884.2098808191095,-1.3137071866072743,1,3604.8914802461895,3942.601376528663,337.709896282473,2,1.0
13,6,2024-01-08,2024-07-09,AAL/ELV,False,True,14,-3.664776642986746,0.02032516314239546,12.889112813267134,0.7619840246943828,all,0.8547655904467051,1.0,24.0,99.53678344726264,3906.2966997063663,16.0,8377.617664830579,1.2552451641664664,1,-6364.724792409412,-6207.19495716648,157.52983524293336,1,0.0
13,6,2024-01-08,2024-07-09,AAL/INTC,False,True,15,-3.063512016760087,0.09586905416165703,16.68111905374963,0.7619840246943828,all,0.8547103051747015,1.0,25.0,86.43926930071171,4187.440217502706,18.0,5994.322022341671,0.6221792300513092,3,-4348.83404299948,-4182.34977502879,166.4842679706888,1,0.0
13,6,2024-01-08,2024-07-09,UAL/UNH,True,True,16,-3.5799708568831177,0.02593451773773046,14.906815586054066,0.7619840246943828,all,0.8458370190181337,1.0,26.0,123.54429549085674,3479.4368331054443,12.0,9139.10228112087,1.6410440789838416,1,6755.241451576508,6909.688446681749,154.44699510524157,1,1.0
13,6,2024-01-08,2024-07-09,GOLD/TECK,False,True,17,-4.001621942139969,0.0071431602695786614,14.644710389548553,0.7619840246943828,all,0.8450353825740824,1.0,23.5,102.91658466599704,3753.7500521613365,20.0,3032.7206555640505,0.3650394836711315,1,17783.95736849476,18328.393296571838,544.4359280770776,1,1.0
13,6,2024-01-08,2024-07-09,AAL/CE,False,True,18,-3.4240884932300326,0.03974455117807761,14.101857761586805,0.7619840246943828,all,0.8448142414860681,1.0,24.0,76.00288413389012,3582.8910956200048,21.0,901.6625523769021,0.13099576644662825,3,-3449.98187993696,-3282.4391818326835,167.5426981042761,1,0.0
13,6,2024-01-08,2024-07-09,ALL/NVR,False,True,19,-2.671542917718123,0.20998002950886735,11.882470453101709,0.7794448939593134,all,0.8445101724900487,1.0,25.5,93.61132001172929,3331.4964432615448,37.0,-7223.30303242443,-1.7010230675610956,1,-4604.379439768116,-4044.9979338097414,559.3815059583724,5,0.2
13,6,2024-01-08,2024-07-09,EMN/HII,True,True,20,-3.840888380781074,0.01194622820225332,12.00654089557875,0.7619840246943828,all,0.8434597523219814,1.0,23.0,91.05627177133128,3613.276690220085,8.0,9677.949009218983,1.5918498715167595,2,-1148.382669381011,-726.9948925732923,421.38777680771864,2,0.5
13,6,2024-01-08,2024-07-09,C/PGR,False,True,21,-3.3736462724588923,0.04536303732612868,14.961128951174206,0.7619840246943828,all,0.8432109685979655,1.0,24.5,84.585800153297,3535.006829435784,45.0,-11566.66146700776,-3.366932700328412,1,-14259.595313401109,-13964.97185149602,294.6234619050842,2,0.0
13,6,2024-01-08,2024-07-09,ELV/JPM,False,True,22,-3.253142707602211,0.06148101618788861,17.746816945317224,0.7619840246943828,all,0.8422987616099071,1.0,23.0,97.59047716637872,4308.2385840612915,31.0,-1088.9411735055332,-0.5004495513630484,1,-6272.783559102232,-5928.975904826547,343.80765427568133,2,0.5
13,6,2024-01-08,2024-07-09,EMN/HUM,False,False,23,-4.0543909329852434,0.005997666304831933,10.301749203108718,0.7619840246943828,all,0.8415800530738611,1.0,30.5,91.48984467581222,3111.752025387672,24.0,0.0,,0,-14202.571586677452,-13597.690342631133,604.88124404632,6,0.16666666666666666
13,6,2024-01-08,2024-07-09,NUE/PYPL,False,False,24,-3.1090540545167387,0.0864987593943819,21.023157707983003,0.7619840246943828,all,0.8412206988058382,1.0,23.5,157.67167912185667,7789.857811286092,25.0,0.0,,0,11735.698485774948,11907.116139598274,171.41765382332855,1,1.0
13,6,2024-01-08,2024-07-09,UAL/VZ,True,True,25,-2.9956239087427057,0.11124935409664566,22.1844480277178,0.7619840246943828,all,0.8408337019018133,1.0,29.0,164.99510316752702,6583.930859227152,1.0,39633.83028167751,3.6636410651209896,2,10843.9046980764,11028.178566763025,184.27386868662668,1,1.0
13,6,2024-01-08,2024-07-09,MAR/TFC,False,True,26,-3.1686452011158153,0.07532974806842233,17.440383066775567,0.7619840246943828,all,0.8387881468376823,1.0,24.5,128.97079285193416,3759.3464118400443,44.0,-11424.683952911577,-1.2874928447157794,2,-7560.215871693795,-7073.083519001981,487.13235269181206,3,0.3333333333333333
13,6,2024-01-08,2024-07-09,HUM/NSC,False,False,27,-2.9742183232033286,0.11646168434196397,18.859693708756375,0.7619840246943828,all,0.8363555948695268,1.0,24.5,96.15911617194641,3933.218896912954,26.0,0.0,,0,-13703.47059786007,-13375.511242248987,327.95935561108143,4,0.25
13,6,2024-01-08,2024-07-09,MAR/MRK,False,True,28,-3.3436329716265583,0.049008185129990334,17.54611971617398,0.7619840246943828,all,0.8349458204334366,1.0,21.5,110.23096705331348,4496.021734481752,38.0,-7450.495043054642,-0.9772848951180757,2,-803.9129104445886,-541.2071132180963,262.70579722649086,2,0.5
13,6,2024-01-08,2024-07-09,LUV/PGR,False,True,29,-3.963208578583495,0.008097478984515466,11.058656872993062,0.7619840246943828,all,0.8342547545333924,1.0,21.0,82.10797077038575,3789.678047831916,17.0,7738.469747731926,1.4695388483447565,1,-8068.2424040431815,-7804.594227103276,263.6481769399035,2,0.5
13,6,2024-01-08,2024-07-09,CBOE/NEM,False,True,30,-2.5366160704188654,0.2631633708609197,16.001916472310715,0.7794448939593134,all,0.834171826625387,1.0,27.5,79.21164953255068,3217.9405386599974,50.0,-21905.14456225521,-3.239754054806206,3,-435.0263264747234,-1.886318474959353,433.1400079997649,2,0.5
13,6,2024-01-08,2024-07-09,MAR/TECK,False,True,31,-4.175748441641088,0.003968763941319369,10.9825796670964,0.7619840246943828,all,0.8339506855373728,1.0,25.5,86.9477966688894,3086.092790618011,49.0,-16112.040449707378,-2.0545565512184827,4,6402.116012253608,6710.20187219069,308.0858599370847,2,0.5
13,6,2024-01-08,2024-07-09,ALL/CSX,False,True,32,-2.247769229085361,0.3998840408079505,19.837443215526502,0.7847149354300318,all,0.8339230429013711,1.0,23.5,97.89086144067451,4413.363062306008,33.0,-3589.4011758496654,-0.33275024791549984,2,-11820.283617193272,-11489.904369015907,330.3792481773645,2,0.0
13,6,2024-01-08,2024-07-09,CZR/PGR,False,False,33,-3.154489839416436,0.07787404604160159,17.57197223906744,0.7619840246943828,all,0.832734409553295,1.0,23.0,111.51835968625234,3821.4026308421307,27.0,0.0,,0,17761.689101645134,17946.262822899313,184.5737212541787,1,1.0
13,6,2024-01-08,2024-07-09,HLT/LEN,False,True,34,-3.0743578144810857,0.09357000532097554,19.701222046136056,0.7619840246943828,all,0.8318498452012384,1.0,30.5,104.04406769932882,3590.7035109915905,30.0,-602.5210382636567,-0.25267468543445143,1,-4966.54200963225,-4690.807223692706,275.73478593954223,2,0.0
13,6,2024-01-08,2024-07-09,MA/NVDA,False,False,35,-3.8326133618628786,0.012257561504740713,13.876160750285171,0.7619840246943828,all,0.830218929677134,1.0,25.0,94.55134774833711,3121.0126226029865,28.0,0.0,,0,-2145.1963863040696,-2076.1981512560396,68.99823504803103,1,0.0
13,6,2024-01-08,2024-07-09,ALL/CBOE,False,True,36,-2.698991436209015,0.1999416138232361,13.246893497917778,0.7794448939593134,all,0.8300530738611234,1.0,24.5,83.9510379576106,3140.168884558466,40.0,-9007.430614874958,-2.2846973038997738,2,-11128.552593357123,-10749.988207927867,378.56438542925554,2,0.5
13,6,2024-01-08,2024-07-09,UAL/USB,True,True,37,-2.950689700977962,0.12239675190459554,22.897937972771064,0.764881398156856,all,0.8292237947810703,1.0,28.0,163.98900666712888,5801.405723498505,2.0,38608.736945220946,3.5878865919911584,2,0.0,0.0,0.0,0,
13,6,2024-01-08,2024-07-09,KHC/TECK,False,True,38,-3.426981648842711,0.03944079432104408,15.205790028731988,0.7619840246943828,all,0.8269018133569217,1.0,24.5,66.84987045468746,3154.200593156627,22.0,631.1802158972423,0.10369296106231939,1,0.0,0.0,0.0,0,
13,6,2024-01-08,2024-07-09,UAL/WM,True,True,39,-3.0350943476406216,0.10209737181840489,21.121500662852508,0.7619840246943828,all,0.8258513931888545,1.0,28.0,138.7550891684741,3947.1804796834904,3.0,35713.520211989,3.8054797594161314,2,0.0,0.0,0.0,0,
13,6,2024-01-08,2024-07-09,DE/RIO,True,True,40,-3.0410818272562232,0.10076026096597107,19.522369756669164,0.7619840246943828,all,0.8253538257408227,1.0,23.5,80.51350372908429,3836.3250830197703,15.0,8455.499683739,2.1144228466979955,1,0.0,0.0,0.0,0,
13,6,2024-01-08,2024-07-09,H/USB,True,True,41,-2.8325832801762187,0.15553731737445908,21.81959184169837,0.7776865868722954,all,0.825187969924812,1.0,24.5,122.31819546935074,4752.43845871692,7.0,10859.958541069302,1.4217597900403036,2,-12431.480286948705,-11737.431805371907,694.0484815767979,4,0.5
13,6,2024-01-08,2024-07-09,HII/INTC,False,True,42,-3.6364564125905923,0.022068183469176758,13.160546086992335,0.7619840246943828,all,0.8248839009287925,1.0,20.0,84.85118931638542,3841.599513530528,32.0,-2983.601318137785,-0.5596352952153479,2,3812.9751414397897,4180.304650177802,367.329508738008,2,0.5
13,6,2024-01-08,2024-07-09,C/NOC,False,True,43,-4.376518173811369,0.0019398554584675587,8.92945333273655,0.7619840246943828,all,0.8248839009287925,1.0,28.5,73.81875089654068,2803.0120888344836,19.0,3818.3361064145383,0.5787260930484482,1,-12478.187754647526,-12013.711911731594,464.4758429159313,3,0.3333333333333333
13,6,2024-01-08,2024-07-09,HLT/ICE,False,True,44,-3.4337955596364877,0.03873307065768628,15.366927643297009,0.7619840246943828,all,0.823861123396727,1.0,20.5,89.00094102637554,3810.7909445719506,34.0,-4637.46163169595,-1.3951878265663826,1,-6187.721491747056,-6038.25731091548,149.4641808315762,1,0.0
13,6,2024-01-08,2024-07-09,ELV/KBH,True,True,45,-2.9759560681443586,0.11603191997040557,21.619566200492066,0.7619840246943828,all,0.8233635559486953,1.0,22.5,106.90267729297182,5771.692341768831,9.0,9560.593685001255,1.6877030017627515,2,-7595.529004377866,-7222.998708729881,372.5302956479869,2,0.5
13,6,2024-01-08,2024-07-09,KHC/PYPL,True,True,46,-3.19447893801188,0.07085596814897574,17.59696240598948,0.7619840246943828,all,0.8228936311366652,1.0,19.5,72.39721373005628,5025.590880798933,14.0,8940.807518043666,1.2579255979170394,2,0.0,0.0,0.0,0,
13,6,2024-01-08,2024-07-09,INTC/PGR,False,True,47,-3.380397926696214,0.044574784914093564,15.373441761358531,0.7619840246943828,all,0.8225895621406457,1.0,28.0,85.54279028610874,2908.665083483448,48.0,-15233.0072737034,-2.3077019019213347,1,15535.048449056303,15846.877463079876,311.82901402357464,2,1.0
13,6,2024-01-08,2024-07-09,H/LUV,True,True,48,-3.2330374816897383,0.06457441844135561,18.00747273744062,0.7619840246943828,all,0.8206822202565236,1.0,21.5,123.28694922115233,3834.3609268708306,6.0,12646.767458304694,1.7993899647242664,1,-7437.176817480466,-7185.697929060996,251.47888841947162,1,0.0
13,6,2024-01-08,2024-07-09,HLT/WYNN,False,True,49,-3.158370965203276,0.07716981703870918,19.425045934547995,0.7619840246943828,all,0.819797655904467,1.0,21.5,106.80977424239414,4124.735957896827,42.0,-10061.651378724868,-2.9273267807301138,3,-19232.993390761836,-18763.003658258003,469.9897325038285,4,0.0
13,6,2024-01-08,2024-07-09,CSX/HUM,False,False,50,-3.2853739096918444,0.056772531650253054,19.230936190928087,0.7619840246943828,all,0.8177797434763379,1.0,21.0,77.86596228020561,4147.529002165781,29.0,0.0,,0,3881.5482389725566,3970.9441766993405,89.39593772678478,1,1.0
14,7,2024-07-10,2025-01-07,CZR/KGC,False,True,1,-3.171870639353641,0.0747592837476974,17.5827906332483,0.8962276618274988,all,0.8666164053075994,1.0,25.0,146.0596494709879,6908.309143169672,50.0,-20102.671206911393,-1.8683761617537114,2,13104.458988206463,13290.401343363053,185.94235515658897,1,1.0
14,7,2024-07-10,2025-01-07,CZR/TMUS,True,True,2,-3.498120829795098,0.032562336574396535,14.557500800294056,0.8962276618274988,all,0.8602533172496983,1.0,32.0,119.54765050207814,3520.2533577255294,3.0,16868.08531581136,2.054225264560722,1,10798.448541904967,10998.703422526256,200.25488062129284,1,1.0
14,7,2024-07-10,2025-01-07,CZR/HLT,False,True,3,-3.140489966185261,0.08045636404471729,17.753665551427137,0.8962276618274988,all,0.8599819059107359,1.0,25.0,158.77001835375782,5219.6721005863055,48.0,-12479.451712268881,-0.9200407676082223,2,17382.864603762187,17580.19636337355,197.33175961136465,1,1.0
14,7,2024-07-10,2025-01-07,CZR/JNJ,False,True,4,-3.228519023074335,0.06528655836278978,17.102103134260222,0.8962276618274988,all,0.8575693606755126,1.0,31.0,87.9928427320256,3840.727093380751,18.0,4722.10615919134,0.7569935987684335,1,11369.17097473983,11536.765347076744,167.59437233691528,1,1.0
14,7,2024-07-10,2025-01-07,CZR/RTX,False,True,5,-2.8770054946415593,0.14240808152942158,20.183864993812424,0.8962276618274988,all,0.8553980699638117,1.0,29.0,148.67555301004117,5887.198271477362,41.0,-966.0773982777914,-0.10248529388784092,1,0.0,0.0,0.0,0,
14,7,2024-07-10,2025-01-07,EXC/WM,True,True,6,-3.1933853302092805,0.07104097573590396,17.03809481946971,0.8962276618274988,all,0.850422195416164,1.0,25.5,68.52293449427883,3851.2752527160355,13.0,7528.876086655286,1.2126868903851404,1,3663.119966010221,3865.312081522251,202.1921155120313,1,1.0
14,7,2024-07-10,2025-01-07,BHP/PYPL,False,False,7,-3.6028591537300305,0.024302723427318346,16.992046160571544,0.8962276618274988,all,0.8470144752714113,1.0,25.0,104.59922955346366,3711.253585676096,25.0,0.0,,0,6310.834884891145,6474.717647440805,163.88276254965933,1,1.0
14,7,2024-07-10,2025-01-07,EXC/HII,True,True,8,-3.611571474765213,0.023705280022331812,12.864861215203522,0.8962276618274988,all,0.8456875753920385,1.0,28.5,65.17211578792119,3026.908242755827,12.0,8213.091862739751,1.7802684940804836,1,9620.24450088162,9785.140492384204,164.89599150258357,1,1.0
14,7,2024-07-10,2025-01-07,CBOE/PFE,False,True,9,-4.128952291168353,0.004662123417333843,10.367169058938325,0.8962276618274988,all,0.8433655006031363,1.0,22.5,55.456976635477034,3448.9038966104663,16.0,5797.052028882886,1.6308465887798793,1,-2036.1875650590341,-1470.8909759716576,565.2965890873772,5,0.2
14,7,2024-07-10,2025-01-07,EXC/GD,True,True,10,-3.4125169517692586,0.04097912007615666,14.848540360905256,0.8962276618274988,all,0.8399577804583835,1.0,24.5,66.01453225921482,3216.7893772373045,7.0,10263.81737979469,1.8238001692509356,1,2652.119629983076,2859.6747015740693,207.55507159099508,1,1.0
14,7,2024-07-10,2025-01-07,NOC/UAL,False,False,11,-3.296933764201729,0.0551569864071572,15.38497572108268,0.8962276618274988,all,0.8362484921592279,1.0,28.0,85.4874611228429,2927.95690286534,26.0,0.0,,0,-7844.477223498724,-7439.238029939695,405.2391935590298,3,0.3333333333333333
14,7,2024-07-10,2025-01-07,EXC/WFC,True,True,12,-3.2820005328588135,0.05725116688869582,16.19062187368929,0.8962276618274988,all,0.8279252110977081,1.0,22.5,68.94608096844512,3243.5911796239293,9.0,10041.043151278991,1.7441848887631113,1,-1075.440360830426,-865.3908965408427,210.0494642895825,1,0.0
14,7,2024-07-10,2025-01-07,EXC/RSG,True,True,13,-3.3968274217973806,0.04270407011632703,16.73973441526955,0.8962276618274988,all,0.8244270205066345,1.0,22.5,68.73512144604861,3213.565646959582,11.0,8568.82263156435,1.8428527370860328,1,-26.567884611818954,183.77586156259895,210.3437461744179,1,0.0
14,7,2024-07-10,2025-01-07,NEM/RTX,False,True,14,-3.1891533941856567,0.071760519645161,19.88017049248377,0.8962276618274988,all,0.8209891435464415,1.0,23.0,110.9863499186893,3700.5042033083,19.0,4174.469950318527,0.5509419043507957,1,988.881981777688,1094.158376496593,105.27639471890524,1,1.0
14,7,2024-07-10,2025-01-07,NEM/TXN,True,True,15,-3.492432665825896,0.03307213754243528,21.905964879933038,0.8962276618274988,all,0.8208986731001207,1.0,24.0,120.67447351095322,4176.571627030681,4.0,16714.692314629934,2.4353812660991783,1,9022.88089760356,9171.931654764363,149.05075716080347,1,1.0
14,7,2024-07-10,2025-01-07,EMN/WFC,False,True,16,-3.8757368540208095,0.010710886377990779,17.960435610475987,0.8962276618274988,all,0.8207780458383596,1.0,28.5,65.26389749714996,2835.448881968111,20.0,3208.252696238047,0.935243046457084,1,-1106.1031657174353,-834.8962727098158,271.2068930076185,2,0.5
14,7,2024-07-10,2025-01-07,PSA/PYPL,False,False,17,-3.3468592985944374,0.0486051082272154,14.541279440314764,0.8962276618274988,all,0.8168878166465621,1.0,26.0,76.5482131218289,2589.465485727008,27.0,0.0,,0,5151.334512748641,5467.969084226879,316.63457147823925,2,0.5
14,7,2024-07-10,2025-01-07,NEM/RIO,True,True,18,-3.146702334872263,0.07930231576811891,23.859463805210986,0.8962276618274988,all,0.8126055488540409,1.0,23.0,153.698796876752,5707.745336753221,1.0,18852.308772182067,1.7721799264474112,1,12037.997007148571,12277.285559616685,239.28855246810932,1,1.0
14,7,2024-07-10,2025-01-07,NEM/SO,True,True,19,-3.143789929481023,0.07984171561783843,23.96331081573649,0.8962276618274988,all,0.810826296743064,1.0,24.0,149.7830055893565,4767.44184363493,2.0,18037.01233056491,2.302671047155278,1,6700.218569324796,6927.886469590946,227.66790026614626,1,1.0
14,7,2024-07-10,2025-01-07,CMI/FCX,False,True,20,-3.3573669300863203,0.047311262508571233,15.61593043975134,0.8962276618274988,all,0.8104945717732208,1.0,23.0,61.85791363812404,2703.387651540763,46.0,-8121.407097812395,-1.226426174020911,1,-17623.72558797428,-17216.379584848255,407.34600312602777,3,0.0
14,7,2024-07-10,2025-01-07,MDLZ/PYPL,False,False,21,-2.9762155574955345,0.11596784601852661,20.025670969094406,0.8962276618274988,all,0.810313630880579,1.0,23.0,71.4491444475237,3321.6132054705777,28.0,0.0,,0,5477.9796518152625,5642.864234890751,164.88458307548785,1,1.0
14,7,2024-07-10,2025-01-07,PSA/TFC,False,False,22,-3.3095835530672426,0.05343228908548863,15.801455124497085,0.8962276618274988,all,0.8102231604342582,1.0,27.5,78.44137619280127,2469.048898766921,29.0,0.0,,0,1902.1650878327855,2196.7650598580003,294.59997202521384,2,0.5
14,7,2024-07-10,2025-01-07,QCOM/WFC,False,True,23,-3.2523533805521723,0.06160016562644705,19.134508216988433,0.8962276618274988,all,0.8099517490952955,1.0,28.0,69.89435120737393,2765.4880939523996,42.0,-1316.609810510572,-0.25436606986629484,1,-9758.136788416474,-9654.834344630604,103.30244378586863,1,0.0
14,7,2024-07-10,2025-01-07,NEM/PNC,False,True,24,-3.1236435265291487,0.08365206199305653,24.11127756172463,0.8962276618274988,all,0.8098914354644149,1.0,23.0,149.30273815204086,5549.386413309318,17.0,5125.500386838018,0.7862356735646159,1,4748.223723114672,4979.009703119733,230.78598000505886,1,1.0
14,7,2024-07-10,2025-01-07,ELV/NSC,False,True,25,-2.8846072441469053,0.14024226754623864,18.282843028896792,0.8962276618274988,all,0.805729794933655,1.0,39.5,68.76128254601417,2477.098149272846,44.0,-3836.8653200401413,-0.6790934623151644,4,32.96232216891758,471.4843160190462,438.5219938501277,4,0.25
14,7,2024-07-10,2025-01-07,TECK/WYNN,False,True,26,-2.3813723906352364,0.3337274609754637,25.144066937534497,0.9202643254977485,all,0.7984016887816647,1.0,24.5,92.91004713598333,4356.995560971211,45.0,-4987.293398736447,-0.5806484447304617,1,5236.081663443686,5435.017254163029,198.93559071934493,1,1.0
14,7,2024-07-10,2025-01-07,DD/FCX,True,True,27,-3.115053895587007,0.08531910443629653,14.614237465114583,0.8962276618274988,all,0.7969240048250904,1.0,27.0,62.44606697878395,2267.6611078548744,6.0,12114.249610882242,2.460328213815263,2,1803.6145523918137,2090.4312613688285,286.8167089770158,2,0.5
14,7,2024-07-10,2025-01-07,JPM/KGC,False,True,28,-2.783064743041982,0.17113263713344057,22.29945692542961,0.8962276618274988,all,0.7955971049457178,1.0,22.0,58.663954521305946,3551.712444981714,24.0,1277.4407162669095,0.22349499452056296,1,0.0,0.0,0.0,0,
14,7,2024-07-10,2025-01-07,FCX/MRK,False,True,29,-3.5612846445956943,0.027335745708592606,13.701690421568891,0.8962276618274988,all,0.7936972255729795,1.0,28.5,78.03289862864654,2156.6286356900555,21.0,2339.9584987392873,0.5234534771458931,1,4749.853446467133,4873.668961332959,123.81551486582833,1,1.0
14,7,2024-07-10,2025-01-07,LMT/TECK,False,False,30,-3.146051555880973,0.07942259639270033,17.627559437355362,0.8962276618274988,all,0.7927322074788903,1.0,24.5,67.24993950344971,2444.9275298053926,30.0,0.0,,0,3879.7328717342807,4209.172601898704,329.4397301644244,3,0.3333333333333333
14,7,2024-07-10,2025-01-07,NUE/PFE,False,False,31,-2.9638757800386726,0.11904386588858695,20.60172175820354,0.8962276618274988,all,0.7923401688781665,1.0,21.0,98.51416062057248,3313.8165080465346,31.0,0.0,,0,-12252.840131778712,-12044.571253897086,208.268877881626,2,0.0
14,7,2024-07-10,2025-01-07,GOLD/PEP,True,True,32,-4.093923914236265,0.0052515693748865985,12.339340983775347,0.8962276618274988,all,0.7921592279855248,1.0,26.5,62.538252122098385,2154.1744964645927,5.0,14512.237223730943,1.5314651866560187,2,11769.849556091423,12102.429407139749,332.5798510483253,2,1.0
14,7,2024-07-10,2025-01-07,PYPL/TOL,False,False,33,-2.7973329099212005,0.16653476495807318,18.424176826623178,0.8962276618274988,all,0.7909227985524728,1.0,29.0,131.73941274883953,2357.9882517816277,32.0,0.0,,0,-18749.968556437285,-18355.531254024972,394.43730241231555,2,0.0
14,7,2024-07-10,2025-01-07,UNH/V,True,True,34,-3.4087269496163373,0.04139037889695958,14.962703677923955,0.8962276618274988,all,0.7895958986731002,1.0,20.0,92.16522103999941,2706.5269495790258,8.0,10043.648687093673,2.096778338462087,1,-7075.183007188857,-6699.16822782204,376.01477936681397,3,0.6666666666666666
14,7,2024-07-10,2025-01-07,UNH/XEL,True,True,35,-3.352254359201755,0.04793719387882889,15.480502855973356,0.8962276618274988,all,0.788962605548854,1.0,25.5,84.37976362433675,2224.403509876693,10.0,9946.58160025786,2.1029159263120465,1,4014.0166676242443,4392.721313418892,378.7046457946467,3,0.3333333333333333
14,7,2024-07-10,2025-01-07,PSA/RIO,False,False,36,-3.0810346400153468,0.09217584364542913,17.85213846960812,0.8962276618274988,all,0.7889022919179736,1.0,27.0,95.84352815267574,2330.2785177738356,33.0,0.0,,0,-4322.953840238579,-3975.886988431773,347.0668518068056,2,0.5
14,7,2024-07-10,2025-01-07,KGC/LLY,False,True,37,-2.6846878903204434,0.205134074268696,23.634228628067685,0.8962276618274988,all,0.7889022919179735,1.0,22.5,74.32179073272819,3612.624167497418,43.0,-3172.88343119655,-0.39948049266874536,1,-14770.389431433563,-14304.794292972736,465.5951384608221,2,0.0
14,7,2024-07-10,2025-01-07,DAL/XEL,True,True,38,-2.9464838125053134,0.1234806066190211,25.054337831223283,0.8962276618274988,all,0.7886610373944511,1.0,22.5,79.75286561212769,4233.31895307555,14.0,6894.475555052901,1.5346217116275405,1,-20053.90020107119,-19687.388130612384,366.51207045880386,3,0.0
14,7,2024-07-10,2025-01-07,LMT/WYNN,False,False,39,-2.856955703822437,0.14823363729048505,20.345922683734983,0.8962276618274988,all,0.7875150784077202,1.0,25.5,68.71558057877712,2620.1341495405513,34.0,0.0,,0,10992.382637427752,11242.346122710778,249.96348528302602,2,0.5
14,7,2024-07-10,2025-01-07,EMN/HUM,False,True,40,-3.47791711509282,0.03440384187325645,14.337060584649983,0.8962276618274988,all,0.7854041013268999,1.0,22.0,87.40701183606816,2346.4316134413684,49.0,-14202.571586677452,-1.8281306069500864,6,9826.6546541038,10312.090374295003,485.43572019119836,4,0.75
14,7,2024-07-10,2025-01-07,AAL/UNH,True,True,41,-2.8308641237561973,0.15606173798689688,18.557272970531244,0.8962276618274988,all,0.7840470446320869,1.0,24.5,71.43674253264972,2402.788430663405,15.0,6127.899313771236,1.0989008677384229,2,7909.515865136697,8299.429137898413,389.9132727617183,3,0.6666666666666666
14,7,2024-07-10,2025-01-07,TXN/VZ,False,True,42,-2.898833025458731,0.13625227729250655,22.721610384800968,0.8962276618274988,all,0.7836550060313632,1.0,22.5,83.87303103093606,3161.314149537626,47.0,-12228.002288824326,-2.564614151082082,2,6945.246979428099,7287.8959093302865,342.64892990219255,3,0.3333333333333333
14,7,2024-07-10,2025-01-07,CBOE/TOL,False,False,43,-2.7627919744882097,0.17781093675544452,22.529905851942367,0.8962276618274988,all,0.7836550060313631,1.0,22.0,69.91577284698589,3191.531075529552,35.0,0.0,,0,0.0,0.0,0.0,0,
14,7,2024-07-10,2025-01-07,LYB/NVDA,False,False,44,-3.369250956505063,0.045882374230791056,14.017223749283536,0.8962276618274988,all,0.7824185765983112,1.0,24.5,78.10065630831075,2137.3746328798065,36.0,0.0,,0,-1825.5367478871626,-1516.1573929454798,309.3793549416837,3,0.3333333333333333
14,7,2024-07-10,2025-01-07,ELV/HII,False,True,45,-3.306320151166705,0.053872950431429104,14.890608748286663,0.8962276618274988,all,0.7823281061519903,1.0,23.0,67.80917499896204,2236.0570346466898,40.0,-622.1340051193275,-0.1186752283177262,1,2456.5373686857592,2755.1102540870893,298.57288540132856,3,0.3333333333333333
14,7,2024-07-10,2025-01-07,MAR/V,False,True,46,-3.0839836082074843,0.09156518615852716,10.329469075553412,0.8962276618274988,all,0.7811821471652594,1.0,23.5,43.63744895801764,2120.47668519204,22.0,1960.897170742398,1.2087744710569666,1,6940.321543624125,7081.467136370386,141.14559274626149,2,1.0
14,7,2024-07-10,2025-01-07,NOC/PLD,False,False,47,-3.370163138675441,0.045774190405154166,14.529876247619386,0.8962276618274988,all,0.7809408926417369,1.0,20.5,83.10777476442411,2446.3342183472696,37.0,0.0,,0,7005.229549978944,7314.882158709661,309.6526087307163,2,0.5
14,7,2024-07-10,2025-01-07,RIO/STLD,False,False,48,-3.4667430090447726,0.035459634001346926,14.824591517143736,0.8962276618274988,all,0.7808202653799758,1.0,35.0,68.64166988322715,1950.8276844958484,38.0,0.0,,0,6018.4408112111305,6150.175284634309,131.73447342317814,1,1.0
14,7,2024-07-10,2025-01-07,BHP/PGR,False,True,49,-2.7235476671038934,0.19122404519326347,25.527245307505744,0.8962276618274988,all,0.780518697225573,1.0,21.0,96.26862287168908,4997.656750394668,23.0,1924.3777319699045,0.5092584671726529,1,13784.146976686312,14097.769621721865,313.62264503555497,2,0.5
14,7,2024-07-10,2025-01-07,DAL/HUM,False,False,50,-3.083112089696385,0.09174533105039834,20.98534387840769,0.8962276618274988,all,0.7804583835946924,1.0,19.5,94.27186962808857,3512.4076135239284,39.0,0.0,,0,26994.107454383382,27373.662729302996,379.55527491961584,3,1.0
15,7,2025-01-08,2025-07-11,CZR/KGC,True,True,1,-3.171870639353641,0.0747592837476974,17.5827906332483,0.8962276618274988,all,0.8666164053075994,1.0,25.0,146.0596494709879,6908.309143169672,4.0,13104.458988206463,1.7827192792648856,1,-10499.450481366313,-9872.103727253405,627.3467541129066,3,0.3333333333333333
15,7,2025-01-08,2025-07-11,CZR/TMUS,True,True,2,-3.498120829795098,0.032562336574396535,14.557500800294056,0.8962276618274988,all,0.8602533172496983,1.0,32.0,119.54765050207814,3520.2533577255294,9.0,10798.448541904967,1.2571138456680035,1,1198.5597614272033,1496.4709518283435,297.9111904011441,2,0.5
15,7,2025-01-08,2025-07-11,CZR/HLT,True,True,3,-3.140489966185261,0.08045636404471729,17.753665551427137,0.8962276618274988,all,0.8599819059107359,1.0,25.0,158.77001835375782,5219.6721005863055,2.0,17382.864603762187,1.964383535776997,1,-181.07148046277433,340.4796243467732,521.5511048095474,3,0.3333333333333333
15,7,2025-01-08,2025-07-11,CZR/JNJ,True,True,4,-3.228519023074335,0.06528655836278978,17.102103134260222,0.8962276618274988,all,0.8575693606755126,1.0,31.0,87.9928427320256,3840.727093380751,7.0,11369.17097473983,1.315024787609742,1,-14632.472876469525,-13984.898012264703,647.574864204823,5,0.2
15,7,2025-01-08,2025-07-11,CZR/RTX,False,False,5,-2.8770054946415593,0.14240808152942158,20.183864993812424,0.8962276618274988,all,0.8553980699638117,1.0,29.0,148.67555301004117,5887.198271477362,34.0,0.0,,0,-4577.864531835955,-4235.820819831229,342.0437120047246,2,0.5
15,7,2025-01-08,2025-07-11,EXC/WM,False,True,6,-3.1933853302092805,0.07104097573590396,17.03809481946971,0.8962276618274988,all,0.850422195416164,1.0,25.5,68.52293449427883,3851.2752527160355,27.0,3663.119966010221,0.7408893896577998,1,-6961.312970311407,-6325.287169047506,636.0258012639032,5,0.4
15,7,2025-01-08,2025-07-11,BHP/PYPL,False,True,7,-3.6028591537300305,0.024302723427318346,16.992046160571544,0.8962276618274988,all,0.8470144752714113,1.0,25.0,104.59922955346366,3711.253585676096,18.0,6310.834884891145,1.92418324963101,1,335.69549209304296,685.0649195893666,349.36942749632516,2,0.5
15,7,2025-01-08,2025-07-11,EXC/HII,True,True,8,-3.611571474765213,0.023705280022331812,12.864861215203522,0.8962276618274988,all,0.8456875753920385,1.0,28.5,65.17211578792119,3026.908242755827,11.0,9620.24450088162,1.6005169368778658,1,-13114.671598930705,-12622.738591272471,491.9330076582375,3,0.0
15,7,2025-01-08,2025-07-11,CBOE/PFE,False,True,9,-4.128952291168353,0.004662123417333843,10.367169058938325,0.8962276618274988,all,0.8433655006031363,1.0,22.5,55.456976635477034,3448.9038966104663,41.0,-2036.1875650590341,-0.3683699764753558,5,8468.618879512134,8692.777934919393,224.1590554072589,2,0.5
15,7,2025-01-08,2025-07-11,EXC/GD,False,True,10,-3.4125169517692586,0.04097912007615666,14.848540360905256,0.8962276618274988,all,0.8399577804583835,1.0,24.5,66.01453225921482,3216.7893772373045,28.0,2652.119629983076,0.4853507200044001,1,-12768.62924488275,-12258.618209343833,510.0110355389146,3,0.3333333333333333
15,7,2025-01-08,2025-07-11,NOC/UAL,False,True,11,-3.296933764201729,0.0551569864071572,15.38497572108268,0.8962276618274988,all,0.8362484921592279,1.0,28.0,85.4874611228429,2927.95690286534,44.0,-7844.477223498724,-1.1394573002673087,3,11379.07954126911,11495.307806654499,116.22826538538823,1,1.0
15,7,2025-01-08,2025-07-11,EXC/WFC,False,True,12,-3.2820005328588135,0.05725116688869582,16.19062187368929,0.8962276618274988,all,0.8279252110977081,1.0,22.5,68.94608096844512,3243.5911796239293,38.0,-1075.440360830426,-0.17852972662868916,1,-14960.138800967967,-14365.037209216447,595.1015917515155,4,0.25
15,7,2025-01-08,2025-07-11,EXC/RSG,False,True,13,-3.3968274217973806,0.04270407011632703,16.73973441526955,0.8962276618274988,all,0.8244270205066345,1.0,22.5,68.73512144604861,3213.565646959582,37.0,-26.567884611818954,-0.005019456901878708,1,-8548.742382097162,-7907.772000282169,640.9703818149933,5,0.4
15,7,2025-01-08,2025-07-11,NEM/RTX,False,True,14,-3.1891533941856567,0.071760519645161,19.88017049248377,0.8962276618274988,all,0.8209891435464415,1.0,23.0,110.9863499186893,3700.5042033083,32.0,988.881981777688,0.4876850628578667,1,7553.954652927723,7681.637225126211,127.68257219848708,1,1.0
15,7,2025-01-08,2025-07-11,NEM/TXN,True,True,15,-3.492432665825896,0.03307213754243528,21.905964879933038,0.8962276618274988,all,0.8208986731001207,1.0,24.0,120.67447351095322,4176.571627030681,12.0,9022.88089760356,0.9091373927386825,1,10315.764415427444,10697.897076904914,382.1326614774671,3,0.6666666666666666
15,7,2025-01-08,2025-07-11,EMN/WFC,False,True,16,-3.8757368540208095,0.010710886377990779,17.960435610475987,0.8962276618274988,all,0.8207780458383596,1.0,28.5,65.26389749714996,2835.448881968111,39.0,-1106.1031657174353,-0.24931991608276452,2,-15107.708439365471,-14533.74136709358,573.9670722718893,4,0.0
15,7,2025-01-08,2025-07-11,PSA/PYPL,False,True,17,-3.3468592985944374,0.0486051082272154,14.541279440314764,0.8962276618274988,all,0.8168878166465621,1.0,26.0,76.5482131218289,2589.465485727008,22.0,5151.334512748641,0.6077804721126069,2,0.0,0.0,0.0,0,
15,7,2025-01-08,2025-07-11,NEM/RIO,True,True,18,-3.146702334872263,0.07930231576811891,23.859463805210986,0.8962276618274988,all,0.8126055488540409,1.0,23.0,153.698796876752,5707.745336753221,5.0,12037.997007148571,0.8508224767064329,1,-3741.811318055273,-3549.2777879559135,192.53353009935807,1,0.0
15,7,2025-01-08,2025-07-11,NEM/SO,False,True,19,-3.143789929481023,0.07984171561783843,23.96331081573649,0.8962276618274988,all,0.810826296743064,1.0,24.0,149.7830055893565,4767.44184363493,17.0,6700.218569324796,0.49674243782636895,1,-2316.629845672865,-2210.9468843128043,105.68296136006106,1,0.0
15,7,2025-01-08,2025-07-11,CMI/FCX,False,True,20,-3.3573669300863203,0.047311262508571233,15.61593043975134,0.8962276618274988,all,0.8104945717732208,1.0,23.0,61.85791363812404,2703.387651540763,48.0,-17623.72558797428,-2.3530349083176056,3,11986.339009969282,12357.035169317707,370.6961593484183,2,1.0
15,7,2025-01-08,2025-07-11,MDLZ/PYPL,False,True,21,-2.9762155574955345,0.11596784601852661,20.025670969094406,0.8962276618274988,all,0.810313630880579,1.0,23.0,71.4491444475237,3321.6132054705777,20.0,5477.9796518152625,1.4175199970375312,1,10727.328208482697,10819.02891201623,91.70070353353304,1,1.0
15,7,2025-01-08,2025-07-11,PSA/TFC,False,True,22,-3.3095835530672426,0.05343228908548863,15.801455124497085,0.8962276618274988,all,0.8102231604342582,1.0,27.5,78.44137619280127,2469.048898766921,30.0,1902.1650878327855,0.2609708499327641,2,0.0,0.0,0.0,0,
15,7,2025-01-08,2025-07-11,QCOM/WFC,False,True,23,-3.2523533805521723,0.06160016562644705,19.134508216988433,0.8962276618274988,all,0.8099517490952955,1.0,28.0,69.89435120737393,2765.4880939523996,45.0,-9758.136788416474,-1.818521414666633,1,3397.521066767698,3662.584733526929,265.0636667592319,2,1.0
15,7,2025-01-08,2025-07-11,NEM/PNC,False,True,24,-3.1236435265291487,0.08365206199305653,24.11127756172463,0.8962276618274988,all,0.8098914354644149,1.0,23.0,149.30273815204086,5549.386413309318,24.0,4748.223723114672,0.3543875577551124,1,-3075.9446931881953,-2867.3404584758646,208.60423471233142,1,0.0
15,7,2025-01-08,2025-07-11,ELV/NSC,False,True,25,-2.8846072441469053,0.14024226754623864,18.282843028896792,0.8962276618274988,all,0.805729794933655,1.0,39.5,68.76128254601417,2477.098149272846,33.0,32.96232216891758,0.005404796323738351,4,7990.665868081506,8210.225086486727,219.55921840522308,2,0.5
15,7,2025-01-08,2025-07-11,TECK/WYNN,False,True,26,-2.3813723906352364,0.3337274609754637,25.144066937534497,0.9202643254977485,all,0.7984016887816647,1.0,24.5,92.91004713598333,4356.995560971211,21.0,5236.081663443686,0.7722719041279701,1,17710.531708230825,18210.768696778046,500.2369885472258,2,0.5
15,7,2025-01-08,2025-07-11,DD/FCX,False,True,27,-3.115053895587007,0.08531910443629653,14.614237465114583,0.8962276618274988,all,0.7969240048250904,1.0,27.0,62.44606697878395,2267.6611078548744,31.0,1803.6145523918137,0.46329758417097294,2,18030.404266341116,18369.054296422284,338.6500300811659,2,1.0
15,7,2025-01-08,2025-07-11,JPM/KGC,False,False,28,-2.783064743041982,0.17113263713344057,22.29945692542961,0.8962276618274988,all,0.7955971049457178,1.0,22.0,58.663954521305946,3551.712444981714,35.0,0.0,,0,12682.4279971598,12860.44146290507,178.01346574526775,1,1.0
15,7,2025-01-08,2025-07-11,FCX/MRK,False,True,29,-3.5612846445956943,0.027335745708592606,13.701690421568891,0.8962276618274988,all,0.7936972255729795,1.0,28.5,78.03289862864654,2156.6286356900555,23.0,4749.853446467133,0.9411465439199653,1,7166.924667392924,7414.695424291276,247.77075689835155,2,0.5
15,7,2025-01-08,2025-07-11,LMT/TECK,False,True,30,-3.146051555880973,0.07942259639270033,17.627559437355362,0.8962276618274988,all,0.7927322074788903,1.0,24.5,67.24993950344971,2444.9275298053926,26.0,3879.7328717342807,0.5950748046603127,3,12521.092807724219,12728.539637488342,207.44682976412486,1,1.0
15,7,2025-01-08,2025-07-11,NUE/PFE,False,True,31,-2.9638757800386726,0.11904386588858695,20.60172175820354,0.8962276618274988,all,0.7923401688781665,1.0,21.0,98.51416062057248,3313.8165080465346,46.0,-12252.840131778712,-3.281213894311167,2,8501.641417808618,8787.09498115548,285.4535633468639,2,0.5
15,7,2025-01-08,2025-07-11,GOLD/PEP,True,True,32,-4.093923914236265,0.0052515693748865985,12.339340983775347,0.8962276618274988,all,0.7921592279855248,1.0,26.5,62.538252122098385,2154.1744964645927,6.0,11769.849556091423,1.828764654845058,2,0.0,0.0,0.0,0,
15,7,2025-01-08,2025-07-11,PYPL/TOL,False,True,33,-2.7973329099212005,0.16653476495807318,18.424176826623178,0.8962276618274988,all,0.7909227985524728,1.0,29.0,131.73941274883953,2357.9882517816277,49.0,-18749.968556437285,-1.600629901340306,2,19522.6057765191,19659.666328923122,137.06055240402253,1,1.0
15,7,2025-01-08,2025-07-11,UNH/V,False,True,34,-3.4087269496163373,0.04139037889695958,14.962703677923955,0.8962276618274988,all,0.7895958986731002,1.0,20.0,92.16522103999941,2706.5269495790258,43.0,-7075.183007188857,-0.6205656049506698,3,713.57118461412,986.2295164434042,272.6583318292842,3,0.3333333333333333
15,7,2025-01-08,2025-07-11,UNH/XEL,False,True,35,-3.352254359201755,0.04793719387882889,15.480502855973356,0.8962276618274988,all,0.788962605548854,1.0,25.5,84.37976362433675,2224.403509876693,25.0,4014.0166676242443,0.34611952919275263,3,-8898.375535374626,-8799.745907562738,98.62962781188861,1,0.0
15,7,2025-01-08,2025-07-11,PSA/RIO,False,True,36,-3.0810346400153468,0.09217584364542913,17.85213846960812,0.8962276618274988,all,0.7889022919179736,1.0,27.0,95.84352815267574,2330.2785177738356,42.0,-4322.953840238579,-0.4872556386976589,2,0.0,0.0,0.0,0,
15,7,2025-01-08,2025-07-11,KGC/LLY,False,True,37,-2.6846878903204434,0.205134074268696,23.634228628067685,0.8962276618274988,all,0.7889022919179735,1.0,22.5,74.32179073272819,3612.624167497418,47.0,-14770.389431433563,-1.1387727398584502,2,-25235.563695678436,-24688.396923574415,547.1667721040195,3,0.0
15,7,2025-01-08,2025-07-11,DAL/XEL,False,True,38,-2.9464838125053134,0.1234806066190211,25.054337831223283,0.8962276618274988,all,0.7886610373944511,1.0,22.5,79.75286561212769,4233.31895307555,50.0,-20053.90020107119,-2.9439720628237884,3,24009.024126013246,24165.194558806288,156.17043279303766,1,1.0
15,7,2025-01-08,2025-07-11,LMT/WYNN,True,True,39,-2.856955703822437,0.14823363729048505,20.345922683734983,0.8962276618274988,all,0.7875150784077202,1.0,25.5,68.71558057877712,2620.1341495405513,8.0,10992.382637427752,1.4647618208081445,2,0.0,0.0,0.0,0,
15,7,2025-01-08,2025-07-11,EMN/HUM,True,True,40,-3.47791711509282,0.03440384187325645,14.337060584649983,0.8962276618274988,all,0.7854041013268999,1.0,22.0,87.40701183606816,2346.4316134413684,10.0,9826.6546541038,1.3178232398426195,4,-14163.74543536519,-13090.11729536348,1073.628140001709,8,0.125
15,7,2025-01-08,2025-07-11,AAL/UNH,True,True,41,-2.8308641237561973,0.15606173798689688,18.557272970531244,0.8962276618274988,all,0.7840470446320869,1.0,24.5,71.43674253264972,2402.788430663405,13.0,7909.515865136697,0.7361537611796141,3,-13502.215584489557,-12804.976380252112,697.23920423744,6,0.3333333333333333
15,7,2025-01-08,2025-07-11,TXN/VZ,True,True,42,-2.898833025458731,0.13625227729250655,22.721610384800968,0.8962276618274988,all,0.7836550060313632,1.0,22.5,83.87303103093606,3161.314149537626,15.0,6945.246979428099,0.6476107787649413,3,11187.213812054055,11297.554609599712,110.3407975456572,1,1.0
15,7,2025-01-08,2025-07-11,CBOE/TOL,False,False,43,-2.7627919744882097,0.17781093675544452,22.529905851942367,0.8962276618274988,all,0.7836550060313631,1.0,22.0,69.91577284698589,3191.531075529552,36.0,0.0,,0,-11179.505017686173,-10709.44782993971,470.0571877464667,3,0.0
15,7,2025-01-08,2025-07-11,LYB/NVDA,False,True,44,-3.369250956505063,0.045882374230791056,14.017223749283536,0.8962276618274988,all,0.7824185765983112,1.0,24.5,78.10065630831075,2137.3746328798065,40.0,-1825.5367478871626,-0.41207094132988664,3,-9199.95841873177,-8227.147581327661,972.8108374041113,6,0.3333333333333333
15,7,2025-01-08,2025-07-11,ELV/HII,False,True,45,-3.306320151166705,0.053872950431429104,14.890608748286663,0.8962276618274988,all,0.7823281061519903,1.0,23.0,67.80917499896204,2236.0570346466898,29.0,2456.5373686857592,0.43719372317862243,3,-6025.699919170053,-5636.18936767446,389.510551495594,4,0.25
15,7,2025-01-08,2025-07-11,MAR/V,False,True,46,-3.0839836082074843,0.09156518615852716,10.329469075553412,0.8962276618274988,all,0.7811821471652594,1.0,23.5,43.63744895801764,2120.47668519204,16.0,6940.321543624125,2.330179076295012,2,1349.2798495756447,1645.8867379654066,296.6068883897632,3,0.3333333333333333
15,7,2025-01-08,2025-07-11,NOC/PLD,True,True,47,-3.370163138675441,0.045774190405154166,14.529876247619386,0.8962276618274988,all,0.7809408926417369,1.0,20.5,83.10777476442411,2446.3342183472696,14.0,7005.229549978944,1.218325384193607,2,8512.993345100771,8637.163536726946,124.17019162617595,1,1.0
15,7,2025-01-08,2025-07-11,RIO/STLD,False,True,48,-3.4667430090447726,0.035459634001346926,14.824591517143736,0.8962276618274988,all,0.7808202653799758,1.0,35.0,68.64166988322715,1950.8276844958484,19.0,6018.4408112111305,2.167929383577126,1,13645.62194899471,13924.67234563331,279.05039663860066,2,1.0
15,7,2025-01-08,2025-07-11,BHP/PGR,True,True,49,-2.7235476671038934,0.19122404519326347,25.527245307505744,0.8962276618274988,all,0.780518697225573,1.0,21.0,96.26862287168908,4997.656750394668,3.0,13784.146976686312,1.7389685325740574,2,2502.3443410633645,2834.9121567306865,332.56781566732303,2,0.5
15,7,2025-01-08,2025-07-11,DAL/HUM,True,True,50,-3.083112089696385,0.09174533105039834,20.98534387840769,0.8962276618274988,all,0.7804583835946924,1.0,19.5,94.27186962808857,3512.4076135239284,1.0,26994.107454383382,3.2887312014514922,3,11809.629715260642,12208.754709236233,399.1249939755953,3,0.6666666666666666
16,8,2025-07-14,2026-01-09,MGM/UPS,True,True,1,-3.228266901079689,0.06532647936109832,14.759430425981314,0.9635609839481012,all,0.8639021796916534,1.0,26.5,72.76768216370365,3704.2676126905108,15.0,14307.42262730587,1.125996664600475,3,1012.6871758895086,1290.476634040464,277.7894581509556,2,0.5
16,8,2025-07-14,2026-01-09,GDX/UPS,True,True,2,-3.4164655625586966,0.04055428805198399,15.30649877212986,0.9635609839481012,all,0.8570241892610314,1.0,23.0,85.31132828137953,3874.943104158859,14.0,14581.237337763176,2.288045806235704,2,-17520.551050292645,-17258.43473209754,262.1163181951074,2,0.0
16,8,2025-07-14,2026-01-09,CZR/UPS,False,True,3,-4.439667811577308,0.0015360781526280688,11.638075532472056,0.5307171411037297,all,0.8550637958532696,1.0,23.5,70.87235595588561,3371.8880151714957,33.0,3696.062640628398,0.6123597915478339,1,6410.599459854637,7281.524272499206,870.924812644571,6,0.5
16,8,2025-07-14,2026-01-09,KGC/UPS,True,True,4,-3.33283760916387,0.05037696197279152,15.594115688787184,0.9635609839481012,all,0.8540337586390218,1.0,23.0,82.67929973403653,3775.999827925861,10.0,18649.720930581465,2.1828900898903414,2,-8406.925685969805,-8238.644915491424,168.28077047838002,1,0.0
16,8,2025-07-14,2026-01-09,DAL/PYPL,True,True,5,-3.2204691667646346,0.06657086866885173,15.926791683274569,0.9635609839481012,all,0.8539008506113769,1.0,22.5,77.3628561758965,3927.9889864641427,13.0,15134.654607913366,3.054761553464504,1,-14076.94219184639,-13711.681822858685,365.2603689877007,3,0.0
16,8,2025-07-14,2026-01-09,BHP/T,False,True,6,-3.5367500581231313,0.02927368784835387,14.111617547889157,0.9635609839481012,all,0.8511762360446571,1.0,25.5,83.20928565921632,3215.90464796211,48.0,-1890.536250570749,-0.1774918086888048,2,7507.021404403222,8042.936718942539,535.9153145393193,3,0.6666666666666666
16,8,2025-07-14,2026-01-09,BHP/EXC,False,True,7,-3.566565362543015,0.026933326173984688,11.27894019617051,0.9635609839481012,all,0.8505449229133439,1.0,32.5,67.73085564683691,2948.0914009996063,36.0,223.10272662896205,0.02211574115541134,2,-14418.494887943907,-13961.163441435227,457.3314465086809,2,0.0
16,8,2025-07-14,2026-01-09,RIO/TRV,True,True,8,-3.530120329584582,0.029817074467840276,14.563220534199651,0.9635609839481012,all,0.842603668261563,1.0,23.0,85.52875223233424,3180.9788429111445,9.0,18865.14885338396,2.6785670490959905,2,-12928.368199396733,-12642.47104926758,285.8971501291527,2,0.0
16,8,2025-07-14,2026-01-09,BHP/CZR,False,True,9,-3.426636395279206,0.039476940500356314,15.412396111906649,0.9635609839481012,all,0.8415071770334929,1.0,23.5,72.96030728586308,3213.652615025939,30.0,6593.217563455713,1.4187807436009654,2,-10964.637880254846,-10305.245287589694,659.3925926651453,4,0.5
16,8,2025-07-14,2026-01-09,AVGO/TRV,False,False,10,-2.9450108588818233,0.12386183861965328,17.67253823199787,0.9635609839481012,all,0.8408426368952685,1.0,20.5,89.02414805971388,4266.730713231522,37.0,0.0,,0,3127.0635344976245,3359.4915821306863,232.4280476330576,2,1.0
16,8,2025-07-14,2026-01-09,STLD/TRV,False,True,11,-3.5817573886181213,0.025803843002535444,13.60521730333253,0.9635609839481012,all,0.8397793726741095,1.0,23.5,90.50694009470556,2999.0419201952936,18.0,11170.676152095566,1.8977641478862757,1,-10130.436049465865,-9759.339187594405,371.0968618714597,3,0.3333333333333333
16,8,2025-07-14,2026-01-09,HUM/ICE,False,True,12,-3.8981149099740824,0.009978962125859041,14.378153664381408,0.9635609839481012,all,0.8385499734183945,1.0,23.0,82.03452290604923,3042.7815187683864,28.0,7174.678747087263,2.7645951984693435,1,15494.65455238987,15703.18039001369,208.52583762381687,2,1.0
16,8,2025-07-14,2026-01-09,RIO/UAL,False,True,13,-3.5488315675378774,0.028305196709977484,14.715738702572859,0.9635609839481012,all,0.8356259968102073,1.0,22.5,91.48424118570966,3057.690564165099,16.0,11864.924149488063,2.5605772015980643,1,-13376.675044773421,-13159.574189455583,217.10085531783804,1,0.0
16,8,2025-07-14,2026-01-09,STLD/UPS,True,True,14,-2.860728853889831,0.14712476314793094,21.718043732081412,0.9635609839481012,all,0.8352937267410951,1.0,22.5,115.31040553000963,4727.033455478206,5.0,21264.371458989244,1.9537526338878202,1,-16702.87699611126,-16272.741420384362,430.1355757268924,3,0.3333333333333333
16,8,2025-07-14,2026-01-09,MGM/V,True,True,15,-3.265923164420922,0.059577567160448874,16.91499726033615,0.9635609839481012,all,0.8336323763955342,1.0,20.0,99.35380553701815,3922.790448552865,11.0,16846.153155550586,1.0092649384768004,3,0.0,0.0,0.0,0,
16,8,2025-07-14,2026-01-09,LUV/LYB,False,True,16,-3.1777929828999443,0.07372072587452554,20.469810032036616,0.9635609839481012,all,0.8334994683678894,1.0,24.0,125.20003841615055,3782.799071164781,25.0,8201.435367104943,0.9247628542456539,2,5333.96457930231,5633.695050935591,299.730471633282,2,0.5
16,8,2025-07-14,2026-01-09,CZR/JPM,False,True,17,-3.0482245480003693,0.09918257484270876,18.706711642965985,0.9635609839481012,all,0.8334994683678894,1.0,20.0,116.75081738690224,4381.19803562993,47.0,-1840.18639793396,-0.11689214148270322,2,12257.226704640349,12385.822989794675,128.5962851543263,1,1.0
16,8,2025-07-14,2026-01-09,CZR/T,False,True,18,-3.2592768641978123,0.0605613894527732,16.519126062918854,0.9635609839481012,all,0.8330342902711324,1.0,20.0,95.16113666679058,3791.6195225772526,23.0,8673.13107779414,0.6905688874583484,1,-2163.146324064933,-1473.0928892979846,690.053434766951,4,0.25
16,8,2025-07-14,2026-01-09,CMI/HUM,False,True,19,-3.0230288319497443,0.10483251576566449,14.66535681152084,0.9635609839481012,all,0.8264553429027113,1.0,23.0,94.74237949830429,2796.5040894171143,29.0,7041.115465032395,0.5720531405374265,3,-27181.647821744104,-26651.410081746682,530.2377399974251,4,0.0
16,8,2025-07-14,2026-01-09,RIO/WM,True,True,20,-3.5662229514360577,0.026959264796265363,14.270533404348962,0.9635609839481012,all,0.826255980861244,1.0,24.0,82.3047433578243,2691.8132954631556,8.0,19178.917705345422,2.747302318656189,2,-9744.062449022498,-9556.213542379212,187.84890664328566,1,0.0
16,8,2025-07-14,2026-01-09,LUV/UAL,False,True,21,-3.530767980334275,0.029763615069027305,19.52623129715608,0.9635609839481012,all,0.8259237107921318,1.0,25.0,107.61030693012786,3169.064981675127,21.0,10549.47676152228,1.1898982745539544,1,-12226.130301780573,-12067.752288799718,158.37801298085537,1,0.0
16,8,2025-07-14,2026-01-09,BHP/TMUS,False,True,22,-3.5609780402396662,0.02735926814906991,14.123825603367358,0.9635609839481012,all,0.8234981392876131,1.0,27.5,87.53445760638294,2523.8217309230145,24.0,8555.51275045697,0.7527956698068495,3,2907.868773273164,3280.838952361283,372.970179088121,2,0.5
16,8,2025-07-14,2026-01-09,BHP/ED,False,True,23,-3.2821259964596297,0.05723330680885926,16.343460663360798,0.9635609839481012,all,0.8206073896863371,1.0,25.5,77.31333037944363,2672.0846627307405,45.0,-487.77916845881555,-0.04766001661909915,2,-2660.5882599056795,-2513.745295191289,146.84296471439075,1,0.0
16,8,2025-07-14,2026-01-09,INTC/PYPL,False,True,24,-2.731301328229682,0.18852329654430305,23.435784032882914,0.9635609839481012,all,0.819677033492823,1.0,21.5,126.07097847757142,4711.117375471518,35.0,1103.1474700460387,0.07377695483503172,2,15757.821021485324,15884.579584900459,126.75856341513564,1,1.0
16,8,2025-07-14,2026-01-09,C/CZR,True,True,25,-2.5735877244737377,0.24761305386962484,24.87432925609907,0.9635609839481012,all,0.8182482721956406,1.0,26.5,115.07066860313745,4290.973507858991,3.0,34058.636389567175,2.3356209096644216,2,12535.057985811485,12768.824547249764,233.76656143827844,2,0.5
16,8,2025-07-14,2026-01-09,KGC/T,False,False,26,-3.051278544486818,0.09851376380116655,13.86697876571489,0.9635609839481012,all,0.8148923444976077,1.0,21.5,56.871580174667464,2639.893481733585,38.0,0.0,,0,-21526.52967062145,-20289.102004295768,1237.4276663256774,11,0.18181818181818182
16,8,2025-07-14,2026-01-09,SCCO/TOL,False,False,27,-2.888761806143496,0.13906852555413807,21.50290144677355,0.9635609839481012,all,0.8142278043593834,1.0,21.5,90.14341882901088,3711.0186778473035,39.0,0.0,,0,-19182.937623113674,-18865.192749472186,317.7448736414907,2,0.0
16,8,2025-07-14,2026-01-09,H/PCAR,False,True,28,-2.800506988151441,0.16552342009251575,17.767790351426058,0.9635609839481012,all,0.8132309941520467,1.0,21.0,60.57648039315081,3013.313867104736,27.0,7366.875521884278,1.407228567605608,1,0.0,0.0,0.0,0,
16,8,2025-07-14,2026-01-09,RIO/XEL,False,True,29,-3.5432351647910436,0.0287503597479361,14.77490361707898,0.9635609839481012,all,0.8130980861244019,1.0,19.5,90.11123006508643,3015.5526900376512,22.0,10524.836479708694,2.1578813905685177,1,-13121.62401810746,-12905.928433463236,215.69558464422343,1,0.0
16,8,2025-07-14,2026-01-09,HUM/PGR,False,False,30,-3.499673197941579,0.03242436962958133,16.098060582425887,0.9635609839481012,all,0.8117690058479532,1.0,21.0,104.68161491273433,2830.599026910637,40.0,0.0,,0,16780.81423916443,16961.935146203145,181.12090703871263,2,1.0
16,8,2025-07-14,2026-01-09,HUM/JPM,True,True,31,-4.375275850125086,0.0019487064042319428,11.973541953921902,0.5307171411037297,all,0.81113769271664,1.0,23.5,99.28419009878829,2391.9572976807754,7.0,19892.833565011228,3.045029029319626,2,-1500.047776150849,-1130.6010871211274,369.4466890297259,3,0.6666666666666666
16,8,2025-07-14,2026-01-09,RIO/RSG,True,True,32,-3.5083916099332053,0.03165870609132635,14.858575074838074,0.9635609839481012,all,0.8107057416267943,1.0,22.5,87.47844654386219,2554.2364677948126,6.0,20244.199876327602,2.7548636625282037,2,-10302.507490057507,-10105.718542725714,196.78894733179317,1,0.0
16,8,2025-07-14,2026-01-09,GPN/NEM,False,True,33,-2.6972606460222717,0.20056544494136985,13.959726153963862,0.9635609839481012,all,0.810373471557682,1.0,20.0,99.42008290216877,2786.717016164163,26.0,8019.037376597255,0.5364760698873717,2,786.701973859135,1121.3470343490944,334.6450604899595,2,1.0
16,8,2025-07-14,2026-01-09,AMD/CSX,False,False,34,-4.444752770768313,0.0015072278536903958,9.125876882772644,0.5307171411037297,all,0.8098750664540137,1.0,32.0,58.284109161342315,2216.7590568839737,41.0,0.0,,0,8106.240062258521,8489.895794931046,383.6557326725224,4,0.5
16,8,2025-07-14,2026-01-09,AEP/GDX,False,True,35,-3.330675379790855,0.05065486173470643,15.147378816683714,0.9635609839481012,all,0.8095427963849016,1.0,23.5,55.891544826998306,2490.030850739736,46.0,-1655.8886322626286,-0.251732042463763,7,-3037.2927808582567,-2709.9702538027877,327.3225270554679,4,0.25
16,8,2025-07-14,2026-01-09,HUM/T,False,False,36,-3.0262759466554647,0.10409105370542482,19.64180033962042,0.9635609839481012,all,0.8094763423710791,1.0,19.0,87.85622837988369,3764.941823254625,42.0,0.0,,0,10192.53098511079,10345.462912196046,152.93192708525388,1,1.0
16,8,2025-07-14,2026-01-09,MDLZ/PYPL,False,True,37,-2.6999072875239163,0.19961201180717247,24.09067847729453,0.9635609839481012,all,0.8060539606592237,1.0,21.0,71.28092349545567,4278.801172433543,19.0,10727.328208482697,1.748624891658313,1,-11777.44239055245,-11696.360173096682,81.08221745576998,1,0.0
16,8,2025-07-14,2026-01-09,AAL/NEM,True,True,38,-2.946053305919424,0.12359194220968417,22.824060742353918,0.9635609839481012,all,0.8054226475279107,1.0,19.0,108.47094951364218,4859.938421434419,2.0,41948.140140822674,2.2387841860234223,2,-20366.616439722176,-19912.465658344954,454.1507813772298,2,0.0
16,8,2025-07-14,2026-01-09,INTC/NEM,True,True,39,-3.1563083821819053,0.07754344551274767,21.800682304631703,0.9635609839481012,all,0.8035287081339713,1.0,23.0,119.37748571038705,3131.160602397774,1.0,57612.99573286455,3.8728675162315462,3,-43981.0350767106,-43606.31684460798,374.71823210263176,2,0.0
16,8,2025-07-14,2026-01-09,AEM/AEP,False,True,40,-3.8341754210865586,0.012198245850643469,11.856638936907947,0.9635609839481012,all,0.8026648059542796,1.0,25.5,55.98777358335994,2211.7052479211043,31.0,5400.268456488024,0.8806068806560304,2,5131.551965218068,5331.186050958361,199.6340857402902,2,0.5
16,8,2025-07-14,2026-01-09,FCX/LMT,True,True,41,-2.4973912061594308,0.28022079258737786,27.023602862982532,0.9635609839481012,all,0.7991095162147793,1.0,24.5,104.41596283314989,4442.876906760159,4.0,22573.91618916885,2.0427141141168343,1,-3159.199709711065,-3061.034678424521,98.16503128654423,1,0.0
16,8,2025-07-14,2026-01-09,FDX/TECK,False,False,42,-3.6106998484096824,0.023764474804764832,13.374357172502894,0.9635609839481012,all,0.7967503987240829,1.0,25.0,80.65115577876325,2181.9773374447814,43.0,0.0,,0,0.0,0.0,0.0,0,
16,8,2025-07-14,2026-01-09,PHM/QCOM,False,False,43,-2.480671346427201,0.28765944373780644,24.32587959385845,0.9635609839481012,all,0.7941586921850079,1.0,21.5,84.22711038946173,3622.2127592797397,44.0,0.0,,0,6800.846660532421,6916.1097833973345,115.26312286491232,1,1.0
16,8,2025-07-14,2026-01-09,MOH/XEL,False,True,44,-2.5953654912286503,0.2387020572404991,19.147419695405972,0.9635609839481012,all,0.793095427963849,1.0,21.0,105.3565957914071,2709.71934491913,32.0,4503.396566720103,0.7616450467972224,2,-2382.8522588107317,-1977.1610610645657,405.69119774616615,3,0.3333333333333333
16,8,2025-07-14,2026-01-09,GOLD/TECK,False,True,45,-3.278858286077824,0.05769995346498237,16.781335059346173,0.9635609839481012,all,0.7917663476874003,1.0,17.5,81.15005959513823,3195.8754495875255,34.0,3401.690868271124,0.5789709107757502,1,0.0,0.0,0.0,0,
16,8,2025-07-14,2026-01-09,NOC/VZ,False,True,46,-3.4554173346366426,0.03655752265754464,15.057098505600928,0.9635609839481012,all,0.7915669856459331,1.0,24.0,71.23938986715731,2205.47997654376,20.0,10664.330071216216,3.3062686372350223,1,-5325.740226745176,-5014.183955336311,311.55627140886344,2,0.5
16,8,2025-07-14,2026-01-09,AEM/AVGO,False,True,47,-2.5387128678369835,0.2622675309132413,27.156958859558507,0.9635609839481012,all,0.7904372674109517,1.0,21.0,111.20698148306407,5022.296411388193,49.0,-5155.821409495244,-0.39067330640092063,1,0.0,0.0,0.0,0,
16,8,2025-07-14,2026-01-09,MGM/T,True,True,48,-3.1686823266559103,0.07532316239966329,16.561747086764292,0.9635609839481012,all,0.7904040404040404,1.0,19.0,96.26223772673076,2764.6547926485223,12.0,16828.246043722713,1.0615126571684665,3,10893.028066071609,11057.179040745048,164.15097467343958,1,1.0
16,8,2025-07-14,2026-01-09,PFE/V,False,True,49,-3.20331511172133,0.0693751535797993,17.32973853472006,0.9635609839481012,all,0.7904040404040404,1.0,19.0,65.28997458823426,2837.7247279471203,17.0,11594.116113856151,1.5850271348021474,1,7845.7871143174025,8057.224599848654,211.43748553125243,2,1.0
16,8,2025-07-14,2026-01-09,LYB/XEL,False,True,50,-2.9036224398450177,0.1349273984804602,20.425589990087524,0.9635609839481012,all,0.7872474747474748,1.0,20.0,70.26395545543642,2951.6535095127106,50.0,-10661.704005270632,-1.1950438604058775,4,15292.265144524079,15613.575978389585,321.3108338655044,3,1.0
17,8,2026-01-12,2026-07-14,MGM/UPS,False,True,1,-3.228266901079689,0.06532647936109832,14.759430425981314,0.9635609839481012,all,0.8639021796916534,1.0,26.5,72.76768216370365,3704.2676126905108,18.0,1012.6871758895086,0.17714933800095728,2,-4336.043859639163,-4156.4397764622,179.60408317696047,1,0.0
17,8,2026-01-12,2026-07-14,GDX/UPS,False,True,2,-3.4164655625586966,0.04055428805198399,15.30649877212986,0.9635609839481012,all,0.8570241892610314,1.0,23.0,85.31132828137953,3874.943104158859,45.0,-17520.551050292645,-1.9977332410693271,2,1427.7120053414474,1741.4905504817202,313.7785451402681,2,0.5
17,8,2026-01-12,2026-07-14,CZR/UPS,True,True,3,-4.439667811577308,0.0015360781526280688,11.638075532472056,0.5307171411037297,all,0.8550637958532696,1.0,23.5,70.87235595588561,3371.8880151714957,13.0,6410.599459854637,0.867203620661838,6,3651.8798228944424,4102.928636074967,451.04881318052253,3,0.3333333333333333
17,8,2026-01-12,2026-07-14,KGC/UPS,False,True,4,-3.33283760916387,0.05037696197279152,15.594115688787184,0.9635609839481012,all,0.8540337586390218,1.0,23.0,82.67929973403653,3775.999827925861,32.0,-8406.925685969805,-1.4768946855382221,1,-8362.645078241527,-7875.39576698372,487.24931125781814,3,0.3333333333333333
17,8,2026-01-12,2026-07-14,DAL/PYPL,False,True,5,-3.2204691667646346,0.06657086866885173,15.926791683274569,0.9635609839481012,all,0.8539008506113769,1.0,22.5,77.3628561758965,3927.9889864641427,42.0,-14076.94219184639,-1.655347322273569,3,-23277.689634914736,-22707.310253961004,570.3793809537416,4,0.0
17,8,2026-01-12,2026-07-14,BHP/T,True,True,6,-3.5367500581231313,0.02927368784835387,14.111617547889157,0.9635609839481012,all,0.8511762360446571,1.0,25.5,83.20928565921632,3215.90464796211,11.0,7507.021404403222,0.8240741632253723,3,-34701.35218693362,-33721.502067078676,979.850119854951,6,0.16666666666666666
17,8,2026-01-12,2026-07-14,BHP/EXC,False,True,7,-3.566565362543015,0.026933326173984688,11.27894019617051,0.9635609839481012,all,0.8505449229133439,1.0,32.5,67.73085564683691,2948.0914009996063,43.0,-14418.494887943907,-1.7199707114598783,2,-32283.821040327115,-31164.95456935197,1118.8664709751486,8,0.125
17,8,2026-01-12,2026-07-14,RIO/TRV,False,True,8,-3.530120329584582,0.029817074467840276,14.563220534199651,0.9635609839481012,all,0.842603668261563,1.0,23.0,85.52875223233424,3180.9788429111445,39.0,-12928.368199396733,-1.944932484387626,2,-1807.702668432562,-1327.7295213650893,479.9731470674724,4,0.25
17,8,2026-01-12,2026-07-14,BHP/CZR,False,True,9,-3.426636395279206,0.039476940500356314,15.412396111906649,0.9635609839481012,all,0.8415071770334929,1.0,23.5,72.96030728586308,3213.652615025939,36.0,-10964.637880254846,-1.2055800407888186,4,-49413.27030886762,-47984.780450495775,1428.4898583718525,9,0.0
17,8,2026-01-12,2026-07-14,AVGO/TRV,False,True,10,-2.9450108588818233,0.12386183861965328,17.67253823199787,0.9635609839481012,all,0.8408426368952685,1.0,20.5,89.02414805971388,4266.730713231522,16.0,3127.0635344976245,0.2764576368789421,2,7255.064107343105,7324.137900236261,69.07379289315566,1,1.0
17,8,2026-01-12,2026-07-14,STLD/TRV,False,True,11,-3.5817573886181213,0.025803843002535444,13.60521730333253,0.9635609839481012,all,0.8397793726741095,1.0,23.5,90.50694009470556,2999.0419201952936,34.0,-10130.436049465865,-1.4185132434393863,3,-21549.591427276755,-21012.784740772462,536.8066865042919,4,0.25
17,8,2026-01-12,2026-07-14,HUM/ICE,True,True,12,-3.8981149099740824,0.009978962125859041,14.378153664381408,0.9635609839481012,all,0.8385499734183945,1.0,23.0,82.03452290604923,3042.7815187683864,3.0,15494.65455238987,2.238299361688242,2,4035.5415391323295,4471.4263123423225,435.8847732099908,4,0.25
17,8,2026-01-12,2026-07-14,RIO/UAL,False,True,13,-3.5488315675378774,0.028305196709977484,14.715738702572859,0.9635609839481012,all,0.8356259968102073,1.0,22.5,91.48424118570966,3057.690564165099,41.0,-13376.675044773421,-1.8802690461426828,1,4445.098123679649,5009.671384652237,564.573260972588,4,0.5
17,8,2026-01-12,2026-07-14,STLD/UPS,False,True,14,-2.860728853889831,0.14712476314793094,21.718043732081412,0.9635609839481012,all,0.8352937267410951,1.0,22.5,115.31040553000963,4727.033455478206,44.0,-16702.87699611126,-1.8829319509986702,3,-45730.24741383465,-44779.890098216485,950.3573156181687,6,0.16666666666666666
17,8,2026-01-12,2026-07-14,MGM/V,False,False,15,-3.265923164420922,0.059577567160448874,16.91499726033615,0.9635609839481012,all,0.8336323763955342,1.0,20.0,99.35380553701815,3922.790448552865,20.0,0.0,,0,-14058.568771654638,-13635.987141078122,422.58163057651706,3,0.0
17,8,2026-01-12,2026-07-14,LUV/LYB,True,True,16,-3.1777929828999443,0.07372072587452554,20.469810032036616,0.9635609839481012,all,0.8334994683678894,1.0,24.0,125.20003841615055,3782.799071164781,14.0,5333.96457930231,0.5561244089111278,2,-21883.978743732237,-21149.422842680808,734.5559010514268,4,0.0
17,8,2026-01-12,2026-07-14,CZR/JPM,True,True,17,-3.0482245480003693,0.09918257484270876,18.706711642965985,0.9635609839481012,all,0.8334994683678894,1.0,20.0,116.75081738690224,4381.19803562993,6.0,12257.226704640349,1.1676279935287277,1,15719.190266526806,16003.897186161179,284.70691963436815,2,1.0
17,8,2026-01-12,2026-07-14,CZR/T,False,True,18,-3.2592768641978123,0.0605613894527732,16.519126062918854,0.9635609839481012,all,0.8330342902711324,1.0,20.0,95.16113666679058,3791.6195225772526,26.0,-2163.146324064933,-0.18507078099636026,4,12994.348405031891,13186.78730851975,192.43890348785578,1,1.0
17,8,2026-01-12,2026-07-14,CMI/HUM,False,True,19,-3.0230288319497443,0.10483251576566449,14.66535681152084,0.9635609839481012,all,0.8264553429027113,1.0,23.0,94.74237949830429,2796.5040894171143,49.0,-27181.647821744104,-2.634571439970899,4,-15518.61196999238,-14991.092710356806,527.5192596355753,4,0.25
17,8,2026-01-12,2026-07-14,RIO/WM,False,True,20,-3.5662229514360577,0.026959264796265363,14.270533404348962,0.9635609839481012,all,0.826255980861244,1.0,24.0,82.3047433578243,2691.8132954631556,33.0,-9744.062449022498,-1.526302905902767,1,799.9679420822434,1294.272586266377,494.3046441841353,4,0.5
17,8,2026-01-12,2026-07-14,LUV/UAL,False,True,21,-3.530767980334275,0.029763615069027305,19.52623129715608,0.9635609839481012,all,0.8259237107921318,1.0,25.0,107.61030693012786,3169.064981675127,38.0,-12226.130301780573,-2.6463942474375144,1,-7348.276269490748,-6822.052789459696,526.2234800310523,3,0.6666666666666666
17,8,2026-01-12,2026-07-14,BHP/TMUS,False,True,22,-3.5609780402396662,0.02735926814906991,14.123825603367358,0.9635609839481012,all,0.8234981392876131,1.0,27.5,87.53445760638294,2523.8217309230145,17.0,2907.868773273164,0.35656415926466883,2,-25381.567352810594,-24492.6045725469,888.9627802636945,6,0.16666666666666666
17,8,2026-01-12,2026-07-14,BHP/ED,False,True,23,-3.2821259964596297,0.05723330680885926,16.343460663360798,0.9635609839481012,all,0.8206073896863371,1.0,25.5,77.31333037944363,2672.0846627307405,28.0,-2660.5882599056795,-0.729848074733366,1,-16140.25544455422,-15592.021568673936,548.2338758802825,4,0.5
17,8,2026-01-12,2026-07-14,INTC/PYPL,True,True,24,-2.731301328229682,0.18852329654430305,23.435784032882914,0.9635609839481012,all,0.819677033492823,1.0,21.5,126.07097847757142,4711.117375471518,2.0,15757.821021485324,1.6917613746449407,1,-26244.33226859289,-26043.269109800873,201.0631587920157,2,0.0
17,8,2026-01-12,2026-07-14,C/CZR,True,True,25,-2.5735877244737377,0.24761305386962484,24.87432925609907,0.9635609839481012,all,0.8182482721956406,1.0,26.5,115.07066860313745,4290.973507858991,5.0,12535.057985811485,1.9889328439143275,2,-3929.732621567086,-3241.4440514525704,688.2885701145144,5,0.4
17,8,2026-01-12,2026-07-14,KGC/T,False,True,26,-3.051278544486818,0.09851376380116655,13.86697876571489,0.9635609839481012,all,0.8148923444976077,1.0,21.5,56.871580174667464,2639.893481733585,48.0,-21526.52967062145,-3.247124820615618,11,5708.674347172337,6080.937114116248,372.26276694391083,3,0.6666666666666666
17,8,2026-01-12,2026-07-14,SCCO/TOL,False,True,27,-2.888761806143496,0.13906852555413807,21.50290144677355,0.9635609839481012,all,0.8142278043593834,1.0,21.5,90.14341882901088,3711.0186778473035,46.0,-19182.937623113674,-2.0510024286223545,2,-22159.31351572333,-21010.972924501908,1148.3405912214191,8,0.125
17,8,2026-01-12,2026-07-14,H/PCAR,False,False,28,-2.800506988151441,0.16552342009251575,17.767790351426058,0.9635609839481012,all,0.8132309941520467,1.0,21.0,60.57648039315081,3013.313867104736,21.0,0.0,,0,10726.68880123457,11165.184073149554,438.49527191498356,3,1.0
17,8,2026-01-12,2026-07-14,RIO/XEL,False,True,29,-3.5432351647910436,0.0287503597479361,14.77490361707898,0.9635609839481012,all,0.8130980861244019,1.0,19.5,90.11123006508643,3015.5526900376512,40.0,-13121.62401810746,-1.8881753433006558,1,1725.0215955040767,2118.416240651714,393.3946451476364,3,0.3333333333333333
17,8,2026-01-12,2026-07-14,HUM/PGR,True,True,30,-3.499673197941579,0.03242436962958133,16.098060582425887,0.9635609839481012,all,0.8117690058479532,1.0,21.0,104.68161491273433,2830.599026910637,1.0,16780.81423916443,1.6677516598858928,2,-11668.175386991077,-11338.13977834503,330.03560864604964,3,0.0
17,8,2026-01-12,2026-07-14,HUM/JPM,False,True,31,-4.375275850125086,0.0019487064042319428,11.973541953921902,0.5307171411037297,all,0.81113769271664,1.0,23.5,99.28419009878829,2391.9572976807754,25.0,-1500.047776150849,-0.1699672942820649,3,-7049.806356498861,-6691.284971876885,358.521384621978,3,0.3333333333333333
17,8,2026-01-12,2026-07-14,RIO/RSG,False,True,32,-3.5083916099332053,0.03165870609132635,14.858575074838074,0.9635609839481012,all,0.8107057416267943,1.0,22.5,87.47844654386219,2554.2364677948126,35.0,-10302.507490057507,-1.5586420439996669,1,3917.605844444302,4507.61755153109,590.0117070867844,4,0.5
17,8,2026-01-12,2026-07-14,GPN/NEM,False,True,33,-2.6972606460222717,0.20056544494136985,13.959726153963862,0.9635609839481012,all,0.810373471557682,1.0,20.0,99.42008290216877,2786.717016164163,19.0,786.701973859135,0.08203794155146679,2,26709.423540344545,27019.430208397214,310.00666805267576,2,1.0
17,8,2026-01-12,2026-07-14,AMD/CSX,True,True,34,-4.444752770768313,0.0015072278536903958,9.125876882772644,0.5307171411037297,all,0.8098750664540137,1.0,32.0,58.284109161342315,2216.7590568839737,9.0,8106.240062258521,1.0769571313587394,4,8979.520954122607,9344.471690000137,364.95073587752984,3,1.0
17,8,2026-01-12,2026-07-14,AEP/GDX,False,True,35,-3.330675379790855,0.05065486173470643,15.147378816683714,0.9635609839481012,all,0.8095427963849016,1.0,23.5,55.891544826998306,2490.030850739736,29.0,-3037.2927808582567,-0.4877589238639861,4,2035.4493459469286,2270.005391718968,234.5560457720439,2,0.5
17,8,2026-01-12,2026-07-14,HUM/T,True,True,36,-3.0262759466554647,0.10409105370542482,19.64180033962042,0.9635609839481012,all,0.8094763423710791,1.0,19.0,87.85622837988369,3764.941823254625,8.0,10192.53098511079,1.6852390672328723,1,-4362.902842693043,-3844.8062469000797,518.0965957929611,4,0.25
17,8,2026-01-12,2026-07-14,MDLZ/PYPL,False,True,37,-2.6999072875239163,0.19961201180717247,24.09067847729453,0.9635609839481012,all,0.8060539606592237,1.0,21.0,71.28092349545567,4278.801172433543,37.0,-11777.44239055245,-2.5481369574558306,1,5933.185870708364,6026.445229498049,93.2593587896863,1,1.0
17,8,2026-01-12,2026-07-14,AAL/NEM,False,True,38,-2.946053305919424,0.12359194220968417,22.824060742353918,0.9635609839481012,all,0.8054226475279107,1.0,19.0,108.47094951364218,4859.938421434419,47.0,-20366.616439722176,-1.478118799506083,2,10151.745701992428,10295.42870922022,143.68300722779148,1,1.0
17,8,2026-01-12,2026-07-14,INTC/NEM,False,True,39,-3.1563083821819053,0.07754344551274767,21.800682304631703,0.9635609839481012,all,0.8035287081339713,1.0,23.0,119.37748571038705,3131.160602397774,50.0,-43981.0350767106,-2.570401325670856,2,-54586.58455874871,-54280.022282812875,306.56227593582906,2,0.0
17,8,2026-01-12,2026-07-14,AEM/AEP,True,True,40,-3.8341754210865586,0.012198245850643469,11.856638936907947,0.9635609839481012,all,0.8026648059542796,1.0,25.5,55.98777358335994,2211.7052479211043,15.0,5131.551965218068,0.8126165770444324,2,811.795423633092,1041.039867417715,229.2444437846252,2,0.5
17,8,2026-01-12,2026-07-14,FCX/LMT,False,True,41,-2.4973912061594308,0.28022079258737786,27.023602862982532,0.9635609839481012,all,0.7991095162147793,1.0,24.5,104.41596283314989,4442.876906760159,30.0,-3159.199709711065,-0.9372606447656275,1,-2649.284045254632,-2279.2088739067303,370.07517134790487,2,0.5
17,8,2026-01-12,2026-07-14,FDX/TECK,False,False,42,-3.6106998484096824,0.023764474804764832,13.374357172502894,0.9635609839481012,all,0.7967503987240829,1.0,25.0,80.65115577876325,2181.9773374447814,22.0,0.0,,0,-3700.612676494785,-3274.609428769223,426.0032477255618,3,0.6666666666666666
17,8,2026-01-12,2026-07-14,PHM/QCOM,True,True,43,-2.480671346427201,0.28765944373780644,24.32587959385845,0.9635609839481012,all,0.7941586921850079,1.0,21.5,84.22711038946173,3622.2127592797397,12.0,6800.846660532421,1.4839525611655895,1,6088.464449513304,6257.829141248549,169.36469173524495,1,1.0
17,8,2026-01-12,2026-07-14,MOH/XEL,False,True,44,-2.5953654912286503,0.2387020572404991,19.147419695405972,0.9635609839481012,all,0.793095427963849,1.0,21.0,105.3565957914071,2709.71934491913,27.0,-2382.8522588107317,-0.30374049941108183,3,15812.231330714665,15947.21777195299,134.98644123832526,1,1.0
17,8,2026-01-12,2026-07-14,GOLD/TECK,False,False,45,-3.278858286077824,0.05769995346498237,16.781335059346173,0.9635609839481012,all,0.7917663476874003,1.0,17.5,81.15005959513823,3195.8754495875255,23.0,0.0,,0,3419.9337034001474,4117.523951470598,697.5902480704503,3,0.6666666666666666
17,8,2026-01-12,2026-07-14,NOC/VZ,False,True,46,-3.4554173346366426,0.03655752265754464,15.057098505600928,0.9635609839481012,all,0.7915669856459331,1.0,24.0,71.23938986715731,2205.47997654376,31.0,-5325.740226745176,-0.7534001832772087,2,17027.35201875397,17282.400798701536,255.048779947563,2,1.0
17,8,2026-01-12,2026-07-14,AEM/AVGO,False,False,47,-2.5387128678369835,0.2622675309132413,27.156958859558507,0.9635609839481012,all,0.7904372674109517,1.0,21.0,111.20698148306407,5022.296411388193,24.0,0.0,,0,10808.508112127649,11043.001001784489,234.4928896568381,2,1.0
17,8,2026-01-12,2026-07-14,MGM/T,True,True,48,-3.1686823266559103,0.07532316239966329,16.561747086764292,0.9635609839481012,all,0.7904040404040404,1.0,19.0,96.26223772673076,2764.6547926485223,7.0,10893.028066071609,2.3759567141569455,1,-664.9372905240295,158.59799019480943,823.5352807188405,5,0.6
17,8,2026-01-12,2026-07-14,PFE/V,True,True,49,-3.20331511172133,0.0693751535797993,17.32973853472006,0.9635609839481012,all,0.7904040404040404,1.0,19.0,65.28997458823426,2837.7247279471203,10.0,7845.7871143174025,2.126014817670568,2,-3564.014757409429,-3354.880549774357,209.1342076350715,1,0.0
17,8,2026-01-12,2026-07-14,LYB/XEL,True,True,50,-2.9036224398450177,0.1349273984804602,20.425589990087524,0.9635609839481012,all,0.7872474747474748,1.0,20.0,70.26395545543642,2951.6535095127106,4.0,15292.265144524079,1.7503828639037151,3,-4068.5884926046347,-3653.972791346282,414.61570125835846,3,0.3333333333333333
18,9,2026-07-15,2026-09-15,QCOM/UNP,False,True,1,-3.9306766555117223,0.008993761107828154,17.419361823296086,0.5837297749138651,all,0.8538979248457655,1.0,26.5,124.86077669483045,5010.096655716321,44.0,-1552.4881480968133,-0.09642682211794056,5,12483.281865341647,12577.68410031105,94.40223496940307,1,1.0
18,9,2026-07-15,2026-09-15,FIS/STLD,False,True,2,-3.340855501931466,0.0493573873871381,15.52041745850964,0.7510673554194268,all,0.8504276500280425,1.0,24.0,91.63804561046456,4217.945005685896,49.0,-16019.422156248833,-1.7690224743238425,3,0.0,0.0,0.0,0,
18,9,2026-07-15,2026-09-15,AIG/CZR,False,True,3,-4.122746773934736,0.0047619374539670445,10.116691581658372,0.4942089593051163,all,0.8419798093101515,1.0,25.5,82.69222165561257,3006.7050044589882,17.0,8666.885056674826,1.5134049218841268,1,0.0,0.0,0.0,0,
18,9,2026-07-15,2026-09-15,LLY/TECK,False,True,4,-3.333748839497335,0.05026022244560648,15.190510355987119,0.7510673554194268,all,0.8412787436904094,1.0,23.0,111.9369865195755,3884.189272659412,27.0,4556.035531885071,1.0743877553184118,1,0.0,0.0,0.0,0,
18,9,2026-07-15,2026-09-15,MA/MRK,False,True,5,-3.6217743289167403,0.02302179058964172,14.478960694243822,0.7335565828187328,all,0.8411385305664609,1.0,31.5,85.1099226850513,3114.8672624479645,29.0,3886.465903649839,0.565381886484072,2,-7087.642281267568,-6904.002865182573,183.63941608499343,2,0.5
18,9,2026-07-15,2026-09-15,CBOE/GIS,True,True,6,-4.484133412734798,0.0013002948695679116,12.806233339027854,0.4675426275121973,all,0.8409983174425126,1.0,25.0,83.4845507134607,3207.094697324262,9.0,13908.304691253656,1.8076640366291088,2,6392.537536763946,6520.628962931176,128.09142616722949,1,1.0
18,9,2026-07-15,2026-09-15,FIS/RIO,False,True,7,-2.7263226902121347,0.19025458853234706,17.368530445120033,0.932077140324442,all,0.8409282108805384,1.0,32.0,75.63575773684524,3703.157515521274,43.0,-1316.598929572196,-0.1455846509018776,2,10278.464484985072,10405.46674268305,127.00225769797734,1,1.0
18,9,2026-07-15,2026-09-15,FCX/UNP,False,True,8,-3.407085447710514,0.041569567365044226,15.936746281000335,0.7510673554194268,all,0.8378084688726865,1.0,29.5,83.6987395875302,3304.931489027694,46.0,-2116.5595022022017,-0.12301583247899368,3,9126.11430723885,9227.36611771371,101.25181047485995,1,1.0
18,9,2026-07-15,2026-09-15,CZR/WFC,True,True,9,-2.9888325979885364,0.1128838952815523,18.249401369666952,0.8459136101217151,all,0.8377734155916994,1.0,23.5,119.02340678527996,4498.516418729387,7.0,14849.682845941408,1.4444705960041804,1,0.0,0.0,0.0,0,
18,9,2026-07-15,2026-09-15,PFE/TECK,False,True,10,-3.5938040441595542,0.02493739555596219,12.711298225766962,0.7471401942070156,all,0.8364063376332024,1.0,22.0,59.05908429826172,3542.413475388094,26.0,4988.010326276329,0.969433801739797,2,0.0,0.0,0.0,0,
18,9,2026-07-15,2026-09-15,QCOM/TECK,True,True,11,-2.723038546766253,0.19140225315698794,20.241686581156806,0.932077140324442,all,0.8358805384183958,1.0,29.0,144.56226525500526,4464.908379304047,1.0,33071.27125007315,1.3665108182723165,6,0.0,0.0,0.0,0,
18,9,2026-07-15,2026-09-15,PEP/V,False,True,12,-4.064309216289337,0.005801950690937927,11.11235594547664,0.5320916233652891,all,0.8343031407739765,1.0,34.0,67.6074138834022,2758.1385712565466,20.0,6803.571305815794,1.7973981243244714,1,3375.987342834877,3463.6463907096277,87.65904787475088,1,1.0
18,9,2026-07-15,2026-09-15,DE/KBH,False,True,13,-3.719486413985681,0.017294731812638332,14.64491228000716,0.6868562609582362,all,0.8334268087492989,1.0,25.5,114.9287473202917,3109.2481676415796,30.0,2530.5079220649714,0.22131220560682546,3,145.41159236680744,330.36999240093155,184.95840003412297,1,1.0
18,9,2026-07-15,2026-09-15,QCOM/UNH,False,True,14,-2.6229752630020093,0.2284944999411863,21.042593949450964,0.9355532566701992,all,0.8326556365675827,1.0,27.0,185.2099140669145,4890.279866524825,45.0,-1836.6854104510062,-0.08989626066643923,5,0.0,0.0,0.0,0,
18,9,2026-07-15,2026-09-15,QCOM/TOL,True,True,15,-3.2012148752503102,0.06972486948756297,19.85929152191083,0.7815383148783724,all,0.8301668536174985,1.0,26.0,161.1985196203412,4156.704548818312,5.0,17026.839555104914,0.7363641585272499,5,0.0,0.0,0.0,0,
18,9,2026-07-15,2026-09-15,EMN/JPM,False,False,16,-3.375094751390591,0.045192961101805346,15.242919035535994,0.7510673554194268,all,0.8300616937745372,1.0,20.5,105.57625062866214,4179.681852744935,35.0,0.0,,0,6182.627551197275,6336.590964580249,153.96341338297313,1,1.0
18,9,2026-07-15,2026-09-15,NSC/NVDA,False,True,17,-5.847715595527748,3.434053593456211e-06,5.677836993990658,0.01732136632539313,all,0.8298513740886146,1.0,30.5,78.60119607757875,2644.7203182994635,28.0,4238.366700800644,0.9690288169636666,1,4993.187810532529,5116.912183457827,123.72437292529804,1,1.0
18,9,2026-07-15,2026-09-15,GPN/KHC,False,True,18,-3.26330293632893,0.059963871730478235,16.115812406532196,0.7510673554194268,all,0.8294657879977566,1.0,26.0,68.64609241420457,3204.324432643064,22.0,6216.184526739575,1.4379578727764677,1,0.0,0.0,0.0,0,
18,9,2026-07-15,2026-09-15,GOLD/PFE,True,True,19,-3.854086659650597,0.011464195117907654,11.308228254686327,0.6200623426658817,all,0.8273976444195177,1.0,19.5,60.0338112026065,3812.139922399905,10.0,13129.533097862215,1.3176281335758744,2,6731.714209297813,6879.599384307858,147.88517501004443,1,1.0
18,9,2026-07-15,2026-09-15,ALL/IHG,False,False,20,-3.8752719911331814,0.010726585758635485,10.380316732847133,0.6200623426658817,all,0.8252944475602916,1.0,26.5,73.4296701794241,2665.1069707480074,36.0,0.0,,0,-8886.930259423623,-8523.589814684061,363.34044473956016,3,0.0
18,9,2026-07-15,2026-09-15,AIG/BMY,False,False,21,-3.3142397074838064,0.05280867112107677,15.942653881292625,0.7510673554194268,all,0.8248037016264723,1.0,22.5,93.99077431532889,3496.0492035931984,37.0,0.0,,0,0.0,0.0,0.0,0,
18,9,2026-07-15,2026-09-15,INTC/STLD,False,True,22,-4.4424579666637705,0.001520184763144219,9.791455324522955,0.4675426275121973,all,0.8232613572630397,1.0,28.0,112.40937998235172,2593.66045120994,48.0,-6656.84172573771,-0.46588990239824907,2,0.0,0.0,0.0,0,
18,9,2026-07-15,2026-09-15,KBH/V,False,True,23,-2.981957757272165,0.11455665288430411,16.726484458219208,0.8484147631376988,all,0.8227706113292205,1.0,25.5,95.8134615783492,3152.2428680865105,24.0,5807.269724635265,0.7094694338877316,1,0.0,0.0,0.0,0,
18,9,2026-07-15,2026-09-15,QCOM/STLD,False,True,24,-3.3303172506909,0.05070101153702159,18.538110737930698,0.7510673554194268,all,0.8219643858665171,1.0,22.0,164.88155849710287,4108.310981432889,50.0,-26583.379648405797,-1.4034009053041503,6,0.0,0.0,0.0,0,
18,9,2026-07-15,2026-09-15,MGM/TMUS,True,True,25,-3.3375186548574107,0.04977962556533092,14.625295498977762,0.7510673554194268,all,0.8218942793045428,1.0,20.0,103.12604803629162,3807.966970206701,12.0,12759.223516341988,1.7062118839030938,2,10671.080344459453,10827.769926863386,156.68958240393408,1,1.0
18,9,2026-07-15,2026-09-15,FCX/PLD,False,True,26,-3.5822855775901723,0.025765317569071317,14.59078181394911,0.7471401942070156,all,0.8215437464946719,1.0,22.0,81.6481765901716,3203.376843482123,33.0,1420.0576858688337,0.08022078103302505,2,1809.233204717307,1896.3287887573242,87.09558404001743,1,1.0
18,9,2026-07-15,2026-09-15,KHC/RTX,False,True,27,-3.726182942406014,0.016952458788883785,12.53389967368493,0.6849309193868827,all,0.8209478407178912,1.0,23.5,65.091298527725,2832.505117097158,32.0,1511.4128627408165,0.7115924404354513,1,-3356.1110834771407,-3061.3056219413656,294.805461535773,2,0.5
18,9,2026-07-15,2026-09-15,AIG/PCAR,False,False,28,-3.3230989814629317,0.05163857226805968,15.789646382574407,0.7510673554194268,all,0.819125070106562,1.0,23.5,93.1893882743382,3064.387107354274,38.0,0.0,,0,0.0,0.0,0.0,0,
18,9,2026-07-15,2026-09-15,AIG/EXC,False,True,29,-3.846783471425841,0.011728742171907905,11.837554907000744,0.6200623426658817,all,0.8185642176107684,1.0,29.0,67.77824198201206,2561.875747987122,19.0,7273.577924016414,1.4841712767713224,2,0.0,0.0,0.0,0,
18,9,2026-07-15,2026-09-15,BHP/NUE,False,True,30,-3.5352849778337765,0.029393035478189403,13.977157903373195,0.7510673554194268,all,0.8173022994952328,1.0,25.5,71.77059743364885,2712.8100470570844,34.0,143.9315716598894,0.01899117786267905,4,0.0,0.0,0.0,0,
18,9,2026-07-15,2026-09-15,GPN/NEM,True,True,31,-2.516418335848591,0.27187645038348135,16.70408760460018,0.9589684240952138,all,0.8133062254627033,1.0,22.5,128.3285592090506,3243.518987117908,2.0,26709.423540344545,3.706395657851932,2,-4560.1468755207625,-4392.735123109864,167.4117524108976,1,0.0
18,9,2026-07-15,2026-09-15,JPM/NVDA,False,True,32,-3.7512866050981897,0.015721684874998764,14.420701261567418,0.6746312612297644,all,0.8120092540661805,1.0,21.5,90.88548050390501,2999.069015836576,23.0,5930.983835087009,1.5592782371532443,1,0.0,0.0,0.0,0,
18,9,2026-07-15,2026-09-15,CZR/JPM,True,True,33,-2.612905408674902,0.23166257287491648,20.733740422130047,0.9355532566701992,all,0.8115535614133483,1.0,23.5,115.09848229590308,3880.5515045726215,6.0,15719.190266526806,1.4408961541627179,2,60.14136960080498,206.17417907714213,146.03280947633704,1,1.0
18,9,2026-07-15,2026-09-15,LUV/PYPL,False,True,34,-3.170343221627148,0.07502900230265544,19.80352079616203,0.7883543214836947,all,0.8098359506449804,1.0,28.5,131.02955382875157,3156.1375857752237,31.0,1512.5457782741776,0.09948324824527822,3,13807.640351748054,13973.299368315431,165.6590165673772,1,1.0
18,9,2026-07-15,2026-09-15,PHM/RSG,True,True,35,-3.114456405072188,0.08543601643625226,14.874531794376054,0.8187249349530272,all,0.8092049915872125,1.0,18.5,94.0082851478253,3941.372894807352,11.0,13123.130261385288,2.9670835364866304,1,0.0,0.0,0.0,0,
18,9,2026-07-15,2026-09-15,PGR/PLD,False,False,36,-3.719456877823356,0.01729625478358164,14.064198610374824,0.6868562609582362,all,0.8086090858104318,1.0,30.5,84.36176048195462,2488.8989072266563,39.0,0.0,,0,0.0,0.0,0.0,0,
18,9,2026-07-15,2026-09-15,GPN/HII,True,True,37,-2.1506489815769307,0.44993925434991316,22.756891625291782,0.9589684240952138,all,0.8085389792484576,1.0,24.5,129.10687043803395,4272.635381075217,14.0,12005.357897354208,1.4729630507077494,1,0.0,0.0,0.0,0,
18,9,2026-07-15,2026-09-15,AIG/DHI,False,False,38,-4.115263755319807,0.0048848889559024115,10.433629647230298,0.4942089593051163,all,0.8083987661245092,1.0,30.5,82.42284477844655,2341.1724491353225,40.0,0.0,,0,0.0,0.0,0.0,0,
18,9,2026-07-15,2026-09-15,BAC/NVDA,True,True,39,-4.034706226856636,0.006403928701885157,10.338126693278884,0.545008477877305,all,0.8067512619181155,1.0,29.5,72.67478695848699,2328.7511742220445,4.0,17095.88462014625,3.029410995092535,3,2512.269169696085,2630.1672006181334,117.89803092204767,1,1.0
18,9,2026-07-15,2026-09-15,ELV/WYNN,True,True,40,-2.8970216228939005,0.136755775789554,21.977518081067807,0.8751998186654262,all,0.8065759955131799,1.0,23.0,115.80161767204252,4161.201460222481,8.0,14497.678413945554,2.3199962533108986,1,0.0,0.0,0.0,0,
18,9,2026-07-15,2026-09-15,FCX/PCAR,False,True,41,-3.2406317128218305,0.0633915822818598,17.845129756452888,0.7540000432548992,all,0.8065058889512059,1.0,25.0,86.13482984235073,2941.1901129443722,18.0,7615.445726603004,0.5405950237404908,3,4296.17111138454,4382.911399841316,86.74028845677518,1,1.0
18,9,2026-07-15,2026-09-15,DE/GPN,False,True,42,-2.960652073951359,0.11985726553775716,13.287372992644228,0.8502071648773872,all,0.8062254627033091,1.0,24.5,116.45835729898664,2556.6033652965853,25.0,5029.027171143724,0.494623182047245,3,-15203.709613895697,-14936.86824818155,266.84136571414746,2,0.0
18,9,2026-07-15,2026-09-15,NVDA/TFC,True,True,43,-3.4519908241661996,0.036895271711880666,15.311300894625658,0.7510673554194268,all,0.8047882781828379,1.0,18.5,84.60402143113868,3825.0196360725513,3.0,17740.02676275479,3.107226468104823,2,0.0,0.0,0.0,0,
18,9,2026-07-15,2026-09-15,CB/LUV,False,True,44,-3.5103702203572595,0.031487097605832716,11.808772576672405,0.7510673554194268,all,0.8035614133482895,1.0,20.5,66.70204540606908,2826.875639721751,21.0,6219.013231666395,1.1196605476333172,2,-453.90294990391305,-319.47704768922995,134.4259022146828,1,0.0
18,9,2026-07-15,2026-09-15,DE/KHC,True,True,45,-3.746723052546635,0.015939400060559626,13.093875073108121,0.6746312612297644,all,0.8019489624228828,1.0,25.5,73.32044078531628,2438.355007996172,15.0,9662.68121486997,1.2174821763892483,3,-11738.235192131864,-11366.008076219918,372.2271159119476,3,0.0
18,9,2026-07-15,2026-09-15,KGC/XEL,False,True,46,-3.5190316264636614,0.030745159579929338,17.325785346002597,0.7510673554194268,all,0.8018087492989343,1.0,22.5,74.44364798922308,2991.68917149538,16.0,9308.187318910392,1.4359687656694815,1,0.0,0.0,0.0,0,
18,9,2026-07-15,2026-09-15,EMN/WFC,False,False,47,-3.016143752944945,0.10641783343466482,19.189018486392282,0.8388188894256698,all,0.8009324172742569,1.0,20.0,110.77112662498307,3979.6707929892204,41.0,0.0,,0,0.0,0.0,0.0,0,
18,9,2026-07-15,2026-09-15,PGR/STLD,False,False,48,-2.9527207861181113,0.12187584218577008,23.292797968110285,0.8515322255522935,all,0.7991096466629276,1.0,29.5,97.59444746814606,3565.833422672217,42.0,0.0,,0,0.0,0.0,0.0,0,
18,9,2026-07-15,2026-09-15,CZR/NDAQ,True,True,49,-2.8276739489164644,0.15703811958689007,21.245543779685843,0.9052574573671698,all,0.7984436343241728,1.0,19.5,112.65799101048836,5600.10527632873,13.0,12691.21481731076,1.0769545522555366,1,0.0,0.0,0.0,0,
18,9,2026-07-15,2026-09-15,MOH/RTX,False,True,50,-2.874782784108216,0.14304580261537458,19.544167787937113,0.8854040636122726,all,0.795779584969153,1.0,24.5,116.6858896878561,2953.390108164179,47.0,-4311.341795274086,-1.5256503612113492,1,5323.959717399663,5493.351356322849,169.39163892318868,1,1.0
