period,pair,entry_date,exit_date,side,exit_reason,days_held,entry_z,exit_z,beta,shares_y,shares_x,entry_notional,gross,costs,net
0,CNC/KBH,2017-08-25,2017-11-16,short_spread,target,58,2.022049346399621,0.4395637232302751,0.37923615614509765,-1685,1410,99985.80501855731,3199.9010178944336,244.23435715006684,2955.6666607443667
0,LYB/NEM,2017-09-12,2017-12-06,short_spread,time,60,2.2107892184817084,3.234176668499533,-0.027549690263746433,-1763,-90,100040.84285672188,-12178.279644629907,233.33693309218663,-12411.616577722094
0,LYB/NEM,2017-12-07,2018-01-02,short_spread,end_of_window,17,3.246465336308707,4.114770209611389,-0.005951072782505314,-1590,-21,100002.06343576494,-6929.371208934159,144.7160300971346,-7074.087239031293
0,CMI/KBH,2017-11-08,2018-01-02,long_spread,end_of_window,37,-2.1184111897816003,-3.0560798890492613,0.8738088843320947,389,-1845,99964.5349465576,-4288.254164480946,158.3150821033181,-4446.569246584264
0,LLY/UPS,2017-09-26,2017-12-20,short_spread,time,60,2.0165495362131134,1.7418170846275736,-0.11995275459539231,-1205,-130,100002.12289597171,-3281.2629314641435,197.9287257781384,-3479.191657242282
0,ICE/MGM,2017-07-07,2017-09-08,short_spread,target,44,2.2117522046139544,0.13415675731140075,0.574155525989472,-1078,1264,100015.56973165044,6024.692889055874,152.35996599312688,5872.332923062747
0,ICE/MGM,2017-09-28,2017-12-22,short_spread,time,60,2.0721677902381153,1.7264491285420258,0.574155525989472,-1045,1180,99989.1449688102,-876.5169972233087,169.6215167342762,-1046.138513957585
0,CME/NVDA,2017-11-29,2017-12-05,short_spread,stop,4,2.21357133787452,4.705076623575897,0.2379233568097508,-775,3710,99970.14230221618,-6773.185226363835,125.82846592187961,-6899.013692285715
0,CME/NVDA,2017-12-20,2017-12-22,short_spread,stop,2,3.8537982071817627,4.002913045476257,0.2379233568097508,-747,3941,100027.40131105078,-508.3634451550569,110.23502638324265,-618.5984715382996
0,CME/NVDA,2017-12-26,2018-01-02,short_spread,end_of_window,5,3.6510269358586362,3.3655874781064905,0.2379233568097508,-757,4037,99949.94988805582,822.4798788853311,116.03330126463716,706.4465776206939
0,MGM/TMUS,2017-07-21,2017-08-11,short_spread,target,15,2.1057632443234273,0.4925915959476322,0.7150787311798406,-1814,716,100023.3240697456,6442.303130455849,111.96484698099084,6330.338283474858
0,MGM/TMUS,2017-11-07,2018-01-02,short_spread,end_of_window,38,2.057636857025716,1.4051795908529714,0.722931619636601,-1904,791,100002.9233368629,3138.0047655780327,153.3096003085821,2984.6951652694506
0,AMD/MGM,2017-12-05,2018-01-02,long_spread,end_of_window,19,-2.067857342121409,-1.5594591793494101,3.7662874229138033,2121,-2414,99994.58248599616,3831.110602222355,147.98861979344565,3683.121982428909
0,MGM/STLD,2017-09-06,2017-10-05,short_spread,target,21,2.0052610336351218,0.42864348199138785,0.5042236430021144,-2089,1171,99978.41256395141,6656.505219157231,143.60075696231343,6512.904462194918
0,LLY/VZ,2017-09-25,2017-12-19,short_spread,time,60,2.0075580010531615,2.6107604395815223,-0.286183997408515,-1056,-729,99978.2273435372,-4316.535971172325,198.4250396290403,-4514.961010801365
0,LLY/VZ,2017-12-20,2018-01-02,short_spread,end_of_window,8,2.7000341948112747,2.3541220211217238,-0.2605307493219633,-1036,-628,99966.64522969158,1666.7211726847459,93.32826243867494,1573.3929102460709
0,KHC/TECK,2017-08-30,2017-11-24,long_spread,time,60,-2.122056237418411,-1.8440796566037594,0.1475272427330135,1661,-576,99976.88045151102,226.16788281220238,115.59207275629768,110.5758100559047
0,KHC/TECK,2017-11-29,2018-01-02,long_spread,end_of_window,23,-2.0584209115754954,-3.132730242185346,0.12982853821166998,1728,-564,99994.84587081033,-4446.55666396317,104.062016493318,-4550.618680456488
0,CME/CMI,2017-11-16,2017-12-05,short_spread,stop,12,2.117401364422709,4.189235312639615,0.6911606674649157,-590,304,100031.26850773509,-6217.006063355961,106.57656960468151,-6323.5826329606425
0,CME/CMI,2017-12-08,2018-01-02,short_spread,end_of_window,16,3.7118305385520034,2.512495104487656,0.6911606674649157,-540,301,100081.59667081147,3558.9042809148964,101.65034874559089,3457.2539321693057
0,KHC/NEM,2017-09-25,2017-12-19,long_spread,time,60,-2.1100035598896127,-1.2607773970617582,0.2829452679676641,1561,-741,100022.69444400189,3280.8485554018152,118.94952149267343,3161.899033909142
1,MDLZ/WM,2018-04-25,2018-05-04,long_spread,stop,7,-2.213612074906918,-4.000681803624285,0.031116882029053116,2989,-43,99993.33602072111,-5585.65286078986,108.2082999830005,-5693.861160772861
1,MDLZ/WM,2018-05-07,2018-07-03,long_spread,end_of_window,41,-2.9321478010239956,-1.2515178094761075,0.031116882029053116,3046,-42,100029.46284062603,5035.058838257686,110.14514570758836,4924.913692550098
1,MDLZ/RSG,2018-04-23,2018-05-04,long_spread,stop,9,-2.0124907829809104,-4.100521129385818,0.04424543214421842,2917,-73,99988.08558582839,-6612.941652354384,107.90098030682245,-6720.842632661206
1,MDLZ/RSG,2018-05-07,2018-07-03,long_spread,end_of_window,41,-3.035947698058893,-1.3674210008740721,0.04424543214421842,3008,-70,100009.02201578893,4891.823159827258,110.40109932255109,4781.422060504707
1,CNC/KBH,2018-04-20,2018-06-14,short_spread,stop,38,2.5023374014678814,4.233009908003851,0.6564118925748557,-1084,1659,100002.28608365534,-8139.563213087479,206.2282973914946,-8345.791510478974
1,HUM/SCCO,2018-06-18,2018-07-03,short_spread,end_of_window,12,2.302943333160243,2.972009150133151,0.6738548658441215,-210,1262,100079.80497619539,-1966.533121637391,133.21536494450174,-2099.748486581893
1,CB/NVDA,2018-02-09,2018-03-26,long_spread,stop,30,-2.1265428692198856,-4.057281112897903,0.14780052996182372,712,-2191,99952.20104339998,-3418.3090263550826,120.83592053356955,-3539.144946888652
1,CB/NVDA,2018-03-27,2018-05-30,long_spread,stop,44,-3.6564352328279623,-4.332212706248843,0.14780052996182372,734,-2106,99951.58106005107,-4024.7744077189186,116.73080950183913,-4141.505217220758
1,CB/NVDA,2018-05-31,2018-06-01,long_spread,stop,1,-3.8139182119888417,-4.201650502076792,0.13229686304382304,767,-1880,100054.85179317027,-772.4233397848964,109.01233680103952,-881.4356765859359
1,CB/NVDA,2018-06-08,2018-06-15,long_spread,stop,5,-3.999240344897014,-4.5936012070860945,0.13229686304382304,767,-1820,99999.8948102703,-2019.0489444779394,102.18024906338849,-2121.2291935413277
1,ICE/MGM,2018-01-09,2018-02-09,short_spread,target,22,2.1004590053155625,0.2504491174774544,0.6518456179699365,-922,1221,100015.28101246845,4568.349918073076,123.8526187493672,4444.497299323709
1,ICE/MGM,2018-04-27,2018-06-26,short_spread,stop,41,2.055277204118443,4.026526617044446,0.7872585033320538,-852,1425,100025.75241080437,-5618.123493208676,154.56220252099274,-5772.6856957296695
1,MGM/TMUS,2018-01-17,2018-04-13,short_spread,time,60,2.265967082649745,1.3683678749355257,0.7984799656629288,-1601,737,100028.10827888301,1034.71231288954,170.94448389386875,863.7678289956713
1,AMD/MGM,2018-01-18,2018-04-16,long_spread,time,60,-2.004354938556256,-1.3449495432987615,3.1761213555003533,1966,-2181,100002.98033977102,-984.1989847794706,213.16929342645136,-1197.368278205922
1,CE/SCCO,2018-01-04,2018-02-15,long_spread,stop,29,-2.369592008684176,-4.253086626137708,0.9735720872581006,549,-1532,100039.74030784743,-4387.801733991719,195.5687689660441,-4583.370502957763
1,CE/SCCO,2018-02-20,2018-02-21,long_spread,stop,1,-3.996607294281508,-4.007195248053103,0.9735720872581006,577,-1501,99970.72844606654,-275.876053902888,196.13515502804162,-472.01120893092957
1,CE/SCCO,2018-02-22,2018-02-23,long_spread,stop,1,-3.7353977213122613,-4.060216423865645,0.9735720872581006,572,-1488,99978.36656619314,-401.4785397758775,195.4937281587227,-596.9722679346002
1,CE/SCCO,2018-04-06,2018-05-18,long_spread,target,30,-2.8891682975715867,-0.2215738808488867,0.7808865082563605,645,-1193,100035.86723452169,10485.743790848583,172.22632723950898,10313.517463609074
1,MGM/STLD,2018-05-16,2018-07-03,long_spread,end_of_window,34,-2.248873072371101,-3.2630018464954644,0.6251506502278898,2017,-924,100011.55522821027,-4075.297933448456,148.51251312779613,-4223.810446576253
1,CZR/UNH,2018-03-09,2018-06-05,short_spread,time,60,2.2582385748407474,2.713901757559378,1.5363776643283211,-1097,309,99919.50371267498,-5015.428852086453,192.43732663529548,-5207.866178721749
1,CZR/UNH,2018-06-06,2018-07-03,short_spread,end_of_window,20,2.590473066027837,1.0067740985050282,1.626285438861427,-859,290,99933.61075501167,4508.1940660027185,123.96393987409694,4384.230126128621
1,EMN/LUV,2018-01-25,2018-03-07,short_spread,stop,28,2.179028356876614,4.215715709437,0.6396255738018347,-835,694,100021.85479461483,-6505.775617478937,143.43931579571225,-6649.214933274649
1,EMN/LUV,2018-03-20,2018-03-22,short_spread,stop,2,3.9683596473506575,4.689061497878372,0.6396255738018347,-774,718,99977.2860985758,-1742.2815545054448,108.94826334005023,-1851.229817845495
1,EMN/LUV,2018-04-06,2018-05-21,short_spread,stop,31,2.8179041457942477,4.055818430988861,0.68661342093647,-773,807,100014.32586308656,-5982.736885967098,145.28127882180516,-6128.018164788903
1,EMN/LUV,2018-05-29,2018-06-07,short_spread,stop,7,3.605146200230813,4.4082332755845215,0.68661342093647,-763,865,100015.63001948781,-3752.362305597418,111.7047368555632,-3864.0670424529812
1,EMN/LUV,2018-06-19,2018-07-03,short_spread,end_of_window,11,3.92697804924884,2.8728980897522463,0.68661342093647,-749,872,99958.64723499579,4091.6291806024765,116.73733899078294,3974.8918416116935
1,CSX/SCCO,2018-01-22,2018-04-18,long_spread,time,60,-2.115242993711615,-1.8782562796743218,1.5210144399618921,2321,-1868,100000.88683530819,-9187.1047383146,245.08655658157014,-9432.191294896169
1,AVGO/DD,2018-01-23,2018-03-05,long_spread,target,28,-2.2412714979845663,-0.2988769058551371,1.5255398736731158,1919,-530,100000.45445198883,4203.058052964474,119.330280387462,4083.727772577012
1,AVGO/DD,2018-06-22,2018-07-03,short_spread,end_of_window,8,2.0067039244270113,0.7382293928818654,1.4349278672602694,-1939,587,99951.60805981219,2638.818362959459,91.54738865062308,2547.2709743088362
1,KHC/NEM,2018-02-06,2018-03-01,long_spread,stop,16,-2.2253939477899314,-4.064019810451551,0.2683525332800459,1646,-718,100021.40005720963,-7511.20605525528,111.5467812442441,-7622.752836499524
1,KHC/NEM,2018-03-05,2018-03-15,long_spread,stop,8,-3.9993510910167194,-4.039925143736083,0.2683525332800459,1821,-710,99969.92966262411,256.55401921571445,112.77848886909803,143.77553034661642
1,KHC/NEM,2018-04-06,2018-04-24,long_spread,stop,12,-3.323152230854626,-4.011369211807234,-0.1444858501266518,2184,405,99989.89183326683,-3904.3861453901886,117.83586259943195,-4022.2220079896206
1,KHC/NEM,2018-05-08,2018-05-21,long_spread,stop,9,-3.8160681120167412,-4.160110257528243,-0.1444858501266518,2274,403,100030.60052050477,-1758.9152675632392,124.03608594406228,-1882.9513535073015
1,KHC/NEM,2018-05-29,2018-05-30,long_spread,stop,1,-3.9314439397865817,-4.036144565890291,-0.1444858501266518,2293,409,99984.37479392669,124.60593228682876,124.37366341696045,0.23226886986830664
1,KHC/NEM,2018-05-31,2018-06-01,long_spread,stop,1,-3.7116654037434484,-4.018593105475945,-0.1444858501266518,2246,406,100017.25228529779,-1850.67392490161,122.61196809258004,-1973.2858929941901
1,KHC/NEM,2018-06-04,2018-07-03,long_spread,end_of_window,22,-3.994980663881579,-2.989597502070357,-0.1444858501266518,2282,411,99978.28845939285,6904.78872146958,118.6896652832249,6786.0990561863555
2,ELV/NVDA,2018-08-20,2018-10-30,short_spread,stop,50,2.1844924616859918,4.218841487371113,0.4550820469508443,-291,5208,99906.51721147895,-7562.630167226699,177.3999849976733,-7740.030152224373
2,ELV/NVDA,2018-10-31,2018-11-08,short_spread,stop,6,3.5479415548260924,4.600552496371881,0.5191117765276795,-272,6597,99975.7889747151,-4347.628605158726,146.79833115104654,-4494.426936309772
2,GOLD/LVS,2018-09-24,2018-12-19,long_spread,time,60,-2.4522295780315964,-3.800492767012264,-0.6317372050125762,13117,742,99972.54387300383,-5871.950468831857,2746.9167639562106,-8618.867232788067
2,O/RTX,2018-07-26,2018-10-19,short_spread,time,60,2.1505551996740966,1.8382974381899218,-0.5136046613099913,-1811,-482,100019.87807878031,-2030.892346293986,227.2339618678575,-2258.1263081618436
2,O/RTX,2018-10-22,2018-12-04,short_spread,stop,30,2.0410712355518643,4.0961623942359795,-0.08501193379332429,-2375,-116,99990.44471712003,-9550.947249181294,184.3947937963053,-9735.3420429776
2,O/RTX,2018-12-06,2018-12-07,short_spread,stop,1,3.9276764183460173,4.614034417355747,-0.08501193379332429,-2151,-124,99983.6534486938,-2245.9153785833405,106.70856877826552,-2352.623947361606
2,O/RTX,2018-12-18,2018-12-19,short_spread,stop,1,3.868448925330027,4.174796408533754,-0.08501193379332429,-2137,-128,100018.51400687176,-562.7281617153077,133.5943439808936,-696.3225056962012
2,O/RTX,2018-12-21,2019-01-03,short_spread,end_of_window,8,3.8062830631586078,3.228271858729521,-0.08501193379332429,-2153,-135,99990.22484714071,2596.4482167391016,168.3840313622654,2428.064185376836
2,DAL/O,2018-07-27,2018-08-29,short_spread,stop,23,2.090872755640054,4.346691066447819,-1.5383070895054842,-787,-1655,99980.58694513465,-6989.843383753552,152.96600800589536,-7142.809391759448
2,DAL/O,2018-09-06,2018-10-11,short_spread,target,25,3.934315744799958,0.30866750567278356,-1.5383070895054842,-742,-1564,99984.69181859032,4953.281093683166,146.08267072472978,4807.198422958436
2,DAL/O,2018-11-08,2018-12-26,short_spread,target,31,2.221081635992128,0.24595351551630967,-0.4147605633160227,-1338,-709,99972.81689562752,10938.570226832882,171.09314032889364,10767.477086503988
2,KGC/SO,2018-08-07,2018-10-31,long_spread,time,60,-2.054859970247588,-3.072729596917987,1.2246107307622223,14492,-1559,100008.13599443095,-7610.283308454734,288.4365780685808,-7898.719886523315
2,KGC/SO,2018-11-01,2018-11-14,long_spread,stop,9,-3.243783662903804,-4.161862697757588,0.8426952335970576,22691,-1389,99997.88469163439,-6579.885652454821,342.4007405350501,-6922.286392989871
2,KGC/SO,2018-11-19,2019-01-03,long_spread,end_of_window,30,-3.7397141372622458,-1.2874917597824171,0.8426952335970576,23304,-1320,99995.6688739754,15804.099333431677,393.7634825925336,15410.335850839143
2,CNC/GPN,2018-07-06,2018-10-01,short_spread,time,60,2.4811134430475605,1.764790847687986,1.3113220555573721,-676,536,99995.95810017444,2233.4659833108167,150.83166477652873,2082.634318534288
2,CNC/GPN,2018-10-03,2018-11-26,short_spread,stop,37,2.069560566933481,4.428140520245427,1.3113220555573721,-597,477,100016.79274992165,-7155.426549043451,126.28872781108336,-7281.715276854534
2,CNC/GPN,2018-11-27,2018-12-06,short_spread,stop,6,3.9718140862906317,4.2464231731903945,1.5076673197284676,-580,602,99942.26163781808,-1090.023891562206,144.7843485316493,-1234.8082400938554
2,CNC/GPN,2018-12-07,2018-12-12,short_spread,stop,3,3.6714938662843846,4.088731700383512,1.5076673197284676,-588,603,99990.94831003182,-646.7390393625884,144.44818142615813,-791.1872207887466
2,CNC/GPN,2018-12-13,2019-01-03,short_spread,end_of_window,14,3.9586480142751537,2.243469252210048,1.5076673197284676,-592,609,99936.53219913042,3910.221539272889,139.01366515694497,3771.207874115944
2,GOLD/GPN,2018-12-20,2019-01-03,long_spread,end_of_window,9,-2.206849397212829,-1.90521706942578,-0.6312225407488774,13759,409,100001.39674094037,1262.052374335955,3030.169493329683,-1768.1171189937281
2,KBH/WYNN,2018-11-12,2018-11-19,short_spread,target,5,2.0329673234387817,0.03580699587696962,0.8777132988328192,-2851,520,100038.58743290196,9891.252029707819,270.5608941119878,9620.691135595831
2,DD/TOL,2018-07-11,2018-08-30,short_spread,stop,36,2.5593386738810615,4.037675412705863,0.6478301715262599,-596,1162,99980.43066491523,-4086.569535856954,155.10343870069835,-4241.672974557652
2,DD/TOL,2018-09-04,2018-09-10,short_spread,stop,4,3.9940108249094477,4.01124218083388,0.6478301715262599,-570,1190,100033.65402218871,-504.8398517399124,126.55623547006545,-631.3960872099778
2,DD/TOL,2018-09-11,2018-09-21,short_spread,stop,8,3.9393416377228614,4.1318946607526685,0.6478301715262599,-572,1192,100037.75544837612,-1163.1649401725776,115.89273404754944,-1279.0576742201272
2,DD/TOL,2018-09-25,2018-10-24,short_spread,target,21,3.789482210570381,-0.4580328653489562,0.6478301715262599,-583,1225,100037.33353783964,6804.0492697779455,112.43854428529991,6691.6107254926455
2,DD/TOL,2018-10-31,2018-11-02,long_spread,target,2,-2.2807823708273927,-0.3241710805740245,0.5582406675893945,786,-1161,100016.29971784572,6198.929852788335,127.76667184435823,6071.163180943977
2,DD/TOL,2018-12-18,2019-01-03,long_spread,end_of_window,11,-2.0847249727200308,-2.1922181836184373,0.5582406675893945,799,-1210,100030.98838912798,-714.9066272353355,118.44678766283025,-833.3534148981657
2,O/SCCO,2018-08-06,2018-10-30,short_spread,time,60,2.3038120589146693,2.7868096067817305,-0.2062938069023258,-2183,-547,99994.66057030702,-1693.810903875251,253.03981390564746,-1946.8507177808983
2,O/SCCO,2018-10-31,2018-12-07,short_spread,stop,25,2.8726943778093728,4.414503520632155,-0.09235917395314663,-2259,-340,99995.5495769889,-6542.090603220629,186.3549894342433,-6728.445592654873
2,O/SCCO,2018-12-18,2019-01-03,short_spread,end_of_window,11,3.6432934662258645,3.0362905425187714,-0.09235917395314663,-2122,-401,99993.22315781888,3361.3070754366818,178.30255749616106,3183.0045179405206
2,CBOE/DD,2018-08-10,2018-09-19,long_spread,target,27,-2.5366025277060955,-0.24858506125095295,1.7170245953366818,445,-606,100069.99970820703,5991.193871032376,127.24789996250722,5863.945971069868
2,CBOE/DD,2018-10-10,2018-10-22,short_spread,stop,8,2.1236023505871873,4.104323420246679,1.8368370331574175,-388,700,99988.2773150526,-4105.960530548431,97.11307165105241,-4203.0736021994835
2,CBOE/DD,2018-11-08,2018-11-12,short_spread,stop,2,3.8922023520076747,4.099943742652648,1.8368370331574175,-354,714,99990.98802909828,-175.82175389363957,103.08136870486788,-278.9031225985075
2,CBOE/DD,2018-12-04,2018-12-06,short_spread,stop,1,3.2461234407756443,4.294283209486197,1.8368370331574175,-363,714,99948.63985752893,-2825.475662243305,87.5296856953712,-2913.005347938676
2,CZR/UNP,2018-10-08,2018-10-17,long_spread,target,7,-2.323949494142862,-0.31360211817647404,2.4249074659235506,657,-517,99991.83509704401,6143.730612550358,115.2232414955131,6028.507371054845
2,CZR/UNP,2018-10-31,2018-11-27,long_spread,target,18,-2.066771285714716,-0.4942077733848146,2.4249074659235506,821,-573,100028.32695071968,5005.646859393144,177.4429765501165,4828.203882843028
2,PCAR/WFC,2018-07-06,2018-09-06,long_spread,target,43,-2.197770614983507,-0.3158024755161387,0.9111027195104775,1762,-1080,99984.61344174948,4716.658031462275,143.61545091432828,4573.042580547947
2,PCAR/WFC,2018-10-03,2018-10-11,short_spread,target,6,2.1858227326304833,-0.008166322294838527,0.9111027195104775,-1525,1130,100011.58800336388,4456.06460096167,105.64778636294348,4350.416814598727
2,PCAR/WFC,2018-10-24,2018-12-13,long_spread,target,34,-2.125632824729847,-0.47220221882768454,0.7446055439750804,2027,-1035,100010.31457069458,4092.11705939087,148.7471436204553,3943.369915770415
2,NVR/WYNN,2018-10-30,2019-01-03,short_spread,end_of_window,44,2.120541386564906,2.0675126016887284,0.9536196786854007,-24,566,100783.94078515744,222.71773840211983,214.04416193235053,8.673576469769301
3,AEM/AMD,2019-02-01,2019-04-30,short_spread,time,60,2.347062296028233,1.1743796323594704,-0.25528159858299154,-2149,-826,99986.19070023067,1205.3091065880965,288.6599562191884,916.6491503689081
3,AEM/AMD,2019-06-04,2019-06-25,short_spread,stop,15,2.353460773173261,4.398102140740309,-0.18999576536435517,-2183,-562,99984.4291392772,-14909.47210352275,210.39004188133316,-15119.862145404084
3,AEM/CAT,2019-06-25,2019-07-05,short_spread,end_of_window,8,2.3979765944778166,2.2723072880775037,-0.2056794149316899,-1839,-147,100025.96420046441,1353.61193606012,156.8929270732848,1196.719008986835
3,KGC/TMUS,2019-06-21,2019-07-05,short_spread,end_of_window,10,2.1174503024978555,1.939449778352153,-1.21488774395033,-13215,-742,99974.466484176,687.6808868516255,257.03250190134725,430.6483849502782
3,GDX/IHG,2019-06-21,2019-07-05,short_spread,end_of_window,10,2.2059634768520406,2.4087912675392107,-0.08575769816940487,-3997,-131,99974.32606567914,-1618.7460874122921,126.8596507375664,-1745.6057381498586
3,AAL/MGM,2019-01-09,2019-04-05,long_spread,time,60,-2.271925773843446,-1.776856574785818,1.0422219195279072,1535,-1918,100007.17983443724,2384.2159580209504,205.33429888948586,2178.8816591314644
3,AAL/MGM,2019-06-11,2019-07-05,long_spread,end_of_window,18,-2.2992975644225915,-2.7313516392286634,1.4398947026442377,1332,-2171,100010.40114199647,-1579.5922631255035,162.2531735442497,-1741.845436669753
3,GDX/SCCO,2019-06-21,2019-07-05,short_spread,end_of_window,10,2.024500961129658,2.229106135968454,0.05434623501308731,-4116,189,99999.41760846661,-1589.3321684177727,124.17376081340743,-1713.50592923118
3,PNC/RIO,2019-01-07,2019-03-22,long_spread,stop,52,-2.246763108150133,-4.2045988497344675,0.5883446715815708,690,-1432,100012.66573900255,-7401.637436259328,155.79485603058222,-7557.43229228991
3,PNC/RIO,2019-04-10,2019-07-05,long_spread,end_of_window,60,-2.092153429891689,-0.36137818986708264,0.36884775182664314,755,-761,100040.4812415822,10443.649988052639,136.47665409009323,10307.173333962546
3,KBH/WYNN,2019-05-15,2019-07-05,short_spread,end_of_window,36,2.03038473628996,0.9867297254455274,0.6893048970043724,-2475,359,100027.40224655214,5631.002995470881,222.68393421176194,5408.319061259119
3,CZR/ICE,2019-03-12,2019-04-03,short_spread,target,16,2.0232045832738854,0.4560529708094893,3.1810036754994773,-502,1152,99994.49004578932,5209.162512698505,116.42403291867123,5092.738479779834
3,CZR/ICE,2019-06-24,2019-07-05,long_spread,end_of_window,9,-2.0289076486575364,-2.9817213477127082,3.306883774041604,499,-970,99990.85488996266,-1071.1977376008076,121.67542143789117,-1192.8731590386988
3,CZR/UNP,2019-05-08,2019-06-14,long_spread,target,26,-2.0910066164144183,-0.15544849247676676,1.8219904543571963,766,-435,99957.17595338148,6696.046955870006,157.2720633954599,6538.7748924745465
3,PCAR/WFC,2019-02-01,2019-04-30,short_spread,time,60,2.047879681333736,2.8718204486921723,0.6407721708226304,-1819,975,100000.12244999441,-6881.36583179924,187.29629627050838,-7068.662128069749
3,PCAR/WFC,2019-05-01,2019-07-05,short_spread,end_of_window,46,2.932345302024313,2.785649721009202,0.4738432402306838,-1839,814,100010.57295465283,757.1974856382664,159.5007755360544,597.6967101022119
4,FCX/WYNN,2019-07-09,2019-10-02,long_spread,time,60,-2.060064016565499,-2.4794362589734873,0.8774904553164863,5278,-376,99999.09918640715,-1609.3482191851124,181.38933013417966,-1790.7375493192922
4,FCX/WYNN,2019-10-03,2019-11-18,long_spread,target,32,-2.9570780861220665,-0.4860398278311422,0.8774904553164863,6559,-444,99953.13218097284,11259.32258957565,211.6916374450999,11047.63095213055
4,AAL/AMD,2019-08-16,2019-10-22,long_spread,target,46,-2.176840454945314,-0.49209413773433414,-0.4167621289908812,2774,971,100010.43906970696,9633.240541463301,145.10077672353975,9488.13976473976
4,MGM/UAL,2019-07-29,2019-08-06,short_spread,target,6,2.036126362473352,0.23864687909888502,-0.5273971427763576,-2181,-370,100035.19923128084,7803.518341410452,117.67113827993707,7685.8472031305155
4,MGM/UAL,2019-11-08,2020-01-03,short_spread,end_of_window,38,2.0735800331500367,2.7135713437890185,-0.5066500248869937,-2180,-358,99964.25050730852,-3471.692348526438,171.8509729540611,-3643.543321480499
4,AAL/MOH,2019-08-06,2019-10-03,long_spread,stop,41,-2.361096091971278,-4.042926488573439,-0.5135826860320267,2306,272,99976.51433310301,-11741.620250708058,143.8842521914952,-11885.504502899554
4,AAL/MOH,2019-10-04,2019-12-31,long_spread,time,60,-3.985785851419748,-1.2230623227255621,-0.5135826860320267,2626,302,99954.0273505422,14702.220917435345,152.27416037860002,14549.946757056745
4,AAL/UAL,2019-08-13,2019-10-28,long_spread,target,53,-2.0159098807742715,-0.18728854145652785,-0.9437291007280434,1876,577,100012.0971912953,10728.479233076358,127.88005357533268,10600.599179501025
4,AAL/MRK,2019-08-16,2019-09-12,long_spread,target,18,-2.0969917214047205,-0.4416792917596903,-1.075147333584965,1894,804,99981.3320722534,7022.888075787162,119.49856037965205,6903.38951540751
4,AAL/MRK,2019-10-03,2019-10-16,long_spread,target,9,-2.2988893578136236,-0.37681144262178384,-1.075147333584965,1905,824,100024.10241713419,7391.097385306279,114.47800403336086,7276.619381272918
4,DAL/QCOM,2019-07-17,2019-08-26,short_spread,target,28,2.25782827814536,0.23856868105505327,0.3159281037572792,-1271,360,99987.63098916145,6215.331145969119,121.55362037635123,6093.777525592767
4,DAL/PYPL,2019-07-17,2019-10-03,short_spread,target,55,2.106175153030863,0.22028890653701497,0.21709635875058703,-1374,151,100009.39763687526,9687.062836947718,160.2001509090421,9526.862686038676
4,DAL/RIO,2019-07-17,2019-10-04,short_spread,target,56,2.3551698578245945,0.1031851219815726,0.24070228439238625,-1348,566,99970.84779815088,9930.650579279449,168.233548848811,9762.417030430637
4,NUE/NVDA,2019-08-15,2019-11-08,long_spread,time,60,-2.1888281286056093,-0.8929961902513794,0.25533232175962983,1877,-5440,100018.39121476148,3631.8125913542062,224.5160747493556,3407.2965166048507
4,NUE/TECK,2019-10-29,2019-12-10,short_spread,stop,29,2.0940651965979593,4.11212309223251,0.4876285396654557,-1402,2113,99994.1145035685,-5997.04989445421,208.02159183421026,-6205.07148628842
4,NUE/TECK,2019-12-12,2020-01-03,short_spread,end_of_window,15,3.970724377081901,2.145316885834463,0.4876285396654557,-1342,2227,99980.37586829599,4457.202749971548,166.3666782020597,4290.836071769488
4,AVGO/EXC,2019-07-25,2019-09-04,short_spread,target,28,2.1328779911598956,0.49558890451390136,0.5235659070874722,-2584,1371,100018.97741586858,7396.045796707352,141.01542644321847,7255.030370264133
4,AVGO/EXC,2019-11-05,2020-01-03,short_spread,end_of_window,41,2.1043525244189594,2.3196336129243784,0.6644142215091653,-2321,1616,99998.69409019755,-1121.8771819553149,152.74560648380455,-1274.6227884391194
5,FCX/WYNN,2020-03-19,2020-03-24,short_spread,target,3,2.1787305139946596,-0.42546868381742636,1.0080385128579168,-10365,1264,99989.23645321248,24789.408437873528,480.0436642303615,24309.364773643167
5,FCX/WYNN,2020-04-03,2020-04-16,short_spread,target,8,2.0024702989220367,0.2140243843412133,1.0080385128579168,-8426,982,99994.2297804734,6004.29721913118,442.71235651650613,5561.584862614674
5,FCX/WYNN,2020-06-23,2020-06-29,short_spread,stop,4,2.477297298513816,4.179860403694121,0.8579044727917275,-5232,566,99990.59036354981,-7729.8545595040505,200.5461442438679,-7930.400703747919
5,FCX/WYNN,2020-06-30,2020-07-01,short_spread,stop,1,3.7674590758217854,4.229910687807393,0.8579044727917275,-5232,650,99967.92301620204,-1717.5941752687368,217.07158126765924,-1934.665756536396
5,AAL/AMD,2020-02-28,2020-03-06,long_spread,stop,5,-2.2196764989288456,-4.10105100505651,-0.4160626202922994,3567,710,99992.19771194458,-11313.457054138189,161.74645040456033,-11475.20350454275
5,AAL/AMD,2020-03-11,2020-03-12,long_spread,stop,1,-3.802514570761641,-4.169543952967504,-0.4160626202922994,4330,665,100008.64677429199,-11242.145948410029,185.18348785539342,-11427.329436265421
5,AAL/AMD,2020-04-13,2020-04-22,long_spread,stop,7,-3.638330008186828,-4.135388053446425,-0.4169036645759306,5471,607,99997.18865394591,-5993.427911758414,221.75079805933575,-6215.178709817749
5,AAL/AMD,2020-04-29,2020-05-04,long_spread,stop,3,-3.8995944907944975,-4.451033555156512,-0.4169036645759306,5833,540,100025.50156593324,-18234.17262077333,165.5133074830611,-18399.685928256393
5,AAL/AMD,2020-05-28,2020-05-29,long_spread,stop,1,-3.678187357766573,-4.196519112090566,-0.4169036645759306,5991,563,99990.72840023041,-7889.641314506531,171.06505913782428,-8060.706373644355
5,AAL/AMD,2020-06-04,2020-07-06,long_spread,end_of_window,22,-3.738057954462335,-3.289255939146711,-0.4169036645759306,5492,559,99970.01218032838,178.18972015379404,160.98970512152925,17.200015032264787
5,AAL/UAL,2020-01-28,2020-02-26,long_spread,stop,20,-2.5711437708454783,-4.2452878556331015,-1.3176069896323814,1643,727,100037.7701726917,-9150.01067409551,125.0201643445717,-9275.030838440083
5,AAL/FIS,2020-02-14,2020-03-10,short_spread,stop,16,2.2739914889851804,-5.433166119455665,-1.3354313004416418,-1427,-431,99954.71708832469,27414.957212888316,129.1869739330315,27285.770238955283
5,AAL/FIS,2020-03-11,2020-03-12,long_spread,stop,1,-3.394286610297457,-4.392619731670685,-1.3354313004416418,2625,488,100031.60378331323,-11357.432002573089,154.51160057250306,-11511.943603145592
5,AAL/FIS,2020-04-30,2020-05-04,long_spread,stop,2,-3.6245072744870943,-4.611898021594098,-0.9923244696698106,4211,435,100003.67734271956,-12393.69451171916,152.37804704693568,-12546.072558766096
5,AAL/FIS,2020-05-28,2020-05-29,long_spread,stop,1,-3.7452851366725786,-4.145335484380071,-0.9923244696698106,4261,416,99991.11300545247,-5707.67647902552,138.1540135501292,-5845.830492575649
5,AAL/FIS,2020-06-04,2020-07-06,long_spread,end_of_window,22,-3.744814500721291,-3.4380378258132342,-0.9923244696698106,3906,417,100054.46089870155,-553.7452901047513,133.81090609829425,-687.5561962030456
5,AAL/MRK,2020-02-25,2020-02-28,long_spread,stop,3,-2.0178004892954857,-5.026721940810289,-1.093471925072642,1864,829,100010.06144025034,-13956.954427541408,108.52682582980404,-14065.481253371212
5,AAL/MRK,2020-04-13,2020-04-14,long_spread,stop,1,-3.9016607352513075,-4.390596868548249,-0.9653966047628021,3944,770,99988.06408183408,-2375.803169248784,196.4600365326461,-2572.26320578143
5,AAL/MRK,2020-04-30,2020-05-01,long_spread,stop,1,-3.9533740153912316,-4.277089389729935,-0.9653966047628021,4268,789,99966.75695871565,-2767.1089973922144,151.00042801811696,-2918.1094254103314
5,AAL/MRK,2020-06-05,2020-06-25,long_spread,stop,14,-2.5651691877646154,-4.053144680729447,-0.9653966047628021,2394,767,99965.00809376655,-24378.511236815422,112.74406464957883,-24491.255301465
5,AAL/MRK,2020-06-26,2020-06-29,long_spread,stop,1,-3.9631577248901335,-4.343568503961283,-0.9653966047628021,3855,819,100016.97390762021,-2718.2293138326427,148.0424722134219,-2866.2717860460643
5,AAL/MRK,2020-06-30,2020-07-02,long_spread,stop,2,-3.936164978317459,-4.003240404018161,-0.9653966047628021,3884,815,100027.55780029212,2136.442683964348,150.79361989096202,1985.649064073386
5,MGM/PFE,2020-01-07,2020-02-25,short_spread,target,33,2.007778628230508,-0.46645287754023396,-0.7966265390532695,-1712,-1669,100013.811270614,9453.041984263971,165.76872771078615,9287.273256553184
5,MGM/PFE,2020-02-28,2020-03-06,long_spread,stop,5,-2.669084242477696,-5.113856607346695,-0.7966265390532695,2265,1930,100007.27559445272,-9920.363950122039,134.1772734657775,-10054.541223587816
5,MGM/PFE,2020-04-07,2020-07-02,long_spread,time,60,-3.6174253884232366,-2.2326644991115034,0.4537056756498911,4539,-1300,100007.7823983627,10062.510674043006,313.02578146492095,9749.484892578084
5,DAL/NSC,2020-02-28,2020-03-13,long_spread,stop,10,-2.2349482709278616,-6.916756881162802,0.28884361715834383,1747,-143,100074.83019889308,-7852.373209156394,133.14005972806748,-7985.5132688844615
5,DAL/NSC,2020-06-09,2020-06-10,long_spread,stop,1,-3.538744242902459,-4.2169077134574495,0.6704487281169355,1798,-241,99949.03234367678,-4608.691088424644,122.84974835576814,-4731.540836780412
5,LYB/NVDA,2020-01-22,2020-02-03,long_spread,stop,8,-2.1155152800582178,-4.236639470657624,0.4634653979901006,1178,-5106,99975.03018104422,-6491.710324196252,137.79514289641446,-6629.505467092667
5,LYB/NVDA,2020-02-05,2020-02-11,long_spread,stop,4,-3.7272629091575977,-4.206560012651458,0.4634653979901006,1266,-5061,100007.1042120179,-2115.871757281595,165.22616633051192,-2281.097923612107
5,LYB/NVDA,2020-02-12,2020-02-14,long_spread,stop,2,-3.9140951920004476,-4.109749203897328,0.4634653979901006,1234,-4724,100026.36602763274,-3243.2977099166046,163.221046442895,-3406.5187563594995
5,LYB/NVDA,2020-04-07,2020-04-17,long_spread,stop,7,-3.985935697786952,-4.200056215111125,0.25667423318530336,2243,-2965,100016.39101076516,-6692.6067046471235,387.0033919665361,-7079.61009661366
5,LYB/NVDA,2020-04-20,2020-04-21,long_spread,stop,1,-3.8327623247724056,-4.295174318342666,0.25667423318530336,2394,-2862,100013.9800093956,-6302.927390874368,356.448945000611,-6659.376335874979
5,LYB/NVDA,2020-04-28,2020-07-06,long_spread,end_of_window,48,-3.832363110374269,-2.48100988427581,0.25667423318530336,2238,-2713,100012.43910229446,16580.519926003628,359.6955628815863,16220.824363122041
5,DAL/QCOM,2020-02-26,2020-03-02,long_spread,stop,3,-2.27923431300282,-4.2404466993055685,0.27393291022900135,1581,-308,100006.01834002468,-7440.370387135023,113.37996974386954,-7553.7503568788925
5,DAL/QCOM,2020-03-03,2020-03-04,long_spread,stop,1,-3.934422976707532,-4.2366937524855794,0.27393291022900135,1633,-309,100040.53776800385,-3356.0044957616847,113.54028894547979,-3469.5447847071646
5,DAL/QCOM,2020-03-05,2020-03-06,long_spread,stop,1,-3.470442358756972,-4.878202918286668,0.27393291022900135,1749,-311,99973.89405298661,-4269.557195731523,117.17450681720794,-4386.731702548731
5,DAL/QCOM,2020-06-08,2020-06-11,long_spread,stop,3,-3.684746543391214,-4.297585689351597,0.2535964604788177,2256,-260,100026.89309890251,-21646.048090781806,110.43878601478815,-21756.486876796593
5,DAL/PYPL,2020-02-27,2020-03-10,long_spread,stop,8,-2.052882512284796,-4.058027014801407,0.2848723279875552,1726,-211,100018.67891834982,-1707.2532516504289,122.1067201140884,-1829.3599717645172
5,DAL/PYPL,2020-03-11,2020-03-12,long_spread,stop,1,-3.6589338383943653,-4.530841736972206,0.2848723279875552,1833,-210,99999.05586233738,-9458.0464423726,117.73642179298375,-9575.782864165585
5,DAL/PYPL,2020-06-09,2020-06-10,long_spread,stop,1,-3.7243780828450017,-4.31060561646004,0.34932600522599677,2225,-168,99979.2772571585,-5154.49888897122,112.97147105310323,-5267.470360024324
5,CE/NOC,2020-02-28,2020-03-10,long_spread,stop,7,-2.7184945622413994,-4.4130255595433105,0.5662635018031946,802,-126,100060.7900288122,-4472.037757621989,183.81564564320263,-4655.853403265191
5,CE/NOC,2020-03-11,2020-03-12,long_spread,stop,1,-3.734375742969974,-4.300801392728009,0.5662635018031946,852,-124,100108.2851065578,-3210.787254555795,224.8835277319604,-3435.670782287755
5,CE/NOC,2020-04-08,2020-04-17,long_spread,stop,6,-3.4880391113735105,-4.333743108794833,0.586527749669129,915,-125,100105.35502595548,-4141.742600294392,309.37300424821956,-4451.115604542611
5,CE/NOC,2020-04-20,2020-07-06,long_spread,end_of_window,54,-3.716696681176536,-1.495032294136517,0.586527749669129,915,-116,99900.89501523552,15425.981051710118,271.2942817214922,15154.686769988626
5,DAL/RIO,2020-03-02,2020-03-13,long_spread,stop,9,-2.0365409909275556,-6.5236930848764185,0.25868392408630897,1781,-740,100000.61406116052,-11889.997780306858,150.84765528733124,-12040.845435594189
5,DAL/RIO,2020-06-08,2020-06-11,long_spread,stop,3,-3.9092122248919554,-4.63647768452935,0.548547431652224,1826,-987,99988.7572358809,-16756.202081464424,123.54220559860894,-16879.744287063033
5,FCX/MRK,2020-01-07,2020-02-25,short_spread,target,33,2.6297433983009393,0.2580999353570278,-1.103864468993055,-3967,-747,99966.05844934113,11149.48682054311,172.87015984747697,10976.616660695634
5,FCX/MRK,2020-03-10,2020-03-13,long_spread,stop,3,-2.859917281548696,-4.696320375317058,-1.103864468993055,5766,843,99980.28306797791,-8206.540931752814,167.5049120988713,-8374.045843851685
5,FCX/MRK,2020-03-16,2020-03-17,long_spread,stop,1,-3.8663551715556177,-6.499554424897767,-1.103864468993055,7942,951,99992.74785708051,209.53456481419062,225.03293195676946,-15.498367142578843
5,FCX/MRK,2020-04-07,2020-06-04,long_spread,target,40,-2.492260642918578,-0.3341740249212155,-0.9309419091210692,7090,757,99985.4025278127,14714.268748375465,243.53053819860384,14470.738210176862
5,DAL/PGR,2020-02-27,2020-03-06,long_spread,stop,6,-2.3062566858647218,-4.096471741249888,0.2838694135771094,1727,-329,99965.50011856855,-5080.07030230903,123.41214143420493,-5203.482443743235
5,DAL/PGR,2020-03-09,2020-03-10,long_spread,stop,1,-3.748784840013587,-4.356424407478497,0.2838694135771094,1875,-346,100028.9721689759,4038.9252671927693,133.50041143714685,3905.4248557556225
5,DAL/PGR,2020-03-11,2020-03-12,long_spread,stop,1,-3.749190645316229,-4.697177287008963,0.2838694135771094,1834,-345,99996.24399883929,-9871.487238714364,124.14681411171031,-9995.634052826075
5,DAL/PGR,2020-06-05,2020-06-12,long_spread,stop,5,-3.6027625394384195,-4.767297356380944,0.22612432404312205,2271,-270,99965.84930528647,-15354.615935456502,119.32149814578744,-15473.93743360229
5,DAL/PGR,2020-06-15,2020-06-16,long_spread,stop,1,-3.9938018962169495,-4.041667828792552,0.22612432404312205,2986,-288,100004.92873006023,11059.025315656087,161.56454156028997,10897.460774095796
5,DAL/PGR,2020-06-17,2020-06-22,long_spread,stop,3,-3.8733757903105013,-4.2977472444753975,0.22612432404312205,2740,-269,100029.26851328355,-4723.114278726648,140.8142646740195,-4863.928543400668
5,AVGO/EXC,2020-04-08,2020-06-26,short_spread,stop,55,2.1207191234107374,4.137095485944348,1.0837634036039154,-2144,2574,99994.49018683324,-11183.886515636716,258.84419773473394,-11442.73071337145
5,AVGO/EXC,2020-06-30,2020-07-01,short_spread,stop,1,3.998659147413405,4.092096141690595,1.0837634036039154,-1758,2554,100003.82952280671,-143.25799117638527,133.07435599078258,-276.3323471671679
6,C/TOL,2020-07-09,2020-08-18,long_spread,stop,28,-2.311447825876519,-4.253279342584615,0.7863937572012313,1369,-1388,99996.60374134405,-10913.253074524551,205.03580885188458,-11118.288883376435
6,C/TOL,2020-09-08,2020-09-09,long_spread,stop,1,-3.7788030303582216,-4.249914272014348,0.7863937572012313,1325,-1152,100023.01079937915,-2192.58126187181,127.36868140884403,-2319.949943280654
6,C/TOL,2020-10-06,2020-12-31,long_spread,time,60,-3.330396470848734,-0.7169593920209121,0.5626121070518492,1729,-778,100002.60079004147,25761.461353083163,164.20513966871573,25597.256213414446
6,MOH/STLD,2020-07-08,2020-10-01,short_spread,time,60,2.188805320985787,2.3883124409147287,-0.17140584139952578,-467,-631,99993.94528322692,-1756.1870651815339,358.9908200887984,-2115.1778852703324
6,MOH/STLD,2020-10-02,2020-12-29,short_spread,time,60,2.640513397324521,2.8475816750511687,-0.17140584139952578,-459,-564,99977.59908764502,-14022.896310769196,370.85135419382965,-14393.747664963026
6,MOH/STLD,2020-12-30,2021-01-04,short_spread,end_of_window,3,2.8884173485464566,3.188797019838964,-0.18518107894164043,-408,-470,100043.70929074989,-3926.286085837032,175.91774895386908,-4102.203834790901
6,CNC/ED,2020-11-11,2020-12-01,short_spread,target,13,2.0077205711672743,0.2560761334227612,-0.7775788736878787,-781,-657,99959.6497037425,10045.226686889722,142.09751358330732,9903.129173306415
6,ELV/HLT,2020-11-05,2021-01-04,short_spread,end_of_window,40,2.469076794454435,1.6477939049796309,0.2267674482477945,-270,201,99996.18122378425,5081.955027887306,173.3515954180906,4908.6034324692155
6,ELV/WM,2020-11-05,2021-01-04,short_spread,end_of_window,40,2.3056630000402123,1.9835095447805544,0.16143607521009765,-285,130,99956.15378967846,2097.8277555802924,176.10386471026231,1921.7238908700301
6,ELV/T,2020-11-05,2021-01-04,short_spread,end_of_window,40,2.6130589375426716,2.1764558358275936,0.09751221649570893,-302,627,100033.57377824308,3286.0478370194433,186.96033108671233,3099.087505932731
6,AEM/PLD,2020-09-01,2020-10-07,short_spread,target,25,2.0057034499750617,0.44602617065150185,1.1847359277386356,-626,630,100033.36192358908,4821.674235481978,150.0664656320484,4671.607769849929
6,ELV/KO,2020-11-05,2021-01-04,short_spread,end_of_window,40,2.4835259537736807,1.9166088948717086,0.22498689147711995,-270,441,99870.71597112033,3541.529712771684,169.39127570103255,3372.1384370706514
6,GDX/ICE,2020-07-08,2020-07-29,short_spread,stop,15,2.6815767059860534,4.082666007143375,1.5656528206439082,-1093,711,99989.84287277388,-5285.257918605035,108.64073476304522,-5393.898653368081
6,GDX/ICE,2020-07-30,2020-10-07,short_spread,target,48,3.747058154104266,0.43381587291103463,1.5656528206439082,-1002,704,100009.94630411471,8478.032048470004,129.1418973436682,8348.890151126336
6,GDX/ICE,2020-12-23,2021-01-04,long_spread,end_of_window,7,-2.0009923002199805,-1.2815950702210397,1.8568757476812316,1056,-614,99973.94426159095,3107.7013484112153,97.4290647335375,3010.272283677678
6,AAL/SPG,2020-11-10,2020-12-08,long_spread,target,19,-2.156850197730692,-0.47291650511704764,1.0261128777845776,3841,-904,99981.21015985843,9145.202915839782,223.29010830652393,8921.912807533257
6,GD/LLY,2020-10-30,2020-11-10,long_spread,target,7,-2.0341791850864683,-0.3346167390550894,-0.4584299293513406,595,254,100002.25838741397,13358.152255166402,118.11753836464896,13240.034716801752
6,ALL/KBH,2020-07-09,2020-09-21,long_spread,stop,51,-3.194785170887627,-4.225233732976128,0.39042744953027203,942,-998,100013.3394534997,-4887.147779150681,206.98116700149058,-5094.128946152172
6,ALL/KBH,2020-09-28,2020-10-02,long_spread,stop,4,-3.69394554964399,-4.155252255882701,0.39042744953027203,899,-831,100039.16604149414,-1775.8945141710878,147.09540245240754,-1922.9899166234954
6,ALL/KBH,2020-10-06,2020-11-25,long_spread,target,36,-2.0749224478730275,0.02698790529895294,0.3038774354149662,941,-641,99993.1046434609,10559.449605685515,154.07301161383245,10405.376594071682
6,GDX/GIS,2020-07-28,2020-10-21,short_spread,time,60,2.4608940587667556,1.0674703215866006,1.20280941711053,-1132,1070,100008.75930416615,1109.9735449709394,141.76894265967059,968.2046023112689
6,INTC/SO,2020-10-27,2021-01-04,long_spread,end_of_window,47,-2.131594137504492,-1.260968553576688,0.6077095065538327,1507,-778,99996.78264823134,5980.800928000965,129.6504011524846,5851.15052684848
6,CAT/LEN,2020-10-19,2021-01-04,short_spread,end_of_window,53,2.0062538589952332,3.642884973892209,0.29143415532483324,-511,300,100048.67317606417,-9501.93162127702,180.46022266195948,-9682.39184393898
7,CNC/ED,2021-05-24,2021-07-06,short_spread,end_of_window,30,2.2338157292012104,1.793318341186444,-0.5938894881408888,-848,-565,99977.04293749706,3228.753600338854,159.11991878690932,3069.633681551945
7,CZR/TOL,2021-01-07,2021-01-25,short_spread,target,11,2.1251931456952287,0.4019654758576569,1.6493945913864878,-488,1555,99983.60563159658,12035.41978296176,183.41399245054464,11852.005790511215
7,INTC/KGC,2021-03-17,2021-05-06,short_spread,target,35,2.0182783056061733,0.49623326547378876,0.06159079597417569,-1613,936,100016.8243770633,11089.57840241304,152.76636692857926,10936.812035484461
7,GDX/MA,2021-03-02,2021-05-11,long_spread,target,49,-2.1814193725030107,-0.4585444013274445,1.2728192048633735,1519,-160,100091.52568063993,8009.599325472684,139.97271835436254,7869.626607118321
7,GDX/ICE,2021-01-12,2021-04-09,long_spread,time,60,-2.0607223480219883,-1.1041719557930225,1.6718472597068772,1118,-567,99998.42442969381,-1008.31122555355,157.93296573825953,-1166.2441912918096
7,AAL/SPG,2021-01-22,2021-03-04,long_spread,target,28,-2.0250589050834735,-0.40075080205348,1.0356501265380331,3155,-738,100024.96764205942,9659.701869416687,173.42687527584548,9486.274994140842
7,AAL/SPG,2021-06-29,2021-07-06,long_spread,end_of_window,5,-2.171251470378753,-2.2623809054651765,1.0275445600573958,2313,-517,99955.22252017412,-102.22961491193382,108.90571811812488,-211.1353330300587
7,GD/LLY,2021-01-20,2021-03-15,short_spread,stop,37,2.118581824198241,4.084393525881358,-0.4732629698967295,-498,-171,99937.5399042081,-9496.818131556072,169.28238910308303,-9666.100520659156
7,GD/LLY,2021-03-16,2021-04-06,short_spread,stop,14,3.5757574707936635,4.030695564324827,-0.4732629698967295,-433,-177,99956.78212700345,-2025.6310371010177,120.41997059885979,-2146.0510076998776
7,GD/LLY,2021-04-07,2021-07-01,short_spread,time,60,3.935838161996936,2.796260395497044,-0.4732629698967295,-411,-185,99887.01244621145,-10061.642250030922,214.48209355525665,-10276.124343586178
7,AEM/AVGO,2021-01-20,2021-04-16,long_spread,time,60,-2.065063330917866,-1.130665338807495,1.0941009228435845,780,-1269,100040.03191142528,-6691.9154127449765,188.389746289453,-6880.305159034429
7,AAL/LLY,2021-01-12,2021-01-29,short_spread,stop,12,2.1914710357289833,4.094406368724826,-2.439082929752142,-1928,-411,100025.11898089423,-18282.554785302775,140.73082009734162,-18423.285605400117
7,AAL/LLY,2021-02-01,2021-02-23,short_spread,stop,15,3.7896795226588806,4.171255294909613,-2.439082929752142,-1686,-359,100099.94481508895,-2964.3356373204006,126.60522452652083,-3090.9408618469215
7,AAL/LLY,2021-03-24,2021-03-31,short_spread,stop,5,3.6616945920059427,4.068277429983496,-2.439082929752142,-1276,-407,99985.0387190154,-2304.0461118156154,109.39151151791978,-2413.437623333535
7,AAL/LLY,2021-04-07,2021-07-01,short_spread,time,60,3.918513543410519,2.1797134201700574,-2.439082929752142,-1202,-409,100019.52119263873,-15202.993527618903,229.78772173086938,-15432.781249349771
7,INTC/SO,2021-03-23,2021-04-26,short_spread,target,23,2.0398866263447974,0.158676555204881,0.4368462446166919,-1159,623,99964.65178124215,10172.331973787925,110.84128910014815,10061.490684687777
7,GDX/TXN,2021-01-20,2021-04-16,long_spread,time,60,-2.1235349499663045,-1.0710460726565836,1.266520574921334,1332,-375,100047.30342310818,-5651.519530947442,154.53404801850886,-5806.053578965951
8,FIS/NVDA,2021-08-04,2021-10-28,long_spread,time,60,-2.0436465223017994,-3.255152437194026,0.08322889893270886,815,-386,99979.92535219471,-12137.098954180467,128.227098096937,-12265.326052277404
8,FIS/NVDA,2021-10-29,2021-11-19,long_spread,stop,15,-3.5695829805606754,-4.126792392048196,0.04927266104135702,974,-189,100000.42718869232,-3483.832349888945,121.31747835140018,-3605.149828240345
8,FIS/NVDA,2021-12-22,2021-12-27,long_spread,stop,2,-3.890842793036006,-4.0187936959575215,0.04927266104135702,990,-163,99982.36508335444,-663.6369133380387,113.85855458944667,-777.4954679274854
8,FIS/PCAR,2021-09-07,2021-10-29,long_spread,stop,38,-2.191595623603632,-4.119474405498681,0.3014377816645887,703,-498,100034.76934775195,-9571.522908838273,110.2392761519533,-9681.762184990226
8,FIS/PCAR,2021-11-02,2021-11-03,long_spread,stop,1,-3.902588339257526,-4.68732974921105,0.324072671167306,771,-485,99971.57932272108,-1995.7430052281206,113.14039553000387,-2108.8834007581245
8,FIS/PCAR,2021-11-08,2021-11-18,long_spread,stop,8,-3.8867538981669716,-4.342401287626038,0.324072671167306,757,-483,99938.73627236031,-1156.4874709141777,110.23322087408427,-1266.720691788262
8,GDX/MOH,2021-08-19,2021-11-12,long_spread,time,60,-2.067689867168471,-1.0615567549218712,0.4799080665091834,2304,-129,100021.78019721406,-1478.7926360343972,156.95203801253646,-1635.7446740469336
8,GDX/MOH,2021-12-13,2022-01-03,long_spread,end_of_window,15,-2.0442947551282065,-1.822200485900329,0.345470629369852,2609,-84,99880.76885354344,2053.0606027859076,113.24728909963325,1939.8133136862743
8,CZR/TOL,2021-10-04,2021-11-05,short_spread,target,24,2.2344572365314312,0.12432068508433405,1.7062254988986363,-310,1214,99992.75220174703,11398.75159344948,172.64423115474784,11226.107362294733
8,CZR/TOL,2021-12-02,2022-01-03,long_spread,end_of_window,22,-2.1530984864076133,-2.304969442636356,1.713796588030349,437,-1017,100053.94708365435,-829.81336861616,180.6037593899288,-1010.4171280060888
8,FIS/RIO,2021-08-04,2021-10-28,long_spread,time,60,-2.1901320014850683,-3.0323963034967316,0.16635112411525954,757,-243,99991.05787235264,-6292.925145036035,128.57925340571478,-6421.50439844175
8,FIS/RIO,2021-10-29,2021-11-30,long_spread,stop,21,-3.3514744386443778,-4.235043988892278,0.12398638986639454,909,-245,99961.5110162899,-5296.299044893977,114.78133122184937,-5411.080376115827
8,FIS/RIO,2021-12-07,2021-12-08,long_spread,stop,1,-3.9690973442221775,-4.043845371297511,0.12398638986639454,943,-243,99978.19043085426,-551.8725589228909,107.39279098005149,-659.2653499029424
8,FIS/RIO,2021-12-09,2021-12-10,long_spread,stop,1,-3.8363473428517505,-4.325644924332387,0.12398638986639454,939,-246,99978.56720553203,-4219.050119832972,105.95089170527116,-4325.001011538243
8,FIS/RIO,2021-12-17,2021-12-21,long_spread,stop,2,-3.815517129295445,-4.328726377747843,0.12398638986639454,933,-236,99957.39509389886,-2321.776619134058,102.40351423832465,-2424.1801333723824
8,FIS/RIO,2021-12-22,2022-01-03,long_spread,end_of_window,8,-3.618281359672094,-3.086775674368515,0.12398638986639454,924,-239,99955.80591102819,3165.6403776441066,112.48129591664429,3053.1590817274623
8,AIG/EXC,2021-09-14,2021-10-06,long_spread,target,16,-2.0264949010163273,0.08385095855090746,2.532200095594564,573,-2355,99982.13908259172,5048.823491784676,112.36285812684667,4936.460633657829
8,AIG/EXC,2021-11-11,2022-01-03,long_spread,end_of_window,36,-2.1162394662256117,-3.3892519741816103,2.252969821016411,582,-2133,99995.27883753723,-4490.851516892057,147.23414665842398,-4638.085663550481
8,MOH/PYPL,2021-09-30,2021-11-05,short_spread,stop,26,2.154580708508867,4.0370499488128635,0.6545380000487744,-216,154,99960.29707961588,-9777.496058305309,141.13588510948864,-9918.631943414797
8,CMI/DHI,2021-08-06,2021-10-05,long_spread,target,41,-2.0095507040585066,-0.46704825588676885,0.760401223984271,279,-473,100045.24503201773,5149.580354824586,123.311758396256,5026.26859642833
8,CMI/DHI,2021-11-19,2022-01-03,long_spread,end_of_window,30,-2.0741101795981582,-2.9392983488040705,0.7099283020395856,287,-429,100070.4396373638,-3449.292760945357,119.44597349906391,-3568.7387344444205
8,MRK/USB,2021-10-05,2021-10-19,short_spread,target,10,2.1229660787415434,0.39451022859506424,0.07504758411623498,-1309,141,99951.73280132604,4542.756467961439,100.15242397827818,4442.60404398316
8,MRK/USB,2021-10-29,2021-11-05,short_spread,stop,5,2.9762166789332802,4.011172096631482,0.07827136651365657,-1249,147,99974.00650904307,4488.710582139335,94.88867522453462,4393.821906914801
8,MRK/USB,2021-11-11,2021-11-30,short_spread,target,12,2.3175050852812182,-0.18059781315185688,0.07827136651365657,-1288,148,100012.72676139417,9686.267106627298,123.97189713133218,9562.295209495966
8,KBH/UNP,2021-10-29,2022-01-03,long_spread,end_of_window,45,-2.0568902229784993,-1.7622615212850299,1.3909947701505896,1128,-271,100037.1640302744,1145.0522952340962,165.75272939328917,979.299565840807
8,EXC/HLT,2021-11-12,2022-01-03,short_spread,end_of_window,35,2.168855778915394,2.4185016779902675,0.48582068594016975,-2061,231,100026.89428694113,-976.6696487423078,142.8902772641129,-1119.5599260064207
8,ELV/NUE,2021-08-12,2021-09-21,long_spread,target,27,-2.449992838955286,-0.41972614321140456,0.4690565459871569,200,-282,99887.76791130246,8852.821758869686,108.28161446358638,8744.540144406099
8,ELV/NUE,2021-12-29,2022-01-03,short_spread,end_of_window,4,2.1782867991884363,2.251325932878959,0.41453972656524457,-164,274,100016.41073785823,-735.5710309516998,91.4754094362795,-827.0464403879793
8,GIS/TMUS,2021-11-16,2022-01-03,short_spread,end_of_window,33,2.044873699293458,3.263878243258079,0.29513447512334817,-1459,202,99952.0365292368,-4995.334614214921,150.7887891185169,-5146.123403333439
8,EXC/TECK,2021-08-23,2021-10-11,short_spread,target,34,2.0855004570797075,0.4112492377714582,0.22658986211740303,-2777,973,99993.46914665758,8393.122935059491,172.4504427396609,8220.67249231983
8,EXC/TECK,2021-11-08,2022-01-03,short_spread,end_of_window,39,2.0035623209889515,2.6022161874306393,0.25338038197821017,-2470,783,100004.480261121,-3829.935988214568,170.20543179865234,-4000.1414200132203
9,C/H,2022-01-05,2022-04-01,long_spread,time,60,-2.209264709770006,-3.9647549907775184,0.93994498104681,947,-513,99986.16499752767,-8588.85992735769,178.26110062581455,-8767.121027983503
9,C/H,2022-04-06,2022-07-05,long_spread,time,60,-2.8021455081214133,-2.0438426636581517,0.7485995618529638,1310,-465,100026.16258366531,3918.6337196151644,165.0653551461051,3753.5683644690594
9,CZR/TOL,2022-01-05,2022-02-07,long_spread,target,22,-2.166694298324835,-0.2950806861519825,1.6545282909677614,417,-925,99975.2334699125,9477.113816327297,157.6746898340847,9319.439126493213
9,CZR/TOL,2022-05-26,2022-07-06,long_spread,end_of_window,27,-2.2797665703516556,-2.965542141328579,1.5739621082101394,821,-1321,100002.30100236085,-4347.053268574196,264.68133450031587,-4611.734603074512
9,SCCO/V,2022-03-03,2022-04-29,short_spread,target,40,2.116960459146267,0.17495704573726323,2.4649645000998976,-494,350,100025.54202505766,6546.963409859327,110.33838111009658,6436.62502874923
9,CZR/LYB,2022-03-09,2022-05-05,long_spread,stop,40,-2.0618701452551242,-4.3417724723126865,2.1799194059943594,423,-963,99996.05557955074,-15477.262280372637,204.24351443163278,-15681.50579480427
9,LMT/TFC,2022-03-01,2022-03-08,short_spread,stop,5,2.9618233137029284,4.130108993393117,0.0323446115559351,-251,64,100097.80014913561,-6613.640081395077,97.74961715020032,-6711.3896985452775
9,LMT/TFC,2022-03-09,2022-06-03,short_spread,time,60,3.541883385812688,2.9957905606760695,0.0323446115559351,-249,67,99897.43763254082,-1643.4180770913467,199.96525589231544,-1843.383332983662
9,LMT/TFC,2022-06-06,2022-07-06,short_spread,end_of_window,21,3.053325477216499,2.5137243083010556,0.03323928882280892,-244,80,99982.18342664323,3777.536288390992,125.60097582101179,3651.9353125699804
9,MRK/WFC,2022-04-04,2022-05-13,short_spread,stop,28,2.236040671892379,4.2689824649942985,0.0718488599430549,-1278,155,99974.27710772037,-8840.547381911041,128.3700084708649,-8968.917390381906
9,MRK/WFC,2022-06-03,2022-06-08,short_spread,stop,3,3.935132514377413,4.045673548631613,0.07637085657004417,-1184,176,99949.5330660966,-861.3876770129042,78.7656879973116,-940.1533650102158
9,MRK/WFC,2022-06-09,2022-06-23,short_spread,stop,9,3.8349768857205264,4.175360378374844,0.07637085657004417,-1191,177,99989.02785989382,-2583.3510670482215,92.75254554696821,-2676.1036125951896
9,MRK/USB,2022-03-31,2022-05-13,short_spread,stop,30,2.0885870001133875,4.322636888125228,0.09859268992131218,-1256,198,99976.61500659809,-9552.321367692346,131.97091896837142,-9684.292286660717
9,MRK/USB,2022-06-03,2022-06-08,short_spread,stop,3,3.9877384873809585,4.085875448817699,0.09341537145787868,-1166,199,99989.77222366202,-851.1540390634707,78.71605897869497,-929.8700980421656
9,MRK/USB,2022-06-09,2022-06-23,short_spread,stop,9,3.878129197077636,4.189443524302192,0.09341537145787868,-1172,201,99961.4626652781,-2400.0173378851905,92.50257074118171,-2492.5199086263724
9,MRK/SPG,2022-03-31,2022-05-13,short_spread,stop,30,2.0183008864516974,4.277466610535848,0.06404512336727257,-1297,57,99997.6367947959,-9630.6160398313,134.38539540291367,-9765.001435234215
9,MRK/SPG,2022-06-10,2022-06-22,short_spread,stop,7,3.7153831789320355,4.002106130924805,0.06402741761808858,-1234,74,100043.46607376987,-2132.87205338216,92.10968002482318,-2224.9817334069835
9,ELV/NUE,2022-01-20,2022-03-01,short_spread,target,27,2.0161315093311276,0.4513884513338697,0.4290174921223272,-167,310,99820.59436358945,8422.814737832825,132.41920092329565,8290.39553690953
9,ELV/NUE,2022-05-17,2022-07-06,short_spread,end_of_window,34,2.4692274696809804,3.092825894529479,0.4388222197577248,-149,265,99828.51893613982,-2307.2088351549137,135.40041780177643,-2442.60925295669
9,MRK/QCOM,2022-03-31,2022-05-12,short_spread,stop,29,2.0554215420556354,4.047621408812763,0.06937276693902726,-1291,47,100038.65863404874,-8772.334498328402,131.2610274276164,-8903.595525756018
9,MRK/QCOM,2022-06-10,2022-06-22,short_spread,stop,7,3.6785720664982207,4.056869218654239,0.09517297913184485,-1198,71,99969.83724298165,-2501.1003491128963,90.08195366453245,-2591.182302777429
9,MRK/UPS,2022-04-04,2022-05-12,short_spread,stop,27,2.2660799252838624,4.122038386504329,0.07249908373736635,-1278,41,99979.52246524567,-8031.6311679852515,126.03953594476519,-8157.670703930016
9,MRK/UPS,2022-06-10,2022-06-22,short_spread,stop,7,3.8100433874522937,4.030182092239087,0.10624995511646808,-1186,69,99997.35251061595,-1672.6575573244525,90.00511418725027,-1762.6626715117027
9,LMT/MGM,2022-03-01,2022-03-08,short_spread,stop,5,2.9753554450331916,4.149025445665722,0.020834350680576687,-254,46,100155.80565014818,-6782.372276687379,98.45624145779742,-6880.8285181451765
9,LMT/MGM,2022-03-09,2022-06-03,short_spread,time,60,3.5639147392827093,2.9766113620331383,0.020834350680576687,-252,52,99952.09350586434,-1412.3835341892852,202.12056719183255,-1614.5041013811178
9,LMT/MGM,2022-06-06,2022-07-06,short_spread,end_of_window,21,3.030893717325094,2.519743396182487,0.018282117175935968,-248,51,100151.41486213649,3692.503066629963,127.33598016910338,3565.1670864608595
9,MA/MOH,2022-03-08,2022-04-29,long_spread,target,37,-2.3012873337706345,0.28425268289008015,0.3316866979979938,248,-81,100163.0822588672,14437.054525199914,108.70338901439978,14328.351136185514
9,EXC/TECK,2022-02-03,2022-05-02,short_spread,time,60,2.063674326342971,1.8460756222617494,0.3002126297003976,-2163,763,100010.6187002629,-4432.347791580337,223.39906468701633,-4655.746856267353
9,EXC/TECK,2022-05-10,2022-06-16,short_spread,target,26,2.2335209053574046,0.38313054674966734,0.3789790663069359,-1807,783,100003.27995970873,9750.250437957822,161.8736265315504,9588.376811426271
9,EXC/TECK,2022-06-27,2022-07-06,short_spread,end_of_window,7,2.013330067355986,3.0891280351193475,0.3789790663069359,-1960,900,99974.75281717561,-5718.332506460485,153.17314012109233,-5871.505646581578
10,MA/NUE,2022-09-16,2022-11-16,long_spread,target,43,-2.052990712488432,-0.400474701069412,0.0728737199487673,305,-62,99917.97270502553,7639.329640697575,99.29736256156104,7540.032278136014
10,MA/UNH,2022-09-16,2022-11-11,long_spread,target,40,-2.1997480643196243,-0.4776281775529789,0.13906739813093463,287,-25,99648.03285454118,6837.387755312607,96.73403654684493,6740.653718765761
10,MA/TECK,2022-09-19,2022-11-14,long_spread,target,40,-2.024931657673271,-0.43715178987402475,0.06519250148331816,308,-206,99908.10058343524,6967.69866128231,98.08873194452576,6869.609929337785
10,MAR/TECK,2022-12-23,2023-01-04,long_spread,end_of_window,7,-2.0344150565254693,-1.5094929990443002,0.38272286702320263,512,-757,99930.97156095933,3301.846421229742,111.50486358146222,3190.34155764828
10,KBH/PYPL,2022-09-27,2022-11-11,long_spread,target,33,-2.061084133582858,-0.1691840182208918,0.2040367331836882,3361,-201,100028.42533775675,15017.966510832863,339.5189415294603,14678.447569303402
10,HUM/LLY,2022-07-20,2022-10-13,short_spread,time,60,2.160378128164251,1.3567099399165425,0.11289554741171387,-189,32,99910.73753074417,1192.3593209272453,192.86380109329352,999.4955198339518
10,HUM/LLY,2022-10-25,2023-01-04,short_spread,end_of_window,49,2.061967510636574,0.9998400811669296,0.16642304845575998,-172,42,100057.73875392159,5353.15704975966,156.6779648886301,5196.47908487103
10,NVR/SPG,2022-09-16,2022-10-07,long_spread,target,15,-2.0174215217663836,-0.4744311675460524,0.30935194582657305,19,-294,100171.69986370012,5579.888950246981,175.26321485588184,5404.6257353911
10,NVR/SPG,2022-11-04,2022-12-02,long_spread,target,19,-2.227925827514122,-0.17548768101015322,0.3281150930374804,18,-267,99047.29040795202,8709.987391779378,203.29244106112833,8506.694950718249
10,PCAR/SCCO,2022-07-29,2022-10-24,short_spread,time,60,2.2421786296636914,1.3925910112057616,0.1949102217080926,-1613,419,100029.86454887588,-401.23506750564684,236.65343638278443,-637.8885038884313
10,PCAR/SCCO,2022-10-28,2022-11-22,short_spread,stop,17,2.300106677950787,4.0760908064024814,0.1158077750822183,-1654,264,99994.03566370197,-7546.933716296784,161.25116747957514,-7708.184883776359
10,PCAR/SCCO,2022-11-29,2022-12-01,short_spread,stop,2,3.911545652058845,4.227829130913261,0.1158077750822183,-1501,212,99993.90249246024,-1749.3953143783535,105.22774251144341,-1854.623056889797
10,PCAR/SCCO,2022-12-06,2023-01-04,short_spread,end_of_window,20,3.7401433662121764,3.1563241992831164,0.1158077750822183,-1505,204,100011.38813485877,2531.856807828762,138.40174477404645,2393.4550630547155
10,CE/TXN,2022-07-14,2022-08-01,long_spread,stop,12,-2.2268548375324846,-4.053174757270934,1.2879980438617296,439,-413,100065.20814840663,-4951.040291017203,122.16066421241266,-5073.200955229616
10,CE/TXN,2022-08-24,2022-09-19,long_spread,stop,17,-3.4957296054014173,-4.635416230728825,1.2879980438617296,399,-369,100041.2888603961,-3020.3679951361996,124.45310073923658,-3144.821095875436
10,CE/TXN,2022-10-06,2023-01-03,long_spread,time,60,-3.4396966177319896,-2.5409651937758055,1.2032237623375484,513,-365,99901.34311963929,4927.263061969568,183.3961205675984,4743.86694140197
10,GDX/LYB,2022-07-08,2022-08-31,long_spread,stop,38,-2.563653031544122,-4.090072186501287,-0.2862759541903076,3003,323,99970.77797485206,-10503.525019137072,119.42523575828601,-10622.950254895359
10,GDX/LYB,2022-09-12,2022-09-14,long_spread,stop,2,-3.59617975010204,-4.031577543410384,-0.2862759541903076,3194,334,99999.10794014923,-4431.876760566631,122.68162800876496,-4554.558388575396
10,GDX/LYB,2022-10-04,2022-12-29,long_spread,time,60,-3.861766766821311,-0.8072059537626718,-0.2862759541903076,3213,361,100024.23494808967,13563.067807342848,129.14016617607302,13433.927641166774
10,FCX/MGM,2022-12-29,2023-01-04,short_spread,end_of_window,4,2.046450509974578,1.5097252131036054,1.058625837827137,-1339,1572,100023.54718070917,3324.436882552428,133.33397713562363,3191.1029054168043
10,KBH/LMT,2022-09-07,2022-10-31,long_spread,target,38,-2.0015126721356298,-0.23148175711238683,-0.503703614687721,2556,90,100129.51870935105,8196.489281837876,218.84629426183218,7977.642987576043
10,MDLZ/RTX,2022-10-03,2022-10-31,long_spread,target,20,-2.1519629867936456,-0.48250302747942975,0.34144229415342975,1496,-334,99978.65571278063,4452.0784033573855,106.82330023787233,4345.2551031195135
10,KBH/WYNN,2022-09-27,2022-12-21,long_spread,time,60,-2.588725206489455,-1.357260623474165,0.3848097253505904,2922,-423,100002.07671579192,9602.213024706096,297.66068802926384,9304.552336676832
11,MA/NUE,2023-07-03,2023-07-07,short_spread,end_of_window,4,2.0266360751140744,1.8601932214841568,-0.022434609428965465,-255,-14,100081.59008557862,548.6387611157265,71.78935651518607,476.8494046005405
11,MA/UNH,2023-05-19,2023-07-07,short_spread,end_of_window,33,2.1613361680568173,1.9027429978719843,-0.2396684355755382,-210,-43,99959.609557307,1213.2789298655841,126.97258107415743,1086.3063487914267
11,MA/TECK,2023-05-19,2023-07-07,short_spread,end_of_window,33,2.11678577238077,1.9862418052693405,-0.043922170601098584,-249,-102,99950.38361620957,811.6605556016511,130.324218508027,681.3363370936241
11,GPN/LVS,2023-01-06,2023-04-04,long_spread,time,60,-3.1556390976171524,-3.6401830912249578,0.8497233468934623,544,-951,100054.8850890236,-4455.830506044813,182.38219181968208,-4638.212697864495
11,GPN/LVS,2023-04-05,2023-07-03,long_spread,time,60,-3.6598714432240302,-1.932767039162352,0.8497233468934623,548,-848,100004.85342649955,-1242.6914241572508,165.7211783489336,-1408.4126025061844
11,KBH/PYPL,2023-01-25,2023-04-21,short_spread,time,60,2.005788818617502,2.689654395439992,0.26382732287477445,-2284,269,100010.89343343959,-11913.02692372869,275.51521076550955,-12188.5421344942
11,KBH/PYPL,2023-04-24,2023-05-12,short_spread,stop,14,2.7137429483802453,4.0116328308868585,0.2281035617957116,-2063,252,99990.29986576267,-11591.862021173252,166.51500626339583,-11758.377027436649
11,KBH/PYPL,2023-05-22,2023-06-06,short_spread,stop,10,3.919587668665743,4.008716906300325,0.2281035617957116,-1909,308,100012.95559709914,-1171.1812739312409,177.23900294303826,-1348.4202768742791
11,AAL/TXN,2023-03-21,2023-05-10,long_spread,target,35,-2.0006366147238,-0.4075719161409181,1.8947492222108928,2417,-404,100004.82013774106,5705.139876849362,139.43204010108377,5565.707836748278
11,HUM/LLY,2023-06-15,2023-07-07,long_spread,end_of_window,15,-2.7513996390093918,-3.701385178705008,0.3442317988778901,169,-58,99612.32873729613,-4341.911340943283,101.55733500603188,-4443.468675949315
11,NVR/SPG,2023-03-15,2023-05-17,short_spread,stop,44,2.2707094848358094,4.19393521188092,0.49540595172514185,-13,361,102627.83344597467,-8493.745221308838,165.38624451002397,-8659.131465818862
11,NVR/SPG,2023-05-18,2023-05-19,short_spread,stop,1,3.8350014072851053,4.02970767077818,0.5751305894514053,-11,413,100357.1769978426,-479.7226539635101,101.30088072334922,-581.0235346868593
11,NVR/SPG,2023-05-22,2023-06-23,short_spread,stop,22,3.948718902865828,4.053452947565525,0.5751305894514053,-11,416,100825.8995896016,-583.6671531600114,125.70432065843315,-709.3714738184445
11,NVR/SPG,2023-07-05,2023-07-07,short_spread,end_of_window,3,3.988239965405335,3.3177894110597665,0.5751305894514053,-10,370,99352.24295111545,2863.353209773223,90.0815573647109,2773.271652408512
11,KGC/SO,2023-03-01,2023-03-21,long_spread,target,14,-2.148062480249893,-0.2307254979061464,-1.934029491563377,9625,1191,99994.35159783508,10781.893702228188,194.22209471780937,10587.671607510378
11,KGC/SO,2023-05-05,2023-07-07,short_spread,end_of_window,43,2.0076439661819436,0.7456657163884349,-2.014582090469116,-6677,-1024,99970.5670967646,5845.576945359264,229.52467348839104,5616.052271870873
11,KBH/LMT,2023-02-03,2023-05-02,short_spread,time,60,2.249727755583869,2.5543274399103373,-0.9156875803342892,-1403,-115,100023.39681906554,-7433.3162382960745,240.95571484806027,-7674.271953144134
11,KBH/LMT,2023-05-03,2023-07-07,short_spread,end_of_window,45,2.393594352783906,3.199486883167378,-0.7538344413219323,-1367,-103,100026.74308666315,-5949.4959575263,209.50518152101228,-6159.001139047313
11,KBH/WYNN,2023-06-07,2023-07-07,short_spread,end_of_window,21,2.1294900833741046,2.180104277820249,0.5335362063522766,-1416,351,100006.49232938932,-97.88720664508946,169.95249823591223,-267.8397048810017
11,TOL/TXN,2023-04-26,2023-06-22,short_spread,stop,39,2.067008352470026,4.002718637268501,1.6990722471608597,-613,407,99963.30775310754,-8043.236940098043,125.4614050254641,-8168.698345123507
11,TOL/TXN,2023-06-23,2023-06-26,short_spread,stop,1,3.7185722194453836,4.289757178702872,1.6990722471608597,-503,407,100082.08558213357,-820.4525545620382,89.15848155956836,-909.6110361216066
11,TOL/TXN,2023-06-28,2023-07-07,short_spread,end_of_window,7,3.684776876252846,3.7742956062802855,1.6990722471608597,-487,396,100048.11326559391,169.89283143830176,91.02520961787548,78.86762182042628
11,KBH/UAL,2023-05-12,2023-07-07,short_spread,end_of_window,38,2.135579723837467,1.0357663299152673,0.8385642318631581,-1240,1004,99979.06255112356,7559.066152197784,175.1249284604204,7383.9412237373635
12,MAR/USB,2023-07-19,2023-10-12,short_spread,time,60,2.1509590709241,1.441427120370511,-0.14839003967241443,-465,-406,100071.5558920512,-1656.10933277678,213.2080158732163,-1869.3173486499963
12,MAR/USB,2023-11-17,2024-01-05,short_spread,end_of_window,33,2.033533793629808,3.3916214966130376,-0.19862092314102578,-419,-495,100077.45647624116,-10246.749792069379,165.10437759340266,-10411.854169662782
12,AAL/PGR,2023-07-11,2023-08-10,short_spread,target,22,2.204409165795611,0.47509455822818836,-0.7818153503292612,-3011,-365,99958.77294844261,9691.224291929419,144.37665440451906,9546.8476375249
12,CE/HII,2023-11-20,2023-12-14,short_spread,stop,17,2.1105424334228586,4.061110912414975,-1.420917079132032,-326,-263,100131.80269957741,-10658.723132769908,156.24935207447243,-10814.97248484438
12,AAL/ELV,2023-09-27,2023-12-13,long_spread,target,54,-2.053299340980696,-0.47885531254655866,-1.0462221845056408,3836,120,100009.97001074161,8484.438757388001,106.82109255742182,8377.617664830579
12,AAL/INTC,2023-07-11,2023-07-31,short_spread,target,14,2.15921202535176,0.46212604340460195,0.5132110803587587,-3545,1054,99980.06766190715,10528.9801175441,128.33410813327492,10400.646009410826
12,AAL/INTC,2023-09-14,2023-12-08,long_spread,time,60,-2.271941072328727,-1.8863762251145295,0.5132110803587587,4917,-888,99980.84303020049,-652.2237841769638,163.00573311744608,-815.2295172944099
12,AAL/INTC,2023-12-11,2024-01-05,long_spread,end_of_window,18,-2.0499968194110636,-2.5741838361932534,0.4424374928408051,5038,-720,99987.3955000681,-3456.18494045313,134.9095293216131,-3591.094469774743
12,EMN/HII,2023-09-25,2023-11-03,long_spread,target,29,-2.163597266736591,-0.38320037733324447,-1.1796212312291745,687,287,99958.1991884142,9813.583470062045,171.00293966103692,9642.580530401008
12,EMN/HII,2023-12-14,2024-01-05,short_spread,end_of_window,15,2.2295489327584574,2.3278879534309898,-1.1094519830725402,-607,-216,100012.20800547258,168.36934427872825,133.0008654607519,35.36847881797635
12,C/PGR,2023-11-27,2024-01-04,short_spread,stop,26,2.08318956233536,4.0320682374946335,-0.7780393602170046,-1354,-292,100027.24560709315,-11427.685066133101,138.97640087465783,-11566.661467007758
12,UAL/VZ,2023-07-11,2023-09-14,short_spread,target,46,2.2182306702172707,0.48261891171055415,0.06797734875910359,-1666,222,100004.60581729672,16355.757374963194,180.6114584072971,16175.145916555897
12,UAL/VZ,2023-10-23,2023-12-15,long_spread,target,38,-2.150048714617894,-0.17309923250389045,-0.16368163717183476,2455,535,99990.69451410821,23604.20195249566,145.51758737404882,23458.68436512161
12,LUV/PGR,2023-09-27,2023-12-04,long_spread,target,47,-2.136161542521388,-0.19247110147729615,-0.9913047803661793,2014,388,99991.47996928313,7846.015598883035,107.54585115110837,7738.469747731926
12,ALL/CBOE,2023-10-16,2023-11-06,short_spread,stop,15,2.2213871280795017,4.01149708917442,-0.4525494343068341,-605,-199,100083.92421418225,-8023.289117926466,131.4690683925581,-8154.758186319024
12,ALL/CBOE,2023-11-08,2023-11-13,short_spread,stop,3,3.90044750397457,4.069829591836414,-0.4525494343068341,-565,-183,99978.0254116943,-749.7660256481602,102.90640290777262,-852.6724285559328
12,HII/INTC,2023-07-27,2023-09-07,short_spread,target,29,2.0628472311086545,0.43293434902563266,-0.2573012791722715,-364,-600,99990.76491780992,6557.213863824223,176.27936909458816,6380.934494729635
12,HII/INTC,2023-11-03,2023-12-12,short_spread,stop,26,2.356271497335275,4.434464863760428,-0.2763807681206302,-354,-579,99938.68474580879,-9158.456089300264,206.0797235671572,-9364.535812867422
12,C/NOC,2023-08-11,2023-11-06,long_spread,time,60,-2.1313191579713306,-0.8190165021919827,-1.0083004669537134,1239,123,99903.52284077919,3907.031087434595,88.69498102005781,3818.3361064145374
12,HLT/ICE,2023-11-06,2024-01-05,short_spread,end_of_window,42,2.1895472014261186,3.3608059044298395,0.47832927908943595,-433,310,100061.0457637823,-4487.002135346553,150.4594963493988,-4637.461631695952
12,INTC/PGR,2023-09-08,2023-11-17,short_spread,stop,50,2.4551344570532643,4.40704373471079,-1.4858190306540988,-1073,-476,99995.82597131081,-15035.095580108009,197.91169359539157,-15233.0072737034
13,AAL/ED,2024-05-30,2024-07-09,long_spread,end_of_window,27,-2.038309216134608,-2.3703318370984285,0.5202525861032044,5593,-399,99960.6313907422,-3063.325198002919,153.48768522047328,-3216.8128832233924
13,DAL/UNH,2024-03-28,2024-06-25,short_spread,time,60,2.173067493218768,2.263770225033894,-0.6932345885655109,-1284,-87,99790.33024634338,-2739.2622665618283,205.74649104401277,-2945.008757605841
13,DAL/UNH,2024-06-26,2024-07-09,short_spread,end_of_window,9,2.110646231617325,1.8746057671158052,-0.6563828958423221,-1294,-86,99964.6060221668,651.4017222400416,101.1287330424438,550.2729891975978
13,AAL/PGR,2024-01-26,2024-04-10,short_spread,target,51,2.12089568754491,0.345156810639535,-0.594094750634446,-4034,-227,99917.3043461621,818.3103647402727,223.70221200007788,594.6081527401948
13,DAL/NOC,2024-03-21,2024-06-17,short_spread,time,60,2.2278568865974697,1.7709872765592813,-0.7220586696461829,-1313,-93,100174.87678645976,105.3961586157518,205.49780195390383,-100.10164333815203
13,DAL/NOC,2024-06-18,2024-07-09,short_spread,end_of_window,14,2.033230051114029,1.4495722741476456,-0.8801588321288092,-1101,-113,100009.40124395344,3599.124945430487,109.54133711777312,3489.5836083127137
13,UAL/UNH,2024-05-13,2024-07-09,short_spread,end_of_window,39,2.08717969663937,0.6596624684623104,-1.2879877448658548,-821,-116,99892.43607012535,6909.688446681748,154.44699510524157,6755.241451576507
13,EMN/HII,2024-02-16,2024-05-14,short_spread,time,60,2.0741619848333883,1.9336530231089333,-0.799061973907354,-732,-165,99971.63508327612,-6554.411884191172,255.46907126056743,-6809.880955451739
13,EMN/HII,2024-06-10,2024-07-09,short_spread,end_of_window,20,2.1924277402882706,1.3926863159151386,0.14240597849585632,-947,52,99867.81021124654,5827.416991617885,165.91870554715132,5661.498286070734
13,UAL/VZ,2024-05-14,2024-07-09,short_spread,end_of_window,38,2.0131116705830023,0.9076141017435496,-0.22248627749318184,-1493,-520,100031.60691530429,11028.178566763025,184.27386868662666,10843.904698076398
13,H/USB,2024-01-09,2024-03-22,short_spread,stop,51,2.3480659999608418,4.017439426137203,-0.3572226841497084,-582,-676,99964.84718681993,-18650.19610461006,257.3755788153708,-18907.57168342543
13,H/USB,2024-03-25,2024-03-28,short_spread,stop,3,3.947515600351782,4.090157704204936,-0.3572226841497084,-466,-670,100022.44782005103,-1478.271614858017,101.13921869460597,-1579.410833552623
13,H/USB,2024-04-02,2024-06-27,short_spread,time,60,3.9508996574776374,1.9823201564971842,-0.3572226841497084,-475,-663,100029.33686864845,6243.349414518182,211.8000249665086,6031.549389551674
13,H/USB,2024-07-01,2024-07-09,short_spread,end_of_window,6,2.110873981428161,1.993571740852478,-0.21632479461891257,-543,-486,99972.97746179723,2147.686499577984,123.73365910031242,2023.9528404776713
13,ELV/KBH,2024-01-31,2024-04-26,short_spread,time,60,2.181579678567177,2.854094096289218,-0.09145333766818782,-194,-145,99909.01200660641,-8738.134568029887,200.11800453186032,-8938.252572561747
13,ELV/KBH,2024-04-29,2024-07-09,short_spread,end_of_window,49,2.767820216046921,2.5220234679746363,-0.013552021445177989,-191,-21,99881.75099449288,1515.135859300005,172.4122911161266,1342.7235681838783
13,H/LUV,2024-02-09,2024-05-07,short_spread,time,60,2.0375409962455486,1.6740719206429515,-0.38950482639179695,-558,-920,99954.42626892368,-7185.697929060995,251.47888841947162,-7437.1768174804665
14,CZR/TMUS,2024-10-07,2024-12-19,short_spread,target,52,2.0762938966303404,-0.01373668011234382,-0.6809679088469016,-1341,-202,99997.35231952029,10998.703422526256,200.25488062129278,10798.448541904963
14,EXC/WM,2024-09-16,2024-12-10,short_spread,time,60,2.1462480096542302,0.8694252092326235,-0.25948590532028387,-2114,-102,100032.3332843737,3865.312081522252,202.19211551203134,3663.1199660102207
14,EXC/HII,2024-09-16,2024-11-01,short_spread,target,34,2.21531940691747,-0.15639400680756615,-0.3422546435226727,-1983,-100,99863.25826792333,9785.140492384202,164.89599150258357,9620.244500881618
14,EXC/GD,2024-09-11,2024-12-05,short_spread,time,60,2.1018416852307182,0.7924621151414176,-0.3086832926158574,-2114,-81,99900.85069782869,2859.6747015740707,207.55507159099506,2652.119629983076
14,EXC/WFC,2024-09-17,2024-12-11,short_spread,time,60,2.051764506356832,1.4052375948693905,-0.21693837492341256,-2190,-345,99983.72395252532,-865.3908965408425,210.0494642895825,-1075.440360830425
14,EXC/RSG,2024-09-11,2024-12-05,short_spread,time,60,2.0085880341185924,1.0936809531206015,-0.2281617811592556,-2252,-93,100026.22846259075,183.77586156259966,210.34374617441787,-26.567884611818215
14,NEM/TXN,2024-09-16,2024-10-25,short_spread,target,29,2.0223534711565385,0.15530763654177923,0.3413558436803004,-1434,135,99954.96641916799,9171.931654764363,149.05075716080347,9022.88089760356
14,NEM/RIO,2024-08-20,2024-11-07,short_spread,target,56,2.0968809407522704,0.4059856081066519,0.009834217760099052,-1987,17,99953.95975723126,12277.285559616685,239.2885524681093,12037.997007148575
14,NEM/SO,2024-08-20,2024-10-25,short_spread,target,47,2.0182038989114877,-0.06723995951210382,0.035915601994063524,-1937,43,100016.19376046796,6927.886469590945,227.66790026614615,6700.218569324799
14,DD/FCX,2024-08-30,2024-11-25,short_spread,time,60,2.057531447621057,1.8040430966774048,0.6255694235683371,-610,899,99946.73854833237,-329.374443226378,176.66060327407675,-506.03504650045477
14,DD/FCX,2024-12-09,2025-01-07,short_spread,end_of_window,20,2.162842705018653,1.313778083889213,0.5856867559102207,-619,863,99975.73499417648,2419.8057045952073,110.15610570293913,2309.6495988922684
14,GOLD/PEP,2024-07-12,2024-08-05,short_spread,target,16,2.1054386681996995,0.32081262972296476,2.0968654028405473,-954,447,100005.70530699495,8725.95050235888,146.2191873288237,8579.731315030058
14,GOLD/PEP,2024-09-06,2024-11-08,short_spread,target,45,2.2629325270246503,0.43960968467955125,2.0968654028405473,-783,412,99934.91418084012,3376.4789047808677,186.36066371950164,3190.118241061366
14,UNH/V,2024-07-17,2024-09-04,short_spread,stop,34,2.177472527367461,4.0490920461396325,-0.030608159442076108,-184,-11,99744.20624341082,-8158.056953727133,133.09053111553857,-8291.147484842671
14,UNH/V,2024-09-06,2024-09-11,short_spread,stop,3,3.9356060295302484,4.077242513702428,-0.030608159442076108,-171,-11,99811.00428971137,1014.7381126706,62.41061351224462,952.3274991583554
14,UNH/V,2024-09-12,2024-12-06,short_spread,time,60,3.7418861442983693,1.513110334936853,-0.030608159442076108,-174,-11,100363.44913589316,444.15061323449015,180.51363473903075,263.6369784954594
14,UNH/XEL,2024-07-17,2024-09-05,short_spread,stop,35,2.309255624405743,4.082284979375355,0.08541164945062311,-175,156,99988.96576630905,-6975.189442319758,130.23185398460018,-7105.421296304358
14,UNH/XEL,2024-09-06,2024-12-02,short_spread,time,60,3.7622951037538006,2.514012388331977,0.08541164945062311,-163,133,100126.98060265671,-1949.3193971137757,171.0240676978039,-2120.3434648115795
14,UNH/XEL,2024-12-03,2024-12-13,short_spread,target,8,2.5043851537753365,0.17369016258152442,0.111384571241699,-155,149,100268.65408106791,13317.230152852424,77.4487241122426,13239.781428740182
14,DAL/XEL,2024-09-16,2024-11-07,short_spread,stop,38,2.038577605416991,4.373402265009313,-1.1384745861977248,-1062,-882,100022.95877580263,-19125.610572216272,181.92034843866935,-19307.530920654943
14,DAL/XEL,2024-12-19,2024-12-20,short_spread,stop,1,3.924902617445806,4.145338631351297,-0.889712772103661,-904,-759,99997.68298051757,-430.4571442667785,91.7043336790747,-522.1614779458532
14,DAL/XEL,2025-01-03,2025-01-07,short_spread,stop,2,3.997331159546824,4.00074243257376,-0.889712772103661,-915,-747,100018.04545905278,-131.32041412933583,92.88738834105973,-224.20780247039556
14,AAL/UNH,2024-07-11,2024-09-27,long_spread,target,55,-2.1664440830211027,-0.3802170440729459,-0.9219383314071511,4872,101,99788.18526392916,13424.847780711512,109.10472885385518,13315.743051857657
14,AAL/UNH,2024-11-07,2024-12-06,short_spread,stop,20,2.570250534326485,4.159426746374195,-1.4574977760143748,-2919,-104,100052.30362069089,-8776.892967533095,150.46666626946836,-8927.359633802564
14,AAL/UNH,2024-12-09,2025-01-07,short_spread,end_of_window,20,3.4707819532986246,2.780597542123738,-1.4574977760143748,-2323,-112,99867.21812392959,3651.4743247199967,130.34187763839478,3521.132447081602
15,CZR/KGC,2025-03-07,2025-04-07,long_spread,stop,21,-2.1359656363879003,-4.243575127270416,-0.320207496059409,2637,2180,99988.33993967646,-16655.165474522808,186.7076496016278,-16841.873124124435
15,CZR/KGC,2025-04-08,2025-04-09,long_spread,stop,1,-3.9378195238929994,-4.048966656817283,-0.320207496059409,3060,1961,99984.98879134898,-4308.974700951272,210.56942775083266,-4519.544128702105
15,CZR/KGC,2025-04-10,2025-05-13,long_spread,target,22,-2.110233468156874,-0.3051614941823432,-0.320207496059409,2853,1861,99983.73731829697,11092.036448220677,230.06967676044627,10861.966771460231
15,CZR/TMUS,2025-03-13,2025-06-09,long_spread,time,60,-2.095904560684196,-2.273402360360424,-0.5178307639163489,2420,137,100069.57441170819,-4222.0708303272395,147.86726648938196,-4369.9380968166215
15,CZR/TMUS,2025-06-10,2025-07-11,long_spread,end_of_window,22,-2.0989330110682616,-1.2890926777298406,-0.5802740095329764,2345,159,100041.90106032795,5718.541782155581,150.04392391176214,5568.497858243819
15,CZR/HLT,2025-03-07,2025-03-31,long_spread,stop,16,-2.4432304483161658,-4.128982305846235,-0.4665170957136973,2374,128,100095.9158705533,-11970.44811254679,150.42521781703604,-12120.873330363826
15,CZR/HLT,2025-04-03,2025-04-04,long_spread,stop,1,-3.7823094410988265,-5.07307820931256,-0.4665170957136973,2795,145,99977.22421686906,-5888.13907856073,173.47311513419737,-6061.612193694928
15,CZR/HLT,2025-04-10,2025-07-09,long_spread,time,60,-3.5633758184810937,-0.9021443193434507,-0.4665170957136973,2569,149,99935.0123756605,18199.066815454295,197.65277185831394,18001.41404359598
15,CZR/JNJ,2025-02-24,2025-03-11,long_spread,stop,11,-2.1145928592501178,-4.379034657151789,1.089036936369037,1336,-333,100027.69139151943,-12818.205776162768,112.6155660970383,-12930.821342259806
15,CZR/JNJ,2025-03-17,2025-03-19,long_spread,stop,2,-3.9072736745172816,-4.121460420996311,1.089036936369037,1700,-333,99922.4202793949,-1511.5379608510543,109.07715626176326,-1620.6151171128176
15,CZR/JNJ,2025-03-20,2025-03-24,long_spread,stop,2,-3.6348373587816205,-4.14573324337952,1.089036936369037,1664,-332,99947.76791286404,-1479.7468697062209,109.5420934663774,-1589.2889631725982
15,CZR/JNJ,2025-03-25,2025-03-28,long_spread,stop,3,-3.9154862504150043,-4.218920479066773,1.089036936369037,1696,-331,99977.98504982184,-2244.066519861187,110.19335503971394,-2354.2598749009007
15,CZR/JNJ,2025-04-10,2025-07-09,long_spread,time,60,-3.4144700462000013,-1.9074076641958093,1.089036936369037,1803,-360,99968.31901582866,4068.6591143165288,206.14669333993018,3862.5124209765986
15,EXC/HII,2025-02-21,2025-04-01,short_spread,stop,27,2.0558418942209467,4.28138020013724,-0.19701210935241312,-2060,-96,100005.47422081075,-8414.719306085603,166.27080703814613,-8580.99011312375
15,EXC/HII,2025-04-07,2025-07-03,short_spread,time,60,3.5185300399735224,3.0624151413041516,-0.19701210935241312,-1960,-93,99963.39702188369,-3214.60271749128,226.9917517195761,-3441.594469210856
15,EXC/HII,2025-07-07,2025-07-11,short_spread,end_of_window,5,3.18476262933707,3.4548088423254155,-0.2880984646356769,-1881,-90,99997.9472781296,-993.4165676955879,98.67044890051517,-1092.087016596103
15,NEM/TXN,2025-04-11,2025-04-14,short_spread,stop,1,2.9701563767397343,4.187601241110016,0.8108663435118235,-1044,324,100013.37659996912,2332.400084676071,111.22282475254488,2221.177259923526
15,NEM/TXN,2025-04-15,2025-04-17,short_spread,stop,2,3.975375066742735,4.417684375322795,0.8108663435118235,-1021,308,99952.49052188099,-1803.7894631843983,109.16918499983939,-1912.9586481842377
15,NEM/TXN,2025-04-24,2025-07-11,short_spread,end_of_window,54,3.6159379229210895,1.8266788093425261,0.8108663435118235,-1026,283,99905.39635076394,10169.286455413245,161.7406517250828,10007.545803688163
15,NEM/RIO,2025-04-11,2025-07-10,short_spread,time,60,2.0719837870988136,2.897992611082432,0.5868895539389642,-1191,713,99996.94793628114,-3549.2777879559135,192.53353009935805,-3741.8113180552714
15,EMN/HUM,2025-01-10,2025-02-03,long_spread,target,15,-2.4988272935789313,0.050295497519542695,-0.46837441287905573,847,122,100070.81322417072,10983.546887708308,138.12927144014697,10845.417616268162
15,EMN/HUM,2025-03-13,2025-04-07,long_spread,stop,17,-2.306425113982048,-5.136289697342962,-0.46837441287905573,799,131,99891.74701953746,-13531.721580336747,134.73215790915765,-13666.453738245906
15,EMN/HUM,2025-04-10,2025-05-08,long_spread,stop,19,-3.101634762951525,-4.041138141608954,-0.46837441287905573,926,113,99874.33976051606,-6023.372133076548,185.3909963185581,-6208.763129395106
15,EMN/HUM,2025-05-09,2025-06-06,long_spread,stop,19,-3.649963459097858,-4.100950448528463,-0.4103097014538961,978,117,100019.95693750383,-1340.9404898207488,148.802131603728,-1489.7426214244767
15,EMN/HUM,2025-06-09,2025-06-16,long_spread,stop,5,-3.930810162861124,-4.139947046583687,-0.4103097014538961,952,128,100057.51996383694,-920.175028673508,125.31625136163754,-1045.4912800351456
15,EMN/HUM,2025-06-17,2025-06-18,long_spread,stop,1,-3.986834449952066,-4.178111634882299,-0.4103097014538961,986,126,99951.1476477625,-404.25530637358804,117.3187308231106,-521.5740371966987
15,EMN/HUM,2025-06-30,2025-07-01,long_spread,stop,1,-3.961895751092764,-4.180466897515046,-0.4103097014538961,997,122,99897.67747908412,-828.8297560884499,106.99664736813213,-935.826403456582
15,EMN/HUM,2025-07-02,2025-07-11,long_spread,end_of_window,7,-3.3730722699712286,-3.524947301760828,-0.4103097014538961,953,119,100028.125473419,-1024.3698887021965,116.94195317723806,-1141.3118418794345
15,AAL/UNH,2025-01-10,2025-02-24,short_spread,target,29,2.155744219929944,0.15537450581964982,-1.0094352106205562,-2776,-100,100175.41963392602,12817.240480535469,141.90503020794142,12675.335450327528
15,AAL/UNH,2025-03-13,2025-05-16,long_spread,stop,45,-2.095958609511714,-4.4145728550723415,-1.0094352106205562,4528,109,99991.60504334925,-17437.632945199704,107.15479237334543,-17544.78773757305
15,AAL/UNH,2025-05-20,2025-05-22,long_spread,stop,2,-3.569020788103351,-4.15824963315207,-0.8455444788375992,4580,149,100139.99915327042,-6573.131369472345,108.7627076074987,-6681.894077079844
15,AAL/UNH,2025-06-09,2025-06-12,long_spread,stop,3,-3.8430630626967255,-4.126793162638637,-0.8455444788375992,4557,156,99919.46204205681,-3648.97749647728,109.26338958457185,-3758.240886061852
15,AAL/UNH,2025-06-25,2025-06-26,long_spread,stop,1,-3.9939059345074934,-4.243321248351761,-0.8455444788375992,4741,156,100151.37888847571,-1648.2015910318908,110.29409411298153,-1758.4956851448724
15,AAL/UNH,2025-06-30,2025-07-11,long_spread,end_of_window,9,-3.9829528994523358,-3.5443762419797853,-0.8455444788375992,4795,153,99945.57546532786,3685.7265413936366,119.85919035110109,3565.8673510425356
15,TXN/VZ,2025-04-04,2025-05-13,long_spread,target,26,-2.9321475150801595,-0.33274274839875473,0.6831432824570863,388,-1000,100027.10494484582,11297.55460959971,110.34079754565721,11187.213812054053
15,NOC/PLD,2025-04-04,2025-04-23,short_spread,target,12,2.109361810833774,0.24833503334021903,0.0871714254598551,-184,84,100170.1625386709,8637.163536726946,124.17019162617595,8512.993345100771
15,BHP/PGR,2025-01-10,2025-04-07,long_spread,stop,59,-2.1379021061843684,-4.365681354758488,-0.04610875670733446,2072,20,100028.8409105943,-12239.696498258349,139.6716146275231,-12379.368112885872
15,BHP/PGR,2025-04-10,2025-05-14,long_spread,target,23,-3.3731100657997897,-0.29154138158703563,-0.04610875670733446,2268,17,99898.43741792753,15074.608654989035,192.8962010397999,14881.712453949236
15,DAL/HUM,2025-01-14,2025-02-24,short_spread,target,27,2.0936183680758353,0.45366532301040147,-0.6858466367526694,-910,-147,100128.25337277338,8279.243812923622,152.02599877145528,8127.217814152166
15,DAL/HUM,2025-03-12,2025-04-07,long_spread,stop,18,-2.2349016902792225,-4.410612763203583,-0.6858466367526694,1286,166,99990.376864755,-14570.82742599848,106.05087348264226,-14676.87829948112
15,DAL/HUM,2025-04-11,2025-07-10,long_spread,time,60,-2.3806232894533084,-1.3766201887608478,-0.6740770401166167,1549,141,99911.8869746098,18500.338322311094,141.04812172149778,18359.290200589596
16,MGM/UPS,2025-07-15,2025-08-28,short_spread,stop,32,2.3549979971932298,4.091533297908492,0.7562887586468865,-1492,466,99965.76955974667,-7193.558317369777,149.00485269741083,-7342.5631700671875
16,MGM/UPS,2025-09-04,2025-10-13,short_spread,target,27,3.81614868703523,-0.22083066378089963,0.7562887586468865,-1491,536,100029.91606787687,8484.034951410242,128.78460545354474,8355.250345956698
16,GDX/UPS,2025-09-22,2025-11-13,short_spread,stop,38,2.2440786445384697,4.065144317668022,-1.2116978205363038,-617,-697,99996.3773725254,-11548.473902667725,157.80377304977873,-11706.277675717503
16,GDX/UPS,2025-11-14,2025-11-28,short_spread,stop,9,3.763726795319034,4.508867118972077,-1.4753127403229231,-553,-664,100008.71875913559,-5709.960829429812,104.31254514532861,-5814.273374575141
16,KGC/UPS,2025-10-29,2025-12-11,short_spread,stop,30,2.3913279581478406,4.144173961707845,-2.5143913675582543,-1214,-787,100012.43332780863,-8238.644915491426,168.28077047838002,-8406.925685969807
16,DAL/PYPL,2025-08-13,2025-11-06,short_spread,time,60,2.445508485734895,1.8403852292869622,1.1605841314468808,-804,796,100014.42019215677,-224.73810325309904,154.25412285348958,-378.99222610658865
16,DAL/PYPL,2025-11-07,2025-12-04,short_spread,stop,18,2.006949339166579,4.166884328836316,1.1713186896944892,-816,833,99995.67334783523,-12699.340293322786,120.18849921322774,-12819.528792536013
16,DAL/PYPL,2025-12-08,2025-12-09,short_spread,stop,1,3.941342755433096,4.151761655181862,1.1713186896944892,-686,872,100025.11217436596,-787.6034262828025,90.81774692098341,-878.4211732037859
16,RIO/TRV,2025-10-07,2025-12-04,short_spread,stop,41,2.1305777021908785,4.338088647264099,0.06678844974702837,-1472,22,99867.21354934572,-9292.771250959493,183.42575661166748,-9476.19700757116
16,RIO/TRV,2025-12-09,2025-12-10,short_spread,stop,1,3.994486841006424,4.377700222997458,0.017961009401692204,-1421,6,99863.10127162741,-3349.6997983080887,102.47139351748515,-3452.1711918255737
16,STLD/UPS,2025-10-22,2025-12-23,short_spread,stop,43,2.0843651090534494,4.028251321872934,-0.1568101258662163,-570,-165,100014.74200320411,-15265.059444388566,211.82068187550578,-15476.880126264072
16,STLD/UPS,2025-12-30,2026-01-05,short_spread,stop,3,3.8035139752030465,4.0911516283088085,-0.1568101258662163,-502,-142,99936.80090228679,-1793.250849142999,106.47287456341243,-1899.7237237064114
16,STLD/UPS,2026-01-06,2026-01-09,short_spread,end_of_window,4,3.809001577337269,3.7352584756244864,-0.1568101258662163,-504,-139,99981.53660843773,785.5688731472012,111.84201928797411,673.726853859227
16,RIO/WM,2025-10-01,2025-12-04,short_spread,stop,45,2.006416172685482,4.4085726829118626,0.10522423828575879,-1426,44,99994.65977962669,-9556.21354237921,187.8489066432856,-9744.062449022495
16,C/CZR,2025-09-30,2025-10-13,short_spread,target,9,2.118347576646053,-0.35281847557008555,-0.8338267806656251,-540,-1637,99980.11256809672,13100.050911551702,107.47912130004599,12992.571790251655
16,C/CZR,2025-12-26,2026-01-09,short_spread,end_of_window,10,2.0080351136889605,2.0266366920048604,-0.922881142489497,-434,-1968,100010.13827498029,-331.2263643019387,126.28744013823248,-457.51380444017116
16,HUM/JPM,2025-07-31,2025-09-05,short_spread,stop,25,2.0196745849446325,4.060271690003717,-1.03417748020303,-192,-173,100014.29784190179,-10480.761760228905,128.1628871099732,-10608.924647338878
16,HUM/JPM,2025-09-08,2025-11-14,short_spread,target,49,3.571008816489446,0.36548664078590043,-1.03417748020303,-161,-176,100110.57693873449,9262.236478402945,154.89726103777554,9107.33921736517
16,HUM/JPM,2026-01-06,2026-01-09,short_spread,end_of_window,4,2.2917338635391515,2.2487973558250647,-0.8643342747717297,-197,-141,100196.41235388452,87.92419470483014,86.38654088197711,1.5376538228530308
16,RIO/RSG,2025-10-01,2025-12-04,short_spread,stop,45,2.0193540811717705,4.446865953645634,0.04679627768230173,-1506,20,100056.00942929616,-10105.718542725714,196.78894733179322,-10302.507490057507
16,AAL/NEM,2025-08-25,2025-11-18,short_spread,time,60,2.2638926131139754,1.0581273602411747,-0.5618899389459462,-4825,-514,100017.12532634812,-3282.497719347041,256.13963821636105,-3538.637357563402
16,AAL/NEM,2025-12-01,2026-01-09,short_spread,end_of_window,28,2.0360183447036087,3.2813210308472525,-0.2816889523162605,-5666,-240,99959.22550048573,-16629.967938997914,198.0111431608687,-16827.97908215878
16,INTC/NEM,2025-08-14,2025-09-19,short_spread,stop,25,2.003141409024541,4.553393787960148,-1.3314763035320991,-1950,-842,99998.4319715298,-25042.36845438947,157.06308763562373,-25199.431542025093
16,INTC/NEM,2025-10-13,2026-01-08,short_spread,time,60,2.668044307969626,3.901829416001776,-0.6389079118564321,-1674,-447,99948.90103323865,-18563.948390218506,217.65514446700791,-18781.603534685513
16,FCX/LMT,2025-12-29,2026-01-09,short_spread,end_of_window,9,2.0071102102387206,2.1227459576812207,0.4320730645341725,-1364,63,99782.05701608675,-3061.034678424521,98.16503128654422,-3159.199709711065
16,MGM/T,2025-08-28,2025-10-03,short_spread,target,25,2.350198847361697,0.45308185187183414,-0.3845079401393014,-1807,-1002,99994.40339303188,11057.179040745048,164.15097467343958,10893.028066071609
17,CZR/UPS,2026-01-13,2026-02-04,long_spread,stop,15,-2.186743370861014,-4.114216375031611,1.211196101027447,1833,-536,100018.70937348399,-9283.886340533258,135.51134348882252,-9419.39768402208
17,CZR/UPS,2026-02-05,2026-02-06,long_spread,stop,1,-3.9952783057480294,-4.657532802001409,1.211196101027447,2099,-495,100050.91972601044,-2660.565230422418,141.77991159654363,-2802.3451420189617
17,CZR/UPS,2026-02-27,2026-03-12,long_spread,target,9,-3.0850236305251753,-0.12766811784122484,1.211196101027447,1856,-488,100007.74609375,16047.380207030641,173.75755809515638,15873.622648935485
17,BHP/T,2026-01-13,2026-01-28,short_spread,stop,10,2.7013332251186517,4.374136383488318,-0.11518059063324276,-1450,-446,100008.56256432732,-8134.7472146094815,147.6247883635148,-8282.372002972996
17,BHP/T,2026-03-23,2026-03-24,short_spread,stop,1,3.8776049429354584,4.55900873743514,-0.11518059063324276,-1357,-374,100009.96525945865,-17.278858859797765,136.4338263681703,-153.71268522796805
17,BHP/T,2026-04-15,2026-05-14,short_spread,stop,21,2.9742076258609713,4.089366535236032,0.09933016435842133,-1165,357,100028.14114694296,-11947.931556570806,184.33748037738354,-12132.26903694819
17,BHP/T,2026-05-15,2026-06-02,short_spread,stop,11,3.9263645147835446,4.131156663477692,0.09933016435842133,-1101,368,99956.64273855234,-8150.257619063619,176.7657229425417,-8327.023342006161
17,BHP/T,2026-06-05,2026-06-15,short_spread,stop,6,3.975459968933273,4.128061639811756,0.09933016435842133,-1075,400,99987.9342193301,-6650.135060393941,165.4153284745891,-6815.55038886853
17,BHP/T,2026-06-22,2026-07-14,short_spread,end_of_window,16,3.920505280096338,3.612428577629944,0.09933016435842133,-1085,416,99978.3133924645,1178.8482424189715,169.27297332875156,1009.57526909022
17,HUM/ICE,2026-01-29,2026-02-12,long_spread,stop,10,-2.522884669453577,-4.704789257124964,-1.0761047347960933,248,302,100138.22233324213,-12146.435104680048,117.11129378514607,-12263.546398465194
17,HUM/ICE,2026-02-19,2026-02-24,long_spread,stop,3,-3.901819775750674,-4.270146792450318,-1.0761047347960933,258,339,99954.80873805282,-2039.7046749980977,117.53231534355697,-2157.2369903416547
17,HUM/ICE,2026-02-27,2026-03-11,long_spread,stop,8,-3.435729171895743,-4.278789099298686,-1.0761047347960933,261,323,100016.6796915255,-4060.656453951566,94.73101532221406,-4155.38746927378
17,HUM/ICE,2026-04-06,2026-05-11,long_spread,target,25,-3.8066908098959598,0.13158771633914174,-1.0761047347960933,271,319,100123.01439676517,22718.222545972032,106.51014875907364,22611.71239721296
17,LUV/LYB,2026-01-13,2026-01-30,short_spread,stop,12,3.024515172614613,4.226521534147055,-0.28168298722723234,-1826,-467,99974.03827201753,-10625.563634426457,158.5631223894765,-10784.126756815933
17,LUV/LYB,2026-02-02,2026-02-03,short_spread,stop,1,3.946481451269395,4.496778633047479,-0.28168298722723234,-1621,-466,99967.12490569397,-2707.024028976216,151.89557028254072,-2858.9195992587565
17,LUV/LYB,2026-03-09,2026-06-03,short_spread,time,60,3.4907718317183334,2.0503445458054452,-0.28168298722723234,-1943,-327,100014.92177455807,-1825.1784227412975,251.51300075731274,-2076.69142349861
17,LUV/LYB,2026-06-10,2026-07-14,short_spread,end_of_window,23,2.051016214360837,2.52598167974947,-0.34442932716231767,-1744,-404,99978.80566106571,-5991.656756536835,172.5842076220967,-6164.240964158932
17,CZR/JPM,2026-02-13,2026-02-27,long_spread,target,9,-2.2353133368476388,-0.11532529616178679,-0.9453116639887494,2749,164,99895.86692719966,15827.23136642034,186.19662079709306,15641.034745623247
17,CZR/JPM,2026-06-25,2026-07-14,short_spread,end_of_window,13,2.006742409692552,2.305573959561688,-0.9898626675118926,-1631,-149,99952.62862453514,176.66581974083556,98.51029883727507,78.15552090356049
17,INTC/PYPL,2026-04-15,2026-04-30,short_spread,stop,11,2.0849291375842123,4.423310739958873,-1.271242656057445,-690,-1160,99955.590695619,-23447.045292222363,116.28366139696685,-23563.32895361933
17,INTC/PYPL,2026-06-08,2026-06-12,short_spread,stop,4,3.3464758160554324,4.156786933793334,-1.271242656057445,-397,-1360,100042.33782958984,-2596.2238175785087,84.77949739504888,-2681.0033149735577
17,C/CZR,2026-01-13,2026-02-13,short_spread,target,22,2.0054496354434814,0.027991197655041218,-0.8388505607260417,-469,-1849,100004.10207824959,14447.255373761762,152.35547953791382,14294.899894223849
17,C/CZR,2026-03-12,2026-06-08,short_spread,time,60,2.531564641492125,3.30121228574131,-0.8388505607260417,-516,-1581,99974.71677984946,-14676.68379120406,253.69441044647778,-14930.378201650537
17,C/CZR,2026-06-09,2026-06-26,short_spread,stop,12,3.3644500250971463,4.121264135184777,-0.8893605647547732,-395,-1604,100010.50270080566,-5590.958643790768,109.15137117851663,-5700.110014969285
17,C/CZR,2026-06-29,2026-07-07,short_spread,stop,5,3.9335785803914978,4.019451855816726,-0.8893605647547732,-375,-1561,99988.81774316952,-808.9487886353709,86.3309733754886,-895.2797620108595
17,C/CZR,2026-07-08,2026-07-14,short_spread,end_of_window,5,3.918605270726429,3.4673724977448805,-0.8893605647547732,-380,-1550,100041.81756059238,3387.8917984158697,86.75633557611742,3301.135462839752
17,HUM/PGR,2026-01-28,2026-02-02,long_spread,stop,3,-3.4161231760179334,-4.0034076763826345,-0.914883344671415,254,232,99853.69244136267,-4275.053818318298,127.12537598393949,-4402.179194302237
17,HUM/PGR,2026-03-02,2026-03-03,long_spread,stop,1,-3.9997085301982436,-4.1691445197995165,-0.914883344671415,279,224,100021.67166110544,-1573.326826208567,90.79158987330278,-1664.1184160818698
17,HUM/PGR,2026-06-29,2026-07-14,short_spread,end_of_window,11,2.016147782698238,2.35046251499129,-0.3772102299595896,-190,-124,99892.45900583027,-5489.759133818165,112.11864278880736,-5601.877776606972
17,AMD/CSX,2026-01-23,2026-02-03,short_spread,target,7,2.2119011278674416,0.4908896850042322,2.911446733449118,-98,2032,100019.31001612742,3782.9625619007365,89.67650064588727,3693.2860612548493
17,AMD/CSX,2026-02-06,2026-04-15,long_spread,target,46,-2.1215361397983883,-0.3472219253710843,2.911446733449118,130,-1872,100052.48574568202,2824.5633436086,158.07107405214092,2666.492269556459
17,AMD/CSX,2026-05-11,2026-07-14,short_spread,end_of_window,44,2.5403710679122775,2.070870048348728,2.3478382104243654,-65,1578,100064.79744823625,2736.945784490801,117.20316117950173,2619.742623311299
17,HUM/T,2026-01-28,2026-03-13,long_spread,stop,31,-2.951528747921362,-4.3554094349494905,-0.5965111213321862,305,1634,99963.94459819073,-5992.856245188655,130.64596482845593,-6123.502210017111
17,HUM/T,2026-03-17,2026-03-20,long_spread,stop,3,-3.885402042660459,-4.101774279744012,-0.5965111213321862,368,1372,100039.2481999154,-2466.8740692290776,110.10568869815054,-2576.979757927228
17,HUM/T,2026-03-23,2026-04-29,long_spread,target,26,-3.7626376511449706,-0.3508484244017175,-0.5965111213321862,366,1353,99987.08913573936,13990.492427921448,115.60257405633226,13874.889853865116
17,HUM/T,2026-06-02,2026-07-14,short_spread,end_of_window,29,2.0903260081593786,3.036008437337522,-0.7351756951957213,-178,-1743,100120.53088085292,-9375.568360403795,161.74236821002233,-9537.310728613817
17,AEM/AEP,2026-01-13,2026-02-13,short_spread,target,22,2.0158808213952186,0.25217000142742,2.7122443793962754,-138,641,100055.27732170356,5824.442564845033,95.36650847843241,5729.076056366601
17,AEM/AEP,2026-04-29,2026-06-25,long_spread,stop,39,-2.3628651263916707,-4.253051932315267,2.7868104375781773,142,-553,100028.13529733432,-4783.4026974273165,133.87793530619282,-4917.280632733509
17,PHM/QCOM,2026-02-06,2026-04-16,short_spread,target,47,2.2158144860573454,0.44609625575092454,0.3964151399710048,-536,211,100112.2978494557,6257.829141248546,169.36469173524492,6088.464449513301
17,MGM/T,2026-04-28,2026-05-20,short_spread,target,16,2.0137075152669666,0.38863217903547514,-0.3380720154011921,-1845,-987,100005.44068760856,9553.204486462853,142.16702736206622,9411.037459100788
17,MGM/T,2026-05-28,2026-06-02,short_spread,stop,3,2.343296639024522,4.730002951276068,-0.3380720154011921,-1782,-1026,99989.85066200254,-14947.756717910785,172.8789068932852,-15120.63562480407
17,MGM/T,2026-06-04,2026-06-15,short_spread,stop,7,3.923796741939365,4.1074764678924724,-0.3380720154011921,-1534,-1072,99997.59942038971,-252.36487789429327,174.82878125784865,-427.1936591521419
17,MGM/T,2026-06-16,2026-06-29,short_spread,stop,8,3.960647606047932,4.003034851217414,-0.3380720154011921,-1514,-1098,99982.93581380944,1699.7779602050582,175.11666526263832,1524.6612949424198
17,MGM/T,2026-06-30,2026-07-14,short_spread,end_of_window,10,3.9571233854861227,3.095048824817173,-0.3380720154011921,-1517,-1178,99971.96517049042,4105.737139331975,158.54389994300186,3947.193239388974
17,PFE/V,2026-02-03,2026-04-30,short_spread,time,60,2.237943839452559,1.4272534127734544,-0.23496081718085327,-3302,-58,100083.44474629403,-3354.8805497743574,209.13420763507153,-3564.014757409429
17,LYB/XEL,2026-02-17,2026-03-13,short_spread,stop,18,2.1010877429562287,4.358053972730074,-1.497130707992808,-720,-748,99978.4549974991,-11266.715606365164,133.39148332244656,-11400.10708968761
17,LYB/XEL,2026-03-23,2026-03-25,short_spread,stop,2,3.6468714259353026,4.174381067635489,-1.497130707992808,-579,-783,100022.44193890883,-3392.6850712189703,94.17812703711459,-3486.863198256085
17,LYB/XEL,2026-04-15,2026-07-02,short_spread,target,54,2.4882274069450228,0.44494425497426915,-1.2570695134681487,-617,-712,99949.44407328995,11005.427886237854,187.04609089879733,10818.381795339057
18,CBOE/GIS,2026-08-25,2026-09-10,short_spread,target,11,2.0936319981718623,0.4648204247658944,-0.6906769853849705,-193,-1006,99953.99631064845,6520.628962931176,128.09142616722946,6392.537536763946
18,GOLD/PFE,2026-09-03,2026-09-10,long_spread,target,4,-2.0005697713421378,-0.3656844154462045,3.4793526508057835,528,-2670,99994.13976287842,6879.599384307858,147.88517501004446,6731.714209297813
18,MGM/TMUS,2026-07-17,2026-09-01,short_spread,target,32,2.180017054340468,0.39521460553263904,-0.5872956346154588,-1349,-189,100024.82256205626,10827.769926863388,156.68958240393414,10671.080344459453
18,GPN/NEM,2026-08-11,2026-09-15,short_spread,end_of_window,25,2.1121152671599983,2.6856261474480148,-0.352152962705834,-863,-222,99967.188315916,-4392.7351231098655,167.41175241089763,-4560.146875520763
18,CZR/JPM,2026-07-24,2026-09-15,short_spread,end_of_window,37,2.0017902223521378,1.9920891487874548,-0.9474978261860797,-1716,-139,100081.68216705322,206.17417907714213,146.032809476337,60.14136960080512
18,BAC/NVDA,2026-07-16,2026-09-15,short_spread,end_of_window,43,2.198275625491226,1.663290217184282,0.5422110771220047,-1052,167,99931.13824983567,2630.167200618134,117.89803092204768,2512.269169696086
18,DE/KHC,2026-07-16,2026-07-29,short_spread,stop,9,2.333504841175736,4.174292012392257,-1.0816597366786984,-82,-2053,99942.2697287917,-6858.507069965578,122.42074156373832,-6980.927811529316
18,DE/KHC,2026-07-30,2026-09-02,short_spread,stop,24,3.782556518220276,4.138113177436514,-1.0816597366786984,-80,-1955,100027.2363852489,-4440.1459647504325,146.50638703178222,-4586.652351782215
18,DE/KHC,2026-09-09,2026-09-15,short_spread,end_of_window,5,3.9360920643712127,3.9062493750834073,-1.0816597366786984,-71,-2096,100333.56243896484,-67.35504150390602,103.299987316427,-170.65502882033303
