net_pnl,sharpe,max_drawdown_pct
9124.802488521633,0.03063933224086908,-8.30509926227615
88077.1766854909,0.2573622610345674,-11.21756696838755
-155008.75131141272,-0.5080812733281121,-18.43888472300267
-70598.69411294772,-0.22596185705975505,-9.905348485876308
-56249.48679061693,-0.1789385426254488,-11.485461651671102
29104.281821411685,0.09076706331319657,-8.19943115336904
78507.62353617663,0.24016535642313555,-8.025311249651136
80687.09643229221,0.2863398214546259,-4.216949217387967
67491.58971341896,0.1850999984268023,-6.0135566680415415
174463.04775427733,0.4830019507468038,-8.001739915642103
39394.9416557574,0.10910788218920987,-9.533411159386663
52865.069786929496,0.1540188104149399,-11.218907871885687
-120950.61700993618,-0.3801920320007795,-18.496563948471966
-34664.57893956694,-0.1085509126470808,-10.284452260177368
-21502.655180830567,-0.07564337262304688,-12.980738436867611
-42595.633268440644,-0.11900548508115334,-11.456288083159915
-1913.9039849760832,-0.0054891482066358865,-16.830944712778873
-19051.29315775295,-0.06045163227622834,-11.114786512481945
-13124.704589372306,-0.03757145584474298,-8.475898524029535
84026.08973840848,0.25829730349300173,-6.440904301543093
54260.86979223441,0.17200041976239316,-5.448161281322372
112437.98797108936,0.3477630198795608,-6.503004071375784
-61513.60879924053,-0.18680564607467315,-11.60618854066816
-85280.94457477954,-0.23002072789330322,-10.849937755923577
38950.71942101618,0.09984755961782422,-12.559329918786787
74430.08068301016,0.2618714666021674,-4.970730736557439
-14566.097970882236,-0.043334036738310086,-10.302012227379919
-20860.645783414697,-0.06401343685161831,-8.735473978466214
52462.083512555226,0.15934917825802905,-7.82371803509323
62695.725149497586,0.20130409798728702,-6.968479019492479
67684.27483147425,0.17811702757010778,-9.646025373422795
-157093.29136411985,-0.4384792851389519,-17.78034228342471
126590.13690923987,0.3686466082801921,-7.680245809212883
-19616.5054275817,-0.052633392171606806,-11.03319731776411
73737.82296089087,0.23885356309427164,-5.917014733699655
87154.86268474368,0.24965681006911322,-8.965764206329496
31406.377942498868,0.0983844031039519,-9.12437450143151
11988.505927016256,0.03724099676777042,-8.580632685995038
22053.30510755088,0.07151393390666921,-7.593446247871882
97362.71306227033,0.28778378997071835,-7.821788452422651
-31358.739831661165,-0.09329583051001616,-12.742552328069422
-63695.489984790336,-0.20242365576231144,-12.155341221148952
-95688.6085094144,-0.3179663759504835,-13.380525599836835
-26781.586859911557,-0.0825180224053607,-12.378721003008664
34665.66568384299,0.11598073955033689,-9.202665512547881
-59415.96946167872,-0.16864950341386484,-14.287895262514072
89168.54557284461,0.27914475658132076,-7.918054170881817
41097.804819753495,0.1370560627509833,-9.40639276599715
38700.035707605384,0.10832346314156348,-9.931616120206765
-68316.41154332682,-0.22749213068386695,-12.253703596167787
-108958.67577847186,-0.3360965423115274,-15.789784664360763
841.3081209791299,0.0023369852334442155,-8.832250456123292
78508.8842932495,0.2705873697581913,-4.936079303233676
23769.297928013297,0.07229838074533948,-13.219173105583659
83446.01411581975,0.22557115858529314,-8.743271038992695
-40190.453950531686,-0.13685872780261304,-7.572912906317297
-94307.83521193998,-0.26332847447346325,-13.643352747878012
-22.66316574687778,-6.427865058881304e-05,-13.140798679556609
84551.27146884812,0.2422095471230518,-6.52107383145032
-33883.69391072716,-0.10964210926415222,-12.17221375421601
7979.444794061684,0.023322244392632314,-11.258050834225175
33151.742841118845,0.09368642017225999,-14.111640199088416
-41446.22241304534,-0.13410650431126778,-11.563564379552894
65693.05444644335,0.194027499975172,-9.799762710290615
122781.63294373709,0.39480008184312937,-4.82731095327491
4460.597869420589,0.013613970250731584,-9.0837028766095
118254.9254994948,0.36171870015187885,-6.988793388804626
83109.09698755169,0.2913326661072245,-4.725882159983142
-165793.87559092147,-0.6197502362151228,-13.389475371074056
202650.42952331982,0.6307801177280138,-5.912316400183926
-32541.92972011336,-0.0914312514999699,-10.94558506840425
74570.15037717205,0.24215827152716504,-7.451653236846056
13841.175474657412,0.04321346942158499,-9.941588408893454
-125005.08238733519,-0.3475318627708008,-15.63327062808404
72363.74973237424,0.23837381488507922,-8.92022319928445
-82168.71282417105,-0.24203429850636463,-15.395637398432394
52452.573019963864,0.1560428227913137,-13.339480218049026
93924.56983821861,0.2856625282460137,-5.082590385526808
76180.18269397612,0.235523567971997,-8.337277821212897
-60244.993512549045,-0.162092433229328,-12.584811147415975
-138769.86197641105,-0.44022592204245214,-16.165119422232465
53062.235296557206,0.16358736934636056,-8.05403223587522
102506.60853733069,0.31960631387392135,-8.795394399343836
31988.38047765833,0.09465389746261518,-10.885557950073089
45286.428824595394,0.13242659085646344,-8.755191449912815
106776.94532520413,0.2876751091402798,-8.417638408841588
5939.767036684708,0.01906104691767124,-7.976177698643239
-15740.004848151919,-0.050062005402250906,-11.57882731330291
13639.97437186609,0.0466543377288208,-8.784526660178704
-116828.8012142788,-0.3560223712061515,-15.779788132490912
62415.7263318733,0.17751993723844936,-9.849364322593413
-25744.62969176177,-0.08380439698818345,-10.658792803301154
85136.82757627498,0.23777743269891266,-6.1289203347858585
-9326.320314560277,-0.029046937257442063,-11.639367063976636
-19740.24623630674,-0.06304817054182635,-10.248485404651486
-45599.84259108793,-0.1594446340122571,-9.234213520946867
93264.63485475128,0.312240044728434,-5.774772585200294
10010.919526286292,0.02876720406160914,-12.180321187573174
-43780.07417749149,-0.1529636150141676,-11.764311637971236
58613.95301294071,0.19033945532499233,-6.736995179231009
123548.06508396212,0.42129570984262427,-5.165204462139994
7031.169877142032,0.021928768940455975,-9.242618047623752
27385.617575506338,0.07353280758068695,-9.867067450477652
60675.01742370581,0.17277699554050044,-12.478419385017537
184376.15369670215,0.5440448386247411,-8.307405410643675
155855.17491508112,0.48218767627206444,-5.841431261024566
144971.63391759136,0.45195345935467424,-7.564691510138754
107371.37347521193,0.31631277610546854,-6.754077533851987
-22895.289311049837,-0.07244107781848723,-7.624201287560495
182450.73252730354,0.6036389670499611,-3.453156047212247
-20344.441691767537,-0.05838174555159914,-13.481004902257299
115439.00255834027,0.3640940649244,-7.810084467006884
-103868.84578461826,-0.2800126000188022,-18.94360301324719
185821.52387154778,0.5839495807835775,-4.92081277412626
-56719.68478952009,-0.17320281976699922,-13.798828593209345
-173136.62525865875,-0.5313602501701966,-20.751046591155752
82400.94653459944,0.23617198356871494,-9.104243395298607
17256.88468822455,0.05061184215081981,-13.475283784256476
-845.1104342670255,-0.0028746388043813555,-9.33598835566487
-84381.93312142897,-0.26652016326662276,-12.285023971865694
193933.09563258893,0.5276292488565634,-7.646025711138882
-74052.11404041504,-0.21368393400260732,-13.260292353935455
-28657.28073054386,-0.0787863442979321,-9.537581447372567
32054.569831350058,0.10197378079360461,-6.281718359653688
32912.88047421124,0.0924957793807868,-12.168919299796388
-41981.99500053854,-0.12522943760359243,-12.499790570115488
-82277.41926623792,-0.2576896641297205,-14.86207085397966
-18009.36643926916,-0.05346000877299529,-11.653030273307685
-86142.38420860333,-0.2468616780292062,-13.830534093832947
26487.976885718992,0.08203449142611757,-11.077169286627974
-8563.724777497835,-0.025761732226938682,-12.010159450039115
89620.83931327726,0.2900062583994534,-5.875058163179814
56393.69044108726,0.15528201403235517,-11.553393101952347
55994.5896928065,0.16473257871191824,-13.62484068649269
-124829.15597007013,-0.3769583878158039,-14.783964937542738
-1853.509491658222,-0.00522216305014305,-10.515114357383858
-68294.3882334262,-0.2208029623939785,-11.929540417957318
-19864.302806672407,-0.05763065315227499,-12.463454524715022
170802.05394923428,0.49940127738766965,-7.08162015121423
-49359.56130403311,-0.15336412281058945,-10.183106142088416
-62573.57878457252,-0.19543171709913226,-14.81418908355141
64869.094463993526,0.2043871150346618,-5.437663263240589
43430.60083621307,0.13470876940053167,-10.271041656149393
22655.752547488515,0.07359103468972762,-7.601577774702761
43340.31879699844,0.12803600118957173,-10.384943172451667
30706.157879032922,0.08434261389410447,-6.785825178930249
37381.95295652664,0.11505006481915471,-9.062252019135219
-125321.04659845121,-0.3890250144220348,-16.09462605583003
94271.87530085458,0.32772650582162216,-7.391761396138241
85489.79345237128,0.2864036098898566,-5.287344709420417
-63712.786920300074,-0.1901976873884114,-12.132942046826523
-1504.6654372754056,-0.0045183438737744505,-8.078355541797267
-7137.584219060934,-0.0207123132991469,-8.54093643442596
154755.37838712716,0.47663128179036085,-7.1525384459263375
106691.71842636434,0.31834608991324986,-11.624889583936893
-13174.49091961281,-0.040392682954304905,-12.054502416904867
90130.75760554342,0.27705431077197434,-7.617711713302933
27725.326938846956,0.08322416926994394,-12.604021515358433
-154068.93551633178,-0.41762573907986095,-16.330820847687242
-113055.9910262851,-0.3982314546822134,-12.912417475776984
-12172.484587078743,-0.036868584949520875,-9.407064929024767
46975.98959849588,0.134983313849604,-13.270588231786828
-5014.036892537515,-0.017833159226474965,-8.414768011942641
-73699.1846737584,-0.20233953454323722,-15.438981004757013
-41719.514017245325,-0.11448272681502404,-14.40559729949431
-129604.95872350059,-0.3961994342561437,-17.899879546811547
7074.047548023821,0.0204716195676547,-10.636831476912679
-58248.16392290126,-0.1867523132638855,-10.554764676431382
-45530.78117549901,-0.1423239703938178,-10.70441483686423
135322.38183537294,0.4066099186004582,-6.15889610488739
-63319.362396469885,-0.18691663346728096,-10.074069322938872
-40543.71946346759,-0.13351400881605566,-15.700736433195384
33935.58801024571,0.10173483806141746,-8.871697889547214
-19935.962982120807,-0.06049477490689024,-12.724572628726271
-40443.05465515868,-0.12131599859495376,-11.335845647942932
89303.35895954721,0.26845042181903445,-8.605793953261621
-59846.74014032332,-0.1913002627410349,-12.623304613850351
-14544.706358288713,-0.04527508138261712,-9.30151330552601
5942.558599579653,0.020363142577226146,-10.51050451141532
34906.87098927451,0.09717234071217314,-10.48679415793119
123822.64275424386,0.4045302620095416,-5.489467089323819
12400.881654437615,0.041866034740116444,-9.188666987422389
90122.12776131571,0.2647490463033981,-10.19379699019195
169742.69301088701,0.5865478601322791,-5.0343974708783605
-165089.6811790308,-0.47888160321313944,-21.032087125800636
86470.33527921276,0.2659178401118964,-7.5805660285478975
-95018.12523294621,-0.29844552440312266,-13.070371959044081
30003.36467324081,0.08660846773461674,-6.7873686000537115
13607.605309887364,0.0424943947733236,-8.76480585129611
98109.26059877787,0.2998445438401958,-6.938204313492802
55629.954154380976,0.17914355122697356,-8.884172236360122
-118098.97100853942,-0.37020259922909465,-13.438927748068863
-11611.58473638836,-0.036626752059352105,-7.070080695528214
39127.942551649074,0.1238510554865821,-10.394684839731095
-25351.55979430546,-0.08342907159052414,-9.528915367608349
20870.67576784118,0.059838401847165955,-8.518017995466554
-17816.209269198407,-0.05939008008809186,-9.47203841480173
3416.3894124591598,0.010059551468541896,-10.568981823199842
-129302.7175153038,-0.39078226771059343,-17.116711605546286
-109507.17204539898,-0.3234894319952096,-15.978049237118997
-23882.163121728743,-0.07454809901608828,-8.482067459539955
-35327.286297872924,-0.0969477222216136,-14.180857270977555
-2303.8353900222455,-0.00705330665325003,-10.03128428011042
40002.59496929882,0.1156192075269765,-6.3457798771757945
-42273.97055325318,-0.14038009576168073,-9.516375055326565
-21022.20517770786,-0.06878380956217224,-8.900856268561409
-11323.403782335756,-0.03659223333994837,-8.63753165261658
-30684.99714679524,-0.09361491695031612,-15.367482540927224
-58987.86800035235,-0.19878430593322974,-12.063433583296668
10230.750032750071,0.02981708095016209,-7.669801634966033
-102694.03738238278,-0.33174380007913945,-12.646654156289527
-18099.35569510372,-0.06177304890487448,-8.625751813498194
11942.768846119125,0.03776480887206438,-8.30990591164925
-41667.68655393639,-0.13042644587622998,-9.587016300445717
-3431.263224268995,-0.0105843588975635,-9.304125845088551
-46438.97747972777,-0.14176135997551195,-10.254518364677478
42643.77496879001,0.13972447896360873,-9.497317867519117
-67391.405989749,-0.22265670313866376,-12.170647970262994
-41855.82846416618,-0.12353617699685512,-10.373728070186594
-112122.50412164119,-0.3194802156221059,-15.823747331217087
133765.00033837813,0.4076586898134285,-5.6488291575357845
-100423.6269993462,-0.30846642500057564,-13.21691245391663
69267.75312226689,0.21496754870595247,-8.100801605957342
90815.79323626716,0.27886466186249853,-9.37261895817768
4067.4552260532373,0.01165382073184937,-15.794903924229287
-52049.12510912521,-0.17465054301028252,-10.386056170093472
-33562.91894648076,-0.09173423443857125,-12.942875597210712
31208.67874772777,0.10079733521369616,-11.218330580863023
39193.061252516185,0.10718823939266146,-10.297257230873136
87692.13118939355,0.22282058011963518,-7.345045770445335
-114263.87532516762,-0.34382201883699,-15.234002563911908
175430.85298871723,0.48971298963737175,-8.898965561575945
-71716.13938428674,-0.2270722565420362,-13.147823036623073
24130.178539862838,0.07983165994981743,-7.196153536446115
57325.95759575479,0.1541276151555697,-7.563215116412114
-3069.259417479927,-0.009162654308180956,-12.50093323814644
-78524.2380914742,-0.24050973153320632,-12.42354556104005
78020.9032219535,0.24487709246476222,-8.577108413485723
34376.78159911522,0.09369553128027922,-9.859983163033803
-24917.866013007777,-0.07279208835917038,-12.93317142592516
8617.740290239311,0.024710263383952998,-9.638485101695737
-30806.155464362375,-0.09598108610799284,-13.704568123130734
-38218.36905598808,-0.11461812609812941,-11.806969872069606
-26675.99551128068,-0.07326551096270265,-14.675918367560502
-10855.154018741949,-0.03534875111912292,-9.52536439804188
-78340.93974742983,-0.21179464564818995,-15.466477789803857
122337.09946302103,0.4035434603924759,-6.10614482025359
142995.57521209112,0.41435195476519393,-7.376583582567875
35884.293039978904,0.09809713257315557,-7.681551693540822
20918.121663386184,0.07082075783406444,-7.830774909160376
-15207.505700959935,-0.040317062567388914,-12.265674613208988
96413.34416049457,0.3288218822956799,-4.788914602043127
43278.43526198105,0.12086150044631189,-8.302256907541683
-43622.14091849419,-0.12675831989586028,-8.778425759546638
19556.44261341272,0.06610541633559762,-6.8171844340386585
12113.89614993723,0.03452267633421815,-8.053752699849682
21538.30237023596,0.058736823810975544,-9.901774189143664
82856.99975318286,0.222121090293307,-8.748756493095755
18742.577423905008,0.053168903802856056,-10.689155860471967
79223.94689451208,0.23611844192038525,-7.677481499981642
133470.95264195467,0.3863285485936058,-8.062502416052297
19821.65717104455,0.06356063267830363,-10.020720974641984
150987.04431862413,0.5245954862321094,-7.1816571308525585
68040.56138567875,0.21140196813325507,-6.746934733723897
24155.06509926038,0.07131863224740802,-9.214055578783498
-42911.48866457216,-0.1290773255833462,-8.86449542164388
-29677.930823110924,-0.09611394246811898,-10.540702033946026
32550.467465603706,0.10625872277152097,-9.077962585126409
35609.16800632748,0.1094129088307455,-7.910241834973308
102201.34950554714,0.31952916310694296,-6.231026163177466
28172.131494546808,0.08408391519335608,-9.6539317741959
-25848.765005060097,-0.07491609232375744,-14.471123109862905
-11708.135793973659,-0.03447901825843395,-7.630041893858641
186723.27204315359,0.6393923692763895,-3.8817679410447004
7384.622048166714,0.022307547405577697,-11.608876143563318
-85932.00531570143,-0.2666585182556745,-12.96133531028697
-14213.780754897241,-0.03525512933651698,-16.159342423598623
92893.08721367811,0.279739575420124,-6.801985139755418
22263.15879914659,0.06588019317739188,-7.582986263866765
92131.91034448014,0.3143928707299962,-4.080144434546174
-27575.170942782865,-0.08823620478807781,-13.340142895982243
9376.469260666485,0.02925717518163532,-9.652951111211916
138229.68281619227,0.40491212973482665,-4.267343372658649
136021.1456018185,0.37190639340780235,-8.132433968318631
32876.029731901646,0.0990151462562262,-11.112148283774314
-19647.740455971172,-0.06409865819590212,-9.969201328349165
52803.398519951814,0.1645915213069463,-7.834118189005901
-117453.26829516437,-0.34447539732197885,-17.58627350546078
-41287.322450811436,-0.13846844173042536,-11.11982276739596
91641.93368799397,0.2993362839715107,-6.628910977420555
126670.87901793039,0.42419694159188404,-6.7831401838734156
41992.46903886774,0.12429947462080046,-12.272408288754777
65643.51453522449,0.1859149611805572,-8.11186397721949
-191142.22917633087,-0.5823785007547598,-18.666470039543416
34087.890698626776,0.09650197255374207,-8.855571538005647
64621.88659435614,0.20708490482117367,-6.935825271315387
44399.627516499626,0.12842259012982452,-10.001461931581579
52174.57756003482,0.176557931719199,-6.528243394168232
-19572.955753477432,-0.059020207871787224,-15.726756448805112
-39696.5001207039,-0.12707018412386017,-9.329026122508699
132984.78984108928,0.3800129841044611,-5.2506008172547025
138551.44602958698,0.3974227660489689,-10.162341807171437
59613.512014431355,0.18723540152843055,-7.6256339714913635
39846.41606593567,0.12924318938847018,-6.163147627010456
32699.06824716065,0.09338092839967926,-9.584280414975144
-75707.484801575,-0.21251083377367264,-12.088896739225618
40695.13577955822,0.1233673990990387,-7.230602166292488
34477.043792204946,0.10184650347107845,-7.272383279867989
25064.434670214905,0.07673285275655119,-7.273839884167977
193918.15623076382,0.6069944254756013,-5.300173381663898
-54360.10083126009,-0.1590187772022841,-9.544720286835606
152358.79713638205,0.5029840382429475,-6.984306078041202
70637.02327717825,0.20450276443040005,-10.177781602579595
3429.409394431046,0.010043969540433267,-8.916228148274508
-107226.75201268037,-0.347829718595057,-15.393975054003917
16935.988431519196,0.05297358407754392,-10.489402341649967
16841.48722240498,0.04953829083869073,-11.048893892809431
98478.11026552784,0.2761882000799454,-9.446172845291533
12353.506008942299,0.03694215665232347,-6.806383990798103
-96056.83343437006,-0.2691156004488906,-17.281002718307224
-155114.9248698859,-0.4617954401635458,-16.444281069315924
92860.76636998587,0.2661891051284812,-10.147802945220208
45527.28703828511,0.14913233152563793,-9.509686129297146
134906.63082977387,0.4577478799257693,-7.380611529008418
-32240.656534016183,-0.10250149518560976,-9.282333649588836
54927.152826563426,0.18852826985189272,-6.75381159583276
119461.94305347756,0.36239143056677964,-5.316189377225444
79900.9993329567,0.23712008612373212,-7.689450666896381
70232.57747823575,0.17978256728620667,-8.551784747737546
18774.324933532884,0.05696286009747774,-9.213256744380615
27693.27598521571,0.09295370710023572,-6.508065762837322
52627.603262491444,0.17279896376230705,-7.1548902738236
61882.233474237175,0.1962782760609857,-8.455480167063545
8470.115473407604,0.02891657277768385,-11.67713527935389
28087.09681593346,0.08424419176035583,-7.425096779893659
98273.59712300278,0.3018218758258479,-8.97115498244644
7213.987782966171,0.0232678580089099,-9.74708753396395
-47411.9923898,-0.15569115014766294,-9.181951738464678
-65315.34063504372,-0.21382536442457517,-13.378011291564086
63339.48921786859,0.2089802490385937,-7.080733223288527
-12345.104907596162,-0.0392261204757736,-10.8485680901663
150688.54192543626,0.47143676706533877,-7.91987907763877
60850.55973242158,0.1868024886171752,-5.454797270824729
-90129.2191394214,-0.25423410514095623,-16.89481584426302
59212.62734027294,0.1648096793400314,-9.534191824021242
-47109.9266490277,-0.1489779630934175,-12.639688823022832
11854.62661919028,0.03931934088601568,-7.755926783002797
-126152.65188342264,-0.40097985159038063,-15.928868053914469
7084.236379614462,0.01954621658309868,-14.771434299187325
-37182.33534607637,-0.10962836807415556,-11.95450876106776
11707.57959548804,0.03913730162145751,-10.896097879159772
26432.962401155484,0.07688577417794362,-11.602326148796783
97447.5213423367,0.3182902981047641,-9.282791002804725
35071.08928469906,0.10892270078828455,-6.593954374283639
-64775.44752561593,-0.22109923605217713,-13.258332684556917
41500.04407725584,0.1274832695438623,-10.691822433722486
6401.109915489814,0.017922329831691453,-15.220106850559512
-83650.75037410764,-0.25044955881905945,-13.520477324768299
49796.929502985084,0.14571034695539475,-8.169324906229846
-15837.65567581084,-0.049235532000154986,-8.603460404813546
-61555.138067110085,-0.19947277210107225,-12.36303965915898
47734.04773167391,0.13811483917231104,-9.132610818868702
-26811.29682295765,-0.07457820424103657,-14.208983819762267
126689.51203352364,0.3931119247507711,-4.881668856979315
1186.8111778832895,0.003841538758772327,-10.543713265204923
-8241.615112247646,-0.02256579785949903,-10.61542575355141
-161392.6738649518,-0.5361818946899731,-17.925126993002294
109883.2768072627,0.2984820625551687,-7.981950839256513
11958.674937727035,0.03901916685095364,-13.289577983573963
170856.0476520152,0.5064659202481461,-5.651076004103251
16163.541382292966,0.04713394407915895,-12.21686971028455
27342.460199708483,0.08201357024283838,-9.369134354082043
-95461.33710612792,-0.29287900387394133,-13.13579056319939
-103389.32419237314,-0.29202431536010137,-18.940690685339124
-127132.12210899149,-0.40355296697621024,-14.418686052433715
110917.90214265393,0.3455035954873901,-6.07296362071329
27043.201704954517,0.0867987488631683,-8.713655818336651
-42504.18502625253,-0.13840052650751083,-9.321271629628447
64820.022899527845,0.1834993154177895,-7.717529456954441
50707.16911328035,0.16404011346064104,-6.226474720932796
-49904.9426728352,-0.1508895114627627,-16.726797778575854
102525.4501307682,0.3113793324614511,-7.250518049382904
147239.06403259563,0.470127917301266,-5.682462842648627
29725.772359620678,0.0968663094346885,-7.477669189114511
-105072.89822150026,-0.32646518616999903,-12.689683724513145
162187.47913207416,0.529962330068165,-5.160384149040908
-133820.98804458158,-0.41775593164230435,-17.37586054842284
48610.29059622586,0.14392009470209582,-10.37163231251842
22947.91783791948,0.06206879553495639,-13.0200848026506
22792.024964107586,0.06545078067432249,-17.00323557600043
102571.91561160299,0.3049318188716551,-6.724464176903244
-43169.74133122148,-0.1270260380464922,-14.041259849692345
17558.778082547455,0.05336717722476363,-8.369319010617149
-12603.007577354869,-0.042288879720894144,-8.180290911533517
-123829.97436310559,-0.40732275682064895,-17.145298015857936
89987.93252358139,0.2606268077487516,-9.65279935185407
43848.522514754455,0.13200010956001024,-8.64011831884679
228259.85428752485,0.6968688386750271,-4.86448745654755
27247.964208498004,0.07984532006671455,-11.155531382703042
47181.33409671416,0.14677985712622812,-8.13251851883715
-31659.621300650622,-0.09155144802307992,-11.370288483920167
84966.24844504938,0.2430948723834007,-7.663980368539547
-159587.26099097257,-0.47765981014235787,-18.760040429050008
126872.4582030291,0.43041642511314143,-5.03456933687535
1914.4254250477004,0.0055868231011574655,-9.797512551479926
-79693.47320636475,-0.2279154302607937,-13.309387816693775
33468.22673003068,0.11530043538642577,-8.597927977552079
51489.49867937512,0.15701167186474202,-7.024043871230612
53978.62996396519,0.16455314501692409,-8.13289027433699
6150.947208350364,0.019638418324316453,-11.979796750559258
5735.384098289141,0.017658917183924313,-11.361808670254403
166343.74462045738,0.5288829627106231,-5.293777311172898
-26817.012483547438,-0.0877918311629096,-13.316434940283106
155978.8090450473,0.48539594618399734,-5.258051460528257
3299.79620424972,0.010683148762246006,-7.749296114781512
233.36618772193196,0.0005999686902246579,-14.368892874913364
3200.902072435687,0.010685383117888182,-10.696758449465026
101801.27263022792,0.3393115251985228,-7.501330594335931
-49083.65918896888,-0.15517223206888825,-10.08219550588424
-23508.95934832179,-0.06879597745209222,-13.427922766806011
33229.82665690108,0.09208954495661646,-10.23564731083989
63493.23693484321,0.18385126251493175,-10.244037926786708
34111.405655802766,0.09568062172964094,-6.908402342249209
102297.40172168956,0.2897295684348101,-7.576266177734992
44268.25343695699,0.13367458879030747,-8.817300108784721
75371.921960272,0.22514606270917856,-8.446714997089078
-158281.7328246197,-0.4606660982119259,-18.400369909276893
115769.78294706275,0.4127895208338186,-5.860515972622327
153314.80127133435,0.4964186098125074,-4.864076513083293
156224.55022274645,0.48912264455783633,-6.556643808878226
141182.46389747833,0.45031986791077844,-6.552349425096504
-58219.045453640094,-0.16593957983618016,-18.290502059943513
66997.4152653286,0.19155313734078938,-7.9132326256671774
31095.05553171438,0.10522977909755378,-6.246656262231687
-12535.590614879957,-0.03816309034950673,-12.50983237363611
41377.72085938344,0.128492212311227,-6.655490165125455
16248.803257391626,0.048119603321119614,-9.448419324660817
35390.560206251925,0.1150016526306147,-7.9811564558516235
13786.157142351305,0.043724084168507905,-9.675102716460838
-7205.62284687107,-0.023682917179566252,-9.003940902592944
141657.7042777845,0.5130653645648339,-4.722235739476366
-32365.214660793754,-0.10100124336263563,-11.472522408413067
-38984.58824831633,-0.11584754483856587,-12.622398933253221
66338.921648677,0.2244443308424698,-7.655730536036243
61366.4554704364,0.17113123151521545,-11.175644950253783
110545.91039379356,0.3856337861849032,-7.492675362662704
14599.76621724826,0.044293076277704055,-9.892225666672783
-67168.0528100037,-0.20245676718582134,-16.600154280266356
124082.11603414356,0.4084639242127837,-9.66076349385081
-108019.38846894397,-0.31471768982947795,-13.984482798368969
113690.27090794497,0.30030174561822676,-8.015681196639813
-128256.26245478874,-0.3676249641985852,-15.549092544256427
6128.429443011842,0.020016206580877265,-8.141029990734838
77700.94904795501,0.25767564842438156,-6.302452359842404
-139244.83072617548,-0.4474997625767378,-19.139491911964136
-13879.033631022892,-0.04245050904515536,-10.390293959586494
160553.82134741207,0.5075729131307443,-4.712786263598967
41940.479720058895,0.139615238406217,-6.255080503385524
17071.556250597016,0.04595352352457729,-7.189162719600906
55757.74897087429,0.18184195424604058,-14.095925950775523
158664.99500690904,0.549160259598133,-3.7143373117280665
-17159.570415771836,-0.052703684175384104,-11.343425490060898
102256.25950971813,0.3217592883693906,-5.910456006131892
-72764.65176266915,-0.21495108264917012,-13.169059667525262
59614.30419164284,0.18198729398446506,-9.283134523352432
26460.392554963328,0.08423059439957911,-10.30288999075526
217418.5313152222,0.6656032721132793,-5.337951302456823
94845.20212836956,0.29776015525944344,-7.6322554593654335
144228.09928848752,0.4075399680891435,-9.22286486560967
-52174.344123349154,-0.15495482722727394,-11.710285041345303
75502.85313635544,0.25275106180238005,-5.8730818399469475
44031.82940408968,0.13542218880761775,-10.339925122185479
-24334.738735810424,-0.06879343523673394,-13.868375039092784
8365.163907005242,0.0227926441342216,-9.44304860601214
85878.10521937846,0.2833505454296623,-5.468002854141574
72104.6453954889,0.2297598305612211,-8.642752237664963
-1129.111312615175,-0.003649114035999973,-9.760242257548256
41656.711903543495,0.1305716988934627,-5.71522989156632
105477.66066935493,0.3219335483856027,-6.998967256510924
-64673.59350614945,-0.18201906937369372,-19.995022844187805
47729.37961273023,0.1511985644120792,-6.091156629043826
28309.70169558282,0.08844140129438913,-13.128885793675549
-4436.246796824713,-0.01316320512011007,-6.740039246540819
160847.86771810378,0.4754522829881567,-4.436028155381511
138157.5981398434,0.3831713165290206,-9.746192837683187
50465.74001298801,0.15182365481979626,-12.915161080697345
2279.741436537962,0.006542827092876382,-7.218309405415457
29799.64173688331,0.09780962363982378,-13.052576342215072
78615.58792266693,0.254454204075877,-8.622577710500767
117041.01101843352,0.3453323976121724,-8.435027550803099
-128111.22134093965,-0.37889861984598017,-16.396185340640546
55796.12877790565,0.1633841935238705,-9.874564346694314
78193.0503185713,0.2445689868010339,-8.610638362149059
174292.9164839217,0.5650296678719551,-6.983275423941581
64743.7267329895,0.19234399784894915,-7.600712711439184
111191.29557321331,0.32497436805084673,-6.193167591037785
144731.77031075183,0.35915831077018634,-5.751345918945949
56631.992361803364,0.1640838017110093,-7.628505932489038
58117.85462658605,0.17306281421820569,-6.731751617843839
42305.2428776988,0.12166437929723632,-11.415803926219859
86385.96995100626,0.24937952223554175,-8.220932803025294
-84990.15335054696,-0.2674003175450563,-18.436374995389894
178503.03663177285,0.5685886015689627,-4.914011643155291
33548.30344629017,0.09933824644917712,-8.708432671238642
33834.23444730094,0.11088887618754599,-7.0998574899966975
152897.3649408452,0.4127337677955783,-7.472585812549304
9781.456728449843,0.02849896172975024,-13.034884473783304
-4004.0078567683304,-0.013332668588692176,-10.557022953538686
27385.48552394749,0.09064802382079726,-7.7915593809334105
62982.316822057,0.19126412571475315,-7.906429007359517
4526.926719279512,0.014266715363440721,-9.333350419169072
39353.948916252855,0.1206744248395326,-10.165074228513571
84572.96934543489,0.24010086311589607,-11.079208359812686
72694.93565542229,0.2193108154572623,-6.756504305465261
93039.79429222785,0.3012041116624247,-8.498152148719807
-57066.82634071582,-0.17186971675225063,-11.170843795172114
-95984.17060352664,-0.31564010604208637,-12.677755966272796
1679.2751196692748,0.004735868993149618,-10.656294575852144
-49290.38393679518,-0.14542191350334288,-10.323760696353423
4109.602864388472,0.011253503054441862,-18.06588109618492
66857.8092421205,0.18528837874098938,-8.02301241798925
60447.45988176009,0.18153746419519662,-8.52304271143356
162291.48083286485,0.5497121467980272,-5.609522603211703
-142432.05508758148,-0.4129152586406495,-19.00331512232856
-136362.7837988546,-0.389268996574257,-15.854573515796345
120059.6298776364,0.3548594644918722,-6.096722213364636
81800.00477470492,0.2487854079053678,-8.349540331453031
117314.13341220793,0.4038022421651965,-7.165776049581729
33361.966107752276,0.09391218500286196,-10.213265192276166
104139.70344206814,0.33558153004385444,-6.337714907572667
33249.52342104321,0.11038145495356425,-9.008980159030566
77426.5812827609,0.28084054213981663,-6.018203444573733
71742.02845793578,0.20093314799525938,-5.798151054870826
-116104.06608081948,-0.3831809179284191,-13.582294128008531
7486.864048735371,0.0229141372247299,-10.072559033782824
-9633.800230877043,-0.02625477963627938,-13.773171086244373
30040.46127180575,0.09057101957752421,-6.500480174322165
12154.410168644297,0.035368781352760593,-8.342270130084394
69461.75061716611,0.21826923158327005,-6.283269781286826
55270.58276827485,0.16536396350032767,-11.424630949570203
7357.300808392977,0.02429977960905615,-8.876828512136903
-18048.663604421457,-0.0561010396006173,-13.58151239913622
-99037.87143421517,-0.3432522010510196,-12.635744930203597
2011.1734897175002,0.006318552708422277,-7.8042418487147325
-11127.852413340664,-0.037084243673268555,-8.53084988022158
77179.70514570209,0.23183305464294052,-6.365237523287959
91325.65340558547,0.25955412649486714,-8.069971446259228
21274.9318290564,0.058885073217878794,-8.821421835822163
-64396.00815998596,-0.19412697570855136,-12.433494751846009
-88960.8198293618,-0.31932359151608014,-11.794604695891008
-12157.701771084809,-0.042888586566795846,-10.631811169663186
30322.83890614276,0.07962134260196611,-9.016316829888883
81023.68429124482,0.2588647216695924,-8.381332651452277
138990.38286519787,0.3848544265450045,-8.954119793583825
145691.66062846268,0.45487282091239145,-5.640128584814253
89749.66817471269,0.2587198451749168,-11.460794049749712
-219698.2505017623,-0.7457195100424824,-19.605132274901194
-4209.321886869331,-0.012500417215403315,-10.139850798214633
38905.31570914021,0.12712600112201491,-8.550987391055887
21922.331128251673,0.06590882613302525,-11.68386392421259
52943.247116500665,0.1611130007874387,-9.295511591617856
-16387.33787132326,-0.04831857815056101,-7.769218442736725
15353.02785424293,0.04235856877952405,-11.084911960509825
-37948.09809322787,-0.11441350059014037,-9.755548065091658
-131585.82521077964,-0.40994316871168246,-17.342020056969055
37203.451781502496,0.10663216052020293,-8.955796933692639
62097.80936106818,0.19152105616716894,-8.913124876467272
63715.419922122455,0.20747257092965132,-6.532914510572441
-57284.05656141569,-0.16962952339387025,-12.402367935789126
10853.59402280748,0.03378961563270064,-9.222707086820725
24670.44560306683,0.07704162209150882,-6.995946752860904
56873.50316020041,0.183994668522335,-5.982605788985906
31994.95791239422,0.09878257451851906,-7.555842421120995
96660.6946701248,0.29693578550735483,-6.422351972987784
26948.657373639704,0.08272012449379197,-14.463809091932733
4865.031447518562,0.013463146796755409,-8.987254469349637
221050.19567146106,0.6819010194157572,-3.913680627246796
-51961.22529328893,-0.15268401619750774,-15.736039724607064
-10500.486959047468,-0.03234719083193165,-10.307761121526493
78303.43312272968,0.2166347834122131,-8.632682364046518
16870.542649753297,0.05607789497186957,-5.946567662501224
61113.68711779983,0.20596084738818846,-4.7174809206875
-42015.301588425886,-0.12454370538939244,-17.080325153227417
-18052.611402157498,-0.05594039242572835,-9.725776429801325
-105409.41422377124,-0.28701224348856796,-16.598633873982116
179012.22731586333,0.5559783806756134,-5.8077120857885305
-33566.28558260242,-0.11534333625787223,-15.636405487110949
157785.749648906,0.48534413214394856,-6.3322708498637414
68139.83745734446,0.20135962743260827,-8.650390741680313
-61189.75269421138,-0.19947865126808367,-11.16559613682716
-2028.5468486484324,-0.005919519667325239,-6.835975456298227
55404.45776171996,0.16550256109342687,-7.907133088930318
75865.18328076306,0.2316891591878413,-5.980293704460459
-752.2326446952193,-0.002257275641294779,-9.863098318524276
97173.87880164554,0.3074373921629783,-5.862759085523262
110929.18431381613,0.3261263640170254,-7.887709821457034
40044.63049002519,0.1143129392809087,-9.397463553881934
91045.84645206263,0.2893497305962494,-9.854338112262651
-13698.135613531937,-0.041851227134642593,-8.243431949445556
-151802.23528980257,-0.4904099216392688,-17.57633997077607
55121.17746941151,0.1566871877443014,-9.992205443915125
-74019.26646529636,-0.23568519536367008,-14.53313971795801
106652.64340313339,0.29509469253424814,-7.405781738377626
15539.394693441307,0.049810821973187515,-10.580855357127671
1129.3043783098137,0.0032782906780565667,-7.639433045507782
30844.03007188041,0.09561339914750712,-7.38171219914695
187463.2471186548,0.5224460734185923,-6.659924634884373
79708.14741803381,0.2598912545520353,-6.680284951813942
11022.407133707926,0.03636008249100599,-7.813855870044984
-98776.32449977241,-0.32050981286878133,-13.78682695872514
88715.08700164118,0.27185990896700246,-5.9473647331155455
-20825.18733068409,-0.060645013297449264,-10.62658457381833
4378.053655816453,0.011952307130622647,-15.389811383220763
75363.04366886031,0.22499763168077958,-11.082700459138795
-49535.14076285119,-0.1478916841419183,-13.037087931788049
97373.40349059866,0.2953433213253056,-6.912242203448537
30106.212802148,0.09412692758899448,-10.510805363927457
165181.20175487397,0.5154446502032016,-6.545197692742244
61361.63139232568,0.18111887454023748,-5.0176236771714455
15710.911835032754,0.047042212099004464,-12.57568057793118
63603.92001020102,0.1897829143026125,-9.905057952557394
79442.36408152297,0.26670259961646153,-4.940562599141618
99222.08924138751,0.28769799694435266,-6.6920419611787185
-46015.25590561045,-0.1393309052802668,-12.787867777130224
34690.10517812031,0.09959392936245512,-8.644706669378843
32072.144243510375,0.10184855255947815,-7.013246856055022
40918.881802858945,0.1313540357061768,-9.46222696592689
142608.88381442835,0.45660299741558885,-4.421948414507204
15305.589615474682,0.0445090193104728,-9.78071765116123
114295.17273456258,0.36854744265448425,-9.004108212063745
-55333.18205830947,-0.1729705320598049,-9.855423568429277
-2191.844252111825,-0.0060048138795447585,-11.918363461314907
57487.63825987914,0.17486110821262071,-7.536959687264099
-31036.440269045746,-0.09570787044821391,-10.73087811277189
73054.92007490793,0.21597973681658095,-6.112885658847922
-99449.89355798821,-0.315563151783892,-15.335910456373202
41107.76626048052,0.12418648830727706,-11.9682778513031
-47785.52036132413,-0.14616611522429954,-13.13966674169692
144604.83042490622,0.41819907588583566,-6.614528236365835
27645.639019899238,0.08033670443766323,-8.272107883098434
120375.11382544582,0.41638455494406107,-6.492236091256864
102612.20094181497,0.29610942422432834,-6.3875031138619365
15278.603799164315,0.04797415309412693,-8.389118517708694
50787.68934165636,0.15152455932279135,-10.067691708801963
-144176.52295431445,-0.49729008264718105,-16.19877783789413
32137.759779721964,0.0973700380490677,-9.665686934072582
121402.45649788692,0.43827112498780274,-5.891470790094322
-20613.82880502154,-0.0651315781778086,-13.278620931103525
26684.692908536308,0.0862948370002215,-8.271709376145765
-28147.56353694545,-0.0786855689224874,-13.35327871241756
23732.01306132666,0.06874785378016772,-11.762729663100725
47125.167991865754,0.1445094729595947,-8.293510955341887
-44870.14909235957,-0.1357458165691809,-11.11288412979653
-34901.962972393005,-0.09980438081390867,-11.32845111887103
-103986.17816862333,-0.29013383220771743,-15.877853772101913
-31137.69635028808,-0.1014048254771223,-9.320007829308341
123092.13423694111,0.37269908148636105,-7.711360869252159
52525.198252108705,0.16933144601704334,-6.54992897589326
-112401.50117765757,-0.32675628416823443,-15.429188410832484
3517.302214544078,0.011816620866627122,-7.2713415030664645
105785.88104205944,0.3110667529824553,-8.636559728328985
174117.0214529634,0.5728174167778414,-6.7223454086516865
-50926.28417201127,-0.14800054111047756,-13.387488539597348
-85998.53986232897,-0.24424924550964003,-15.82167664295081
-47310.339137803676,-0.14920967201811505,-8.557438096107928
67954.88303082353,0.19909103595705668,-5.000187851378235
-147263.56494088084,-0.4430572480267559,-15.892725413720354
104062.58858247161,0.329251338951899,-8.667817565997593
-8203.185767572244,-0.02489299870630567,-12.613729908991967
90465.5424943984,0.2917044354540709,-7.150488832664004
84904.81577922044,0.2880071773813574,-6.375383692132363
90896.37252882872,0.2847975188374802,-6.751782304934983
70143.05731750326,0.23733604458514473,-9.347998875870722
142605.93851933835,0.4243843097986185,-8.477017201674675
36582.236155946914,0.11589410207584129,-5.942799251011555
-68349.51925326245,-0.2038099020406793,-12.359726854341812
48715.59924858445,0.13512923600978213,-15.29322010264822
111096.21999738563,0.3091935011403549,-6.3214736205446265
-43803.652079385945,-0.1418683567502604,-8.787272676122715
19996.946678553973,0.06685114114376269,-11.468580514486803
-15560.062969187049,-0.046342723681581405,-10.920935763831196
64638.74977041302,0.20474981865922887,-6.724056749503104
105450.86033057063,0.28588628525854953,-5.623873640578569
-35841.37555529223,-0.10023827019361428,-10.771416432408332
-47421.01882208001,-0.14072318079767046,-14.712190012841653
-2259.6283251690825,-0.007994015479447888,-7.201906719305818
-157013.48863949062,-0.4354338623100969,-20.428833501957367
74836.62601115275,0.23966483655720505,-5.788226193161172
30739.859252978582,0.0937674197359072,-9.842039069828523
-140240.4359241561,-0.45893230703329296,-15.510328031504915
33596.31139711515,0.09596373312790236,-10.156858179840611
45415.973844052816,0.1281502483675938,-13.558436362237359
-48430.55235152218,-0.16308500476026297,-12.568871827496398
4598.718080203441,0.013207158952900021,-15.305717865175271
31163.59587567084,0.09742871942191701,-8.27653377937212
5653.208976488925,0.01655674147965401,-8.845581421463056
21471.648771691216,0.08385315507096154,-6.231697096984224
59512.635796240225,0.16034954850097682,-8.050155880253207
-45423.172511554185,-0.13507961709214594,-11.952873102737948
14201.567548233399,0.04253923901845203,-10.900533569619208
70656.73336462963,0.20380447602254603,-8.504255121741167
61075.536436953415,0.17731873909890566,-8.480521150214093
-128770.08461251062,-0.4021482702606559,-17.211722940483508
-24931.150056905462,-0.0700155413610226,-14.858515258122528
-49489.03040674218,-0.15204580456803607,-10.162683990734667
73440.86869982077,0.23627799230400445,-6.921550101220109
-35602.67920390111,-0.10511302219041957,-11.282741673955144
108911.10374540147,0.33842007497265986,-5.360524808513856
57367.67913201719,0.17436122139824015,-9.414808297221866
158463.51013196254,0.5130020564797373,-5.832553756332082
-28419.605738625643,-0.09103421932026728,-10.128885106635831
182468.9792591295,0.5300198439374665,-7.190382651472649
64038.822413203154,0.1921770716919847,-8.266969225194831
90535.08861736735,0.29938407131188205,-5.776579815318672
-14891.63702821893,-0.04598862335136526,-11.41406694315361
-86344.16436056072,-0.27338114598190427,-11.429530003428013
75404.98953239276,0.22664773845572134,-11.301057510469503
44782.89729557588,0.13856871681639718,-8.856607039154241
-88053.27169082945,-0.27269710427264837,-14.72134672648574
153297.8292883681,0.5345450692623842,-3.9597175018934783
17483.65968635713,0.05084003659546257,-7.443290178664896
1040.3162391256583,0.0034571101615139934,-11.086471939777109
90375.19831502561,0.27134013111840244,-5.807264030251035
81136.73696948001,0.2345639660800686,-8.682527259288953
-122970.91989069401,-0.4053251414243804,-15.66128267496978
-74216.73448338648,-0.2246117849132879,-15.418886642958485
78680.61267303705,0.2547585040396346,-5.915839629521491
64718.03068005632,0.18199363695056603,-8.506913042326492
235935.320412831,0.651311213079103,-6.911531913726798
-44430.917338202955,-0.13726449141753785,-8.47870072458874
16966.537727230258,0.056436898389736506,-8.556206968725933
-27363.09425476285,-0.08623710022195588,-8.968072513621717
74139.29089439622,0.21257235229980484,-7.131883310286113
24618.573386120595,0.07057027195558842,-7.360272467919582
251945.34484040714,0.7882148652346236,-3.6187644896702675
209187.22992842062,0.6122908951364674,-5.481832464658254
141956.4579369511,0.415974895266846,-9.058832539047224
34904.90733898389,0.10954134538137396,-8.82633124719623
20239.05414036542,0.05678073828894574,-11.982938308061431
53778.37896750832,0.15009968322300377,-11.79926383576757
104562.41714467593,0.3279715475877866,-4.050152626239334
37063.88777855883,0.11001200650713101,-7.8476456185128445
8178.363678032823,0.025402465148689508,-10.474557757651015
-26281.88650454246,-0.0837501203997419,-8.00441925440315
108286.17556157055,0.3868781412730816,-5.744484999647225
-70043.00300392378,-0.21240526749920488,-12.828907550733703
50651.091014113255,0.15487791401706133,-8.960498552641793
-4463.041717593722,-0.013594373073332366,-10.420288726087223
-13461.556518900383,-0.04305138210527451,-10.593005224885543
78909.26407431919,0.2217607516191752,-6.904369893734275
21973.92541129898,0.06325293177569406,-9.35354466675622
105287.33238620391,0.34741523670429414,-6.014336413430577
71708.5230634178,0.2106550484135159,-6.319762332844514
-68609.49577136424,-0.1945359054513145,-14.557102945624777
-102564.52136989868,-0.33656892618634926,-13.112400890273367
87919.13522675962,0.2658248722357086,-5.2313837309589495
46126.54124760273,0.13237268262936722,-9.58319240528115
14781.073860054952,0.050152583096691655,-7.508322455415506
12877.776085783627,0.03847866742244724,-12.512871062853026
17918.074785857025,0.050499642041535085,-14.379701040823889
-110451.69525288609,-0.3539745733820184,-14.295703383214741
208.2732237130972,0.0006311538912988403,-10.217164981603855
1814.148270878125,0.005619141927843967,-9.806262786772969
126159.11632725477,0.42399803477140735,-4.744271233936792
-101977.33493420303,-0.2822352248010524,-14.549723553019522
-62045.800828257365,-0.20177297422015758,-12.567114941537682
-98884.70901396502,-0.3014230979040027,-14.888968558607651
71412.86057387626,0.18454224555801915,-8.024637791996037
947.4559335368065,0.002785507105012424,-15.533076395213852
36240.79574377845,0.09669030236066406,-10.24200234595426
10286.299554329005,0.028876920366737217,-8.980420081769102
-4144.7182473090115,-0.012451048528131073,-11.075008649150709
24385.64661552382,0.08027716118873153,-9.69903194774069
-18492.41367229222,-0.06263581424368284,-5.540535102297294
39418.138947323925,0.13301315245777473,-6.982243924348341
-12488.975802670839,-0.04137141617320621,-11.096469815804378
-45063.53214686687,-0.1330493433286591,-11.469349081108614
20624.018875298843,0.06263952206253325,-7.9416917521552
175131.19821707328,0.5181606502534837,-7.639703780509988
39026.59075888565,0.1196807209672598,-7.730032581535196
95126.09002314824,0.30193919137601505,-8.074382061219755
-88681.86854360029,-0.2627641716505536,-15.349251114306384
29455.89568615144,0.08680522091817196,-10.25150671765649
90778.63620561188,0.2866730089165253,-5.710892341252838
96079.86114454127,0.25973608948276267,-7.249782025422357
-114211.90619054354,-0.3372001318420578,-17.664464857106353
-25079.649429824916,-0.07616395616899238,-11.001482900830961
238332.00896675832,0.6808550777835589,-4.017322040276017
26053.223183785012,0.07207488311664038,-9.593378191955082
33370.74056617168,0.0930896904877292,-10.062528838153861
114451.90577985121,0.4215158237652561,-6.017564080746951
9673.043743393106,0.03154777769816511,-7.391801317962687
-119061.18750268532,-0.322954469721274,-16.510364067360772
-169775.08777217442,-0.5103643539212004,-16.993919633752984
124435.44535945881,0.37572735084125186,-9.686405966796608
51466.41397978859,0.15258934649456848,-11.521527701279165
62558.598272650444,0.20539783573206608,-7.780282564152907
-84399.02215624103,-0.27834481409886797,-14.278060416650796
81028.18153704355,0.23953073436542938,-11.100410456921727
42984.7573745097,0.1379953031055999,-10.451742396831587
127564.89594103635,0.387896512124603,-7.868297628702825
110185.66840107829,0.34800033508867995,-8.36829784989841
-71963.19370587691,-0.20870691586661005,-12.729563085722962
-66066.80291741471,-0.1882975500117253,-11.62782262969687
-17543.309343982102,-0.05048059808693006,-12.347839659631665
-68215.14279827912,-0.18126356262169557,-12.459448649623306
52688.03430643755,0.17178391311098065,-7.301654646119815
59050.0904030792,0.16734927577181194,-5.427117793179425
-78071.02263724654,-0.24147835846075752,-17.19489096974923
43479.42003495743,0.12183251736500947,-10.004517016630142
37976.462786179494,0.11447954907849428,-7.778875304440702
-24744.834307524656,-0.07884019373691885,-11.002336293827685
38141.090406471885,0.11883826694144932,-7.268388555084593
-39386.24630845085,-0.10766945676210138,-14.37463056281505
-840.5319150735804,-0.0026955583557422675,-12.141175768869061
88503.34938377055,0.2773381933483045,-8.337172872818266
115692.44337072919,0.32952964889917374,-8.613275680255184
207904.77544525336,0.6651190125606468,-4.384406101716898
53211.40056442375,0.17989943488154056,-8.637610104629124
-14619.63550106674,-0.03872916208866298,-13.977468738024578
88865.13181171713,0.24714022325289445,-9.944151849880056
34637.90284940624,0.10423955778203306,-10.616139321098572
67283.88321806368,0.19527815034132862,-9.241768145274099
3041.3453299727616,0.00955313000376041,-12.242079683861839
-84046.56444214805,-0.2802072890485621,-13.070859257583523
-67609.64144917126,-0.19676778365201003,-14.61483037007697
-109410.75950577373,-0.3720282449750115,-13.378305110206623
12427.568990178223,0.03741144549452719,-9.381902245876217
-98348.68738100903,-0.2992766566605208,-15.168380038990502
-35328.52015313117,-0.09607116968805804,-15.533905019401129
-77506.52131687471,-0.24504651463267074,-11.717411876121409
-7374.114147515023,-0.021461290811171832,-9.643397678187238
75390.16926903065,0.23377914893486873,-7.897348086211209
-40888.59364437339,-0.12738171778403512,-7.8770896283647645
111087.16830068207,0.29052813263487465,-9.713315833545034
-4178.791707073226,-0.013701690917628951,-11.212663058446292
62966.945152217755,0.17914413881051358,-8.426265908109976
20370.124306176993,0.05862749194213465,-8.827545910808155
36494.71579784323,0.12033682312842209,-9.825927323759432
-120067.0341316811,-0.3806568773377738,-16.780125906274602
-66260.81316579862,-0.20933516500725083,-13.087373683839177
109222.59809014772,0.3323197168016289,-10.588217778657594
10970.436719452115,0.03320978609303092,-7.975378617038665
54081.80266705078,0.17505771434086548,-6.0943476863093204
25588.241329089436,0.08716415753753035,-10.282094773637295
524.2902728849022,0.001667811687093508,-8.662698272264768
-37190.10155738333,-0.10707713721664622,-15.625128129026923
244420.26576403118,0.7368826981506481,-3.9090901242365472
60031.39006756625,0.21001928038903148,-8.182939312766047
107770.4764322629,0.31089130397341586,-6.1217991734759725
-6329.552853084754,-0.017656289853646687,-10.304321822211737
18176.48504918781,0.06422348766392272,-8.236521003324548
46602.53098635537,0.12430084345763937,-9.822106544572618
5822.757722876131,0.016687757210514527,-12.759813385426288
-177618.00762204445,-0.505884931780672,-15.644160479419522
-35725.13485118191,-0.1116999306285142,-14.304452438652026
75812.90729987132,0.23889685117593398,-6.4065678119332725
-81511.80449854628,-0.2672994690537503,-13.008486064842318
153612.6262351698,0.5223432117103342,-5.061741877775006
48169.66688575144,0.14312851162046236,-7.696032087500804
234733.93550935885,0.739273712877874,-3.168198106058251
19021.36048428395,0.06064968324154152,-8.045543716692716
-23437.559827965815,-0.06795599585561345,-13.635543185725563
80590.07454686465,0.24514438167678282,-4.813330215894607
91595.46786053329,0.30479149178630194,-5.762130477937943
43455.75199943404,0.13463305854100854,-8.316281100148204
-60054.8733494806,-0.18920840592632918,-9.496694010842887
-50880.66253044805,-0.13228363644949429,-17.776873630576905
60582.729070201865,0.17504949704125689,-11.28442205311867
115840.23079206035,0.3489170777084437,-5.945823787768212
74608.4815377352,0.21701288777477093,-8.062059514539676
8655.071292146577,0.028551167357470666,-5.5771299659916895
-95913.76062387595,-0.29684291136785707,-16.882434592691354
35833.16536160938,0.10637317444558704,-6.992109478981956
-13923.506988139143,-0.0391749534006466,-9.187627530529173
112776.46655449073,0.3982095407800371,-4.641916774815568
-20120.08086578446,-0.062141296896032046,-13.183078552110029
-78221.80157970783,-0.24067156189218025,-11.470135043203234
135413.10622378695,0.39993127082817564,-7.508913812371009
131593.57621759622,0.3703373111610815,-9.810369316111577
193817.3838573425,0.6289760511092061,-4.411325270932576
-41788.00290074433,-0.11281555694114534,-14.179407905140106
63733.861380975235,0.2077496692729516,-8.423980269716235
-702.7955610203471,-0.002014438950369642,-9.550958880472393
57556.65395942169,0.17015427037382275,-8.42278934285341
-167541.98966075122,-0.46797556294084963,-16.586013356071128
89583.33069542804,0.296773353288504,-6.5870250511296575
154329.5752193104,0.5037372180633056,-5.630540328601574
-34113.161049052,-0.10918159183215798,-7.846550562323785
-131600.38943826486,-0.3923991305954651,-17.996766167432977
-29610.929114771698,-0.10167113223809848,-12.940388251834268
-131646.97912968398,-0.3584726518188607,-17.764583151506553
104331.79354850232,0.284566455914527,-7.387595203732578
54765.732144098736,0.1920260998310963,-8.3317414480645
-127900.9259945331,-0.3806431133587253,-16.588244932917718
-61470.70920142875,-0.1802781646202945,-16.057302711091747
-21616.46150691548,-0.07111372259464321,-7.57395908782128
133659.39545148518,0.430201934042496,-5.2782634357840035
227843.5119817516,0.6802985931315003,-9.100922690997892
-18355.768563269885,-0.0586073931776159,-11.015964340883267
-6899.263239342186,-0.018434200440960582,-11.881929756544164
-102602.3369370542,-0.3046004935498084,-14.293437784100094
140127.00942362385,0.4524660142471014,-7.306005893677048
-72071.51053868957,-0.21746760819073738,-13.477260216790544
38528.40021388509,0.11048472291726161,-7.052052883685311
100769.32251354193,0.31859273654773324,-6.0311241856227715
60226.41538546009,0.18050030730358876,-11.809935502135671
223381.1380955199,0.7135686583580271,-8.076212023602858
-39847.052957947395,-0.10992099140876604,-13.305354754868336
-176020.50795399136,-0.5492724416347088,-17.876545429991342
-18721.45516062861,-0.05501779836032204,-11.329764371822016
66744.41518352569,0.1843627097859232,-9.38254637498035
-140655.87967729886,-0.4832093999691777,-16.01433874757242
2822.9803923324525,0.008141583523055553,-12.035434304148552
103184.18969901428,0.2738368383781604,-10.03131311761175
136307.9228970507,0.3832121180486973,-10.13897144834326
18304.58538644397,0.06266883494874892,-8.885797956403573
-9782.539597799165,-0.028738312921564448,-10.511427908202876
60153.519411136695,0.20315788561288314,-3.8994767788686713
-27831.394871225268,-0.07932021273828965,-11.522673514125813
102989.33550943367,0.3018740084253738,-9.983971833957439
-1182.1857326523022,-0.0036763408550954005,-9.637804644607751
18919.182112929957,0.054571323776203474,-14.620080995877771
-59596.428353717194,-0.17436004794359977,-11.506848190193274
181576.92004252065,0.546729408490858,-5.57385458227504
169776.30176571963,0.5115043509686461,-6.453978839565466
28409.876957364915,0.07740054090705241,-13.190252855003127
-83011.13589958072,-0.23340523955156484,-14.11603957386951
81630.71907583215,0.2489414512006387,-9.80347113832064
-83961.0925773147,-0.2538966488805054,-18.019758533245355
101926.07481757055,0.3059865488753263,-5.857769204005203
-58647.98930645466,-0.16347521130961892,-14.435219465289716
129704.70524811704,0.34653653454437977,-7.635011521811153
-101990.75633458461,-0.3177262969295199,-13.458941519976875
54771.86696814058,0.19110579686108534,-5.612181399807903
23035.619634639792,0.07636885074394173,-11.429246313872987
-117817.11276712766,-0.32874496806120734,-17.759591882487314
119569.57396666217,0.373786873296704,-7.94502355086567
-85386.96406699471,-0.2516394662604727,-10.794407698644381
77208.18586018692,0.23803941767640124,-9.013429460473821
99624.84382208511,0.31033070772891647,-5.3679514152282
159821.0526411763,0.4961122226860568,-5.94196020646518
112697.302996652,0.3423073708542555,-11.041293129866025
33970.03793342463,0.10394985263006204,-10.452775546269955
-16245.752887335473,-0.04888061032854675,-10.50904072047183
40198.36626042856,0.11217136331890185,-7.923485566208333
158423.6911265666,0.5160218189034891,-4.235169445499554
-116856.3335317929,-0.3195249565522554,-20.98047053712323
157111.2198794586,0.44092328922532165,-6.036410954442872
-149627.33830354144,-0.4665165427318878,-16.02653788750219
-32066.771383276046,-0.10662610847754184,-8.198095353571844
55543.47832158879,0.18022630434339276,-6.549793420976213
-97995.32838237817,-0.30075958620982385,-12.702369735162467
-83684.17814867292,-0.24213292846506854,-11.919780939284852
17678.839881912267,0.05281186939410855,-5.305900058357915
16678.315666951632,0.057717059128202686,-13.694979400772667
-54504.088627303,-0.17930606165841423,-13.080108437326244
-96263.79863692743,-0.3077070825131348,-13.24465752900863
94103.69258540269,0.3033616172775069,-8.694138865384392
-36289.827378234324,-0.10843618785143914,-11.363225327703908
-38385.05589186776,-0.11660403979750078,-10.314147646298832
51762.1097620146,0.17109124972346365,-6.016229997353795
-56165.83220998352,-0.15764383857941341,-14.150204475322091
27859.416388481797,0.08068566050227549,-11.42865217251603
24877.321695449413,0.0747431717745501,-10.009084820655378
81617.9152614208,0.2426770186448165,-6.730712137842875
-69611.4921187779,-0.20471563785152275,-15.759205931102105
-79126.97818802088,-0.23745643319442608,-15.040000092745586
63104.52974919061,0.1694820955078339,-10.381266931327104
5656.937413474578,0.018459335883459733,-9.966159203947955
167211.2776698834,0.5486584152358129,-5.682865765589895
-79494.30060294617,-0.24934150562988505,-13.03124752025633
138579.36237213665,0.4935403127566876,-6.461222094428343
-8497.739116877501,-0.024694601075282513,-7.266003584977776
58345.75439348953,0.1809083828612379,-6.261843228375152
-42536.27240711643,-0.1371876738460016,-13.37434946613989
23476.03406117406,0.07316238153562421,-9.344269130761319
-20683.91280283008,-0.06263358418015828,-8.039759938832624
113386.11408127072,0.3273893435784249,-6.113092874831771
-2047.8871101856766,-0.005997476581204141,-9.868510528917318
221173.66787422492,0.6668529709722433,-4.850544525633882
135455.39309701053,0.42699220359951273,-6.623092547604815
-76671.0039407138,-0.23256639082284544,-14.184266820463998
48021.09223184513,0.14659136157529726,-6.892253843652085
13776.239036561497,0.045957881594882476,-10.20112166738617
181718.59071912355,0.5662425897204271,-8.153731856348834
34040.01046115309,0.1034022479515316,-14.5524494659791
48447.56183719776,0.15970826506694824,-6.368138361821352
-15749.74471581878,-0.05334819442268134,-9.296790027032865
-11848.424610852997,-0.03566794181072137,-11.391175886600557
77480.11515274092,0.23137207321158534,-6.82878886822259
20941.48935617907,0.06635622974881732,-8.6034405743178
-28569.874078274457,-0.08350451516884519,-12.419120191619083
97767.70385142461,0.33712854534992154,-4.543015339756273
175110.78929752886,0.5206212830894605,-6.599325910779119
-67398.96774991104,-0.19717123153785868,-12.745457995980969
-7763.821578685781,-0.0260443231593212,-9.463297380207214
10018.695992508328,0.030653329429502215,-11.614316288231596
11757.45887619805,0.03385013809892433,-12.266583394445396
5278.162370243149,0.014845548266154826,-12.452918167015902
64322.88524933037,0.20613001257325378,-8.9283044743795
3345.765647108198,0.010015572252311889,-8.022590738298796
244048.59667458248,0.7700995058843693,-4.646918231315844
50347.716789908045,0.1586753582138719,-7.68430745709291
211113.0863277529,0.6338177541683918,-5.9712303822334505
56853.619314875716,0.1683212606789618,-11.926200081369132
55036.8217667232,0.16468606200549407,-8.413209128807908
36909.83733884565,0.11660570056597862,-8.489039606553328
110833.49386974024,0.39837824329102944,-6.837971970361778
-50639.15799887663,-0.16326883410500834,-13.061976339522975
66481.42276277684,0.1954902328398887,-7.2086287603140615
32329.428810592435,0.10086632873827812,-12.213398608520299
126346.79009204454,0.37858169505751266,-7.773686745934228
-44799.77181077545,-0.14768048160332883,-8.896371070361164
65570.32868514721,0.21838542004273648,-5.706177155918168
90570.80840463832,0.318696071350732,-5.99747294538232
-69950.42030653544,-0.20827635012122955,-15.726433487358825
24437.572137154148,0.07106037067081329,-6.665151255231794
-67769.02373086402,-0.19770162041278505,-16.243900138994462
-26398.731472791253,-0.08992425914412897,-10.96022373936253
85523.89074707346,0.2591240024186158,-6.510518099406159
61522.628516013,0.18632185127369238,-7.506153755283118
13156.679182794185,0.03870921557035643,-8.963907470831089
52216.380039178875,0.1828678051675597,-8.509351765206175
-98545.55230036462,-0.32014026408579205,-11.41450620172314
44350.544936039296,0.15015204517564684,-8.387095426366386
36508.8461887836,0.09650876917419017,-14.16423784878933
123704.4853980858,0.3717996593384885,-10.172629593071559
-39487.16627891205,-0.11772869849733318,-11.317775834674325
56226.68698955915,0.16039925477837805,-10.536792544280793
41835.35839077802,0.13164168912689947,-11.208506435403965
-176240.9542022876,-0.5963106588600888,-19.302239791539577
-35601.94579338212,-0.10645737649699305,-14.90801656055959
98146.07056183256,0.27296388141989103,-9.990206985035165
75893.89820263322,0.23145399844866918,-7.03077267895289
-4767.893694870416,-0.015100822365394628,-9.16857705140105
112647.20903296111,0.36363045982374387,-4.717066018827887
-35473.732424065325,-0.11299585986895193,-8.514216949838726
129197.42851623098,0.39148948289861135,-5.256060405880481
-18106.472531569518,-0.05068418648117862,-9.72169943663247
-25167.312608414126,-0.07764879623840606,-11.07945240914484
-42063.85037340625,-0.14352759932980888,-11.736930736041929
145513.86403152085,0.43110859916907274,-9.244372079238715
6247.013079463166,0.01845822438376487,-10.237662151459014
80820.47059848999,0.24539148801738955,-11.920323486340589
75244.39736633538,0.2188130659267484,-7.5208305531664905
-30474.229887487596,-0.08730784601966184,-16.362272719561965
-16632.081619368633,-0.05429348521909245,-10.088824433158205
14184.711868645005,0.041071544607328,-11.005007695274394
13651.158891619458,0.044046842890924316,-8.402501919883887
-75012.4725208904,-0.22730118364633564,-16.729639137068197
22698.49647706523,0.07065913058480443,-7.815634425608076
4460.193729892802,0.014574678209499637,-12.30229456356453
-7141.953914510532,-0.020222319538169695,-12.662180827027314
-17302.366122989835,-0.05919415869210666,-11.138567650996889
53821.09297041454,0.17130437310339866,-6.842002769094934
97664.37134075844,0.31247929269041314,-5.846547513443589
84951.75683572836,0.253370168276792,-7.729210284282528
96426.95951735786,0.28592854239281473,-8.301521297191606
-25667.07662940009,-0.06754424513445154,-10.500974279062236
-26740.646025412603,-0.07895011525928149,-9.631078605387067
-51151.96349191558,-0.12825569444344884,-13.876495722712734
-5318.348131921524,-0.016192826777325777,-11.96392123901503
-83246.26577867082,-0.3039122531961553,-13.742086966752298
-194412.95004641335,-0.6501442958623614,-18.268521663627713
-152484.32174400653,-0.4208293590829846,-18.573371237321467
-45105.444179347876,-0.1496886310360275,-14.074641456184288
-149080.34822195442,-0.45537669509944784,-17.211710840337823
89990.06583699897,0.27084909293308956,-5.6784184109501705
70845.78278274668,0.22203801815129903,-8.740233295536015
-91981.93470213655,-0.30104006617606077,-13.701711360249469
44861.56257521595,0.14745862968811654,-11.397272051043139
238372.42890875778,0.7847106694370494,-4.149747871576892
-70591.95023748258,-0.21799483046560242,-14.337208731514274
-62150.87432119594,-0.20294334587016755,-11.079021482801322
-7531.91583167967,-0.020439420021220955,-8.429169864227548
28881.536999550277,0.09678813124767421,-10.295451793261211
63162.232738497376,0.18830400035671382,-7.736785708736016
47916.654587544,0.1555142683471612,-6.850057433885681
73531.28226727914,0.24895732173082238,-7.956239294481804
136577.67544245912,0.4360081890942157,-8.955583147359858
-68718.97083540857,-0.2133227940452011,-13.88356236602759
164332.60576324834,0.557204873629039,-4.804154080931989
35809.5390446479,0.12342284995794192,-11.723608383471884
-26822.70543890026,-0.08353359916063048,-10.438464375401002
164723.31901808374,0.5072546978918177,-6.66421866626502
212109.91517408213,0.6396794330194674,-5.958358805565956
-30653.526415204316,-0.08619582046285917,-14.145959828013755
105102.1621434487,0.31722105888661106,-8.47828949070828
25690.686006821474,0.08650770649960232,-7.933612650457533
58342.169139038655,0.18379952716964945,-10.173947668412708
88935.98841010855,0.2842707366877031,-5.451176840595872
40647.68907229109,0.13109687819417587,-12.702725365218459
71334.80487577725,0.22683966718911758,-7.251915398996156
-124239.07324085668,-0.38339394492236956,-16.62983313027796
-24515.774271800852,-0.08004669485484936,-10.510475649762475
92916.11174735316,0.2655849296373541,-8.327149925169664
-78392.339146806,-0.2660430918985091,-11.682516202259253
-47069.72004223269,-0.1557081326205911,-8.293544832303002
-48752.7397934643,-0.1591877871949959,-13.501730057234518
194601.0589719421,0.6272260548835663,-5.897702032034379
-49409.396321403285,-0.15126856303058225,-14.618702500460346
4551.594629017442,0.013487039108468544,-12.751079960068246
98624.81666714163,0.28581850816195725,-5.667853650353861
-79005.82662457711,-0.23242983288628627,-13.97338378047247
94078.38140579443,0.2686099484859927,-7.793779775525566
23781.30599406936,0.07128383400247766,-7.546945173520603
139149.08896043486,0.4280953441147074,-5.508591962289666
56883.22456845725,0.16316072275410692,-10.32492454899
71147.9009212318,0.21256303830613132,-4.037033727634231
63549.371662592996,0.2030616337057268,-7.6579483723506865
17721.421987203743,0.04715715925507596,-7.505018176519118
9110.710190672256,0.029213164553543718,-14.098762258362086
-18742.34344345458,-0.05777582243460507,-13.503344125876204
111757.01436484499,0.3805474722530802,-5.757705642422084
-94792.28106825236,-0.29782694660940257,-11.887611921000286
52946.80235830138,0.16839930871455613,-8.721074178283072
5210.746809343736,0.01641703044938079,-5.443511613901042
35488.03871280905,0.10650571196081914,-11.572492752148843
-36606.15986763426,-0.09907455322591496,-10.49778123529882
-14527.353653840613,-0.04407800961626742,-9.655048657666187
-88705.78693678812,-0.2624932856303912,-14.640669892302538
-88238.19084486268,-0.2627363840682181,-15.086186297156578
-226970.2439435229,-0.6868860584087135,-23.0784046824816
118937.31296687677,0.3366111477265004,-6.743351065570691
223788.08956400055,0.8171207007777921,-5.160972408869147
-52883.93139877672,-0.1706072231712274,-10.746493262808233
180686.6051635171,0.528358731317197,-7.567523282474486
-13863.041255478229,-0.038275983587536096,-12.73853341748331
30981.074413905455,0.09971868133761422,-8.439202372769305
160682.64501497266,0.5540803888224245,-5.322892026124714
46042.750758368325,0.1434552931039039,-9.836351435685287
62430.92863537034,0.18999878571702286,-7.391214333810614
104234.67115238623,0.3535359745726193,-7.599953489142508
125970.60362203172,0.3692459546384085,-4.95738713462357
-127320.85105912814,-0.35593158147655324,-15.21767151764396
66095.48876811154,0.1913663161378467,-7.313978488610751
64139.59420260521,0.22030373775488443,-7.176275175503544
-137800.98478155388,-0.4105033656916904,-16.751502241851213
-23116.203791193046,-0.06454006901365174,-9.868718039972535
3410.9905969948763,0.010033647480428513,-10.496950501701917
-32865.295378176044,-0.10736802916172804,-9.001358759976618
-31988.97364443171,-0.10038798840733053,-12.211959732025424
-74191.87582892255,-0.2418822359069132,-11.60990594086112
-3997.494243988022,-0.013354762979961588,-9.064177974747134
-55052.34094051395,-0.1760710762636864,-9.867402113237
173229.43919020833,0.5516142293519078,-5.765832790897008
11725.809223324264,0.03588167514455737,-13.834605624579165
98442.82830422129,0.2989134289933781,-8.615956029585192
34417.4078298127,0.10448057015614742,-9.541073407100132
51839.54071268527,0.16268906683643633,-12.774526945826592
16913.80883068817,0.050132601568299136,-7.791592293494376
72433.23255053685,0.20570892658619885,-10.578612558763101
-34157.44917197686,-0.10281977627826969,-7.400056070897476
30865.473331349567,0.0998975675109641,-11.04990347776409
13890.012617535287,0.05090600259205004,-4.702115099285098
45045.247319243324,0.14641133254313943,-7.7385796901510595
6578.477262413697,0.020878680379591875,-12.888703225610886
210402.200245751,0.6349435983650411,-4.557095306599324
-32034.276550673618,-0.10641640373114733,-10.588151431569969
11096.143433298384,0.030402670249767713,-10.0905376080065
-128354.94440061138,-0.39885717345812155,-13.848300943976867
-65913.73914599653,-0.23270476630700856,-12.694631034440917
-20836.54096758832,-0.06063127315137759,-7.824185842337661
-38782.19333818818,-0.12937441647711884,-12.134502320645712
126788.47741736793,0.34791371813678507,-6.525256698454518
62232.700752367695,0.17905060950192878,-10.84997354455728
-54144.37433394419,-0.1706279664817248,-12.424320318383453
79273.96060719014,0.2731446852598497,-4.947304184293333
-65757.2215668019,-0.2051551925032678,-12.08814440995748
-43035.25760158075,-0.1408255022486067,-11.876729896756466
10320.926185210148,0.03200348343387104,-10.300638553769193
-64027.690274341236,-0.20579750717876166,-9.990057582629364
15232.140772856565,0.04757147273157295,-10.48868825023358
-11511.876897588834,-0.03531293286825432,-10.519205901182971
-39715.93443605429,-0.11192742042935515,-11.025673056086859
-119672.15843603654,-0.3601432590135153,-14.84665510852935
-15586.943681166995,-0.05225854031352825,-8.470045212546273
-76942.83543894852,-0.23133446813285402,-17.713316872563713
49643.13371219195,0.1609707588434466,-7.934752444865545
-20371.413185262165,-0.0642669848383446,-10.438240877374271
-34588.23175304568,-0.11020737511369429,-8.229181265462138
46534.324262656315,0.14012653516794396,-10.646415504665608
16471.05598930886,0.04766504709459092,-9.605777308425456
-22390.227127792907,-0.06595135272404655,-9.853098730841769
-163369.40870808373,-0.49479156623942266,-17.793446447800754
-4422.2709769851135,-0.014885639045918924,-8.790713083936573
92436.40372073727,0.2920467834063354,-6.882096108395508
118919.38277220457,0.41016574293312147,-7.309376186008054
-60634.82641209121,-0.16538191989469425,-14.236343892668213
-76735.60533756617,-0.24390697065448352,-13.445664846191407
-36668.64870490792,-0.12648699361753668,-8.18245594745074
-25720.273901360873,-0.08165979292386882,-8.296997306860343
1093.4408857089547,0.0036704257389019116,-6.566014174877976
-10880.708695744494,-0.03335992936993779,-11.450290752023362
-10335.443306086181,-0.03577815302234257,-9.660932705081715
-26063.56335736441,-0.08278375680206147,-8.810683343798676
86929.64098207232,0.2693668422564164,-7.975224055531715
113839.17808068452,0.37247139793469486,-8.064874899173057
107688.3893049739,0.34358357441535414,-4.909335207545795
26229.064813927318,0.07291892559994127,-10.765725651105228
-6057.185198906837,-0.019045809239951375,-9.268865349981459
150370.59846599947,0.4560011891021179,-6.267358347256701
66281.57629820184,0.2418328212106411,-8.83781718141714
-47028.325693089966,-0.1475674668509189,-10.5156556233862
81077.42071001082,0.2660859045829334,-8.41962599016044
-31480.471126589724,-0.09194986748132994,-10.522484869533343
60072.40318440591,0.1745066581936972,-5.948715001363924
28264.57067514255,0.09137902591847857,-10.212885089434764
-22101.26876444401,-0.0747997588350626,-9.563148040130153
-38678.726360873494,-0.10990098901544484,-10.724772944155447
86992.94639799376,0.22416048603952232,-7.716402719226723
-202237.8404319449,-0.61533948299875,-22.329318241407925
135581.88672576862,0.4045862609201737,-5.900414377467644
13951.297654007041,0.04364906725783405,-6.1114493614835785
125366.59563509598,0.3591609925323173,-4.909238815848049
-34380.741015484266,-0.11183821730163163,-9.325662152367709
15637.844928080503,0.04908678030988152,-7.258732798408274
-79981.18441971325,-0.2145651630390446,-16.041492139480297
-128169.12320238797,-0.34925332015845856,-16.338339149772686
-10287.439428322332,-0.030830287567274513,-11.32203892238527
13270.797038699866,0.04257063479986102,-7.487110887745763
123074.38109309271,0.34835512906519167,-6.095150902419199
59538.2895234937,0.19701145470466208,-9.249117784869421
-13455.154527190409,-0.03913073443208064,-11.304080428872643
-57759.238580810714,-0.1779386523648969,-9.94610594574661
160608.42601538272,0.4931882546297246,-5.404881393822725
113365.21300739191,0.3473807118349113,-8.130947297399771
165518.37336571902,0.4470706190919587,-6.2318181893564635
72209.57949760383,0.2580813256170523,-6.632860049712108
-37853.54434961095,-0.11407817145440892,-11.433384652392553
-104550.03038668557,-0.3525119546848204,-12.263807380850245
-39359.693034693264,-0.10675660840567956,-13.755493755127224
-7545.794717407234,-0.020846142253064748,-9.89268911603608
129258.24076096475,0.3829261656647283,-8.354111596601022
-4958.115827665619,-0.014074131894803762,-9.064572689267504
-47120.94499794835,-0.14075636495913843,-10.001696791796387
76287.78936783326,0.24075615712530987,-7.013220657292218
-29329.007618368058,-0.09276601985708842,-9.411475447992002
3857.6103546222585,0.011125610387920783,-10.917870824703979
12553.687138859696,0.03977181296549584,-8.61249218268897
-73652.19785473775,-0.23666296371557397,-15.56022117463909
-68654.55679073521,-0.2417625707284827,-11.38634757563376
87588.64849192338,0.2612320495881836,-6.205286044241676
215799.20158962227,0.7433512987503531,-4.7489551456379
114627.85189980346,0.3230961064504009,-6.364966179841247
-26894.837387282165,-0.08335440700056118,-12.011306506581876
-12733.484368463043,-0.041822032466995986,-8.450285405980951
57572.21214718139,0.1885359217073344,-7.484030585114931
-26573.10341407461,-0.08772303299386247,-7.777663726270112
-203220.17901189695,-0.6671644565207416,-19.44911922345961
41903.31090743015,0.13393601788969922,-8.109872278949048
10853.350233496403,0.030857436191266182,-12.46529719883579
46259.520307882645,0.14206534036995352,-7.936437940902152
-72065.30553262524,-0.20229071621126446,-11.341124493280741
-14308.670700695027,-0.04055868245262601,-12.989617030834289
42266.34832389631,0.14957936577009023,-4.859459935579391
20826.578598402506,0.05651382553252046,-6.9150614588770365
50405.6895064652,0.17354666888872225,-6.594881812936326
-105859.37406359926,-0.3086578943925202,-13.913895158768897
115429.70886455386,0.3558198217509431,-7.580824103203632
33745.094613794914,0.11478557570877537,-6.683497559994267
5332.343065138064,0.01545041301173018,-11.545638879461084
81811.27667755884,0.26662995694239544,-8.616277587890774
142554.75196716716,0.4327063705998051,-6.896852716057678
145573.8867782338,0.4481925400215711,-4.826239832569323
-91100.06917220002,-0.3250595349337112,-15.573870310275783
6647.950238762738,0.018848213648961658,-14.136866480348221
-28507.60605398383,-0.09572119852160049,-9.296962966979972
-14969.513552984457,-0.04929306475186427,-10.812753698830369
-10054.734955610322,-0.031997980643577124,-8.664236429781514
2577.8526113520074,0.0076579700371703615,-10.838905849992031
18776.518213984884,0.05482741572232053,-10.329546655650844
88474.67998916173,0.2559179586314786,-7.982632385057798
-60538.498280931584,-0.20641784841309477,-11.601343232181005
34272.06215530667,0.10442790565734116,-9.696933145200981
140444.60438940176,0.4233345764146697,-4.945409809312096
-41038.986846798434,-0.1167650293058574,-11.262159274961103
52611.55513802248,0.1621620361572124,-9.87718763849228
-95009.22992117325,-0.2635697212329228,-16.357094409156048
101737.53079725873,0.2878296852662885,-6.406502295898298
61939.21543916136,0.2121491103246471,-5.31240874154374
15946.648226255807,0.05331994485133876,-9.071939364955583
19409.02413569729,0.05468627891644107,-7.41387667026423
119095.01156570629,0.3799157668753049,-6.03863422408285
59523.00169395187,0.1817779915934738,-8.214642500865565
110791.7963032136,0.36473380700165764,-6.639015095633038
47360.412223667285,0.1566387772932723,-7.39241225607794
-12868.136834201488,-0.04203984399471141,-8.973536497579904
-104334.75228783727,-0.31379292111328727,-13.455401912871256
117667.49983086542,0.3176804883830635,-6.8682506536761885
51906.538192689164,0.15313536322381938,-10.834599834760139
76956.77733824377,0.2256181492293325,-9.63080359788112
-16527.1412643315,-0.045755847454418797,-10.658151571704888
93791.4443747012,0.2554147090589969,-9.033108454514815
-20295.085920207915,-0.06273719629203751,-8.365908983362381
-137119.04868664368,-0.3926094507644712,-16.625494001293962
-4511.070879834858,-0.015396737792745958,-11.166574024228314
-115036.0399946301,-0.29641215558226486,-14.35777361877727
-37485.937314794595,-0.1117886799061393,-11.79083750410439
163264.94518247928,0.45597246600365865,-8.482258847637791
155699.74930202885,0.46241891341920016,-4.596068589972246
-73230.19999735513,-0.2383783415935028,-13.983288550343731
134370.891897163,0.4010412162511583,-6.952146124999281
80335.06525938191,0.24473550556486004,-9.335858121815132
79270.60452277804,0.24125760816790512,-13.575216244498467
33317.52422423703,0.10364889297015113,-11.650865489593631
-133935.55058635748,-0.40739453699129263,-14.268248883033351
-116412.4196194281,-0.36505446603819547,-16.286246982953724
80980.77619146986,0.24915957411231057,-7.573926443083434
-8060.276842080722,-0.024978747045092762,-10.195076956964488
-102085.70287850773,-0.3088067167421046,-13.04689184585145
-21874.636702066266,-0.06840659998268012,-8.889026187738436
137883.99523962007,0.4293552334803278,-4.547375373786878
-98595.69934424736,-0.27960555764849626,-18.460631122388637
182412.16404865895,0.5377102712423342,-4.45254102219238
75363.91968318833,0.20817499193751268,-9.123787786254834
-95543.23469711762,-0.2721160405894917,-12.122384770577222
72867.9042499887,0.2551127495489031,-4.740627665826702
61239.05876365575,0.17590438324721588,-7.754066917413926
72032.34547209318,0.23363204512096075,-6.340188391845336
127828.57828647405,0.36961576917464944,-6.677497878171024
11789.252077593494,0.03676326104763751,-8.45407567247074
-53576.917044953356,-0.1753773371447039,-11.76473271394929
-177326.65571083853,-0.45225631798458366,-18.49168045208598
165318.83927328722,0.5096446597251766,-6.24310276710156
19462.933191219745,0.06622092032175972,-13.784444085992886
12714.943077657434,0.04401340729334272,-7.518535417687156
-32393.856205760876,-0.10324406991898066,-8.83648300373302
15187.537809992973,0.04794511265248393,-8.07973126682523
-2578.015176842244,-0.008231329971742881,-10.398446438625442
-31037.00373855546,-0.08861803649156474,-13.782454150735912
-33547.23856049256,-0.10340109037864043,-9.105070367188661
-14527.159168144448,-0.04200467310202517,-12.720845462616005
5451.470922137494,0.017452706208346744,-7.949463866865547
151423.21569595017,0.45396980412896754,-5.791422710454908
124076.99818674197,0.3711687718868832,-5.8969675018439975
209654.07552720184,0.7186482768408871,-3.5925147667604573
26934.762571314488,0.08582709892851172,-11.174328503582643
64965.05646550798,0.1872633849242062,-9.435954062702546
-27820.42851556481,-0.0736170109018878,-11.650286163605506
15790.838319909748,0.04438917832221758,-14.831790819284985
-10564.26138602757,-0.03154925829763098,-8.921816787824078
74298.99879037139,0.22899823335081276,-6.848856541727965
34565.81084636341,0.10667312793501361,-9.343605869762373
21295.794692568386,0.05775059076534249,-12.137489801323376
124605.1482199949,0.34257012773614864,-10.723868907181544
-26306.17425992717,-0.08732862547960359,-8.33385966617981
-24920.924441241048,-0.08024202515812494,-8.899093420661163
2612.1319909552485,0.008096721759990825,-11.163377228768079
-103531.44646900016,-0.32995710876310536,-12.442702912447123
91304.23831969291,0.29123065899689615,-5.627571844893309
-7625.626505538765,-0.023980494966992075,-6.6461830429367925
-102593.46563812364,-0.3470090488847857,-11.979811848773192
40384.005204203684,0.1274918841359751,-10.948323011138017
-144535.78362807992,-0.4646677976297101,-13.989381295920278
-47341.766502846185,-0.1408657125897572,-9.805795505988602
-41040.40130377606,-0.13248403334944572,-11.769733380409509
-58455.63260731601,-0.17090777252391037,-11.618614418432449
-111938.9177588068,-0.34459380794966354,-13.856194981484071
82252.8392133103,0.2527477661153127,-5.311663329754223
63803.07902260883,0.1995651417031927,-7.090400436745803
-38318.89397145384,-0.1180155010069368,-10.833951482655369
29639.779426417095,0.10255154482011661,-7.1918881019868985
116469.29466690986,0.4353473206613837,-6.461753734812992
-20233.393355744476,-0.05513373186250606,-12.53967322045163
40147.81710282053,0.11106502402314189,-8.686316063865974
160934.00439435086,0.43909595713925087,-7.985566662163313
-45648.88580903861,-0.12896612587952044,-10.61538726990825
1478.2726844192835,0.004168757378443009,-11.027974763885606
78919.52071668088,0.260003690071772,-6.85795506796153
11237.578371463143,0.03292892881177779,-6.938195530607283
85024.921356336,0.2500517951625428,-8.426248440414607
92503.4730482214,0.3099165072754569,-5.649249045456617
-171930.4026846999,-0.48534720837354667,-17.15914330680981
34700.91386144227,0.10535680705558882,-8.372863276438514
2245.742657126165,0.007100886332873213,-8.149574510207424
11008.912618409891,0.03329946506788432,-6.131600627254475
19576.90809913815,0.057181885433280684,-7.50225474699463
207295.4095351084,0.5785742776126727,-7.67800986156475
16324.855703799924,0.050754507196418504,-10.174511738598857
60873.8361022272,0.1855276129319391,-9.52341105322434
40414.170170028105,0.12372093241108913,-6.437249001485201
-57223.78036104541,-0.19316339385609627,-10.224480297653503
104424.61219322441,0.3836628516457148,-7.341606917709131
-76656.16880551015,-0.2598502168376645,-13.033370776784302
55348.01395870846,0.1655154205294914,-6.273122199304437
-5300.426118819407,-0.015058413653172377,-8.88059587940262
-36383.087644570616,-0.1116705824542862,-10.543792469572356
-29669.051682106277,-0.084043340895345,-15.009819441236749
-27683.855186197914,-0.0776223647485549,-13.423347591022727
130313.5855180301,0.417059997756852,-6.430526180826856
126817.16657616821,0.338175183818216,-7.271484574896448
75098.32246140609,0.23642972513527827,-10.263759945914009
14779.125686501466,0.045017507670679476,-11.006008777472953
-1997.3644741620174,-0.006920161606878926,-8.622658839011022
29436.11494489226,0.08414613938391409,-7.4485915414331245
-4768.2158364988245,-0.01589786558842735,-13.510953082779508
-89530.29346895439,-0.26266805645580893,-17.815111876716504
-6039.648763177475,-0.017940566396045913,-14.122898881013946
132187.81086210688,0.3940469263819439,-6.769954751014562
-5137.34718980757,-0.015334239540846138,-10.95291728233173
29847.789936079516,0.08733518435687537,-8.288514180189676
97857.54711660474,0.3192948050502183,-4.969120925998672
15073.805835357382,0.05107015182248355,-13.219423371853068
54392.349386132715,0.15511000211778045,-9.878003042947137
-19754.42724508924,-0.06430131022286838,-7.889060692401751
92416.46473226296,0.2973733327509052,-7.950173100413938
83354.81707416513,0.24342960962879567,-10.116494432489521
-172930.76569237743,-0.5636303891897698,-19.46552142988035
119088.054696748,0.3436571774191864,-9.183973651709321
-11331.86828357491,-0.03926387953182484,-7.255362963865874
125848.6261092937,0.39865884984537425,-6.193459440643068
117330.33473377537,0.3664724679306726,-6.085832998471863
-92618.71320743316,-0.2685413177512348,-15.259439650777729
49011.37202614831,0.1609198124462231,-6.420067828319631
-12685.736366269944,-0.03709093450456735,-9.457968099972314
109666.99032314622,0.3901293423750386,-4.7063098876507725
94754.12264187176,0.30614184537990613,-8.54223591941099
50674.570091342386,0.14659758760500866,-9.99699146871671
129027.5272840996,0.4039079965164138,-8.965137125769152
65426.20522355336,0.21944211381990353,-5.165128223033588
-18997.328019340668,-0.06490837569978748,-13.926334965560393
38097.66729305287,0.12221886051247573,-5.412528448948562
-29243.48278746596,-0.09391029129781996,-10.083893413091216
190160.11302553432,0.5324630407904802,-8.49001354695691
23535.133990330614,0.07399721211315544,-11.388755795068628
7680.456703103675,0.02448062564502035,-9.932620567465932
-35782.84373161022,-0.11928941924693111,-11.184032563910595
-121842.98514353276,-0.4335140519588103,-16.214024907348634
-129836.15673795255,-0.37562929514445487,-18.43216353598668
74926.69128281432,0.2176040761513961,-11.347960693406256
-26745.551426109796,-0.08021676932235383,-12.920067207652297
-53782.517913876545,-0.1594676821733855,-11.661600556107121
7495.296500598469,0.02405596650089167,-10.806339104019836
44096.999581242126,0.15157570456777283,-5.768532352847799
-119884.08063593549,-0.36629201981045345,-15.408117778097308
-25341.188352550493,-0.08322884278091093,-8.459760418743102
430.62927492203875,0.0012368018828352967,-11.602120672279403
124462.43191276705,0.41375279772344986,-4.19884279467272
-173327.97606799708,-0.5499291224130795,-18.143430766519486
-50184.820503472445,-0.14426863794489855,-16.428396327914395
3223.183896703981,0.009143974694894997,-12.35336487822244
105075.99330449496,0.30782461999925015,-12.605961277629074
135494.84770710455,0.4017722382001695,-7.468562651383959
140657.31957858917,0.438237156157001,-8.781225532100478
26824.599733608968,0.07903282376575033,-6.482147532194138
23880.233384036328,0.07573595787603796,-9.18689860048385
-61646.95359965451,-0.18526219552727657,-13.360390310129667
102509.94790171474,0.3049459048213187,-9.956812111059154
41232.9601237288,0.12713763164225816,-10.645227310496253
54513.823740113825,0.15632343885936245,-9.05670485014609
108374.23305624315,0.339988067225464,-8.085611928425928
126479.6058179157,0.36274833490338815,-6.849649789593359
107136.79495822123,0.35554214922358524,-4.977947860618881
63359.3668120609,0.17255749415060676,-10.673085620544976
54416.16752098285,0.1578774419836621,-9.627306068746023
64150.931913518914,0.18787542550193254,-11.376905378868617
-195694.7029122914,-0.568264206806421,-18.356056931303012
41196.373948012406,0.13043960711754127,-12.781131519547218
75227.75945896408,0.21637612422857802,-8.556764398602002
-31618.818563937195,-0.08387399025251918,-13.091670383853959
-26906.57945623725,-0.08648738920488128,-12.731531085435343
-111327.23624441009,-0.3161075301808253,-15.906356878356897
39785.55371269991,0.12154640145310638,-7.315260310352745
143316.30547737045,0.3923853501943488,-8.706242001701426
-5904.285716295532,-0.017771431255024357,-15.484656187364354
-22203.471356016533,-0.07426497309327354,-9.684462692086726
7546.665280440966,0.022734665953976683,-12.994245683830485
-112878.05271282111,-0.35106356975072356,-12.952431141061393
82130.49911804746,0.2420189905917804,-9.797186994575735
60386.46233386708,0.16207101578279828,-11.693880779150112
-122290.72701619299,-0.33093412775308756,-14.792188172648824
-3955.175614786361,-0.012521047820905587,-10.669619805215492
82745.42908062335,0.2619350781474769,-9.741739049490628
36429.18874670105,0.11300755286293405,-11.222515806098377
75187.93060160328,0.2253530514619835,-7.485642410243543
89473.24837510561,0.2605211138766887,-6.749725608083013
111591.03710565371,0.32291477926165474,-7.38530962175189
77961.26257824426,0.22065184042014696,-8.850753833886094
148928.15099295662,0.525342648544002,-4.186252887636455
3272.165733197304,0.010530957167491313,-13.025243476993875
8593.384586045742,0.028713819798755067,-6.270995806574209
36181.27469350819,0.09538855365728398,-14.537592097045815
6169.176395104354,0.01939427415042163,-7.396757282143252
61542.207182630365,0.19139343964308214,-8.537270701815514
185324.07124157238,0.5361661522386973,-5.398638769641584
-23133.088161167,-0.07773291128756296,-10.21005882564201
-78427.15421846363,-0.21572993449928904,-15.399905640815337
-101921.73208496082,-0.3274671583221261,-15.192863182464912
-8732.087313693917,-0.027770342314218627,-9.324332143339065
-65907.37497987231,-0.20018604535346596,-16.69446144912432
-60880.75559637123,-0.20098516482149226,-11.54412084903258
95078.09470333651,0.2859850663524633,-5.554765852090959
-76130.317393644,-0.24673437410266033,-12.581259899586161
10142.950700901907,0.027367315737713033,-11.338176031452917
116152.03497024938,0.3872141133236888,-6.059950997436136
-120858.03660866444,-0.3527488668650962,-14.265300346425692
150207.7339945489,0.4512883587416633,-7.062260753135908
13370.828953406446,0.04880742943276895,-7.618610802165582
-29862.585000263356,-0.09016861239991261,-9.894530060714358
-131295.4583736263,-0.36840536355295556,-15.882545603628206
116922.59165140786,0.4085833645009866,-6.841484937290621
-42476.30311295618,-0.1381108213199616,-7.834435627579639
79603.34150174742,0.2575775687030331,-6.489666812808881
2450.7662526656277,0.007199516451544113,-11.58803125002147
30877.90989892479,0.09627136670822081,-8.614281966376724
-38466.52575327266,-0.13853279871635055,-8.21499381643276
140491.77502508476,0.4323955393269152,-6.20553345460646
160579.39044948592,0.5142107753390286,-5.718552392649967
-21051.44741881463,-0.06417338368150236,-10.660043208652159
-76580.65169797122,-0.2274275171708236,-12.323638584001195
-113220.41471944802,-0.3389407954424156,-16.059262342283965
-119702.2690135691,-0.3784424349220508,-12.938228643778771
-27060.342218053513,-0.0884406080416965,-11.205927164824981
87640.65189668605,0.27462612373608863,-8.398227269007874
-383.5832070450606,-0.001347796904625362,-7.3581106433662224
106651.44504428671,0.3114166009678442,-7.608310129677253
-24739.396420587575,-0.07081739378374755,-10.193796357103146
-46231.16750959289,-0.14963438085150868,-12.277236633789723
-23397.888241052366,-0.07194785430018057,-12.625099882181912
-36459.31658471408,-0.09967837713500508,-8.46097666092771
76348.79331606816,0.24661180849121253,-7.7222419386783425
18133.38724649317,0.05041274644947427,-12.081541160001464
60744.02759229582,0.16014542139108015,-9.031474635011282
59433.073571955574,0.17505456047111295,-9.809129520355942
135782.5330818537,0.43587894776046016,-5.171639053927024
95004.84169710004,0.3107405186064717,-5.701944585289221
-5417.7462379377475,-0.01619874481539585,-13.470431375934277
-85293.42918277513,-0.2623940922640794,-15.045747582027802
-1405.7377670551687,-0.004596807956986641,-9.217708355275878
-71979.23215260408,-0.23378606407352776,-12.104073805405857
49294.03338611209,0.16046847193374522,-10.664385686533839
22921.33411872455,0.06550679120590858,-13.142703360945129
-41229.07400407836,-0.12037111401689503,-10.56371394807073
143103.24919091444,0.420986475393383,-8.771739762620335
-70629.06842325792,-0.22837225988546456,-12.354562162647643
-57848.837591493415,-0.195314085079333,-10.714589023538945
149977.98369383966,0.509495799682552,-7.507315857103891
54642.476268349084,0.15010877290214122,-7.187885145418759
21293.919657763872,0.06146059207892108,-16.47060097186561
-50464.412533080926,-0.1468519627563983,-15.085308797666174
151408.78953790196,0.4423185338898665,-6.657929610612312
-26797.05650442565,-0.07786914779690846,-10.003025269307242
80630.83261727937,0.23405383703357585,-6.907361712688287
-92343.40890709871,-0.2811096591444222,-13.989000784058558
166816.7905421136,0.5645430191106126,-6.006299202767618
31369.19513267893,0.08836388500169476,-11.578645910335283
-55108.22357413921,-0.19756569879667701,-10.831248732356258
-58093.15532452304,-0.17207845335716734,-13.022841178211909
15455.261383162342,0.045303266010810805,-9.085613534304537
44754.58542690714,0.1327651918538769,-11.157337768413889
-85993.44535866352,-0.24166315785702966,-17.015448630229933
21679.02211949538,0.06120553091875326,-8.073464976277734
-38882.88796699131,-0.1167412894013778,-14.402047306593612
52390.19442376573,0.1653424889420444,-7.751284936313352
-5973.498031661587,-0.019187478076105335,-8.157974492409704
-20770.281650242352,-0.05872800183758241,-17.168269943374128
139980.5312852249,0.43960673413808893,-6.335451360097877
10627.174515203442,0.03294677459290902,-9.903146376630856
-65079.74166500754,-0.1749376418856069,-15.271680583042357
24025.657020165396,0.08026957348867653,-9.139009465124136
-45255.23447529053,-0.12949766082869552,-14.143264918167986
131236.52331376835,0.44956084257243284,-3.8028794564432644
57856.60737330336,0.15471230495183785,-10.460663997823083
2321.6819149318208,0.006391646978458927,-12.133835941529902
-63831.610295174905,-0.20025898310355644,-10.814998024316857
-60051.118981142085,-0.2028469909757798,-12.83757829063391
-46896.28516111415,-0.15144625796328362,-10.872395780262057
20835.70440796596,0.06040157592912381,-10.078215906774425
-257450.5059948899,-0.6980373981476373,-23.773587539035123
90306.55228470034,0.28561500240859833,-6.901045752050273
-77556.02355552932,-0.23977846664246116,-13.7204458906794
-56500.68306110693,-0.1833018196791352,-12.001599633797177
-103386.75503326251,-0.291657609539472,-15.613709700840273
-64973.264870101324,-0.19102561566916965,-11.107914454877443
107661.9323466482,0.337910954972304,-6.321551896623722
-54221.22756945254,-0.15645143487309282,-13.590624041057831
21017.85472423908,0.06650832285276626,-9.07620548906788
-122099.28748596905,-0.3651898233463112,-16.875282115397184
-3615.1900052798965,-0.011627776851291018,-11.420866973688248
-44250.912237421195,-0.13241220780818747,-13.80076871332976
-97872.14115117755,-0.2913265980686177,-14.331486310948616
-27955.6672904991,-0.09517890138616959,-13.274974095484037
-58501.305399452904,-0.17614281902542814,-12.972587296874238
-38384.73840206546,-0.11199662508938257,-14.696324189444566
-41821.11541437881,-0.13004265980675367,-7.849368171937943
103865.59506493193,0.30071425380776634,-5.691438052644504
-65542.71767889267,-0.2003543490043468,-10.80570193859527
-68240.03568330895,-0.20501806482000517,-12.922497386517795
-1900.1902535764466,-0.00506985757392167,-8.757367348590606
-175358.52035916617,-0.5142102268924557,-20.431953810645343
38690.584973817,0.13766288132436763,-9.577867301297893
44284.311261590425,0.12800725024475793,-9.881859238171764
-93279.7078447122,-0.31297057125466693,-13.72564890807939
74308.94442337695,0.23059711814587475,-9.009496601364686
92358.20915474216,0.2912205799044983,-8.968842250686615
-116835.98639754477,-0.35541654106189,-15.012192808802705
4168.776583534373,0.015237865415105125,-7.88863621617002
23570.329506732895,0.06635860390310719,-10.948148173306427
6881.115733996289,0.021834962125967083,-12.98832289254288
140306.84841114655,0.42785766773277906,-7.264111287303054
-54305.51966671364,-0.14726870758852104,-10.88576299951135
-52900.1392472529,-0.17451685549483198,-10.51703314084057
101801.18547784787,0.3152118831444983,-6.091630561862749
89392.59696873542,0.3003519087623542,-6.001658112113573
-186051.55953055996,-0.6384951101978956,-16.77299029301851
-87796.78157593546,-0.2688520689046325,-18.577980037406693
-17427.23744882466,-0.0484071995190298,-11.695896545201844
-18907.284465084715,-0.0707970490833668,-10.088073246771923
-107117.54794739708,-0.2905298397211099,-14.138436428237977
34514.95398996878,0.12261932086775525,-7.973679634609954
179950.09523351345,0.5073405170447457,-8.615896760659625
-41370.088895887486,-0.1265987960648536,-16.569168249643717
-97594.76578518872,-0.30272300324560397,-17.035288691002325
-18776.685266433244,-0.05968010554725132,-10.995884559727543
-105654.88621454517,-0.3109148236276422,-13.454994954051413
-53621.27809698019,-0.18212128385921045,-9.158581332612581
135211.49142673324,0.4331450452069579,-8.68503012543389
16068.806706811934,0.06206483484795596,-10.617149192081444
-20864.514680549313,-0.05961908171221647,-12.067929194053084
-169524.64453358512,-0.4921849638519416,-18.260167146759287
109926.50633491746,0.33654104516776173,-8.697901331842761
52486.191371977075,0.1844089526256751,-5.521296495441086
105651.88395773913,0.33514022614795835,-6.810668199579739
-83666.86214225808,-0.240263402004098,-21.520460496412763
-75802.40011824768,-0.23665064279734263,-12.322378513353316
-1066.803595846175,-0.0029810162419174582,-11.812409054432093
-126263.28422332325,-0.3739833902275771,-18.433421016424777
19350.976140906056,0.05725810750163184,-8.906299565271247
26306.544655847247,0.08604408322680351,-7.36856934257929
109685.60279240916,0.33436810665310907,-5.253499919560278
91831.38861186376,0.2820395079074248,-6.670591662248149
-937.7337932039354,-0.0029224886264321145,-11.183455163427036
77041.27139037893,0.23330981598543685,-6.531738457290858
-13012.46912428017,-0.04061649616571592,-12.385337760595261
-7145.145639302571,-0.02243072007612048,-8.695020408163368
74488.93195847655,0.23243550448967226,-7.230091642857939
137620.70190421445,0.4357497519736054,-4.409953657719202
94676.87933058602,0.33241703203781986,-5.422471736714918
34897.38869798458,0.10634691374916834,-11.39038823554106
70297.05596311325,0.2166324414952931,-8.04320574096067
-3039.9583974643165,-0.010037941299421583,-10.188828931893724
41904.97188502571,0.13421240396032574,-8.750892883820738
76508.97557064577,0.21943502459977593,-9.294298476473484
-124797.75596703457,-0.3647610108241279,-13.484469886443385
-25281.308195772326,-0.0786721454993461,-9.874861640611265
42796.6668366135,0.12500626219457758,-9.58118265479635
45751.488312232,0.13188171768121518,-8.920346477318686
57415.43560368847,0.15962413020317445,-10.861160187541419
9429.526014985968,0.029196808070761013,-8.333532914947995
23131.244799449923,0.07019267837191728,-9.74149456886333
43087.03406193387,0.12275468219033023,-11.15878094681958
121071.67162193276,0.3768715861574252,-7.484607546732846
47104.34989870977,0.1564265917148839,-8.100554335524034
-133205.96666151765,-0.40642692355378346,-20.412520250445297
110329.15597803572,0.30288689177204636,-8.45409212629008
112300.18898124977,0.33285395955612385,-8.485603071305569
-112152.38300436294,-0.33581442243410203,-14.734019682125032
-110165.22837180473,-0.32620688410876475,-15.181316598952199
-8941.855641200369,-0.029381074944737243,-11.861949437397213
-71232.6764806084,-0.24009611933470196,-12.637831007832101
-135191.94840968752,-0.4291903134015942,-13.466963988948578
-132499.8874689379,-0.38954812025434055,-15.100388362209404
47226.76599715948,0.14186781250030084,-7.591409032558216
131366.3693819227,0.4036818062824893,-6.1221840043585445
141475.13410328276,0.48361290415174946,-8.166263967360843
-210151.59407365098,-0.6446141246400753,-19.991127197605184
49916.58815251927,0.17282000807106832,-7.324396826603907
120842.47162954956,0.4368338198870011,-5.387128924559692
-79155.36043075494,-0.21053443342338157,-18.243562713263707
25568.608324841778,0.0686906864643813,-10.687005622520774
-135877.53982435903,-0.4226573475000498,-16.628578893333533
-121815.4606541451,-0.3334750014860566,-13.386719761063848
-96395.16239477872,-0.2925939126239084,-13.706447137124867
21472.019261447567,0.07399181165251123,-7.853288445056917
39499.87284379829,0.11928512722921862,-9.787524962881921
-71457.4747529508,-0.2208183422991617,-14.797375347584696
83432.57596130251,0.2684616144739515,-8.092485787590709
30966.017821865586,0.09630958162793991,-8.367350621330738
177151.60948472473,0.5357642042143339,-4.702745785923412
140311.6464407719,0.443428336882728,-5.221735509731717
-99463.37382838082,-0.25251363700730417,-17.386172828591008
2206.3216549888575,0.006787220161137589,-12.878034359385671
69942.91361047038,0.20034745994092132,-8.341839081512815
-31552.108337594655,-0.09295090387005295,-16.80299595399567
89702.64714252921,0.264184827733971,-8.68635637592342
-2407.5106745939793,-0.0069727534969176545,-12.444766656568707
227668.3611212992,0.7181922871388844,-6.8920758412681415
108754.92891484004,0.36775061433135975,-4.079846902385798
159910.75070402367,0.44830021444498064,-5.661797387797341
79373.99247015866,0.23692229225935788,-5.985954255780435
49845.337985540296,0.13599060121777662,-6.768326662749913
38795.4336818641,0.1278491994388019,-6.248104312532465
17262.105136857357,0.05112165477161754,-8.566819584363461
-26958.610675071573,-0.08198188479732067,-10.571789197506021
-19863.690119303494,-0.05348622943579616,-10.290725369977238
39782.816527544834,0.10861596027812538,-8.277765142125892
63184.327938103255,0.23590776190518498,-6.624451825774957
181527.37903913707,0.5697072281270267,-6.984986494813484
-72253.47110342002,-0.22218841109646253,-10.755733562817582
93024.53448397435,0.28677042028237343,-13.098416557668601
40099.884626229774,0.12478267845684565,-9.109774006894089
147782.64466448818,0.5090213005899394,-6.024500187935167
133435.60680577857,0.4320229548117494,-5.7063157299952145
-23292.746813131118,-0.07446040757643824,-11.191740144215611
19450.079201866232,0.05988406643225725,-7.179474960826626
-72703.65271427325,-0.21811743317202437,-14.306174399547833
-68299.03670723505,-0.24033245922283394,-13.825602867753195
36790.00941577862,0.11517004585845701,-6.971088848372631
-1143.8152394896829,-0.0033663436364628537,-9.22083298301537
34382.29442293248,0.10954433323905077,-9.404977825386052
110336.41254311567,0.32973817599131094,-6.217654644036874
19881.721365545327,0.06322901163176894,-7.668127706772521
-166913.6198690468,-0.5001672910355514,-19.85331525989331
-39119.03410595335,-0.11541915014616834,-15.110849551269768
167788.4179775979,0.5773890310974329,-5.522311992564477
-30109.788270665016,-0.09753973524469092,-9.515635347877271
-847.8068709300269,-0.002609665661773025,-11.47736299024482
7247.121645531437,0.02281337422254396,-8.270476481497901
102280.09576400093,0.3431645937606744,-7.552554793069954
191113.090964579,0.5043772437133314,-6.640483148720411
-19684.92522723953,-0.06605262125440965,-9.946727423986202
-52921.90039184475,-0.1572201612814883,-12.811459990887563
85579.91576602253,0.29192878095372443,-5.604973650707312
-52772.32698310643,-0.16342267412240738,-11.85232230941219
-20325.745315395907,-0.062361782819710915,-11.96984030871353
92690.40269048719,0.27483966196230175,-8.467639602262656
13641.538758492417,0.03974400447820748,-12.330615134198364
9663.66402720728,0.0317320538889256,-6.063440788910945
19323.218246305725,0.06046631106708766,-10.73724232639176
138303.97316092273,0.5073937386005052,-6.383465479226603
-42470.91688633432,-0.1305976288138039,-13.377344242818634
-29068.801987860767,-0.088520675594101,-12.507067969854669
-82118.95755639159,-0.24309906550045604,-15.12766824933699
91018.60824025187,0.27801063854448393,-7.039655871209161
7565.669953730218,0.02227997583380292,-10.843234977364268
-90998.33933462846,-0.2730688471997602,-13.374307417132025
3347.0911807544376,0.010853636095028148,-7.165216882902625
-190.2309690758393,-0.0005676646768635463,-9.736886239215792
-164491.34892020503,-0.519336648825161,-16.818061009014272
-74303.0962119451,-0.1977676845327519,-19.800150504446414
156872.2895439045,0.5591421996101978,-3.85353645598282
32616.356799117664,0.10564329368389884,-8.756689066633195
-109506.40473991142,-0.321406056395689,-18.435417092813957
-71167.80629646163,-0.21544123329553364,-12.437989021548535
37155.859497270445,0.11644649605907298,-11.084569250102373
-94305.96283492587,-0.26501088614590523,-14.243686951340228
115607.37283419228,0.32930535912934916,-10.847589920175215
99540.50680328663,0.318840483936745,-7.24355227212482
-37753.28947027125,-0.1295719934002107,-13.068850502093865
-174427.57206034227,-0.4858172280092216,-18.721279690793825
69627.64598267857,0.22124370593229786,-9.172366061555515
69177.8692202543,0.24182493573971806,-5.449122794552041
34084.73026552234,0.10093767190293941,-10.635418581653532
85635.06374090486,0.2702261288507978,-10.220290286079381
30663.104249454787,0.08047756178066816,-8.544793629502534
7903.1434917370825,0.02704236846881588,-8.316713124405394
-21315.03154449634,-0.061389969113843125,-14.846345670644222
-94303.41979486839,-0.27591951931270786,-14.137753905978734
-88468.75426803381,-0.28594752698566017,-12.559651555031381
132362.46235577174,0.36169092215734433,-10.50124615950796
93358.9382442594,0.3326009058105118,-6.134755652574753
-23172.833290121827,-0.07588177403018691,-13.301704572822803
21042.54246042261,0.07163829610146208,-7.368151398481537
98558.41471475486,0.30583065175709073,-9.547003137036757
37022.94890927862,0.1155296600745525,-9.836683397960988
-23934.47950577433,-0.07684710529555307,-9.085246319500973
136298.97003508895,0.4329592535152979,-4.978367209477597
99015.77292224538,0.2593019112837095,-8.802507558751671
178475.36982448972,0.588233923342777,-3.899311977803621
-73543.43526746273,-0.2137749854890511,-11.78635639303226
-24609.96105457924,-0.07255796623733414,-11.19991067080316
-132599.64349065252,-0.3909230032302577,-13.629169473392633
123758.18252700387,0.3693006979946943,-8.046780769870177
60072.518410877645,0.18074341570635888,-11.53230573294971
117529.30713871564,0.38806049860152225,-8.551036139789014
112059.94608434083,0.3515304390212665,-4.542292759875311
124493.85070291942,0.35092204897776114,-8.004047601486564
58761.079739169654,0.16850917163546206,-15.037966198295393
-157592.46999742056,-0.4754033001859222,-16.17598402840813
-24407.79406282357,-0.07374990787096816,-12.128739103608643
34682.250217447145,0.10241553172651911,-11.051279505556067
-3804.30175135635,-0.01258235128301805,-11.271131062854645
-38704.23474742673,-0.1124738515797812,-9.817724476031774
61502.39397667356,0.1906496874217712,-6.952610816329729
9806.920470875739,0.03069412545346865,-8.420313263772849
67655.4444511986,0.21671077398810992,-9.168178655424086
10730.918172975787,0.03173268432995827,-11.727154355718838
3408.2506753435428,0.011584524270144265,-12.595538102143067
68255.60421264164,0.234451944882441,-6.539721740671023
22480.66347567611,0.0676590220286681,-9.555164783246607
-107871.81509165041,-0.30431532746859974,-15.2958633099335
-36666.078495805756,-0.10142903759377016,-10.727138415790193
-32790.13335195906,-0.10355405951974345,-11.190187157270259
-43288.124223049366,-0.13406066481293152,-14.646336333774334
69302.65033447996,0.22463170733835028,-8.860901506341035
25424.72754451263,0.07728655979156118,-14.996845757306343
-93361.92637999322,-0.2862850363430462,-13.340399655754808
35700.27873538754,0.10468432456113033,-10.843566814019546
41554.93981528755,0.12371434651112928,-10.186374165428502
86182.44174720613,0.2569764293904416,-7.682774947487125
82940.32012290963,0.2382299422226992,-9.509428211152526
20014.61627011645,0.06404659780543659,-6.887036510635502
42246.14735000802,0.12521332871093868,-11.36358364639748
-36911.57083468278,-0.09693025768022957,-16.030202229199674
30516.288194111992,0.09116567956299197,-7.111710206655997
27212.29964144334,0.07476912807028926,-10.036709134008214
139955.74737381178,0.4063600519438715,-5.345696779599707
-27479.929090933972,-0.09415648424284506,-14.369058205402874
-111730.96467894799,-0.3685736149152422,-14.599070112243028
-70405.33462146306,-0.24906257568507734,-14.336218495205843
4461.697682317352,0.013786642867827794,-14.298687761867379
36591.191327220346,0.1288815600417296,-8.744092693144012
48564.7140002776,0.14109374256892784,-6.638839855886813
66142.84178541308,0.2124368535206518,-10.523164192127421
53507.26020786618,0.14863321184940986,-9.136563202458692
149806.3143730249,0.45580882139449636,-5.014926514936202
20027.808521499544,0.0662587815750638,-8.593893558127807
-43049.59840290582,-0.12891689170095522,-7.444853245371885
-29277.65886586174,-0.09200916389590967,-11.648027922528946
963.3399190283047,0.002792942940699498,-9.062617799900053
87025.26940437153,0.27940709448336226,-4.938745902327768
25228.23270003274,0.07627386987786501,-7.5230381254019925
-3550.5277051328376,-0.011175292313136773,-11.914089942127204
-15108.772984503228,-0.043065786612368435,-8.192648980338014
114788.81018195028,0.39518798567542207,-7.403286200348602
50700.55251697668,0.1467657815578037,-6.5816296317656615
47097.81621709756,0.1344013735349793,-8.192027018995084
-30083.123569113384,-0.09749486976680762,-8.337461035839432
-50023.413791906016,-0.14763466278884235,-10.339872801853078
-113722.38120256987,-0.31619892911941766,-17.042954817120638
-48062.58714675287,-0.14549951025113256,-12.625379240816969
-2129.8744181936963,-0.007004184014687394,-14.871181998515937
-42560.73626391466,-0.14671556798593244,-15.53939779577398
39802.08219335662,0.11621129234208301,-7.681553719325141
56455.292188755346,0.18789048878051418,-6.033539416142519
-16041.143270366734,-0.0460995111587581,-16.151243639941736
225155.28455346852,0.6591306320047298,-7.321015234443806
187021.08414420128,0.5174734418357273,-6.067810070541602
-81231.78827347825,-0.25183106202422617,-14.365045677649778
-28104.90992756998,-0.08244456628377449,-10.380968977068116
79117.93554663377,0.24321016096153597,-7.582552951574762
6332.457954906653,0.020024482574588623,-11.755126659066628
53721.00924041046,0.1587539445735357,-5.499128457567104
132400.1873713619,0.4378780052225395,-7.526062872980344
42884.54175608905,0.13984980558173637,-9.997588911102383
58965.17507114437,0.19638024846104607,-7.62038491503263
53927.35745774975,0.1890154495468948,-9.112335043106313
179441.92638325866,0.5221910538239466,-6.5010752654604325
9558.316939661589,0.028647005095176137,-9.102534491321656
74445.13566086061,0.2234123221004302,-7.067748927915751
71694.50165816187,0.2279795640187245,-8.384875609048336
196815.52114248206,0.6527836734387092,-5.589868728775393
49364.209833261244,0.148257973744535,-7.411824031876435
98782.75645830405,0.2941124409281497,-10.078815653782202
94727.45357680977,0.2666296274188634,-8.308689130529723
28825.24359449565,0.0816633525484985,-12.014412048455513
132248.7062631826,0.3570968865286722,-7.088967709312744
-21804.33065276092,-0.08536123203024422,-10.526300132894729
-15662.017086469677,-0.04870994369501109,-9.856484541292875
109335.7898766727,0.31151653376405364,-9.75579572397649
67016.90909802895,0.20167015582261436,-6.894083146056551
-45124.550846845246,-0.11791133606650163,-10.869756490295767
-7981.621384000627,-0.02392219219374502,-12.052784831495023
-59891.01711966917,-0.17101983465706613,-11.285277966401653
87194.00660579842,0.29066227769788083,-6.6500901871141105
28192.23885306568,0.0733450547846168,-12.272402749798816
157517.40036035966,0.4612551375612492,-6.176249758383435
16622.780560258798,0.05393917299309792,-6.400380374222547
-16472.03900708465,-0.04985899893498296,-11.509231235483341
-82502.43526564192,-0.23866410504538105,-17.139269525220758
41710.638424526915,0.13140991392446622,-8.311597311706286
159011.97336562726,0.42147640447501167,-6.777995900432632
-75830.73257839336,-0.23012434771009024,-11.351819932146135
89631.98346558063,0.26780497047109236,-7.599163397879494
8056.215477011144,0.02777857913422859,-8.202542514372357
116139.72737567201,0.36446557315942935,-6.808943016345692
-19310.18877006798,-0.06077474782988387,-12.103824732551406
5071.78250817604,0.017181350184993942,-6.786775504993036
100277.76457412956,0.3153200011142866,-9.649924349019479
-12556.38974900616,-0.035863338644296375,-15.114301689150821
94610.33204553323,0.292954694758122,-7.9640850103916305
85592.07472718881,0.2866691151863508,-8.358311061746605
3270.2656793634237,0.011343768377120214,-8.587109716713591
143845.16654484073,0.44210165454268985,-4.478616173131034
5625.212310889336,0.016782617014030343,-10.05752898384774
46824.78100476015,0.14867039308644775,-8.245961822982595
37679.22356876551,0.10284379471582357,-11.95651418372423
-39553.29412138956,-0.12836545134951985,-10.853372340190337
-125507.95321580337,-0.42045037225274545,-13.988038091548127
109146.8582105333,0.3028768549644472,-4.561704805912714
99414.07896745305,0.3394668594112877,-6.432964855431756
97605.14060950124,0.30394064183693337,-6.087285194605052
19993.768998570587,0.060955250923082946,-11.01690510307437
-61070.727327221015,-0.19778402406314188,-15.600472201387461
55901.21665843462,0.16724758634337863,-8.496970571487028
24400.678788505953,0.0672096527948993,-9.428077137161683
88250.93468784251,0.25209159874831927,-6.109788890713985
112447.85324264667,0.3444828469078322,-7.327815753207778
91677.78571660751,0.2681415669855942,-6.48537959211054
1616.2943164906364,0.004937937477158286,-9.646166840017168
-53496.275737548705,-0.15814242824210004,-11.721199307088249
144335.8333306133,0.45118770918119855,-5.334202307473124
-146349.8953046142,-0.4261169212428484,-18.08771819974656
44896.84027104417,0.14835741369249608,-9.97552191694685
66558.8661234412,0.18119304170105072,-8.782364266402709
90399.48770610489,0.293144850362601,-7.68545085173189
35708.757229796865,0.12113234504861563,-8.456618870321652
10794.071249804827,0.03669614859883971,-7.114803248343582
92060.48205758851,0.2888875403365956,-6.408563627362929
96479.43714946201,0.31075794619707037,-8.523469149365281
34328.37714323687,0.10518827492387728,-7.370837856967427
-64182.75821165353,-0.18289575395906116,-15.260936808599402
97116.01364754353,0.3100214123767374,-6.691574821145663
55639.44143160697,0.17269486265106684,-10.851861154510466
128487.07214963163,0.37612961651549853,-5.818859530661835
49120.41461139124,0.14312899821216965,-14.72080700861672
76578.54149248185,0.254577730754287,-7.046673231042111
49042.57920307989,0.14130519740915706,-8.44580258655383
-473.2329814228078,-0.001577231733046825,-9.128068950058177
179219.23193278533,0.5603072400437118,-7.595798180885971
123844.32438243278,0.34408358378064097,-8.98026742864515
92934.32278211926,0.3119002124682268,-8.343212895514007
211571.96506770252,0.6225522051552258,-6.139040329951961
51245.34596041394,0.144512726570542,-8.8833060324216
1474.6394001954072,0.004769319296903295,-10.666547175540408
59518.06753075493,0.20004583883818214,-6.619800935688835
78776.12783527993,0.23628873312726806,-7.067326356159464
16353.652564755504,0.048605350956642944,-10.630566973580235
6475.389991576317,0.018753006813829257,-8.731794521891311
67524.4967362651,0.21351550114901377,-7.033357856404388
-75063.32728472371,-0.2578262437075855,-11.271932868871081
98727.81034445787,0.2916726076633655,-10.584219245876392
86396.67831039395,0.25932232492237206,-8.64822067299026
-71396.0965357794,-0.21019369187891748,-16.400302931916567
79887.2863800672,0.2552638092847955,-7.374896220160753
-2831.310460186847,-0.00839610843376973,-9.673483001964156
-10689.710325154301,-0.0324657383087352,-9.248452755651416
3849.9573679567347,0.012285588908125655,-8.619775645686067
22190.025369671792,0.06952181253671791,-8.724822823654254
43765.36200776874,0.12028848001889211,-10.529242950959649
65287.226166303255,0.20102367255905265,-6.068268252792775
12067.518644685133,0.03539518602964253,-8.309646372229118
119977.70250851671,0.36074101178907375,-4.806056639050138
-5579.862551257317,-0.016682793543377598,-10.649263244382002
43263.953325958115,0.1321399143957774,-10.091556531816902
68583.8104103058,0.22938375912993578,-4.8544454499454766
-108309.16838030863,-0.28913541925925257,-14.779390054362851
114772.45062342097,0.3218336227166075,-5.9726009637581345
-58096.56037720637,-0.17233114680435146,-14.160293952881553
37789.521597294406,0.12552550403511978,-6.343233760225275
102918.40650643336,0.31139646454811537,-6.2221934264935825
178417.07920672328,0.5872030502815887,-3.5301487578515256
-30993.417235639354,-0.08651849527879064,-17.639741590587487
-27867.334964565987,-0.09052819426180748,-12.510219644820497
-81287.28174318187,-0.28013024344725435,-10.600405529887635
158320.662299107,0.4844586628230236,-7.064781125049802
-17907.511374195044,-0.05312347469652806,-13.487195106395877
-21072.46171627207,-0.05763011470698245,-13.510894553623897
105322.41514689574,0.3255896878500009,-7.893544038419053
-40512.49454627519,-0.12829707833720388,-11.421312869426014
22359.145468732146,0.06634614851425728,-7.434635029330194
-66167.30874133765,-0.19213055084287037,-11.024820308636496
112334.91082536818,0.340164460378472,-8.822407113091424
-19796.74404044575,-0.062476925080143915,-10.59534414039679
-5259.80168577924,-0.016515824465811107,-17.381362959799173
25534.816347619504,0.0730617361519443,-11.039706506076207
-54589.98035710344,-0.1645559482228583,-13.64771370886525
20886.097070259544,0.060914716093069414,-8.529474578744711
-25989.623428926243,-0.07705913520108251,-9.759013120164894
24274.89751718613,0.07344127154802123,-8.53354387519042
122282.80265093525,0.3759966746910845,-5.205666861602188
187328.38216843907,0.6670689750307519,-5.345991794280813
56162.62117741886,0.19069803456417553,-6.776318329875708
-48812.57714207576,-0.15537074014539334,-11.973587593920787
128378.90470947274,0.38430729230810123,-6.125680285395707
159348.5647327397,0.5411440095732946,-4.501061456972721
74011.511254158,0.20618909758333134,-5.501878006249628
-254626.13533442814,-0.7663128514921711,-22.332053984022604
-123977.61174983237,-0.3437735624630262,-14.524907975293699
88788.92258045867,0.314755689382128,-6.4096636748455005
18728.064316349068,0.05388261891950928,-7.3010581606851925
28941.56401333739,0.0956344025525635,-6.92996335561169
66938.86387423277,0.22145105914625002,-6.578259365708428
84983.4714134122,0.2758223727733349,-8.78909634879188
-23055.00116279462,-0.07015025091248048,-11.65608732108091
-45497.211845077494,-0.1501156293299143,-10.902875269861168
-2737.897059089305,-0.0077705202113446115,-10.204482764263789
95751.5219268073,0.28094284415553333,-8.955339192560885
-37348.11039078081,-0.10843480917144949,-11.796074929844158
2849.818983825974,0.008661833536165186,-7.6487259174879085
4267.363376575884,0.01345408852875793,-8.577863148836807
138605.34254357658,0.4216018190715549,-7.444447866917758
170933.7681024968,0.6131484997484565,-6.775045253686041
123954.35250434527,0.4096424284504118,-6.639688052400827
45939.624629474776,0.1392147219428051,-5.386242280486952
80519.592282521,0.24824015572682948,-8.07734865385209
-5524.157509455072,-0.01618437925052283,-11.47964637339446
21233.496632665287,0.0638538497293767,-9.479925657857002
27842.71407049198,0.08103622335242718,-10.405256282865338
-52143.461890631675,-0.1669983171813895,-11.422911102135625
61617.431666728844,0.19980600134909068,-8.038423936785566
46142.367807905764,0.13293494990349156,-9.301159853046414
-83154.92742970592,-0.2519177554238377,-15.376886520421106
73992.87569354277,0.22395542149401668,-7.016752675736515
-43158.0066719425,-0.13275653118907832,-11.235880793332454
-49880.583038800396,-0.1612822401953162,-11.361233726296238
-528.333268833398,-0.0015618576459930293,-9.102958671208238
110841.75845685088,0.3163181108256868,-6.092427710683301
-30536.71381261671,-0.0915106013312922,-12.994637855768099
8928.662695002453,0.027685663340008725,-11.557831471030699
61202.81198495756,0.20298339423430828,-7.409871329003459
27142.164817132227,0.09413640255313059,-13.340261679832166
342.6720487331786,0.0010453305483329723,-9.425614682680584
53264.35630806342,0.15401547318122277,-9.79788799235023
-62902.11973869427,-0.18771405747893513,-12.631087953697872
-6531.694340125692,-0.018148682902563607,-9.951755317798284
-111243.32901514208,-0.31257198136358916,-16.023337722330368
-83846.73666773677,-0.2774659536768855,-11.939346253138405
101708.49415108372,0.3259757794167704,-8.14082310768699
8906.08406759052,0.02458753568108399,-8.207499365033522
82202.4338811109,0.27262344178181974,-6.512519648951287
-78330.83204238361,-0.21398979248846414,-10.858685325634953
-83625.40534511032,-0.2558095145928007,-12.768256918438226
-30083.872226508967,-0.09256312626793883,-11.44846979560893
-26674.261330104033,-0.0897382281902367,-8.687768052217226
31062.707590806425,0.09889252374407294,-11.546451022686476
101123.75171939438,0.3041709011663972,-4.661512291233749
-21676.14139553561,-0.07011079083196861,-7.437996066273833
105750.93715486827,0.34156908711900164,-6.658747465566961
-41007.40040743232,-0.10873692245454095,-12.424071739179043
4048.174447768042,0.011588602060165445,-6.982748944869332
195677.76529325626,0.5585036561916963,-4.759645755883435
44733.04751457378,0.12807091019275194,-12.447973050671468
135782.9367690773,0.46354642453870665,-5.365894501569191
-46067.30033125542,-0.15913380843728436,-9.274324431452573
-94935.68883708227,-0.29164950443827514,-13.688060487375386
-114257.98127974164,-0.3343313641244226,-14.283306548991447
65574.76713584691,0.2439105111727905,-5.552063673519836
-40272.53585085651,-0.10172045960447948,-12.72160723522131
52224.50983545133,0.16626525145303617,-9.371926373727025
7745.034138116533,0.02534191853709322,-9.520804583037556
87873.36476938518,0.2524095877235052,-5.781606376049531
9478.547807777382,0.028815175734800382,-14.140793766291381
-80941.60611943445,-0.251197188835688,-13.631180898113126
183682.39692034136,0.5799900302817904,-6.392060261039645
15027.483950996673,0.04750862522522713,-9.56319882577784
29809.33301658371,0.08791136364387471,-9.850967214308671
-25318.26919790135,-0.0885459671312135,-9.015299107650165
125309.42667602377,0.375367098777761,-6.377809204134821
32342.261695541834,0.08804121422206226,-14.438566639319927
143522.99930169564,0.40924484153618734,-6.80879178825321
60472.855641649374,0.20027225688361708,-8.233197212842668
24779.10859435512,0.07397574017729712,-6.6355235803829515
-22877.00202163121,-0.062091415330295725,-12.792933674539741
2090.6827544084645,0.006362774170658787,-10.56159025378587
94184.26351539562,0.285624912926204,-8.52947107738734
101393.62208534312,0.31247855404815966,-8.364319613959859
-20330.043868998324,-0.06069909111511034,-12.15668649684054
52036.551724071986,0.1571150939244791,-8.195210247847317
24182.49310663199,0.07923593394011293,-9.695014618790365
18356.469415087013,0.05347048756416678,-7.826112538076457
133960.65582795997,0.39742082090280684,-9.706460282217522
-6388.073662458066,-0.020861029562813455,-8.353614729358739
-8275.169474184842,-0.024642837194593654,-10.480887791047632
37221.57141166625,0.11074549859171721,-10.242937340897285
-76794.26410561516,-0.2120787995032847,-16.019731835289253
15443.749372617585,0.048430312577053346,-9.083626219103847
-11139.504440592722,-0.034294143146999974,-10.151256157102539
-113912.1077506029,-0.34220611758245045,-18.796572400735613
104711.86262116206,0.3548260485687003,-4.548671405082949
107269.08787696292,0.3284637015959927,-7.532885468710249
84279.250356837,0.2721018162350343,-7.823474800180019
21173.000399214638,0.06528189134829696,-9.815780481728776
26763.359154894817,0.09006025743821204,-7.740792879081093
98547.36393022127,0.31566521588039,-6.130611598353674
29081.872596797926,0.09080067331131733,-6.271389228790214
-87750.82358416505,-0.2844269379219492,-16.035905826208175
91210.18374469836,0.30257420788926603,-4.580348726843885
74439.12407185533,0.2099226127279103,-10.773708138034543
7454.004795257519,0.024591247855401482,-11.546514004145303
102523.45977743177,0.3348847841214397,-5.096853090613285
162656.68310939052,0.45627666345667484,-9.531916961801933
33186.58597145915,0.11356341144663369,-8.38707126694711
-19782.704432966573,-0.062485986295956,-9.207280500473725
24321.55632585354,0.072487046147986,-8.539458272475386
-51756.356925532484,-0.16344479402685785,-9.745392848899481
31324.71215694907,0.09170526344595317,-10.386599533707653
-134846.08081713074,-0.3992766156437836,-17.066494897114037
46148.15498910774,0.1415747946308626,-6.650755963287979
-55503.600929075954,-0.14369763598873697,-11.629248908519497
-5949.497422306487,-0.01649341453661954,-14.773898753603177
53879.358986679326,0.14892706991174834,-12.395758871854913
112355.70536494325,0.33885620559007656,-6.6023029426089845
-85862.79253141982,-0.24388353979400285,-15.979486275014255
-51827.768735901416,-0.15118209688243472,-12.881817082650315
-80851.96062086157,-0.20370622173227954,-16.74183730648625
-76019.51542500942,-0.24169790703499608,-11.04546523648886
19222.86744304379,0.0552773389280317,-10.226162956132956
130545.53310922951,0.42426317201623337,-7.63829595411284
-13473.603804922548,-0.03520803251065911,-13.151743031646458
35620.5262927267,0.11534311046928757,-11.500859200966506
157518.2350151657,0.5427901040465245,-5.858565901032808
102623.31013684945,0.3303229056231701,-9.063291911540539
-50195.70857341849,-0.1469772184255401,-11.572955293500865
25868.328540521426,0.07990614715566638,-9.033401278152219
33164.18757409542,0.10437966955471661,-9.922083426608207
47991.529251220054,0.14328154403473645,-8.00065414410891
-25367.986990382167,-0.0893139293752583,-14.142545224799374
17311.787892762837,0.05063495691574414,-9.401302658847177
-6311.281710673614,-0.020585025823064332,-7.4889895298464015
46599.963041001436,0.16410738583301182,-7.594826031191026
127907.94356769932,0.36999337409977573,-5.448395871877287
36012.33887330273,0.12198023438113091,-8.258530952634914
85676.46714604288,0.2610336786991875,-7.990016475247053
-137742.7787352782,-0.4254866204243142,-16.048794703597824
22667.941470672824,0.07206365772011505,-10.728183364618149
8120.858777997811,0.022375600247772867,-10.085826254534014
168271.40982811668,0.5035722131167237,-5.245167370186232
21199.290151030957,0.06744066654924426,-11.287485293910827
3380.662361999764,0.010244414482093482,-9.323673163670366
82765.48143132967,0.24677822980065495,-8.144533987417857
-5918.490406833281,-0.018994124623188842,-8.367908859075834
203898.66218927872,0.6283290991695709,-4.758897136517437
-70985.09549670412,-0.2161044651382401,-15.372287167263654
-24745.376690743367,-0.08002093781448526,-10.330368427376957
-78581.8182905095,-0.25727946695309784,-12.05107684128982
-36619.183425944415,-0.1087987593929191,-9.025837004670457
27746.275224490495,0.08588205213941982,-10.172379936402509
16144.991354982889,0.059763181367659235,-12.387209733679894
-42326.685785923604,-0.14066520851298336,-10.966794859553076
84184.3639170171,0.25767066447907033,-9.280273283009944
2050.81624305178,0.006402982172775254,-10.429011179250558
74176.12034749979,0.23585315940735407,-7.85337855542757
-71310.3828971686,-0.2149822312821895,-13.800877562449521
-87912.1336355043,-0.27454865748381846,-11.78555381162104
-52049.222366862865,-0.16741740413316283,-13.572059979284978
26356.447909489303,0.0870207432574621,-5.231700125305505
-47458.66022818703,-0.14174483574192523,-12.331917404967951
-81687.12996494675,-0.23911748075252862,-14.494206014110167
-7096.581168664565,-0.019878449149040155,-14.242447548272342
-62236.427251757224,-0.20177074443643453,-14.534312099251135
-24844.99694882372,-0.08245231237612581,-11.784945934667345
-71665.02073881785,-0.23693619349742254,-14.758304272925315
11560.286024941954,0.03642550627570431,-9.284403094141979
-186550.13084246716,-0.5627099371169347,-20.234338354222825
-13824.190467453087,-0.04387293179667866,-13.399907879234407
107159.51734157065,0.3539983909425434,-6.815164917097649
75065.28800809615,0.2326076582171842,-7.574229194619941
-47142.194890315004,-0.1410167633248812,-9.356129076181475
31619.430232817947,0.09530377449366574,-10.67284347730374
-27658.247177919824,-0.08824908538938754,-10.528891870621859
65931.58334659922,0.1917652597410143,-7.155927173229804
-38644.08491171819,-0.11256271992329568,-12.159139026233735
123428.02197505515,0.37637658941791313,-7.987569191706234
-48895.98896890711,-0.14068141573860982,-12.50332338636031
-104409.64173865523,-0.3352823208254152,-14.010376702559224
-41880.750163784076,-0.13255211527683203,-7.656345557068834
45817.29039943561,0.15150829206726554,-5.13729499711002
-76188.60542557818,-0.21594366831686873,-12.463188714437257
-117476.90615445672,-0.36157990848269045,-13.653335788189903
-25398.63851997318,-0.07077246629901417,-11.118304312871995
9842.114385814442,0.03158428969268001,-10.528100300775211
-48803.07730336485,-0.16127449934375587,-11.478628591967643
181828.82697798184,0.5645104989255872,-4.024476933743459
7002.805123938146,0.023049254637635793,-7.4304907228556205
165392.6305746236,0.5066977843019738,-6.345481062436575
101914.36781314797,0.3111030518888843,-5.7556363195365945
-81344.93220245208,-0.2707624370901309,-15.80623131292459
72884.5336956513,0.22669770844500275,-9.474007288233866
-12461.861001456624,-0.03570853625322095,-10.149048061128497
-25347.434858715627,-0.07575343482559978,-11.699816295930798
48488.45444212024,0.1511237466942905,-8.581847027174893
31632.704365839625,0.09673834351691696,-7.044407010568266
-146137.48007930556,-0.44044485257871824,-17.11625977319503
11960.063403022907,0.03386930064233261,-7.864992712614205
52151.36387340668,0.1512178266741853,-9.157297052464152
85241.25073175956,0.28152035072896975,-5.33225022232402
-5344.57129657864,-0.017752810578424733,-8.969845554320843
-72051.7986984646,-0.24349768551530995,-13.866398148292925
105793.28917312226,0.3228858443933728,-11.03133283086304
35068.53580702042,0.1084980248645925,-7.901167109382323
-36735.69728724058,-0.11644461144129147,-18.219964470733853
64469.35143653299,0.1933251129795536,-9.188508046807298
30214.260832601714,0.09545379934425936,-10.323725158735686
52799.21515719841,0.155667494473212,-12.554004217309823
-7918.607752457096,-0.022112304151630995,-10.990343627315902
133024.8848888019,0.424930344119207,-7.216361315765962
38821.01429404128,0.12960362789840782,-8.339849472326566
-92602.51333839376,-0.2912171247513924,-14.273600416898713
-6104.523041590711,-0.01820042471535026,-10.033356023115914
-158079.5497894514,-0.503217874175919,-15.34418761149623
-123.54184234423849,-0.00037680272264659065,-9.596029507563975
-87314.08008777643,-0.26793664931546957,-13.135549816696713
31695.555641035393,0.10644203965058514,-8.323975505611259
37995.00074629021,0.1061316313003263,-6.735118993045908
-36801.33228296467,-0.10732963730719075,-12.111508638706193
-3691.8470125713197,-0.010693943497531647,-8.97008630657935
-54716.980973531085,-0.17108548970708978,-8.342963513734801
181861.78932814422,0.5434055694869429,-7.5751029117802515
96245.75581356196,0.29817899882629817,-8.61741315752359
-80116.70858922607,-0.261797976551832,-11.00497066038313
90882.16487104053,0.2647953378341735,-8.173001144827163
87858.90303699108,0.2832922017370451,-5.062810331168011
-126837.43948168731,-0.3939607477320855,-15.903758574231153
-1862.4938243383413,-0.005726660102618592,-9.154486330945721
13595.066511612677,0.043320822096087765,-7.715858620439642
13524.406194324463,0.038266316593891896,-14.602560602248783
9143.211679089209,0.0318920407082163,-9.32807840278561
-109007.61998982681,-0.2958537772818449,-17.793951759988435
-58325.36169933582,-0.17923382518707234,-12.839209229990367
72433.73805746909,0.22869082660118217,-6.431655985833329
-150484.0604803293,-0.43147474450140083,-20.696583326668204
21732.837146093367,0.06251282497462467,-9.47440368133934
134858.2681219401,0.43163549416779323,-5.579022268753064
120612.33224974592,0.3896707943603059,-10.00128764870939
-35946.709704133464,-0.10644403829367788,-15.019265264541048
85891.07867133978,0.24546180567102804,-7.828683972648731
65466.59481536483,0.21388754188552414,-8.636237701205507
133859.2793664792,0.366675011479348,-10.762176449864281
2432.0960529604895,0.00832212433448605,-9.236808364037241
-54823.15816155758,-0.18593682594751157,-11.681286372478771
208997.1783984974,0.556074429525701,-6.691656870735518
1408.4766124410166,0.004259197920608863,-7.85628706221202
81626.35332598374,0.2433999517101749,-8.745894351530382
25003.261966626298,0.0737481487565932,-6.144455888219092
-66024.10267835214,-0.1799721201755772,-15.170786164136674
-9703.260385785343,-0.029707371808772736,-11.544869130089896
30670.784800521953,0.08479520572625648,-11.876866416529452
46564.480128051815,0.13629906504360617,-12.419346240734585
-17640.71868470619,-0.05405405280712832,-11.090570384158283
-75436.4944791326,-0.19736404669201565,-12.658683424462536
-149321.31733562666,-0.44961083104767147,-16.407211486297303
181986.00766651458,0.6398557709770251,-4.604898896738052
35412.84793362472,0.11970182777650484,-7.881541544928439
34677.912224615684,0.11389920218461667,-7.289107454087739
-118397.86382001384,-0.3625861209295088,-18.424428050687137
109616.55389155057,0.30434049143516156,-6.683361998256709
-129748.39802083524,-0.41674589291206604,-15.780547205001339
66870.877827252,0.2190253038147252,-6.388085052704406
-54353.81664183927,-0.1660985137939729,-9.575163940455699
8113.297428251475,0.025796782114794706,-14.369489066710528
24585.50979541753,0.07765301652912289,-7.559506475888444
-108912.45985909848,-0.36144096077503624,-17.574226479769127
-8254.736368806824,-0.024833144768588434,-9.536484308660388
89417.30308189747,0.28433052163487893,-5.374754616870869
-33439.8753243275,-0.10280335007849034,-14.203781272753302
-25567.74503599362,-0.08859088975691565,-11.20989680168325
44133.17086069607,0.13371639579288136,-7.448232317214753
-136035.7702613014,-0.41712995035862427,-16.512919553309846
-4977.506511685866,-0.015706027391735336,-8.751133458342608
155486.04631144987,0.4333584819516201,-5.360992383855967
-79686.53690561556,-0.25249065803333437,-13.20608593446071
176627.57444346233,0.5395607396495802,-5.849272199021027
138694.3121509729,0.4658243648385549,-7.4680479264147115
52015.672955687085,0.14340559474206319,-10.699467837470921
-55264.03899421517,-0.1715373457248509,-10.815247308699593
97795.12555051794,0.28895868990519663,-8.520997697918997
-220669.0942319776,-0.6427278746684282,-20.24911199515057
21017.509584791478,0.06461262704877191,-7.722432635434828
19585.088113395384,0.060692256046500366,-9.935032831042944
26517.40902871254,0.07458309977433801,-14.609133441082667
47301.30188083598,0.1651750249256077,-6.898580760841333
97694.11188978089,0.2618478754444808,-8.674387609401535
-10175.499285844686,-0.02960721054276018,-11.231325183826367
-7481.85425810345,-0.02163913497818897,-10.108131416976175
72600.25557777302,0.23224799854295408,-8.900799604938292
16108.065212982237,0.04906811613715612,-7.321154999046664
-89027.57020519525,-0.25320441952920836,-11.684602298880897
-46443.82173326228,-0.14573655117040624,-12.339103214539849
-31951.671412181127,-0.1054496341254607,-10.306845713827183
-26001.461276985992,-0.07323309149634213,-9.922001175006967
78410.03067113998,0.23868946528401325,-5.258132290668738
168970.19479992078,0.5033805793050372,-6.061226433690492
160550.08655959467,0.4681080327840235,-4.674150953421363
-6315.0171156429515,-0.020507076054161515,-8.492494993570643
-12983.186185291055,-0.03946741793121623,-10.221414478142988
-124461.81868238583,-0.34155056982946286,-15.854848110625019
-81000.10871449937,-0.27171802814117085,-12.361285694976354
-963.510952374334,-0.003224652366235417,-7.5109006886166725
44903.04811095096,0.14019648313864355,-6.998299932085539
28850.131261970946,0.08242022795748995,-8.99614990992842
66871.91339336804,0.1942201063212673,-8.871989767147149
-33524.81749527597,-0.09561727776255913,-11.21167474182625
63770.45923060872,0.18579925885107543,-12.566507776573754
7659.163586987619,0.022050447129590412,-11.72743449056981
-66287.68536626498,-0.18694641284203928,-15.989092000937877
62902.7182937281,0.20148818595637824,-11.35472924027786
-64239.77718573408,-0.18069250100937406,-13.89352235692587
64383.73298547337,0.21318800165775376,-7.154959429687868
170100.09056238804,0.5069800899937132,-5.149071938403127
164899.06409484832,0.4520625949751279,-6.206633183318622
98701.57298733166,0.3206023740927568,-5.3709411696198135
22532.48320286613,0.06787119787638646,-10.584874184740157
-134867.0418070672,-0.41024969843113573,-14.163887200808423
-83751.08802734136,-0.24325381321765488,-15.079065049775242
-23146.231157886843,-0.06086302858670113,-14.019100109738813
1978.4080835897084,0.00634585752887844,-13.612124912012646
30401.197221554597,0.09600360634943587,-8.259033895560918
-10917.324349678376,-0.032339738635093,-14.120330628147236
3267.1575785290834,0.009656624323957683,-11.488498730152507
-65488.8843054357,-0.21870010672495988,-11.57096561284332
120660.6495881658,0.34781994189473725,-7.673882170035807
4043.879948970362,0.012743413953043292,-6.687404690194132
114545.56331047806,0.363735924457889,-3.970110572454777
-49589.20387252906,-0.16627220108311874,-12.899052326101291
-16524.728727433976,-0.05323528818675396,-10.423377613703522
-106708.61120784312,-0.3419921345805482,-17.366822534671023
-121218.73160241311,-0.3599324037067956,-17.669805978750517
-41157.790924207744,-0.12293172581151328,-11.15095235197071
22436.749714943577,0.06932217115710282,-7.819289875770852
-26557.339580573513,-0.08945995371084424,-8.453339487795052
39309.55010574034,0.11947240152256018,-10.724653003298467
-3681.150300811069,-0.010771138046690582,-13.60842976293284
156034.75821296332,0.5367425001212183,-4.263740216910805
-60096.535812955226,-0.19620254400423565,-13.511879045987252
169847.0454563924,0.4778666530012116,-7.664110620385955
122531.19470946101,0.35293188886300547,-6.13416600363329
98205.2819566969,0.2748925958410698,-10.850540638531204
103622.99955087053,0.2906150636055907,-7.830956002697853
-39349.11053793926,-0.11827175253315965,-13.855235043117265
-50484.09762325947,-0.16820783844133697,-13.192564510170346
54742.530454873995,0.16538577134194052,-10.355959725882036
145082.09511373975,0.44817620215083925,-7.574903626468899
-57079.2953898005,-0.18127785709195443,-14.954420221368192
-38992.9607494709,-0.13356140790603124,-10.293320772661108
-111653.9101462773,-0.31240375173917895,-13.964653607227762
135508.4625573283,0.4723008158572315,-5.220389357510613
203962.075851293,0.6185011850525471,-5.2419247486866105
111028.33215290064,0.3623240429584308,-4.330243727542649
122173.3373062181,0.36651596648510265,-8.399292181289407
103311.37930769398,0.31281155863181365,-7.953015510710804
-8022.790626876194,-0.024681899331181263,-9.077783280651808
11723.102179605989,0.03662139199547608,-8.267659599492905
57567.73190866562,0.16790903486037798,-10.067303096703274
-717.4276303025099,-0.0022483959733854936,-8.97067946262251
66865.08441470115,0.19783019400865626,-7.673475942237873
67150.22282363358,0.24116173307308406,-6.780248308935355
153073.72537538066,0.46010157377178973,-5.645377199707314
149909.03803418658,0.4012813387275895,-7.609953101099364
-95658.3987933379,-0.29448694846432677,-16.636611137292057
-25088.89600314071,-0.0707749272386233,-10.96875419467931
36319.06549547742,0.11610781360786174,-5.810368413918576
36372.25929732478,0.11581089450037255,-7.52500224310838
116217.37427085551,0.3518432653899495,-8.099400105503896
-98970.59191000053,-0.32605730686179324,-12.193833474436333
60484.677036489855,0.18142039084832975,-11.884611186781092
-25612.63813318799,-0.07478948830938753,-8.559629428332627
-14316.081270123244,-0.040623105882042404,-10.922310880130603
53397.32631008527,0.1576332095185234,-7.965078975028317
-168187.22003178447,-0.5542363149606414,-17.92836402464032
89692.6825627033,0.30398213491079185,-5.486464848708228
-120950.30240116939,-0.34908467558247697,-15.826385451262093
-567.0060324298702,-0.0015170295706200538,-8.941693040886678
49749.56260035513,0.14030687798223654,-5.656891149593313
-17238.03954534914,-0.053719644952512684,-14.703014798018831
74055.15118844247,0.20963246033952077,-9.16224858457484
135032.36245349317,0.4251016287916877,-7.510227910651002
26241.042478700336,0.08323271574486409,-8.824024190002289
76409.5707505107,0.2553407608085528,-7.217647042234709
56091.959606412835,0.17144467852548143,-7.281083146046974
95569.65716058903,0.2736567907163429,-10.955223559222581
78331.24455884876,0.26425314813869666,-6.416476691092232
128401.88897400498,0.3755866616044091,-7.922455365579473
74758.42626234883,0.22396950871626273,-10.350634474886045
52476.56561896993,0.16786505874470078,-7.10577201577901
-197076.9747514652,-0.5728717038251043,-18.40734898245214
59872.42844683408,0.18598111376556883,-8.383078091716312
94136.73228363534,0.2723694781509736,-9.096482941609342
114650.31589504982,0.34012565856764254,-7.099494676675566
94549.55382699873,0.3298178789673282,-9.360071882067855
-7163.033482981377,-0.02451593811624705,-10.692828477818994
52658.50472319442,0.14249823362684252,-8.202769990885873
-60180.69023131333,-0.19520808023180738,-16.044664481925174
-52155.01548208714,-0.15902281466878462,-11.101809893452842
5567.4517171040825,0.016659469173794454,-12.423925306899653
-73536.26297478561,-0.19491064960637877,-15.889670779676269
155325.8007810958,0.39888786069264653,-8.22690558438417
-69367.00446183927,-0.1861240066833566,-15.66676959845954
87889.93759178302,0.267154874528784,-11.229849909322542
-89551.11779795865,-0.2742382636507505,-14.49030115191584
16637.328897384272,0.05351339042172688,-10.871174255408656
2595.5896301511766,0.008592687876357369,-11.040230976950728
25605.302087527285,0.0852345560666472,-8.681531431770251
67964.97126470772,0.19551813567533238,-8.13451671781743
103814.62552365125,0.30365942922456407,-5.8151050812611516
-595.9098578588219,-0.001839253065754,-12.715115054187953
118412.44517136988,0.34109157858582334,-7.405947628654042
15263.690534663005,0.04355389860379652,-7.67980540105283
-49701.90804945993,-0.1671420089891631,-9.887858183667253
13389.69184356841,0.03982885970930037,-10.866613299223038
163130.04883407953,0.5281389266215889,-4.192244070369123
-91071.23784875781,-0.2753552112860306,-15.472588704921364
42477.869546565315,0.13161019960660972,-9.219940929732607
-37332.55466172368,-0.11927150679496015,-10.208681981090296
52288.268438156876,0.1773519535737574,-9.360321509418046
81259.08408081414,0.2323773206696413,-6.043510599039803
55766.49441866491,0.1613125944122079,-10.825559454645916
307514.3681789014,0.9661452664264429,-3.049856219297442
79304.69069002967,0.24774119305388842,-8.304475164141456
157515.636225153,0.521973922291838,-3.758598897311316
128946.24321591023,0.3579365252234872,-6.834197700235
-48081.42304855232,-0.16294136563936554,-11.813566651489849
18910.515819971046,0.06457933946587693,-5.609480899172348
37609.5783969119,0.11318340282815034,-7.963323670281097
67927.31695586625,0.21079333991649987,-8.500054634312281
1320.2432151498397,0.004136293406698217,-11.861894617975343
-15483.241514873891,-0.049254970347875404,-9.912670716134597
71825.47051684864,0.2083785631073847,-10.977942427271204
89484.6160712239,0.2777231554129184,-8.779239313009601
138267.05940898386,0.43510382606141007,-5.703889529774575
109641.29583936831,0.34364142255365887,-10.688958368803691
-3776.172906898748,-0.011658579779615928,-11.468811300396432
-160330.05377210877,-0.4738170211294041,-18.62578898833045
15490.02933104278,0.04591786200849308,-10.630311830278416
52497.60785731664,0.1624290657612602,-8.558110200962554
-106669.29658952405,-0.330765749522244,-17.849681688861263
12114.028505963446,0.04140787922504591,-9.058469841960237
-29042.634498142415,-0.08296476470921241,-9.443197842908601
74995.08891201374,0.24065289399971734,-6.0699935938181575
47045.47775881047,0.15180688775471712,-8.93218769046954
112795.1694331486,0.3467948644533998,-6.777900415162364
21402.716672516843,0.061806738102901757,-7.19455882174298
-76123.92346411315,-0.26199539895034074,-10.927944647356568
15263.365993097214,0.05132865132550985,-9.238244598484401
68829.37106612464,0.20217538944132538,-7.81219724649943
-89826.31688630063,-0.28213505129735333,-16.695312501513747
78368.04308352563,0.2301679849626756,-12.666885083868918
97715.96581113087,0.28660023551810854,-6.248204457902185
114762.93655639586,0.3718517288253079,-6.3701779050375995
57167.854620701226,0.17315816903771844,-6.818683888115517
193393.02899320947,0.5207952620941889,-7.832600814832191
183684.57861210685,0.5485400642988977,-4.808451146945403
-424.9408979835657,-0.0014015284866242387,-9.705513139705968
-49124.16245993599,-0.14523825023129486,-16.578869033944123
31722.21473456984,0.09168684178746564,-9.80405277792238
-107599.05852410468,-0.32284248477909877,-12.148007105110004
-81346.51442273258,-0.27641969502908587,-12.547579075973925
-153003.6336387072,-0.46148777242510963,-18.731043186150043
-94023.88758458913,-0.30919763709156883,-13.805569482676482
66452.59059817958,0.197558635454318,-7.556923261675541
71986.75414855254,0.1880836958570842,-8.94320211300692
23785.438056575123,0.07322273648450604,-9.066609060883957
49897.123047569694,0.15709300701930945,-6.350119322725178
-76866.08370875505,-0.24527143551663072,-14.305878715359622
68698.0050406358,0.21910691341640032,-4.9571363512935225
93154.70035301302,0.280762529660391,-8.018246684974839
157814.99441627035,0.49461346318726607,-5.123420505295351
-54527.63213005046,-0.1572111649416335,-12.70715539917877
5590.046480781115,0.01691550155159826,-14.182418272756504
46369.89216297054,0.13577587789500412,-7.056619345371795
122820.24317230194,0.3732824509765281,-5.166709763259092
-134569.51819604187,-0.3939201599499992,-18.046640753815858
104376.58400602054,0.3100238415954137,-10.72467851655694
51883.16284463431,0.1421828651656135,-11.704406541787115
-102029.7299182148,-0.2662887479717857,-18.34409577175019
138651.63026217942,0.39139983597867,-9.156690563711468
66731.46419384565,0.22987505999431518,-7.614265423124822
1822.4863502863323,0.005396905747605722,-11.724008441893163
60027.151026984786,0.18380487836797973,-10.284625638624078
116179.09025460073,0.32647282024224406,-8.466133544996035
271829.42529407924,0.747813999514211,-5.5379576079161
76058.62501541521,0.24740241895308154,-6.835704954591392
-12431.840627281605,-0.04082793458914415,-13.032124554176072
148415.66451217496,0.48640078360835154,-3.726215773772956
21111.520145430775,0.0646137784733289,-9.805201483620717
20982.271659209662,0.06935950186024427,-10.045611042287861
-38311.51552130519,-0.1142979747814651,-13.234920415999007
33508.34464189357,0.09907346314939253,-8.937955955433374
-101192.7494553679,-0.3004879571536656,-12.03634821405375
8179.022332032939,0.025632135852776412,-7.538170838866232
-14207.360006135965,-0.04570610347549398,-11.305627637802274
-7287.929417648913,-0.023149344324134912,-8.771040294883303
40662.498434248446,0.1265269628494537,-12.667474318158956
184977.288183063,0.5150893253237602,-4.411261327308081
11342.299078936492,0.03420673838988655,-14.630986760285847
-93150.62162783199,-0.25690707806553764,-15.610149414967832
-62061.32211394319,-0.19239699753939835,-11.62430149178042
-8712.54518323177,-0.02348567191867364,-8.673025062740736
-56293.31525993712,-0.1574733951400533,-15.99906872459973
24818.27481373223,0.07016394653601941,-7.970996705263344
-112453.63681274382,-0.33977495457740836,-16.171797438747536
-83537.74722691326,-0.23521700464006606,-11.74139488861412
-21939.58343694022,-0.05754909316008837,-8.626814330426546
-33645.564328347755,-0.10564046322926636,-10.954869295885239
-7210.369082138508,-0.018500858984960563,-14.606146950445154
-50393.96033423327,-0.15731367653262232,-10.792016546938255
22453.33227735494,0.07157545323204872,-7.0158682109849435
83306.68584733353,0.22352710683180382,-10.435379769431519
30230.420111382817,0.09510637008868206,-14.19739807691689
50927.96127321879,0.17514680077093236,-6.733324982752742
66033.33359325252,0.22148188486671094,-6.1582795547008296
-48447.141399835054,-0.13753766153820013,-9.673687552306454
90394.38541655232,0.29845377582707877,-7.0920431639889925
51541.82573101111,0.16028283341029922,-9.134380568797763
18731.13617129591,0.05898888276360366,-8.492107999999831
12353.323003042602,0.036819504232893686,-13.518205289163843
-27710.798917347918,-0.08586801966070252,-12.113997242660457
101344.75627787862,0.30952939433343274,-6.719183415475194
19870.342870706976,0.0658037803161139,-8.478417059946553
-143115.14126566894,-0.3804748566321423,-18.713962637536053
129442.38553530551,0.4905088609036631,-5.780338698906206
77559.63109785522,0.246391399365217,-8.625104809402762
-18643.484069291,-0.05210575828576202,-11.054777061863131
89831.6939544226,0.29432428942687733,-6.561935020558584
109284.14865340793,0.3241729192691581,-8.18076005999686
-46609.04865853283,-0.15491404308807127,-9.319202558602646
-31902.344335633214,-0.10191044307998269,-10.395483597708443
-141434.2848068534,-0.46055365453650143,-14.969704536409957
93836.30127281864,0.28864931287684326,-7.203008623388363
60150.564361745295,0.18223047082183658,-5.137423944618291
-46610.661626210276,-0.14728393687243707,-13.35546534603318
78102.26799475648,0.2468999185439784,-7.120055783704949
15300.484786251976,0.0499321634278409,-12.472800600364165
9214.693631630395,0.03072878331424829,-7.839199767093897
200320.3779593065,0.5974510421620992,-5.318010379414417
-20550.372677964042,-0.06154067964750783,-13.184043655664912
150133.95396172575,0.4432247348143516,-4.914624667901379
-31340.934644610672,-0.0976940744597201,-10.386350672561628
19020.932876755258,0.055500756114486745,-16.398022263620515
-20790.164897775518,-0.06590507609867957,-9.904603299008308
33529.80739131922,0.1010880009874469,-8.402450591160148
74653.77650004748,0.22805711368177006,-5.566477042460882
35738.03470883663,0.10594913915621762,-9.27839852788146
-54777.09431374028,-0.16671359456540286,-14.094645524186955
-115691.43737280015,-0.3231810638413735,-15.41533283716916
127735.920807065,0.35652070836236044,-7.118234496898223
35798.49116077669,0.11445838826988324,-8.332898130377176
-179494.90749627107,-0.5299952473201488,-19.17856979185586
-59260.24651418105,-0.18370555144646208,-8.930557177247177
34329.570115102244,0.09904023103142287,-12.338828456564466
-53153.387651068355,-0.17263868520343542,-16.254556049444226
61398.22512230863,0.2127442691594318,-7.111935604674924
91218.22465794724,0.2676759634631568,-7.073950383618577
17696.5771733637,0.06046594477676368,-6.595094205385155
35962.39968551514,0.11929161892625481,-10.013721596707425
46844.67077259198,0.1769578737088504,-6.002089969550362
23311.5079661907,0.07540329555663511,-7.881895973859643
77609.30748916612,0.23735778746806477,-11.383416477976871
88001.05305135535,0.307954319699398,-5.559431374616974
-104538.89306704447,-0.31862956663130326,-14.050728843531136
-113793.39837405414,-0.3385485715072108,-14.014526661312999
-63013.091273578015,-0.18480594266720493,-12.851723588832298
15127.576232356558,0.049531087828489834,-7.410649029132821
21986.8049903649,0.0757287862732163,-7.244250046258626
57785.8858254548,0.17242199921158077,-8.788134265090285
19980.44847521498,0.05468559825067343,-10.732826721258037
57388.37598638018,0.16856921211040016,-9.212140959452364
-14137.253816811644,-0.04171855290086033,-10.91169674563518
-108743.26536232322,-0.3115521228917429,-14.102270063698285
42684.51239299047,0.12784389555218215,-8.548014096652757
130041.99200997353,0.4032365380731908,-6.289727882753882
-3451.655536339434,-0.011704283390658753,-8.440534559952228
151737.448350417,0.4744451419758984,-5.2672446091518115
119425.28907478113,0.3643262533661355,-5.787141135034524
3195.734843791198,0.009349706793362823,-9.806242374779172
-16890.518768850787,-0.05273983908531741,-9.4427425725785
53864.83460321186,0.18417251802969367,-6.41916235526343
-13312.182416582295,-0.045124288906273256,-10.924921899852723
58216.14594024274,0.16598989582448653,-7.7800141504772435
-98512.30566118086,-0.31256015673780774,-12.601176506823741
6541.505001246588,0.019040980349267184,-13.442806063763102
7628.744902136208,0.022979604899454373,-11.057432063556671
37556.4608196528,0.11947291692184438,-10.422897985247381
61644.88614393762,0.22533856786131462,-5.880677252719114
116098.91729325567,0.3638688388070396,-5.979377973668654
26795.393490284252,0.08232213561713927,-7.873014103774545
-26044.907287691814,-0.08305815140182758,-9.42514137386421
-69604.99745834612,-0.20936643763617108,-11.360846291672589
121367.78867932242,0.3831271718941972,-8.77056180205119
-12717.329677398979,-0.04352607082667223,-9.393799943036685
117722.65257780164,0.3200331965078013,-8.857039892759621
449.31196476606016,0.0014903661921869462,-12.857821209452336
-145824.43575785178,-0.4195382622242061,-14.12949032897971
-87209.94728557445,-0.2540087030557654,-16.88134045784473
192322.40609073942,0.6303736623065492,-3.5142867100002806
88391.14605009729,0.3003684564859236,-7.672878299029351
130321.12422823727,0.45219853694728807,-6.3942039080105095
-208550.26598178086,-0.6574202041296981,-19.16000464147266
43133.750769733386,0.12752786951993356,-7.289406988234736
-4527.055868790912,-0.012821111551287203,-8.599934016778477
143693.89952826375,0.4133755798620655,-7.972628061865383
-106198.16213721006,-0.33128432928680474,-13.809879443689521
67282.17198059433,0.21691435488244482,-9.688471153346612
-60885.55466937028,-0.16420353295843756,-16.798245548978883
68463.28000150445,0.1983066760150207,-7.279320964835079
54141.23018269855,0.17143839923490542,-6.20388280683718
159816.13316411307,0.47738602056919727,-7.0001581859429285
69805.19291510401,0.2167903710393665,-4.489472345609135
59870.37853141653,0.19638873671241006,-7.090537763908067
-26456.853887189547,-0.08083907186374094,-8.473270330741478
47571.1615816024,0.1533208169590126,-6.792401779780233
-24241.30886949392,-0.06928276917062051,-13.921295303471226
-45841.226039364796,-0.1343378942251164,-12.695000703995273
-36856.0481779509,-0.10034856127267319,-15.357645889690751
-115262.23890708505,-0.3585787194725013,-15.6163323404504
131996.63941386458,0.40318483530310467,-4.788192513136947
125117.32793001356,0.3564805142016054,-7.922328239683107
70670.95154772318,0.22323618872725948,-5.986672262432446
49668.013949433094,0.14848321433738945,-6.549818362828974
-30073.413042291973,-0.09577334840388031,-11.674233916463983
194185.83189959938,0.5731991246087934,-7.245151261033245
-9252.64789248929,-0.02846657526698656,-9.88103389750461
54136.328716693766,0.17892709789258188,-6.817523918644186
-5480.771322476225,-0.016993226726875314,-8.211506496847953
-89719.10554379638,-0.27951102244521076,-13.33459145656446
-20555.93346658753,-0.05826913656645346,-8.637621100521054
-96770.92355146435,-0.2648388448766886,-13.128743470846327
-22356.9043506773,-0.06179211744568708,-13.236717873203785
-8922.616948168736,-0.026659320467234782,-11.827055228826634
71826.55124748143,0.24015907376171639,-10.311512729890026
140367.9914747499,0.4371609333218194,-7.660048679405273
45876.23548636176,0.13117571613716844,-11.847540785689647
22984.12857487883,0.06425169344795086,-9.390323227430809
21971.12567484787,0.06831005442592888,-7.794270235694267
-9163.264010446781,-0.029573951498166832,-11.67015889071401
143803.0317532412,0.41726170266158374,-6.052057002958621
-101319.78900788573,-0.3487740287766181,-13.152853811092434
-4761.563110624502,-0.013449797067231532,-14.784360631994831
39582.111439847606,0.12907331108740902,-5.429778505257543
51495.40387170301,0.15070360401550287,-10.903554312248588
-16420.920600098245,-0.04923116542259472,-11.00686334910731
-77773.62062969113,-0.261203284125183,-14.534664889821814
-3374.7933795324784,-0.013237454656204252,-9.974186009177243
36718.69909579227,0.12203465714766001,-14.88486544724601
-11245.068597552628,-0.04166296541906344,-8.809165094757198
77939.97813765584,0.2535760000381922,-5.882931770400413
7687.2097024887125,0.025320474060678454,-12.108337896679522
74033.60609913131,0.2545622776885011,-5.20421807215663
-78136.57957174945,-0.23331469867464513,-12.223622128301548
-100599.797680942,-0.3496679866424122,-13.3310686478479
88625.28896031588,0.26350102252915375,-6.0287691713410085
-52440.18803549509,-0.16816229122732998,-10.597141684304045
-25116.90923249624,-0.07933621382322785,-9.56886393036347
183915.1210134085,0.6231564980249215,-6.187145983357578
-10646.660858775009,-0.03406563066615232,-13.251385558469341
84592.45418298087,0.23693350936923324,-9.112308459744401
-140838.28472010262,-0.4176382121557093,-15.03395310276816
-76613.72704142716,-0.22795322461297032,-14.044296476398198
168352.92968798013,0.5451424454906316,-7.695819941437909
74003.08207444566,0.227529268641573,-7.01327660862241
-84570.03174508932,-0.28217719370055555,-11.620461331230892
-54899.1025360224,-0.16444318036651856,-10.79561821072036
-3150.7300218333367,-0.010148665523492226,-8.595174074734002
47329.932971126414,0.12773366958342128,-11.423166850700417
-3164.5138956412047,-0.009243575883275434,-11.118663549482532
134412.95234230644,0.3945265421678926,-7.1071294928422235
186035.56252294293,0.595783668264098,-4.952697481270496
-44213.64735770371,-0.13880077067376784,-11.947005743421002
180919.67801234827,0.5684546815061179,-6.0648159259927725
13334.363522900643,0.03975893124708084,-12.978372798616732
30342.457546974707,0.09072140849176116,-9.289453342782162
36658.640406793624,0.12373993617076583,-6.026814523441104
4676.665677235668,0.013465917598238852,-8.623666846003687
52343.15436284359,0.15614516053988922,-13.686193020409531
106423.08883376073,0.33328260096332474,-4.9064997325409365
-98803.39223533314,-0.29444151313703687,-11.088632273315312
56053.54658138828,0.16336327330972486,-6.919977970675184
104999.23951502272,0.2984813403060678,-4.998733528359988
55038.208720208255,0.18620527630886244,-5.46766465327313
-66588.5097441604,-0.2021805221266656,-16.00961220812829
109599.75328428694,0.3581375869214509,-4.610468822068492
7575.267718137919,0.022926663521230704,-8.939168181470357
-62811.71390129821,-0.19036781047402285,-15.293368445905442
-142478.69998261187,-0.43175313423673545,-16.199210669111984
-6488.94916284124,-0.01817999831351339,-7.441558522072711
-128959.90158400357,-0.4139735908726506,-15.67733533879988
127881.6496800548,0.38849729147004525,-8.4217443899544
53200.9446930658,0.1599545081942233,-6.341418191484028
-129974.60069504964,-0.3782341946211481,-15.379447622166165
118204.42260911339,0.3646210267815065,-5.345680720230373
181904.9564951527,0.4867367953183737,-6.779053756460362
57782.59126206691,0.18091617189079404,-8.319333604618285
53724.97232217433,0.15553110894222577,-10.191031384815386
31542.00412947874,0.10432951403532496,-7.844282172615912
-66157.29181922422,-0.2108151791687296,-13.687865937675959
9203.937918410807,0.02527776065259173,-12.28154647300277
4540.609947575097,0.01419958993964665,-13.535578563039575
77821.08153114919,0.29670147048739487,-4.5744412627603985
-151855.89488696182,-0.45046600561939326,-19.29907081688278
-150650.83653621768,-0.4558151701352318,-15.743906199978152
14384.288919914357,0.04486566021123472,-8.600866981623811
94489.88490694192,0.30942155273589683,-7.148151690321236
-46259.17256277525,-0.13239199892948586,-13.30965527199519
-50622.005161408524,-0.1418553846566723,-9.810033146282503
-5002.805445798371,-0.015164499888130551,-10.581174299132845
-56447.09381614989,-0.15574788787202135,-13.239154422262956
27640.429615163033,0.08287939909073314,-8.078825937188949
-16761.735968257613,-0.0528469571034039,-10.648514779047657
-78961.96859270714,-0.23850693503645382,-11.487654561302785
-30009.01192597366,-0.09277813886148034,-8.657945632109154
-4517.371671699654,-0.01448656488702009,-5.918468264516452
22477.73214480596,0.06721231945359508,-9.644690844281445
31447.349788277512,0.10278591440271442,-5.649453527629045
106307.16074441861,0.3470043524676245,-4.656337247956466
21399.429195876728,0.07272928964060157,-7.305281090055327
91801.97138367282,0.2517863737302079,-5.698358180311969
76355.47830439074,0.24858517478427905,-5.862954311410141
-29682.676342091996,-0.10393230723802035,-8.197728179052133
99313.32089568059,0.2946882111130843,-8.443694491731168
-140377.90654528566,-0.4585553006169357,-16.650300071726043
-125939.81701217941,-0.4111761148698113,-16.681473312339755
-2031.3815744070425,-0.006979187963802336,-8.225560803967769
-3714.1157645665726,-0.011239803213614083,-10.369982164378811
116480.828353942,0.3595716717705595,-9.530836668845954
15981.69482205637,0.047518890572373476,-7.853240686991036
-49663.91892800701,-0.14904589227757598,-11.071534039976216
151840.58067976547,0.43267498755175665,-6.318123611462056
-235761.93110779184,-0.7166434493863899,-23.454630234004416
-6981.002643013347,-0.02188947792427145,-9.636948258987621
86583.84149210816,0.27284569737624864,-4.992550114492622
59399.04243387807,0.1651918959412018,-12.354355447542975
-85450.74738821453,-0.26252488419458586,-13.361513661965152
-31259.55984343954,-0.09324219575282791,-11.86292499734246
-125925.45105243624,-0.3731501710578543,-13.25924746484688
21912.3945008187,0.06687641008712954,-12.776581584333979
54112.425598860355,0.18018700933416357,-8.685184496548082
-97946.02639087135,-0.3015893036869893,-14.405161920716502
-114986.03193103957,-0.3346868299720706,-16.998438941199623
-56370.44625260577,-0.15319333380809075,-16.610897164062365
-35274.82658626041,-0.107487772744659,-12.72815186404257
24113.76756168767,0.07569779265242771,-6.345720231892049
117220.62059650129,0.35402060775652283,-9.330522389564045
110213.22025943844,0.35437375174546776,-5.427928480041643
99626.24349989425,0.3291402953779436,-5.48597316923588
72768.10149903447,0.21623780247569355,-6.0787242734646085
63423.27287857828,0.17420411072454176,-11.293737991586994
-47926.5573607971,-0.15668204480155487,-11.168661282607928
11609.96000153723,0.03589309627202655,-9.91088336175151
-9428.062678261878,-0.029825522582810286,-8.638368716718503
-58324.43970583481,-0.18383204211485693,-15.31965467613643
48152.891808495195,0.15635744837022217,-8.304250350088882
-104262.50682565241,-0.3087618790306518,-16.669967699439102
19457.95197872968,0.05819964855052856,-12.55536841601118
68851.16399864151,0.21373691412464585,-6.932384200894992
-60523.62635641459,-0.19701896846616962,-12.825527008573523
76465.53639279262,0.21157171713901737,-6.152924082661404
170092.1625156572,0.5787297538674498,-6.762806196229043
95224.66581478539,0.29047889486011785,-7.451774697307156
-16216.657393989579,-0.051711138969984485,-8.802072024961339
157479.00412042355,0.49131914088479717,-4.697193553845991
-84679.48180934433,-0.28905157951421867,-14.279199025419665
-48189.825707681026,-0.15306642375962123,-11.181798560878587
-38641.860552535865,-0.11949858950264279,-9.270261221568422
58061.026736136126,0.20395963063852715,-8.896531395576412
15917.23941246943,0.04276094819883008,-10.87884302908655
-31371.891754297845,-0.10112098605465711,-12.325384016354924
-18968.021252977942,-0.06313160919735494,-9.53593261390051
128622.72610653297,0.42930643163723126,-4.369148043005722
-12500.512770392092,-0.039069067568717565,-10.414544116282842
100795.56883352547,0.2940340803204714,-8.985436278337378
-8271.962192595056,-0.026161690936979145,-9.055026405839639
-704.5387226334697,-0.0022569956890579564,-12.789931553525157
34696.46537086354,0.10514892796921341,-11.100442849452497
-20331.50386634076,-0.05994807009270548,-11.621675048778313
-135181.83980075896,-0.3948830587135606,-15.662232627379657
154445.31548019403,0.45394079471932963,-5.743649450607025
-113065.21447371652,-0.35461711215135544,-14.581222667927507
76566.81870122133,0.2449856978528615,-9.50664495902248
110766.48663426547,0.3596113182653375,-7.927674682541985
269873.62344022666,0.8105807964334715,-4.041598907048383
-79482.29540632202,-0.24495747414899385,-12.295608428234782
-39328.52776248164,-0.12137989324565318,-9.255605771619535
68234.7349223469,0.2010333814462253,-8.793529324995786
71946.77835137481,0.22173790015002878,-9.089478690774689
-22898.292478596624,-0.07526028450645765,-11.123491536402952
24780.247961869405,0.06847700450813535,-8.145911185569222
66285.61077770329,0.20301545038616917,-5.675966151952993
99037.41656399185,0.3136500783515755,-5.927312940061591
94083.73580851418,0.2899619817851711,-6.835718437265815
43402.93454494331,0.13938402122996538,-9.79287875515209
-33831.8707230079,-0.09734579113146888,-14.850195290417156
-27919.736657250207,-0.08905842719546468,-13.767683652465301
153544.70834115415,0.41759413380203636,-5.88087579474238
-52021.47576760879,-0.15004811694179215,-10.881460646900965
-15127.492606963577,-0.04638267218035117,-11.36082471356097
-116620.63681672855,-0.40089968020770067,-12.05439881710264
-95114.10704454313,-0.2461062323961275,-17.256984386407016
143462.79507885207,0.46511352176833376,-5.548251225173761
3329.8133348116603,0.009035276959061957,-12.464191978002038
-158274.62811144887,-0.4781831378054857,-17.116224452733285
-65152.59693107618,-0.1776677260981596,-13.091811877800597
187106.1247608499,0.5049628649945613,-5.965989931433324
72104.83663510943,0.22661374591467942,-7.342707916347924
-24464.855673364713,-0.08101906170118459,-8.330964860443391
-37553.65733941031,-0.10513204786189445,-13.943940006282807
26021.832092093333,0.07180073401933482,-11.07489575259205
128442.67851125574,0.38632951779753605,-6.822441432406768
40491.27763823679,0.12113926922953848,-9.209274929107314
7911.22754665263,0.022835704866455808,-9.639186187387406
157655.4164432258,0.4631962317189279,-4.581267756199459
252902.47387991898,0.8792927220571484,-4.843413830407995
-15305.908394111388,-0.04848205253042444,-10.059602651711884
82239.1287430452,0.2073130985070384,-8.700841006597116
23944.78232391654,0.07300713950635594,-10.026568844946892
-17093.713229620436,-0.051469793098189706,-15.563729488786693
124894.34212490542,0.38356580698503834,-9.665032596201872
177626.32311891808,0.5184326745067788,-7.993929987504822
-5242.569279078099,-0.01600024969714658,-7.850891232320334
220125.86363982348,0.6419983740422065,-5.207953800999987
75615.73494229201,0.21117315077013366,-8.545897966729454
78774.00161479834,0.2416544402479873,-11.55566208623785
-2906.2352732932823,-0.010033809787775249,-9.989387450522337
-74800.41617292778,-0.285325930410714,-13.89948338890492
-51266.482222703584,-0.16319888263240928,-9.136194282198273
24978.411865138536,0.07801850135789799,-9.616691562621583
-56901.40939680995,-0.1651651091765891,-10.88520962983952
131129.84166549786,0.42256221985395703,-7.5129940419447205
-14470.816517461672,-0.043354622846326414,-9.763845165819674
195517.78050795148,0.5890581680649233,-8.076520596056902
64483.361043581426,0.17727458962057419,-14.533641439774359
136835.16137715985,0.4419667291918025,-7.001122954741479
64887.031893785745,0.19409722228052462,-11.311995703678402
87862.7015425573,0.24991245323334768,-6.786998754702578
-56828.73218054821,-0.18436504357021774,-13.084840226347616
-35867.94310522317,-0.11708683018683896,-11.20128697883639
24522.965441566834,0.07290514351222645,-10.699850397732725
21356.2182900493,0.060950528040441786,-8.463442091715812
-23391.16043213394,-0.07372134047512224,-10.765038153653972
-40670.1891558486,-0.1207485486604082,-12.43627003183876
208288.6745262273,0.6827367716946643,-6.838048118664242
199918.28724499285,0.5648728335040083,-8.359680395023727
141855.62886182382,0.4409034640830641,-6.187242258738646
67338.74141953757,0.20728627197144403,-5.275418403744425
-105297.6855954122,-0.3229845049095484,-14.726143751886156
36633.12823590297,0.11408415810230642,-10.093721720184668
-95744.85502145065,-0.30675084857609847,-11.5562219301652
24502.889240575474,0.07798986418371255,-13.422817195586967
36067.736542576684,0.110568069421921,-5.564574916372234
-96297.81513353618,-0.26828686128196044,-16.527979064366114
-29614.36841030998,-0.08910817043325762,-12.643023956088395
-111485.45907982673,-0.33533344401098,-11.924078941788219
-26990.08873079181,-0.08523073355160321,-16.96542161229163
115225.07480966767,0.3539068574536559,-7.263085267985181
145596.75865044465,0.4412339615372937,-4.361363427612841
115171.20155298334,0.42538255856922125,-6.879590523202205
54166.92500582205,0.13962552805027761,-16.416266800224875
-96756.89779265411,-0.26906516469540737,-11.813654923897754
87749.9876523654,0.28246266675819853,-5.033602485026101
37298.840720635504,0.13484582254170235,-9.361272186972913
75396.84295676765,0.24321006740041412,-9.333251622694005
53636.55450371023,0.1696841231208149,-8.417404052156796
-136790.85744410908,-0.44154741140182135,-14.498731237814743
8711.878491586496,0.02597358766595343,-11.820624787210122
-34397.64635397197,-0.10434639482430047,-12.613180871016683
91560.1297783137,0.27988412728994855,-9.306995334088308
104361.77061611676,0.35356329047670904,-5.7450679725101095
-18123.939827538594,-0.05518952247544836,-12.031822610206488
8215.774900993072,0.0262026811824816,-8.536051203295047
-82430.52154316346,-0.23367580684570607,-14.61544601427911
-4417.533623264053,-0.012281769450641031,-13.129916046328095
189845.68238051847,0.5067495038771137,-5.376258033353054
133293.24441489446,0.3810590078070822,-9.756843031637253
102224.54557508782,0.34819638473357317,-3.6756597426548687
31483.507427218457,0.10329951300125394,-10.120946337146897
139339.1835789786,0.39533299365035873,-7.366487501492136
40937.4348379776,0.13016209067465673,-8.194350825107332
55152.708107202365,0.18084248594266392,-6.888878804538523
-1950.7987160179737,-0.005125881127574098,-9.143017763093386
-42779.645560365316,-0.13960276553476883,-11.592708793376016
91872.99021192157,0.30665026410721374,-8.120322824259086
-92505.40507076579,-0.2941866413681682,-13.84583854206618
-19448.56853183967,-0.061566738990292774,-10.477889237866178
220119.5439147467,0.6027395304924344,-7.007252030008971
42120.26747403974,0.13720388113976476,-13.07626694968257
44595.057919338265,0.13474233540572092,-11.232105325233476
-13697.960145895813,-0.04155290032202503,-7.839389391355156
96010.37199218296,0.30220039486578787,-5.2778544891872725
-5272.429693065434,-0.01737476781625096,-7.1549657976896714
16887.07742280222,0.05251439788878305,-10.114966992592523
-88246.57454758583,-0.2546224677245975,-14.93255956017766
-26970.744258479102,-0.08351254795377629,-8.13764092517506
-125130.02453096336,-0.36947326549901277,-16.54784990017174
123680.62020686457,0.42442942189269733,-5.432002300472371
-41939.94094630758,-0.12207656056694123,-14.581551908077383
-21746.828029818877,-0.06406319280987949,-9.862550215061383
50084.12812650221,0.158575302577245,-6.754441792995314
70085.02813109002,0.20167756488968525,-10.689934414904334
24304.2321609264,0.07061477628026452,-8.740825822942522
92614.75805900442,0.2774293781394625,-8.473675662891866
76905.46469015833,0.232289123346488,-6.654680011006353
91135.18962952174,0.29552381326260485,-7.387033743506977
-47399.140612798765,-0.15460842547478706,-12.159914480033473
55551.26372845973,0.18534214862979262,-9.786566343828895
-3364.924028856555,-0.009479226589714918,-8.93056741032664
-25270.421911799665,-0.07140521217053357,-12.404777407654432
90232.67507647276,0.2877810332047369,-5.2841201322216484
-71733.91830700688,-0.21957398548777043,-12.765981579634778
97695.98932680688,0.29709612453010964,-8.71756623788561
63707.40063049801,0.17642881735617247,-11.04889175398931
-118151.18510483764,-0.3549752868389411,-14.905244583779053
-61910.71934930445,-0.1644710494340144,-12.028262979878935
-14474.472326849504,-0.04334068838204608,-12.931529891285642
-159055.82930699826,-0.4762331370351004,-19.391481861756244
69763.2568517878,0.21665385899767514,-7.024922540576462
126816.45357342662,0.3771802457909515,-5.419044262622242
-4859.462555698688,-0.014874648785020953,-9.842424056396204
-31249.267770917235,-0.08891850135911919,-13.386707969183497
27790.198692946928,0.08850981877898419,-11.432616461763057
-189010.18496969447,-0.5992679374232887,-17.632655669649267
31212.014885435652,0.09330470613286186,-8.226346353214609
-103352.41828451722,-0.32056368503234534,-16.761649326360683
83259.94973000564,0.28094681999303883,-7.089754221959732
148164.92960921506,0.4322780047397963,-4.813663699970105
33844.58239386588,0.11807548164052996,-8.35294910825567
51817.45436220167,0.16198211559019757,-11.367807788732453
149918.94774985322,0.4921417018441446,-4.821332978799497
-44450.25875083331,-0.1276937172280674,-10.10574826809194
59977.618628776596,0.20345539414784813,-10.743477333919815
-36765.52152375044,-0.10780630521854002,-10.991450230841382
-11723.178238329634,-0.035759015940452825,-12.437967005855056
134753.5707479316,0.4087589693533712,-8.893268930680854
-19566.22492559242,-0.055690775760803335,-9.237582718672776
-101452.21676885245,-0.3240785242381877,-15.585978192644234
82671.16737619322,0.2557942292000514,-7.275179363656193
24232.86086099068,0.07933169392813431,-11.632348561559747
-225600.92290599764,-0.7097679234221942,-20.699798118275282
65838.77474367137,0.18805504642034643,-8.853201542541523
41648.54298785931,0.1393170317799286,-9.122774809757194
94630.15650150033,0.29157271338155966,-8.05640908126939
201059.54893491598,0.6898417583266152,-5.25407672851097
224696.06565324424,0.6570852073881125,-4.552332914712931
113859.19742630071,0.3480083857105087,-5.966880464340962
123416.39305455526,0.38494007066152425,-8.447923545212566
-138460.15533904862,-0.3714976431433776,-15.937676514537847
62440.369292445146,0.19397444272560183,-7.685472262324355
-10678.24721383667,-0.034138272393650165,-9.9904150702673
22174.360575581453,0.06952464503148369,-9.594908887077613
117119.38536432211,0.3535789425773398,-9.021121210299022
157753.43014959403,0.5052897956550748,-6.571846502220213
-51596.30881235279,-0.16879022655529477,-9.013770349397198
29924.176553894995,0.09626248996885647,-8.788207352317112
197207.4372100195,0.596688092357169,-6.2685361541850115
2991.137001285702,0.009734821108318059,-9.868244957019112
-86961.85181963372,-0.27964985907848805,-16.877672238204344
-82777.71841869914,-0.23368109608273788,-15.058999203560841
-12161.263798966047,-0.03542402131772327,-14.225762374246997
163575.4391667266,0.5682211112825455,-4.656121281427572
-85873.8310833143,-0.24654227831382836,-14.188988128105585
75373.31707604145,0.26259233174351304,-6.762088068990558
-136364.31018203968,-0.41501780743057276,-14.17286236066464
-134117.29439750093,-0.39450717853195755,-17.0215045740986
-11996.923179248153,-0.03634375251994091,-11.467642314449744
167234.98762746635,0.5353038433027104,-4.539089426414633
38808.76717442087,0.11565142124032238,-11.719609332533965
131581.48056959247,0.4232886241389539,-3.4251311010797036
65541.71060572931,0.18822257961399566,-7.446622783148005
-34982.42825505704,-0.09662309888559487,-13.642863926281002
-27150.35561817243,-0.086173734743472,-12.468808443737933
7072.176581910222,0.020984312882995678,-11.079882182493083
-10995.099226939576,-0.03238409671068155,-9.458280526336116
31397.623038118,0.09763942481524363,-12.910936709196474
97476.72453843644,0.2661525355334853,-7.302411775405881
7768.868441431807,0.02505719989036648,-10.538333197470829
130748.67944570232,0.4239757108949746,-5.41950480156742
11679.819352707238,0.033854502980399534,-8.126222178866149
-97622.5986607624,-0.30609508341846664,-15.395295163277877
109979.72470132442,0.37971119103042844,-6.062069714899032
100565.42045918047,0.3167207299392023,-6.872119108092811
30781.053034129753,0.10219179477903426,-11.219038651094548
14768.14632830304,0.042258672567081844,-7.696910858294315
107366.64856065648,0.3606625796955325,-6.407230566555677
-12002.268609942661,-0.03427205595459996,-10.708729380317717
9402.926359350076,0.030020272545802952,-7.643974677579601
-32186.103806608786,-0.09799660623227956,-9.413620343384455
93277.51288382434,0.283228047579517,-7.496399569861079
87326.27629847509,0.25735828408216266,-11.510849869046657
-130367.5943350024,-0.39459537510969134,-15.37546499409851
11750.186553062053,0.03311625214333986,-12.952900810310574
59597.68277449397,0.19564927318495057,-7.523100129721172
78058.70172123355,0.2272000192505853,-5.4376798798283605
12369.519597068243,0.04126241595013701,-5.755977888414387
102772.6391392199,0.33561152195031424,-4.712544734496404
-135134.75835434982,-0.38558479634414394,-15.665232154315767
77662.47172550777,0.2263155033926958,-8.690955730784811
48523.944275316,0.15551160644335066,-8.052323652573246
83462.79328043865,0.26387782369723145,-5.985452531501201
-220668.36300564534,-0.639759252526089,-19.23374640047705
19363.008053983533,0.06512998961683415,-7.885981662710828
91731.4439814325,0.2908858964859707,-4.065519053785094
-27445.879282466834,-0.07427949744550173,-14.399503021154626
128453.46749249753,0.3981222161200343,-6.838736419601721
-36664.812894152135,-0.12514015022583178,-9.784041752072447
177934.00115522847,0.5438489273402163,-6.631199286833944
95519.08814515523,0.29170679918573234,-9.40532216524106
112993.27984743298,0.34835703733482143,-5.162470352295568
138679.0398651144,0.3830218151555797,-5.003209590135393
75839.398733141,0.24544843791912554,-7.157424426358738
46384.26998584323,0.1340833364536336,-11.084631603842132
-3153.658832116164,-0.009549038271229424,-11.091924383434703
-29546.013057065047,-0.09596361630512615,-9.500339921327583
79489.27097334567,0.23183272911663674,-6.516701007786474
87791.57456743886,0.25159771143482784,-7.1440196790931605
30810.79273656595,0.09329963751277258,-9.599295455676094
215682.26870310906,0.7388747070466487,-3.8227784209377114
112554.22104432862,0.36904155190950283,-8.98827344364821
54938.45588446593,0.16442823542127136,-7.4465622569697025
131208.38037315817,0.4578114527959167,-5.92938767716924
87885.9155512196,0.2605501568178719,-9.980613214228695
57149.32800320777,0.18981070238737097,-10.074010479151996
-87800.01048361261,-0.3014147269318279,-12.177125155065859
-135165.62526730413,-0.3878553837110311,-18.452322181071978
50536.66603493943,0.1497113943493795,-9.176449837691159
-66152.5054594191,-0.21029895252372183,-9.268101845237254
126563.24675359299,0.3707929919132749,-8.854867200703021
82958.00286729154,0.26647814085195587,-6.571778371050263
-15666.655971714987,-0.04499350631216303,-10.064761704296266
11397.189709275466,0.039597301651122636,-9.384929769750006
-19380.056919584713,-0.06263110500577238,-12.949532557894317
-248588.3090478885,-0.7077666280380559,-22.535396074393464
61857.101667831594,0.18680463035493808,-11.543718501149257
95721.66617135411,0.2731449993565325,-11.265880059540901
3634.0833898755172,0.01091637372185571,-7.926311053031599
-201663.53859339777,-0.604566097514441,-20.062111574547657
15134.614236972435,0.04609561188574862,-12.23393367171811
-107009.63707183642,-0.3527114514548826,-15.629257885931835
25375.68861313862,0.07742314842890662,-8.167895202072517
92695.42042096861,0.28064460930139523,-10.654794584231286
26070.694702195724,0.07381908125587769,-8.500193540860202
53508.69167442514,0.16275163257491412,-8.859918033918113
-4555.317681194241,-0.012033476193932925,-14.825201842950243
-2142.426484907839,-0.007157414582576213,-8.099528651691745
97427.56676446604,0.28052257261158975,-10.145685475438626
162573.64949778622,0.48629628806182174,-8.927231355456245
-43924.36931200758,-0.14196362688296213,-13.35622006619861
-141543.61120528347,-0.4271278412768591,-15.942967427466003
-29529.7507683066,-0.08976083488234618,-11.484160838875624
-81304.6295600472,-0.24936141384295474,-13.13017451479105
-182185.9587554481,-0.5484185862988786,-19.890033761824032
-19319.015866301066,-0.05782137803524205,-8.854303923247608
70709.20983490198,0.2171153303663053,-5.542926983582697
-19305.021897561586,-0.05475100438399523,-12.043673523672371
-18154.13367272888,-0.05683162037451221,-9.042646950700572
124011.85072481235,0.3777079342655399,-8.010516545706281
17379.993790803754,0.053249162107217966,-6.3813278562159015
19433.526266048182,0.05983745221842145,-6.5030322313728846
75201.16529702242,0.2309479309218034,-11.51701989255014
-39469.76313256027,-0.11193153252520187,-12.171181762626349
-66747.9972483706,-0.2155536392050865,-9.143643712939987
40183.37228618497,0.11569151963962865,-10.819756378379752
26391.16651726189,0.08488217555755144,-7.699025227939882
18147.82938658697,0.05813122841798354,-8.2225196665192
-122018.82898582837,-0.4093309717313923,-13.770547015457534
-2631.609108509221,-0.007669278881380304,-12.498339596822506
76005.61503275357,0.23194037226227873,-5.09537167167834
41673.954979688555,0.14026857945657825,-10.894079148753145
43748.836106217284,0.13197267886564518,-9.947130979341512
24116.30470810401,0.07336254307567686,-9.234689421884568
76268.99715364499,0.2343764026519976,-3.9858568187688403
-20103.560594565504,-0.061151267976738685,-7.828930452609639
-50876.13844983385,-0.15408166541694457,-10.812160394296178
-81203.54749679464,-0.2370817723348125,-13.644971830973496
-71727.58694689858,-0.21556894333946075,-12.820961321833014
84580.91162370247,0.28127308631465714,-5.508674205211994
111890.86569206507,0.3470219407580883,-5.945612012883339
52225.61823249579,0.16561244722790378,-8.188292253788099
-57536.803309734096,-0.16071825838507772,-12.713933100300645
132737.3054685817,0.3860448358148696,-8.60417613282557
-96984.47321910324,-0.33093991380953947,-13.847037200521761
52227.22460044677,0.16904192657903905,-6.9248994672094
-30887.864228231523,-0.09669553699147371,-11.23672554323798
14169.760457163678,0.046247574808253165,-8.144006218683607
22545.054247516797,0.07345837093088958,-10.405508053292767
171686.16048106184,0.5736227296740684,-3.4421748749902337
44231.462749034035,0.14097111097782297,-9.266167121155844
2039.6596626485034,0.006352913083297835,-11.216548568333417
31586.525574820324,0.10496449228194447,-7.896275993901291
29349.94931304176,0.0955100865600852,-7.436828632435589
128896.98013760868,0.4189394625522366,-5.956797562724914
69219.64477910392,0.20389527340526578,-10.36716735904404
-220137.96934760426,-0.6478135361046331,-21.38125575530514
-19370.047114530542,-0.06128337281564139,-7.435697550595711
55145.91863915501,0.17140506674964706,-9.043060370250277
-20355.421201511333,-0.0609367193849561,-7.331344733549916
215240.38185996228,0.7233702945571066,-4.4184969935337275
192522.6202141572,0.5773291301489717,-5.410450464375682
19548.959087482523,0.05500814771539352,-15.164194217477988
-51116.308264046245,-0.15702383265441028,-11.407829283653925
67782.6616869106,0.2198827685088298,-5.776097143846637
66834.4407631542,0.19756179470179558,-5.599883163090702
98425.19489516343,0.2891445297405961,-6.488575347330472
-52562.00783272738,-0.15563722181611417,-11.028063131811837
67236.42568984305,0.1844835792705344,-9.174603031562278
77215.07179852309,0.23357133744638922,-9.644207659718539
122128.16700511775,0.3767368429791111,-4.680961354117674
43270.61491331064,0.12747099812227802,-9.245597394667083
72371.97832773476,0.19897067070625526,-8.49766641472014
98589.81182422608,0.29827446094979804,-6.044782300284101
75285.64489868359,0.21827180676238558,-6.687042126022269
101111.11307508184,0.3250970619812352,-7.101201904877897
141257.64831752458,0.4429074235215101,-8.795521695039454
6154.339994748204,0.019052758016108954,-11.231588629179711
32277.434126092994,0.10005928402645008,-7.373182950893664
17465.084138190756,0.05467333722827207,-9.244455098857296
-51102.78839319908,-0.1602241911714383,-14.784114146999316
134687.7893295932,0.38374907066112074,-5.301343265400971
28781.79061265639,0.08339766691977382,-7.316734416010828
116675.97236694714,0.35881407896970635,-5.466899166360905
87245.86072298401,0.24443589758871356,-8.531868714951473
-30557.527187923686,-0.0968620518419204,-10.76455378015716
56013.34705541628,0.16363727281444818,-7.713630220312462
-17928.76992774072,-0.05322045731321908,-10.685588283475944
-193599.57715177565,-0.5925928627156479,-20.198133287594246
71386.05293028925,0.21154275772390163,-9.063214614637015
126007.46784100683,0.3488986146879055,-4.906246600944996
74129.64623010573,0.21882648028350754,-4.932278515454547
84035.78142561897,0.24554933163046683,-10.13910679909127
-59920.92038160883,-0.18108774521701526,-9.125892696569748
-11010.936866626891,-0.029242227173694693,-11.698273507076728
145193.33275365358,0.49540656676907124,-5.24130858474825
-56839.196777436344,-0.1714844880596401,-13.489644674728662
27496.008159283978,0.08627018034023233,-6.731507850387153
67363.07943684432,0.21760031117463807,-8.368556092432877
58939.18521108399,0.18622882390084133,-11.528619363710234
-14094.815432766383,-0.04194854006261397,-7.351249958375372
89463.98687352281,0.2690095798826529,-7.479574651071264
143578.5558225396,0.401140749778856,-5.931110290366803
-16660.473287442615,-0.04551684399719974,-7.770689482037718
24833.85163696069,0.07845577439528156,-10.663130830158929
-45451.61218936697,-0.1502813482116971,-11.221580465606673
61917.95045357142,0.20039581160749545,-11.089996433607896
-14251.392161174685,-0.04965939136950147,-8.752583078091424
69035.2693116887,0.21267474384882556,-7.4196544604600785
-96100.44421137958,-0.2944904713100857,-12.077153601251467
95813.40348569138,0.2982993905782624,-7.764426124882795
42513.442696882805,0.13496786920126144,-6.713889378069416
27471.52573840961,0.08834802848930426,-8.633647868112437
-98221.67538937446,-0.3001096353317521,-14.499035357357892
52463.36718050246,0.13581142593089443,-12.574300126558857
64220.54969414767,0.19324834247448802,-8.11054978804705
92430.17231440745,0.2566349758333967,-10.350558143332854
80795.01898857937,0.2732562356494762,-8.723935350678813
141057.2280233681,0.47089804824151704,-4.817861593770434
53392.36267971768,0.16841427540481105,-6.587443681309679
-10637.92925301466,-0.03230814667104504,-10.280137709050962
-9071.559188646655,-0.03068860007256817,-7.448469792117674
-84739.64610795905,-0.24722645683587816,-13.70319180902464
107894.21835421177,0.3164048358111746,-7.728244826120745
-70866.7150529989,-0.2178567333073188,-12.422690107043632
19175.980814803253,0.05423526380384508,-13.524010851001321
66614.03449141313,0.23459890920680843,-8.731837404889875
-48254.829700221286,-0.14001738215593587,-14.689773869620248
-19938.85362730687,-0.06224707631009734,-11.471904578702164
-55443.09443735856,-0.1670523377768402,-11.04585683590943
7242.740377380714,0.02155969007987073,-8.84717857335443
-15166.469961015673,-0.04622507621916936,-9.787979926295808
-36459.03793841063,-0.10505035614299203,-13.084781078502072
-113654.1706667262,-0.3442324349034112,-14.678409814865178
-25250.847648497907,-0.0714342464376912,-8.609813968235713
134211.80156439196,0.4976368786694347,-6.390155596939728
-23551.588542358866,-0.07187887108379185,-11.116714498104031
34082.424186070515,0.10899574032378025,-11.027783818637927
-70271.90310297783,-0.2090103798425448,-15.724718219063337
92205.80812787023,0.2732105040801199,-4.785700193260023
-13155.264054491154,-0.036514872003349956,-10.892865383645912
-130194.46289750753,-0.3563581543562334,-15.325138963300521
-8467.388661220371,-0.025560303825059884,-11.865904416453398
135439.33255342228,0.38585751532609625,-5.975775541253848
-55277.865146728334,-0.1727033813271845,-12.481785536323454
-48963.85114468238,-0.1505763185424786,-12.006556541765235
21018.155509338703,0.0714590669055017,-11.156356946162083
-90098.69343402612,-0.2854216202375375,-13.809796932643781
-12470.889335822172,-0.0427990440485717,-9.123008384745345
11743.501428231768,0.03550602124589583,-9.138203455931215
128832.38365622824,0.38902099847020105,-7.475351263374408
-5076.745707238786,-0.016262326429525048,-8.14907736336884
-72132.05716069239,-0.2167995148521729,-11.25720444504542
7578.073090770957,0.02254298567491066,-12.80833349523327
13618.600643916776,0.03804370591325042,-9.678873931698838
8890.369321649801,0.027489149181855646,-8.593613648867283
-16567.87210241367,-0.05214774640515839,-9.331026601099612
-33892.095943663786,-0.10219895976487775,-10.207500126645808
63736.67764916956,0.18768666227942493,-8.767149418320763
9192.64903525531,0.027669943678854877,-10.282038034175978
100392.51681577598,0.34231628858186697,-7.324458212246753
38912.0284616871,0.12169326967223497,-8.556512465192112
22112.80285063158,0.0693166455111441,-11.991636218178103
32420.27504268958,0.1027157190154617,-6.432273268488697
89813.79442193844,0.2780688843161,-8.463010081757039
44982.822997664654,0.13776517432243862,-8.225945419097602
-5724.513984432301,-0.01966344713064464,-8.25452646901772
-107819.65811977131,-0.3141639623940746,-15.642011598062789
-22640.06071634647,-0.06723740004850978,-10.390114801117555
-167866.28306735383,-0.5480241440267489,-16.42562444654616
87675.23351302746,0.26713442893301453,-6.184200566589393
-102774.26598663046,-0.3023951733396614,-17.500383851519473
-119252.88985914786,-0.3452296167878883,-17.381174349064587
79253.93124467778,0.2562616848031509,-6.229343051954017
162405.76449735145,0.5109095482288076,-5.9633613155820715
62306.782835178055,0.18088213678360548,-9.576847090987028
35527.24029843093,0.11851034554603468,-7.916284390527018
43747.87375058865,0.14462091496362425,-10.453587631715255
-84643.18918965656,-0.2629192435648932,-11.876522440770543
-26353.704676063062,-0.07451762380657075,-11.368657085312906
78427.81905131422,0.2245243276073184,-9.726104215813724
-48487.173913272134,-0.15134174078086965,-12.426580387007657
18225.09133994071,0.05681854852067958,-8.882868259925669
63402.233617173464,0.1871391580817239,-6.318006714505087
33942.247745408735,0.11543236419084935,-5.1233666169162255
-43823.925066925236,-0.1208308072540424,-13.198990713871206
43521.38524842547,0.1213297558353996,-10.394277724850065
-90380.6190885104,-0.25246997233039403,-13.85331879390307
34961.55091109379,0.10879137829286258,-8.889943305919878
12099.328557816158,0.03281898376894055,-7.68887323363373
14222.182200216492,0.04191968944880468,-12.330700485508018
32000.16348034101,0.08778206672065188,-11.595534297555876
-46862.21752635545,-0.12350234505271429,-12.236391159469251
-130994.30002669636,-0.3792860814566794,-15.606313614943668
91073.72226619232,0.315997355531365,-7.952389989140396
-85838.09435306065,-0.26432641136090385,-14.746125579757507
-67914.45687509175,-0.21223018884265477,-9.571254121138828
123550.99403939267,0.38633343194584513,-6.4472720252814035
83465.86784869479,0.2555089809885177,-8.134549757097309
-10035.058290418421,-0.03392478445619187,-11.425751877951917
-114471.67528517301,-0.38104421167327807,-15.63025275370572
7057.035917801715,0.022991097095715812,-7.230320680961311
-58017.435215983845,-0.16804680687426862,-14.402761958006538
50935.07871808519,0.16370154030823994,-4.6083835400900774
-64722.129894015794,-0.18700002990192577,-14.772440653601082
18566.511143623276,0.0577473783577988,-11.413798738692138
48477.13059290758,0.14534393232064002,-7.343201580689307
23669.04290323888,0.0774284683526911,-7.5403698568632045
46857.44276781158,0.14926974469677462,-5.557877528617272
55567.3124955525,0.17049277638934285,-10.256997249950494
-24852.386615562606,-0.07589923877551855,-9.051255935263946
235367.97856519875,0.6949027606037753,-6.123077869317662
30129.715913732703,0.08143059011545557,-8.508741519664763
-87172.99228434401,-0.26585047312709825,-13.246827410090456
-11239.156616738064,-0.037393503923427156,-8.251896701241524
83809.4118026774,0.2773962195858567,-8.131406441827272
-13145.401532034608,-0.03782559445737365,-9.349815293020125
89012.96324226027,0.2894700209129563,-6.305200812061662
-131172.52423762638,-0.4357997850925833,-12.750956730342722
-60869.58639639085,-0.17350032249847086,-10.843863402382048
64744.036135702576,0.19445096901484626,-8.360805471639754
7096.612636692641,0.022394763845614375,-10.634881500185745
12120.883563080024,0.0356430786314429,-13.152672657471786
29750.864745187344,0.09565375523460358,-11.563128105050636
68064.2894804607,0.2008757220807118,-9.692136971074007
46870.89166314213,0.138999782793328,-13.744738364079922
117639.02891714597,0.3567295790386716,-6.332384694172899
33713.3621969419,0.09999568258883192,-11.50390415560012
-33011.72873427484,-0.09093185346566124,-11.796922748166716
-6884.691596840345,-0.021344696782937995,-9.271040726830925
-57345.09535747249,-0.16599408678478592,-15.886978845534749
-91677.05143795587,-0.28692451565455823,-12.969673795017723
-51866.949775100344,-0.15756462117922063,-10.861198257970283
154235.1033079578,0.42769003678735745,-11.791410396649216
148843.12254359023,0.4619078305492131,-6.65884125348869
-23346.66951060183,-0.07582944954448645,-11.097183651077081
49145.53181286327,0.15526026886850688,-13.036847859614141
6944.948751325886,0.019982123217967922,-15.272577359692995
-46883.694574776695,-0.1394962002458642,-13.296556008144877
-33853.8919137919,-0.10216777250785423,-13.00053751628436
-79168.85198152756,-0.26344240035821476,-13.96634103138804
18296.417475619557,0.05735339468037958,-9.244125478632558
49768.803375052434,0.15596948380991277,-9.695672673444255
-67090.62760498472,-0.19544903603427863,-15.676679909154334
23179.060375355748,0.07461704719470046,-8.993603634445135
9461.335324145735,0.02982559377260746,-8.240641578244256
5109.694568157909,0.015475986794728516,-10.781246209681628
-146044.5122368712,-0.40784768818147465,-14.147945345801904
-27144.976772367896,-0.0780754502265064,-12.66054916518965
-6510.277396239679,-0.0183622949757733,-12.274058423115486
60166.616974008386,0.17450278036002773,-9.782912009432687
9160.673551903614,0.026941658485221252,-8.439591249944566
-127504.86324867354,-0.36570062486415783,-17.53009847690081
-63975.364960380226,-0.2020971536989107,-11.94765633651398
49165.19035758244,0.14851336079452998,-6.744529177790371
-66238.8892666276,-0.1986966393664991,-10.456066463507597
64490.167269905876,0.1827484278921598,-7.089193020001561
-49095.26749891893,-0.14865745002026784,-13.395739589906796
127285.87153273329,0.3906514452913694,-6.9313178812455245
89419.7843251229,0.25058829204947886,-6.8107523979588525
19507.256206434482,0.06065598994070192,-6.275791589676549
60395.348412605,0.18687582071829476,-6.2745403004135
10278.761197159753,0.0329456897078559,-10.149893330304828
95580.72832006907,0.29573619327496536,-4.732738671626436
-3840.5652628850094,-0.011163417910331692,-9.802052998108735
134496.436721615,0.40522804858912964,-6.21662819287031
-174010.2858153379,-0.5848252223541841,-18.996024779941646
-59853.8133229317,-0.16404407689398398,-12.229110414187383
-10417.099648913414,-0.031222956201079982,-8.622452796508817
-11898.868557060076,-0.036133180794900424,-7.722978512428147
22502.310834159434,0.06380404892339528,-9.812219233769515
-39688.41053634032,-0.12299070843696208,-12.240271297228421
-95357.31753937309,-0.26931061083593255,-15.420653109725835
-45480.40546991551,-0.13357909002631066,-11.96679780740758
14822.646039717736,0.043502509078265535,-9.02075621115549
45727.95057137946,0.12982859214318976,-11.326155150832495
171981.72308052276,0.549298855156083,-3.700556250115472
-48632.959688847666,-0.1473325679676988,-11.962058558982026
-35386.33236053831,-0.13471422798619156,-9.961757035656193
58695.239634909776,0.18730014597527614,-9.084843100372042
-60882.02761502337,-0.18535675133529125,-18.660434634012724
-30524.67354542338,-0.08873748374463461,-14.643199380198702
-92298.44400599948,-0.28708724027111604,-13.208681998124582
3810.535902465892,0.01180431179483501,-12.240251714325211
60750.09563465444,0.20406581741056098,-8.494731640030063
-111227.25456214609,-0.3375795061520631,-13.154035812034815
-82609.54227534629,-0.2845302439747132,-12.851938002654595
-38195.15284083787,-0.12069053609880939,-10.309526623751907
59569.93600104509,0.1770006339517475,-5.639862614958813
-21872.906203615938,-0.06782871680452256,-12.110947680454698
162469.76773442238,0.5267287162840261,-6.1569267233765546
100734.72595308408,0.2939154968373777,-6.236731546000507
-40898.25926242509,-0.14769045894859978,-8.932962769986307
5208.140506925241,0.016260313870500292,-16.008495026918666
6931.4984662502275,0.022959133449111307,-9.882618313554925
7431.968314766687,0.01999173483932205,-9.680306373944013
71957.21753743844,0.22502923098475985,-5.0460100328438395
92415.50943401418,0.2830857734102736,-9.483121590427302
29774.845398501177,0.08283237128849365,-10.29768304363915
-102492.16666978266,-0.3132030875307801,-14.431868023681238
77297.2861174656,0.2479139516064613,-6.3142386906166585
-133859.55764158428,-0.40151237563506065,-16.428106691643073
-89555.43748081128,-0.2548897913262159,-13.787829154145237
-113204.81594670564,-0.3583215717272278,-17.882458741997155
44691.018674734834,0.13876711221226787,-12.247533117658394
-62668.454590968526,-0.20959927170066697,-12.904602362622153
69381.31943950822,0.1906185889258499,-9.035132819262582
-43015.96626981688,-0.14454283923408465,-12.151729106620813
-4997.147899315903,-0.014240722805001035,-7.106914667835829
-7892.811423540064,-0.022961470105171897,-12.518467844203007
-28047.017634201962,-0.09580632727053288,-8.215448565779116
162558.33639462487,0.4619975456051339,-5.25628974782153
36668.01401247506,0.1251674294847452,-10.122065191174212
118323.15449758821,0.38321045017370264,-5.859871876442546
-100497.50723502829,-0.31968977737183013,-13.905953006132455
9402.458450382288,0.0260076108712372,-9.768205257550889
103200.42575588106,0.2884653862636206,-8.565599188973438
-53365.79508711034,-0.15037892245374876,-15.403888442249979
39898.80944850723,0.11227038163984582,-8.877057406208323
-16578.46581513049,-0.048660228502907556,-9.015034729242
52733.24850691865,0.1578500809716227,-10.686363896361772
68785.96379594551,0.24241176694721106,-6.754331733642838
23195.128063333184,0.06852460885080229,-10.440160111828046
-42953.70101751448,-0.12516144951273817,-9.966396421213242
-51640.62890863957,-0.17261649533769266,-9.386259261564911
79848.4292821223,0.2390363262380599,-7.893516838061688
-20638.10019952876,-0.05657700213537545,-10.180700407782162
121592.56315113166,0.386020799102601,-8.776856598388537
33858.021387551606,0.10563481011705121,-9.030031340380617
13700.4221732503,0.03976304921992401,-9.454389054569878
-131960.07445476626,-0.3861348789048302,-16.541248751023396
11131.817611921291,0.03730813880986846,-7.239757663317315
84700.71879817563,0.25363888990887107,-8.73210094322715
72869.24548194383,0.20716229844276554,-9.93936155254238
-77960.5771804342,-0.23969128981560192,-11.51544686874012
10690.980595908122,0.03529617114315154,-9.410852524069856
69977.94400380104,0.187371261911736,-12.990856753550739
-284.1790821214695,-0.0008173691750638015,-8.516613661228977
-92835.11222362488,-0.28137896554502384,-15.217079146415301
34423.4557152245,0.09976827017282917,-12.177835126654701
-83128.38719210774,-0.2599388874939963,-13.051088372504582
-48372.34238906665,-0.14749525088786297,-9.516381057941537
20958.04318046834,0.06924813945699103,-8.307686367940704
47687.89495384402,0.16811249519442056,-6.675636622833836
-185092.8179114108,-0.597344909675982,-18.732068198681496
34351.46545398805,0.11772850542983454,-6.804942176340689
-11428.903116697484,-0.03893042435183478,-10.103980149325686
-5611.437846581069,-0.017413880638898746,-10.552684147412272
205084.1333978066,0.6089223769366945,-4.816165634181857
-61183.84492004283,-0.18432550159463876,-14.19585385240586
102054.93026113081,0.28286258724581065,-12.447905246961499
39865.48482963733,0.12254812412099587,-7.124201142586117
45754.53959217454,0.1643132791261073,-8.875846300430656
-57576.389208924535,-0.17057503226840914,-13.622586969484162
126706.60700829815,0.38313335706246143,-8.266109852513337
168970.5225201959,0.4957662834674916,-5.646771842941678
17482.245708258983,0.054670701058561866,-9.61745770279302
103610.44514007805,0.3418713945992669,-5.256563002433556
31637.487357469254,0.0911731556148863,-7.65200338550982
-83162.96645112937,-0.23592088231538313,-12.789859977286977
-12309.95702404761,-0.03858954946120101,-11.521877340100028
-73683.4220727503,-0.23148450029848988,-11.04098260788252
108584.30250136855,0.36047407987270896,-5.469858765339719
-25493.522243184976,-0.07211597255442717,-13.340231766795041
-118311.31339507306,-0.36071653904499185,-15.776301254502357
-59878.85894700571,-0.17839251409090462,-14.053221033244967
-4053.029591846136,-0.011276445230331153,-11.609961982082229
-28405.868434281223,-0.09188500180161313,-7.994431918945866
130662.2911449205,0.40507272665612054,-8.019686872729526
-25580.658686253737,-0.06925387636723182,-10.183754430049262
-61131.84221309523,-0.17585470246695784,-14.740843921865054
-41215.526748353426,-0.13950526458835885,-10.936096820870178
182378.1103761942,0.6011632627609335,-4.89300245530333
-45137.09104968638,-0.13690586381499364,-11.56176145278427
15818.761778926775,0.04747447068264319,-6.65789348171526
-199801.38813367457,-0.5655019530581112,-21.776409464206292
71959.38308276274,0.2072474641776793,-9.410234337310264
-129512.20471909984,-0.3612250953133879,-19.775749940332798
93392.58550020885,0.2959135234306523,-8.339379854672824
56878.949157651856,0.16932385554812984,-9.325145491103138
27294.798888607675,0.08935971692586053,-9.357991988616988
121709.63315023496,0.35685808627378607,-5.3933097275569715
-92017.08671538002,-0.2560726189283596,-17.647538912027073
-21345.744769810568,-0.0615463052551579,-10.995262555514485
102827.81666727814,0.2877861106714701,-7.696682946414168
22964.136418977647,0.06270016224794614,-9.968133163531878
26114.739976513818,0.0743395711487065,-8.544145400882341
-60403.60226704326,-0.16502977651746312,-16.510204344662704
131461.9707324709,0.3819617262814689,-6.293365197664413
-61418.7527075134,-0.1928971226240061,-12.414164564628805
71111.27589292053,0.2025718417622271,-6.795339590155813
-63995.052088897464,-0.21299900240142156,-11.74155369180495
-11312.89357025976,-0.03271468328646349,-15.67725294242216
-37261.43218345078,-0.11166240771188406,-11.734735434758214
15486.331114446999,0.047550354733885664,-11.277812606548576
-99441.63941280784,-0.2772115323210336,-11.790394348513633
-16051.433595969127,-0.045210550903208524,-11.897350731590583
35037.31513760273,0.128402785096249,-8.846953310745121
78189.54223820496,0.2598782624380129,-5.423226341925147
-41464.92105747987,-0.13581361041038473,-9.800025296167547
23823.396275608917,0.06395466445831759,-10.448693395192466
-13929.409902830686,-0.04094022576091238,-11.082395131993728
166856.81984548667,0.5009505130084098,-6.432757550813317
78753.36349419304,0.21167603644135752,-8.03539149139565
153837.35006047448,0.5019993838975665,-6.600676260375627
33739.04959823459,0.09816117429909708,-16.136789627326376
49844.65532643619,0.16944823348629556,-6.063567500261636
-94060.42674176782,-0.2807072430638123,-12.79954925581206
42414.65419583081,0.11607784535131459,-10.186316956059716
-39549.94216727604,-0.11467024325380332,-15.327078802355388
-100599.52318256634,-0.3287310034067435,-14.259090293604782
-95253.01188696406,-0.2826304528605402,-13.896213563550086
92649.13028821646,0.30921995665888297,-6.639916228053233
-63558.31581745788,-0.18949733640123897,-12.021311929720014
-22433.842658934696,-0.07079110028040796,-11.183598899549917
-138716.40272303755,-0.38508689956966813,-16.125604268511985
74093.62035104513,0.2249841992703523,-4.507738682036955
130967.30466519204,0.4128457343721736,-7.038975107761436
72542.05552976424,0.2209751294726093,-14.018502649299991
-62745.439632893365,-0.19851618967717782,-13.161069631565637
123193.74510404977,0.3742948782009473,-3.9918963486784587
59391.561879357716,0.16541980849502952,-7.594980775346927
-110933.1762486632,-0.3212612641933603,-14.567464381597306
-37794.534610047376,-0.11058992100805401,-11.525108638831117
50433.30231968416,0.15760134163190292,-5.2794179240977845
36290.219832582305,0.10447192270534382,-7.188739906494956
-63425.08967908265,-0.1840366815983989,-9.687828480027683
160733.72938813255,0.5002165443242209,-4.839013019261628
24622.078409430436,0.07542612250808187,-7.132940644628228
-22014.374920492348,-0.0661445661656949,-10.433146965772233
-16690.198876664334,-0.04392257234463438,-12.255579380924154
-106454.57885850278,-0.36117878025762873,-12.341626131492822
-47922.666860972735,-0.14945107476772537,-13.542083063117694
89165.8226119291,0.2903571051367637,-7.786975295435516
-142427.63921088158,-0.4507258179573565,-17.45633689651629
-41789.98224215509,-0.1357693982205613,-15.010699091372071
-123840.11294846685,-0.33835695656782844,-17.821785941149137
59176.35685386672,0.17300604142947598,-5.833980220703494
29798.924351942907,0.0905604679275778,-9.71187290343406
-105521.54141505994,-0.30204825585123707,-15.543478694197422
156859.12132834905,0.5057637415989238,-5.512685642752368
-147830.80574431227,-0.4755737369861231,-17.403209426837286
-1371.0836939230726,-0.003902991797874626,-11.567046203059006
-18946.16972872119,-0.05421842666395583,-9.282256047832915
-40055.441567075024,-0.12269556351584257,-13.56927641016158
73754.70399870725,0.23725490615758363,-5.826435185965728
94994.32095318082,0.2713316235848558,-4.635818502514033
-11932.046166972872,-0.03748877645791752,-10.643311377685173
-56932.11736748675,-0.18109654168538028,-13.273401891203395
-67139.82024906772,-0.19542512947104784,-11.38892235194582
-82295.40887301987,-0.25506573338262184,-13.06409958294772
14346.261844046487,0.04365423599606171,-13.703897186683989
-52005.148027663345,-0.1575026757535987,-9.70073657568803
-70004.73169736702,-0.20042487528367894,-13.490673514286577
-64034.070608842994,-0.19562759959483986,-10.739864873463867
60303.705293068146,0.1834958363695672,-9.07551876643059
-22614.491789331572,-0.06326833912257154,-9.443629959523648
-81179.90455648188,-0.23523489309322476,-15.184198775482605
160543.10920331744,0.454663615171801,-8.507323500627917
-2123.6716258514466,-0.006136233566284757,-8.993433224679192
20215.499529153003,0.05956910386695547,-8.804573656445791
107597.44752428516,0.33388360992229177,-4.665043908084032
-36379.75011121779,-0.10944643216557787,-13.579579902583106
8067.457539104519,0.023397111330275316,-8.964944703872291
-105307.68621309123,-0.32889001045278166,-15.209517822765894
67575.59303326842,0.19629927868501934,-5.0605076303088525
-80827.75465435305,-0.24945627855678,-15.553393102059033
-36913.527520226424,-0.11257085554079195,-10.048614132965838
-33978.5566461714,-0.11645161175468892,-11.866618126642802
109979.89616771939,0.3465576694206561,-5.780919768585424
-92534.04990689007,-0.265154154906944,-14.884538503176802
15475.137278451506,0.05141888365846084,-8.591397559246317
-59952.46410760558,-0.19157933760632437,-11.569668595567606
-66598.06270292621,-0.1922075240732948,-10.517138465472264
69978.05694069434,0.20569817678269153,-9.572455436537163
128848.30545483757,0.37265513979448234,-6.481729498468248
65047.034444616744,0.21852598240803256,-5.906588111925792
-9419.940886915507,-0.027207213323705803,-15.293373508841313
3205.57744372,0.010027971307205447,-10.501563331675179
13039.048456938068,0.038572431640180614,-8.219722860225009
274057.73989220057,0.8805299961731018,-3.6576918292460014
57725.7949133288,0.2032509466647647,-8.954467306741575
-16488.63841149411,-0.04612828010366995,-12.44189912723257
-41876.81388988819,-0.1440861220220991,-8.732689209227795
105120.10703940997,0.3095565554371224,-8.37786082678409
109212.70335352518,0.3454294673260706,-6.685520386314259
147789.55031294213,0.47175437409085397,-4.184780951199674
36819.594750669865,0.11017616324745702,-11.616733502807175
416.15917070241176,0.0013402145802176493,-9.998189459789586
-40903.203661145504,-0.1266363443287531,-10.677793066799024
-54475.87691108232,-0.16744069900541875,-11.747715784324953
8637.22809803471,0.024547079182507106,-6.460103196694034
115297.19106693658,0.3692127313629759,-5.314927490555621
107775.84862454908,0.36753132871250943,-4.808317514010751
-59909.07943142469,-0.16983282793699225,-11.799971646062158
44639.0729978154,0.1371838918749429,-9.520312976106137
21567.300986788978,0.06317378256876602,-8.816400805184498
125068.83911871669,0.3477962226374407,-10.357651981266091
42224.09902378274,0.1408319422896607,-8.567180298824283
-96960.88679785377,-0.30592359821906057,-18.59750800295942
97686.88737956465,0.28809248901690143,-12.399047111512008
151201.53050571174,0.47544205935791406,-3.8394595663471587
-85768.88883109603,-0.26183454125906913,-13.027798504428079
75828.94636493539,0.21881463453785344,-6.962581237777565
1705.3358573167816,0.0054056164189319345,-9.296083872068516
61062.4231622357,0.19619397128797456,-7.3356245323369045
80146.34772053159,0.2462821674728077,-5.613154138085507
-3348.8956827233205,-0.00923772672433723,-12.606414496675944
56220.526443482486,0.1808123773414401,-9.710244998767292
-8955.36383994751,-0.027813152941575724,-9.444011397182784
6917.779558996847,0.023701977702115008,-7.634435129606065
89474.82042529441,0.2729336608134692,-6.256401032947734
-28666.506672540054,-0.0922580193094272,-9.970756018763826
-12946.227075698978,-0.03952022657134198,-8.728306077464264
10209.304183138349,0.03363533783895951,-8.416316204694251
232877.73946089545,0.7087344093119605,-3.9268132206379924
-28727.20516276675,-0.09169708483002402,-12.127117481979056
134049.3587844032,0.39568569298793443,-7.803227262320123
-106785.15315762251,-0.30387588475590044,-14.210375416078936
57795.66103785673,0.19419842436877155,-7.012772802175016
-36922.81649414572,-0.11680518203131654,-9.281270060418588
59010.23848325241,0.18099704001298433,-12.30996301122358
-5446.708492892998,-0.017495649499378315,-10.844077950579333
122954.24194206903,0.41620798788583363,-5.74420103225658
-54157.11401939648,-0.16344544889564075,-12.954837415481668
-89429.4512677304,-0.25263763564193586,-10.706554439619541
52252.7491905687,0.17128243714906516,-6.506414096061086
138048.60642675913,0.4293676050653934,-10.009405562413743
69876.93497040488,0.20807175889255358,-8.495608313140913
19102.628494704662,0.060379131560380155,-11.05245074188761
-135418.8978759265,-0.43004407083221957,-16.091789980571292
-11077.650038511403,-0.03317333923319848,-10.577390884488914
133349.29780731158,0.4277307542805803,-6.443440650575683
-10187.84519312144,-0.034897088773414346,-6.555758026983527
85690.9212175204,0.2678998281762634,-6.925781285555721
4174.7445421443235,0.013577016153042567,-9.64827394449591
38757.73654490456,0.09936917255960412,-9.520790817352143
96879.22679860759,0.25335949548714176,-9.982433039504867
60929.08159964302,0.1901215379412631,-6.35094250135243
19758.08179762242,0.06566287217614303,-7.116038977662365
-41946.32448287508,-0.13648706204172378,-8.91529343948413
-115097.68549404704,-0.3845926674853059,-13.365011292208518
43863.111333837514,0.15122481570528856,-9.357277145889553
159479.97506966483,0.5272284196031446,-4.378596612391139
89284.04932338062,0.2852673389562733,-7.212697728444761
70393.38493361622,0.21968485464799026,-8.232042419585383
117058.9854297456,0.35820231105664824,-8.40081059919201
-82468.30647137215,-0.22560909630918563,-12.633540348912565
-21925.604750315004,-0.05486735112217602,-15.014686060352822
99948.17576888062,0.3405602474117882,-7.343895515883736
167055.75186814734,0.5632717071439163,-5.24588865913943
-102104.15424997633,-0.3018906537214435,-13.675100921405114
-20400.23109174461,-0.06091468131371293,-12.137805269594981
86831.0595384035,0.24146829718396162,-8.029949599364572
9133.29079276985,0.026307158869098894,-14.656858510329817
79064.56980227295,0.2474496414650676,-7.655175622483023
169223.20538909806,0.5414728900489943,-4.876093244400071
-16217.17799336143,-0.04834171016205707,-9.27135261978349
76515.02744857437,0.21358582852334257,-8.820311604736098
-34016.59252524213,-0.10060402798434907,-10.60942605678914
55607.388140088835,0.16751417103907323,-6.834952968764474
109117.09825777837,0.3518602193887977,-6.317849137565846
84271.71713129476,0.25026009388796666,-6.0605381310873785
14122.880705704027,0.04317977511820356,-10.976319236150934
106348.55335690285,0.3190974162277283,-7.915937554109398
-111186.96563833313,-0.34531095050178884,-16.10100325306918
126524.88492543614,0.35658051268071966,-7.945605778849762
-20938.10915325253,-0.06124342484039078,-8.733593651310766
131252.94953491318,0.40381180234617703,-6.496991400802587
65320.42169646752,0.2061211248337919,-6.9556355546413595
87839.68378603655,0.29727139591086615,-7.224756925287689
179219.3579484499,0.5011078031803136,-5.520034923844941
20706.662785429275,0.062249046460322977,-7.249996866313579
-3248.2903944820046,-0.010430637848296611,-10.149499971395715
20150.912527012657,0.06158495901810502,-6.760969583212728
-74618.48314497902,-0.2108309665484465,-15.337621488269182
-20427.605170189796,-0.06406670872765455,-8.860912242001096
23648.40581453894,0.07372542208318474,-7.4911961340395905
161345.05583014706,0.4837090737420579,-5.758663121116525
105682.11443229299,0.3056207003961019,-9.703423986397098
-17083.86707993297,-0.05112814353325995,-9.350580828100806
-54204.85372130017,-0.18725421280232235,-8.664906156278962
-34206.77069297113,-0.10362331850990726,-15.207335810716849
4480.82597934168,0.012949044701669684,-8.540959259450808
104646.82894062436,0.3295389220155533,-8.097604566156956
188798.44921307277,0.6763944191343789,-4.577269394568095
48147.76317964607,0.15214965855106463,-6.736624883254427
43924.368621825575,0.14934740595728513,-9.185213048386354
86479.568492078,0.25945770720809586,-8.997152612844184
-102423.83672819183,-0.31021867896719113,-15.851085405901378
151341.8643467714,0.44259539024498074,-5.830909877521229
-68830.52805189915,-0.2216171814890148,-12.269554396750005
127538.17381871266,0.3450257816843023,-5.981610125705695
-61430.574817972316,-0.17550148103293403,-15.89470889772876
73916.82452586114,0.2302671323432401,-6.734738499766046
-164561.54204338472,-0.4838891611599571,-17.323738949968227
106821.02843533542,0.3196580562896987,-8.671842762567582
14344.437111200463,0.039091268183856054,-13.363812415015941
49042.45111897928,0.1587974421145179,-6.503771924017732
35440.203885469804,0.11566095124330213,-6.50016944641465
-22048.782166354726,-0.06584161563436294,-12.798068992810396
37997.65946159269,0.11954839183306273,-8.116172636619645
-36846.486734889666,-0.12463914871500925,-7.848242556223828
44156.39328439,0.11996876269392823,-11.475701265175143
-16595.861748310002,-0.051753313713148445,-10.036536832786314
105721.00346184058,0.35151617076092634,-4.296459595552593
77831.7153718035,0.2523893362530685,-6.858534161536678
-38621.52131852277,-0.11517423308198371,-10.156036849731676
167305.3318597505,0.4934000912294507,-8.306327139605884
-49184.291951321895,-0.1534463723852775,-12.006968657654571
-15100.763403454912,-0.050086725067589516,-8.699135953812132
92797.87781834998,0.2586204610433617,-8.228468645081744
21027.92142984999,0.06288646995333297,-11.636335334431624
76360.12116281077,0.2343171196365432,-10.084199554762296
-67587.82454531147,-0.19886638044897215,-12.999062100393866
56984.710477520995,0.16110139614983696,-6.576660074680108
35122.59591841465,0.1113592720680744,-8.904342933463882
-15530.993588694939,-0.042225338367131854,-13.10521211054747
11402.053996862182,0.03421510551678446,-13.464036205514397
186397.93510415938,0.5902047439532299,-5.336947342653153
29204.189845160072,0.09420147654038201,-5.160067059955442
-77885.97433012069,-0.2315277379042712,-15.023910091370784
56911.403188529344,0.1717298804989544,-8.605323485055106
114317.75436100469,0.3561749808570609,-9.403201379170756
61611.95663420657,0.19800408893909288,-8.374688395212182
2056.9591597499243,0.006777683293657095,-8.660441854762102
22546.85602731345,0.06735119041936925,-7.585042011921061
1529.5878376323708,0.0043875296447600624,-6.667467814098305
65397.16600923891,0.2077724427970797,-7.754462750277302
13009.759820117171,0.039754901286648145,-7.983669896121215
113581.0544960327,0.3506816227210724,-10.006960352259565
-5729.761864625726,-0.01837633681505521,-11.373885711762732
4651.604783885155,0.012799835901034484,-10.115805000389832
-71507.44111463135,-0.21826453168006174,-12.665079807334612
110690.85458468524,0.3398809518330086,-8.581088164119166
25154.456071257628,0.07025622769115868,-14.39769337572705
-29934.877218794336,-0.09734305314413574,-8.222973468825067
86679.75633829547,0.25730941843496324,-12.733232860171873
44175.514716388294,0.15919386709309213,-9.439697195928243
96895.84714980223,0.2945023441758378,-5.684870067299275
-16522.73558144937,-0.05539667047022281,-10.223465222288608
-92155.7204240269,-0.2734314929216884,-13.376663696160207
-39396.669655249345,-0.12500501778740764,-9.844070619111045
-76575.20611922341,-0.20208735040335263,-16.931102676487896
97962.01418885935,0.36130332631087664,-4.563724249505075
138537.0045547825,0.39212914074233945,-4.9350243843217285
92322.47027665534,0.247310037562555,-7.767403186508637
-69446.49244083338,-0.20731259877466912,-11.223511227283167
-145343.2460919345,-0.5114485400639442,-14.12114197334553
26477.551220068035,0.08001849782141851,-9.636239233008881
-80998.13209487239,-0.2531146828196427,-11.798691194156275
-6111.877328540049,-0.020719237441601215,-12.644812632520274
54427.10600735949,0.1672710205661254,-7.475678550486831
-26012.987527560694,-0.07532603697123105,-13.171424058092052
2975.6076932784144,0.008776191923381839,-14.229762107832256
54370.90069800143,0.16909191130356882,-7.076248568545484
-7532.396136391924,-0.020391771227355023,-12.529215645314384
41460.952536150195,0.1153870531012945,-10.326112527746501
238938.13784193207,0.6784329294773308,-7.511113882552733
-48123.07151934585,-0.1506992152299563,-11.004563676371859
47610.232249998786,0.15725127942493253,-5.265696817614074
31808.55699005772,0.10230282188622973,-5.168087596152704
56141.38715168121,0.14992872979706712,-11.202233085926983
-77561.53502464254,-0.22847081303327083,-12.064442344911653
42078.612158945216,0.1280226648805643,-9.717181461471869
41728.38401113746,0.1329943246673592,-11.173520353316047
92792.23035325215,0.31143339290859123,-8.537507492155317
-9844.875867128456,-0.03231612228265635,-12.325851341682315
-84289.38461050508,-0.26445910340566214,-11.058737005710583
-94254.30833848687,-0.31044417084561304,-12.37566472074587
-15529.84652721388,-0.04934807491239068,-14.873497924681233
112365.9205789139,0.3135170285465733,-7.839021041468763
158284.50377939144,0.5321166976611894,-5.40486152692462
8522.429588409654,0.02604675158570333,-6.709983168783406
50615.93222992395,0.14746797558156005,-9.87145451422763
9920.361331884069,0.029648620489814443,-8.120312593057244
-63829.91219353122,-0.2082870084926813,-11.066328665033653
141598.82240082146,0.4654707303950721,-7.080631063228404
51564.13450354337,0.14283762512970236,-11.457628948324917
16874.759401688512,0.05124293642388017,-9.941073443034165
-37306.534620058774,-0.1251512919605718,-11.012754254058056
80446.63759933699,0.25466364000106356,-9.062640489438989
-27944.677404256938,-0.08572557758542582,-8.990847851723881
30810.7785305217,0.08356345916917177,-11.031725233766288
36023.15969230164,0.11335621916619355,-10.164395146036409
-41448.28719864038,-0.12952099787144508,-10.918095939851968
31557.21881538644,0.10413299909710275,-8.987977345776654
-80476.68075590406,-0.2553326422392688,-12.629126868819862
-21042.150717318946,-0.06151929932058689,-9.404046472236892
6677.254821496517,0.02036770781992539,-9.640664564824208
100537.04962720667,0.3126048394329636,-5.977224332495634
45264.97701879774,0.13543046279094903,-10.230609701065664
-63609.96594529008,-0.19820389292518092,-11.028002686273563
156279.66218971202,0.5319479723990442,-4.45118436297236
61544.730631787956,0.18171528383767296,-9.931433134703981
-62475.51164762705,-0.18814994844280192,-13.331089653075413
119352.79901894237,0.36311233741251986,-5.303925816493027
72529.57031477176,0.22769636341850832,-6.77191139597112
84684.79618155745,0.2574719730482356,-9.209991916324034
-82859.11383230772,-0.26488712590836294,-13.60630616050612
-7088.624932828255,-0.02367383759654909,-12.920211275067928
-51681.66875328033,-0.15274714728716077,-15.154437101491315
-26344.884439714202,-0.07219110403797431,-14.201817954877205
28705.63955881688,0.0909994048215705,-9.275224024917295
18583.265741855852,0.05645807394111746,-7.626185462910417
-51351.96150192336,-0.14663033599584116,-15.237724782765449
-47514.25363426561,-0.14276172172523222,-9.550829072803946
81712.42994139351,0.2668026180271839,-6.486116251821117
-45891.06549484095,-0.1287157999248988,-14.268797745048555
48392.332032805716,0.14824241194788476,-7.178524624954852
47463.268578294425,0.14668391531744387,-7.248988928857525
27935.76612725901,0.08753654856504105,-6.156757544603753
141234.6775528626,0.4738618938454089,-6.832499256450353
46259.27578918592,0.14927771630507544,-5.844080248337036
93619.68164167483,0.27641903154098246,-9.639780311723456
96179.7587092616,0.28816958483071153,-7.594126825832381
71250.41090756339,0.2383236867047114,-8.298578697225778
221713.31719942606,0.7532814923861898,-4.63022119630383
67813.36102102125,0.20418610540911103,-10.536737243120642
32925.02699258018,0.10287625387126273,-8.743699153426709
46560.05522004748,0.1410106071784344,-10.030976834466065
98762.44788401523,0.2956530513558271,-9.606270858041333
-137167.3757756168,-0.4062569979134661,-17.142167673162756
74916.48262392147,0.22120022989970953,-7.092536447093767
2571.975226944399,0.0083647653253699,-11.379397288886118
-1349.3337660702268,-0.004369563494774134,-8.296638408213974
47313.638260089414,0.14005482186383603,-10.627126447233781
-44951.631376350626,-0.15254436744940675,-11.012051819245716
-33848.777072781464,-0.10915216195235312,-13.02762107508949
172456.0642371824,0.5130862356098753,-4.820960904356964
35886.86349583152,0.11158217175483587,-10.04761885387806
-25602.96821078438,-0.0760752243636474,-12.109794440386601
121564.55349320071,0.37481086208531184,-5.288097594118534
68189.20363343904,0.18490781185882293,-10.50548335744299
93807.85003172919,0.3121499360658727,-5.4422927008221045
-8571.51047709503,-0.02828912381838669,-8.682149898254664
-32843.74588657163,-0.10326390829882576,-15.160376413111965
-69462.47643577217,-0.22225630390350662,-11.99971497074227
15665.108987422305,0.046410562177402664,-8.836956580993938
-44106.27368891613,-0.12986900827846623,-11.331711152522296
140665.14528428682,0.4136618601153104,-5.507355351622866
-125834.0986119588,-0.37882676419443406,-17.053371102735625
1166.633136576348,0.0038699986510861454,-9.881310311218627
19438.728829575564,0.06007409873247212,-7.85154860656222
-97268.08491568649,-0.34266837709077425,-10.627573188503936
13109.900379422004,0.04274784159407236,-10.750220031690084
151306.7983137408,0.4646704038007296,-4.349843588329794
155329.531681872,0.4572036125883248,-7.234506914442019
-19677.65780974728,-0.06017514589954058,-10.025598804076186
-28086.930367936013,-0.08332077791613791,-14.074195410629242
80352.24563774145,0.27703629577407746,-5.245024473915816
-22552.049493863553,-0.06560450999770026,-11.686053357704395
-127997.68476760744,-0.38499225640254714,-15.226921950644234
175138.1357905859,0.5842379453691925,-3.52204198786632
86469.1805161906,0.2677455281237982,-8.59604366501765
-56782.519790963626,-0.2009120100246078,-11.412242569790564
59012.85288952542,0.1576788432152752,-10.281720657819026
27920.26019975185,0.09241266852369641,-9.560570540405156
-17040.994852367185,-0.056021555563821136,-10.894572826106286
97341.56086094659,0.3147848180345838,-6.223613611447898
130834.88435750459,0.435651261899071,-5.837429223442426
-95479.55432280665,-0.29742909743783874,-12.456431356332665
52972.92953511742,0.16070462142995937,-11.78049221600097
22560.59955404522,0.06958540143898378,-7.175393522373231
77136.29625303562,0.24688983397286063,-7.332029534466589
9990.89556585798,0.02896192741049254,-17.109404458126864
271296.34842005954,0.8798704667622126,-4.05263421193477
123525.80544774486,0.4056605939000778,-5.590450846724837
-22137.96424119272,-0.05891172425741805,-17.088958746067085
-68575.95315772021,-0.21617455689991155,-13.037094996060938
106369.3024414932,0.33442454351868833,-11.103970797424745
42320.72060831583,0.13905160080061515,-10.936336493403099
14094.044845399032,0.041245070976420876,-11.311156350581154
-40221.72299030881,-0.12571391722728578,-10.721590791872938
94640.3851724927,0.2712782175496846,-6.329503092605293
-50108.73388194766,-0.14965219328723436,-11.753999618636845
61797.25104669059,0.20258695571551535,-8.79241067948161
-85714.81355003023,-0.2655088055746135,-13.198934280348329
-84783.2280273138,-0.24565042712756632,-17.289164663545343
-39000.79905574755,-0.1264781272857776,-9.521924704718232
-99814.71816160253,-0.310108265868095,-11.731467114971771
122968.05098487785,0.3703143517363367,-6.0830301912465305
-94493.10925462196,-0.28334049653016335,-13.316242766592223
53668.579469401804,0.158859155787898,-10.154437274309691
-83375.01846547455,-0.26712630885845123,-14.659780292164015
160534.8645511344,0.5158388622959914,-6.065317205410814
-3207.3492211570724,-0.011484312964165395,-6.91032003114228
141985.61983889126,0.4011026870729995,-7.076771216705202
69620.85354390513,0.24009037378736092,-7.581133622628478
-102254.85539645347,-0.2999310561020805,-14.793852904777705
-35251.62561372817,-0.10403476286739426,-11.29697945754934
-14715.323962992268,-0.04600716188878509,-16.399479869502144
99468.14336709713,0.3018885726088375,-6.645159341832663
-60865.65723704687,-0.1749828775496914,-11.683086588290603
184859.88157037913,0.5807094514364171,-7.4142269242707055
-55338.78936529427,-0.1580653239166799,-14.138351554755735
61063.006593418395,0.18628114003750765,-7.855873844454308
68999.37219242433,0.20581355028923387,-10.907423030846575
25288.28561860517,0.07937797468002541,-8.819828156254406
-75813.96424672646,-0.22297350412459568,-16.852711679800812
76037.67354257946,0.2225675419221715,-11.214676690235837
59589.14209081983,0.1820378186897577,-6.823990844515626
42897.73955066039,0.1392440208062412,-8.829308574818572
-179283.13709871436,-0.5551596505928842,-20.37666773909922
-5779.8185403222315,-0.016925449432160056,-12.83555790021057
10871.274609652448,0.03172228630673997,-8.247983522573676
232435.13627539098,0.7313452631667186,-5.788488848220874
72308.91938494075,0.2182113960925911,-5.513667461860184
103149.50276683076,0.307171477739533,-7.300327741945278
-104852.78437741035,-0.30933491454552847,-13.460418863325385
63230.49148042446,0.21023545826935802,-6.194118838910622
-230367.62514658624,-0.6892884020895809,-21.524672619231556
-13680.400200367694,-0.04168627535282371,-12.885563291460922
-93288.60070327042,-0.3048494002394704,-13.62205613210673
26804.918067320636,0.0878934201258102,-7.248738746192451
139129.99007457786,0.46310353905898805,-4.4404140578503615
91597.53690501291,0.27173467762056314,-7.880740715147749
-95006.0968446268,-0.31890076927667327,-12.929537465375562
7109.178908988235,0.023634431829172742,-11.667133559208608
135439.45901080896,0.3960295949431911,-5.838128073394966
169508.07478689338,0.5261277295182838,-7.946215936344125
112834.73836856385,0.33714344163932053,-8.331729699139023
-45301.02471550246,-0.14883025284132329,-11.879081343362962
101548.16072651916,0.3323175794004108,-5.057708324237753
105869.2635625129,0.31042680290496977,-6.485529866031214
57008.37630881951,0.1746001202589787,-9.788219429225197
132153.38082714452,0.39099648386714225,-6.494830381035421
-49909.068572710545,-0.1577773610007622,-14.89024909696407
22787.61235671006,0.06368236596267182,-10.434655968331052
-16358.639929184845,-0.053066013772958984,-6.241083084747512
38160.973298416066,0.1193467996993172,-7.895292549860466
81269.28304471877,0.22521691563689628,-8.868588651263398
-17411.407492168742,-0.058212567861057316,-11.07360700366662
-46758.59589008985,-0.1418314687236718,-11.410191302820715
64979.83916154892,0.2015928021082968,-7.911904675595826
52403.01473474601,0.1517532723315799,-8.998150675248496
65226.02758835569,0.2266590476645807,-7.289268034292284
96355.82883297505,0.2801232050135861,-9.321231286033626
-11164.601069561706,-0.031500407723186664,-10.520518573568005
-21370.40930294474,-0.06827589679165828,-9.856961478138537
-111185.11077627346,-0.33079745578687514,-13.122542289613525
96669.33770989272,0.31918660442245317,-6.431670370545928
154563.5106746054,0.4183191687849201,-5.598703847566188
-136610.94103495814,-0.3888637156690931,-16.879818934689816
28145.99147825928,0.08596922921918823,-8.760402243010624
-53600.693839840045,-0.15054304034318708,-13.865141393594616
35460.05954924987,0.09779315481502769,-7.293601053053067
26021.15684733203,0.08353176878502754,-11.703004961085073
-63548.194444857676,-0.2013834665700105,-12.2871279941962
165380.99989273545,0.5462128293469125,-6.722921996803954
117587.48272444894,0.3519251495069119,-5.342609221274708
102883.7783898431,0.33531156852131333,-5.109871159195912
-78333.40319885164,-0.2587487671861196,-12.194916181884729
6824.19324240263,0.024891165882278837,-6.6763433642743735
-119141.23989291486,-0.3661645376079844,-14.21166654381565
75843.54762770934,0.22284579789967027,-8.748948674642909
50116.108862147834,0.1443119704745023,-10.814657292106645
16290.088055455835,0.04472133491204516,-9.939041626995781
-92371.99823161187,-0.28903242875781276,-13.038918657917097
-3260.3822771607474,-0.01017481291335024,-10.992236882400164
-57531.321110328005,-0.16168041517293869,-13.037047290671989
-192457.25779851992,-0.6028246809578038,-19.227632076429234
177488.1775975469,0.5559207338322862,-5.41557021259379
-105406.36522654828,-0.32993206046232937,-13.07693805888983
88797.21994939045,0.2873509451788167,-7.326334495301068
15737.771570947563,0.05254243436194731,-9.032534981385288
-36029.94047684439,-0.10120637008822934,-12.866324525569228
-1758.5568805917092,-0.0052435331358709255,-12.068833779767063
-20974.45066423629,-0.0645988288544551,-9.853654877760242
-165200.0827095136,-0.49193005912832477,-18.454691314638126
22667.898483911256,0.07182184366482286,-8.957926098374136
150437.9138718331,0.46090549060476654,-5.1122736459710545
6615.807831396251,0.02102109797912814,-9.124163900006543
11752.122467866464,0.03338591763615923,-8.678075252840545
169228.47067245678,0.467204177991093,-5.337664153825461
73664.2905583512,0.2165524998152557,-4.624053896264968
-23509.3866464863,-0.07025450493167963,-7.708379034369672
17170.905802380366,0.04964834875738293,-9.122128498873195
15763.709491317319,0.04453474034394678,-13.092987100860087
19160.42387154138,0.06535240156400271,-10.252790025989434
1801.3043656081531,0.0065170260292690746,-7.36610205495033
145435.93208339147,0.4269822743386396,-8.530913630389358
182062.84967274734,0.5784526018672305,-6.029189438615489
51358.31472400007,0.1611345456207738,-5.594137199366001
110756.27728351545,0.34111921714956317,-5.685567726227314
101800.11072929557,0.31561174453250734,-11.888506071555504
133293.9206484295,0.41201451689345236,-7.687681681972691
74264.1983471359,0.25167429014432297,-8.329985772363212
-141216.46147338167,-0.4491868748772469,-19.018981177971494
-76827.92630881017,-0.22978086908936937,-14.41347251270766
147303.55876518495,0.45736007401791084,-4.53927527022776
95946.94960258306,0.2650162327655761,-11.969705940760978
30307.40692273532,0.09232599111336208,-15.788014087117752
141522.28567973003,0.47723174687259456,-6.076400680824157
-92528.5148420576,-0.2715440429203003,-13.99902284207285
71473.13964172475,0.219630333604543,-10.306896525688437
-21083.953569532554,-0.06323221773479654,-9.321416339231304
-38507.8479612927,-0.1157150179234433,-13.683924937724502
-94087.41975259506,-0.30993982141739124,-12.731010313464486
1108.4322212556253,0.003278803908438865,-10.344432196859321
-24373.752929111106,-0.07419501237653918,-9.526209942611196
10751.10908467398,0.03740672640752444,-9.295883234609637
-56220.158527206804,-0.18563780064967772,-12.550516922092447
25891.44225973599,0.08643724175925563,-6.331956342159229
87229.99744440221,0.26328456759582547,-6.85940519856072
142826.60966785182,0.4511659387626543,-6.063836786732701
53654.57650648562,0.18499996028700216,-4.986993820347207
169007.56700673,0.5397583105881885,-5.259817446650439
-217443.26432637795,-0.6217822573240043,-20.80945648382978
-87889.48412976929,-0.24097517793916032,-14.325386682553166
83601.63580741876,0.24379900627604392,-13.291825129981182
-67076.75140459994,-0.2083599931544654,-12.25648284608435
102828.10544221805,0.3043334797545488,-6.715363072403624
-8113.243950208211,-0.027370775004749333,-8.84949428952334
4535.725731505425,0.015783129247929847,-7.562665678652236
131305.63967468508,0.36775699671625267,-7.897201376975227
-95012.8678695426,-0.28723598413719315,-14.585967332112414
-27655.257059160795,-0.08761858861460295,-11.47269075360332
130584.43653459013,0.39479265777981465,-6.4624830315741395
30285.880108941266,0.11167668329215934,-4.767077745963788
-96500.37102298542,-0.2947908490812493,-14.566592520329058
107261.22692965521,0.31813014216491936,-7.782126729519334
23973.75203628531,0.06923186013004974,-6.096069450980068
3840.521496576266,0.010991108690661926,-14.993185019576083
-42658.83009281301,-0.11849559957515787,-11.577074874152615
14725.833458514544,0.0439461693993412,-10.645766998716955
81688.7686544173,0.27285390178613794,-8.499093359241616
98409.5516227834,0.3231875438134513,-6.605751873629229
50807.342296697585,0.15874217365932117,-7.898579916771553
9868.307983410514,0.02855004424031587,-10.603854521988653
-85645.14210191072,-0.2516434707673111,-13.095911579804454
-20999.31679812491,-0.05983868667475038,-11.506514930768253
164188.4976715662,0.49335516448979316,-5.351885516220989
6257.6299316721415,0.019918290991327487,-10.162327046449027
77519.17164779943,0.2651621230880863,-5.885561568636499
-59566.26807666174,-0.19469955731215938,-11.885677334536293
-1194.203974687844,-0.0033617976232000976,-7.040211546158403
234324.3225576641,0.6908798644133577,-5.043036319019922
142054.3118174296,0.47591432175046167,-5.15177824365084
-54254.985321515655,-0.16314496253679037,-10.31053635008945
-95921.56906818187,-0.333098142669008,-11.122305709349856
53674.081040131205,0.1601386317384127,-13.425491498820463
-64690.16240588942,-0.18358248103065705,-12.377319064662029
54888.34461403597,0.15629047440254903,-10.427850846309017
-25946.194277680654,-0.076523058139127,-9.55122397105036
-29240.068511362813,-0.08439308090653756,-12.649234924083675
30411.971062424393,0.10285173394232898,-7.2200542993049455
64483.43541923504,0.22320498979891773,-7.454022367290292
162158.3454330294,0.45935121131961976,-6.48203058133886
-34137.382922789795,-0.09810641143691134,-16.532736437797226
15334.106907198378,0.04613226342009697,-11.550564368095163
-54392.2003223,-0.1496019528920313,-14.14554537875825
-75355.91251210227,-0.24816203889036534,-15.378150947946068
-48351.09081291804,-0.15125519370445922,-14.908985466740754
-45022.02947340874,-0.125162840770559,-15.815763651535741
48348.30832826957,0.14302001124265,-5.996403035409504
87809.01607702747,0.28895341737228547,-7.837004629909017
-53443.427154157296,-0.1583554029408799,-14.918054631306765
78190.85677804195,0.3057334922035588,-5.018637465435171
142766.84858132244,0.4511121993837223,-4.416975840643678
-14229.66342042751,-0.04310765625843496,-10.9071523465479
20421.32738120606,0.0658730599483667,-10.706758608509459
81513.25483941563,0.2302373979479448,-6.374819838138757
5536.263948367699,0.014635315317336578,-8.304361406683224
80504.31952123166,0.25981995118625817,-7.208522255108408
195699.04546450663,0.6502344064376495,-6.1706918933495665
-69817.25986435515,-0.2029288010968274,-11.287697729871748
-18689.71142002242,-0.055314233860160315,-14.108313948983698
-1239.5422229827454,-0.0037459987368883064,-12.327084279203959
95741.56828113916,0.2744929816229403,-7.4738686894989526
-18104.764710765652,-0.050391165999525665,-10.881578020323934
20814.79055653897,0.0588770616909173,-10.09681866417418
-53713.137676792954,-0.1617477168279964,-11.32691237857233
45265.98298658121,0.12825081044339343,-12.02329781848971
19080.840175410955,0.059425292727418005,-11.63357596331368
-10370.89595882982,-0.031010072778553322,-6.387935617979778
-66977.58074591875,-0.18272091631967988,-17.46545706806574
-7212.887715656924,-0.022083333469080355,-7.8320164286458045
124501.74069193598,0.3805382256005808,-5.442294653655432
26204.50329267199,0.0745841240460258,-8.216701970467533
234302.1832031324,0.7708075400475217,-4.649306586672742
67531.95712946134,0.2186933588646426,-10.205931205680974
115990.70984992824,0.36718164612145,-4.753189895168575
-36917.832650190765,-0.12193492408464726,-15.074014765366062
-177784.3348742879,-0.48535665998069166,-18.259675606812277
-68441.96174749226,-0.18958785720358795,-13.576801341045053
-77182.42542889062,-0.2261214522274627,-15.700952071838936
-55533.152294144886,-0.17314655283383767,-10.81593906552828
124347.24832714479,0.3623187866714339,-6.518097295518843
104253.52262837747,0.3467126713041924,-7.203589887211049
-45309.46451900768,-0.13645487525166658,-17.628314010183598
82507.57539078822,0.25933685160753106,-8.468934521486771
10258.191014621627,0.02879716753631719,-8.926155273415882
953.528414547502,0.0026403640569546524,-10.881190675772878
49006.1298360924,0.1498707267107456,-10.494944308815002
19360.194287304825,0.06322612554568767,-10.085031501800678
-84260.45717352825,-0.2565735837703512,-13.160214994781017
-142576.57618543672,-0.43291020581360057,-17.429665478447355
111480.30499329219,0.3700825702715805,-7.90857976474183
201265.40001879932,0.5817853279050281,-6.825799319652537
-27796.001949129863,-0.08171059758805631,-7.481196275413726
-114480.18580736223,-0.33865779104546895,-17.595513149681874
13643.412439959586,0.04557985641460571,-6.9498952185385265
1770.644929003779,0.00518295426873366,-8.304682376348927
118090.53187883408,0.3497890796028777,-6.823508783384091
99059.42141455531,0.315112339840299,-5.326513613856909
-93173.23908499522,-0.2647222578207473,-12.420863230126223
-200.91036152600918,-0.0006548136906808715,-9.952355052412475
494.87963989713444,0.0013851255358414331,-8.355125389129725
129291.69002521034,0.4351858979445935,-4.591558951824759
-9613.083820609907,-0.03029699228836747,-9.497499153025647
69492.66350239131,0.2238956937412882,-7.176682578708704
-18263.555092508635,-0.0569698629990053,-8.193850939678027
-43071.36912283385,-0.12402543383239796,-9.848422690684245
12293.115923458923,0.036998849594795394,-7.473749147079456
53569.26826969499,0.1617987654476515,-6.205338118262038
-33893.948311330874,-0.10935344881741446,-10.871185025784769
-22164.819292778473,-0.06155688273795999,-10.96618976879129
-18352.725474928553,-0.06177458300996456,-10.862164273748364
-29284.56348169999,-0.08329931261563345,-12.24460641725913
52410.327493389166,0.15714976863706095,-10.777727536169369
116043.2452412273,0.3934064707207231,-5.598249637811204
45311.53185882994,0.13441629861211524,-5.468116600508988
-147870.05285460333,-0.44245395432912654,-16.897364282983908
29243.476887303812,0.08414273930397045,-8.12910058724512
20996.011667588835,0.05861531180554108,-10.730719535453925
76184.27240948878,0.25109068080730884,-8.049962068102023
58250.38789237188,0.17757198721693682,-9.183310113070442
6962.188524973313,0.024061303825501045,-9.524318129244325
104051.56051279325,0.28357871362726156,-9.849111219456919
50054.666512115866,0.15156286112628822,-10.457694173254017
128042.63311900593,0.3905116723041367,-5.133218364047442
-71513.30117404068,-0.2414737168952306,-14.36074238274363
4654.829752574509,0.014300111028107102,-7.063601402389663
54740.18694794059,0.17997135098090675,-7.884965929268095
-87129.46427047306,-0.2593347990144093,-17.100350151028998
-35220.11943923025,-0.10693749292532616,-9.944053257162967
11916.038529579097,0.04066422548378427,-6.762560561491648
161328.99916968565,0.5603784291069975,-6.0426405554233735
125232.1536228682,0.365845695236704,-7.859317733936866
199802.79243757695,0.5763221394826037,-5.5479596471617825
-71463.90456409825,-0.20240819407115537,-12.097260677617594
15806.98853855259,0.0489931906973866,-9.866712006234158
47337.63590354976,0.14643638161120587,-9.815749823284769
216930.6141828888,0.6412065572890693,-4.905626313173183
23088.326262973344,0.07341120513136959,-11.29270691302805
5980.398259643956,0.01705773793287222,-14.274077660754136
121931.18284045401,0.3315011700302528,-8.585371761095306
-6403.45004163285,-0.019808667981161158,-7.4511105723192195
3777.9462795156414,0.012071300179210723,-7.18485473083329
39580.51719349084,0.13491106474158596,-7.897018005432543
23923.866284879296,0.07357486285777831,-9.203368594621608
174047.3240334658,0.5913453896741869,-3.9125868175932
146376.4525833859,0.4834638106808589,-5.237113179419561
8410.129307179748,0.025830940276800083,-9.756847327402152
63775.20020796659,0.18876115737650928,-5.981627006926282
-81834.34319029948,-0.2715675902966267,-12.335402802189776
170699.29993287014,0.5069190143567951,-5.608072422093913
-8200.165488108927,-0.025957692051519928,-13.876098155389627
-38141.25333476682,-0.11661469377866986,-13.507313205549142
130981.86193133988,0.3895300973812787,-7.792344191667766
-27043.110308265346,-0.07810421364216487,-10.487447600809109
-107765.49601731329,-0.34228264866333463,-15.011008724919195
-16469.564635491104,-0.04577106225389265,-11.326834653464001
51672.799539812186,0.156633976980801,-9.613070016193836
-92017.24815919617,-0.2767668847027071,-14.085621188377251
82178.258109012,0.2358778357128526,-7.145854587086687
-151513.0754162633,-0.4417874833741565,-15.137682218784354
58939.260453568575,0.19211069938480815,-3.7489385012113186
16626.882884857987,0.045904507679843845,-12.429764890737038
-108236.61471652122,-0.2984367310006971,-14.617543525962141
-107131.53359841496,-0.3321167237304388,-13.96038381397532
2805.7404770208723,0.008913841028810808,-8.726873475135777
67213.05204604249,0.19832871708526048,-5.073200223236585
103134.22290339616,0.3098639328049035,-11.651043075438238
49796.630916048634,0.14615039392549514,-8.087171933327664
-53532.83666102239,-0.1608016222131857,-10.905830530397209
-4433.15615527971,-0.013888549594210917,-8.925763339505599
-51042.515765010285,-0.18644086338644988,-8.574249507543929
-74168.68112660886,-0.21711110075451465,-12.256050655509743
131667.55095564557,0.4036089069983156,-4.809705607281922
-132328.5787187508,-0.42091523995589697,-15.770323949153752
-63400.31563802771,-0.19060791958093581,-15.011941260395545
89441.71138818334,0.23435639370689162,-13.176823701183837
40982.347118411955,0.12500822558035585,-9.138625400741486
-4055.105761581046,-0.011169737556473753,-10.815356223337902
156204.56413933434,0.52326566507972,-4.946528461204047
34972.40423422781,0.10831207897572703,-6.069573524601135
-55135.872195634045,-0.1838080298180331,-10.700560920841495
-90365.9191164183,-0.3073241304970343,-10.79354575274345
64957.68825861618,0.2041529880449526,-6.696853798702518
-192467.77798414815,-0.5317611036460097,-18.7197835863549
-20492.001959975227,-0.06464935069957678,-8.511211568551413
11058.6980885832,0.033744021955536566,-9.24794188477971
8488.318634789488,0.027156673956204996,-9.247727061071565
120575.2035987379,0.3937842433840888,-6.339585035038786
-77717.05017443646,-0.2277178488620459,-12.187935366582547
556.4246167426375,0.0015829117814136022,-14.621263784628502
28790.08980322331,0.0891557081229484,-12.88150492485175
-66009.48769978958,-0.20972249921013822,-8.669277160953948
141692.92826779393,0.4672349406399774,-8.76170671157669
137867.0767023461,0.3988095453365817,-5.96220705794358
37794.379090223956,0.10747258673254104,-9.614479977618483
94310.2435413259,0.30205010808758914,-6.195465022082525
26602.655539883206,0.08327204487138797,-6.640182325652077
25965.5164745346,0.07003370277701434,-11.620618794118842
66313.39331809901,0.20253071365914796,-7.882364481748527
-159637.06192309337,-0.5528526199341123,-15.656600146108046
9509.711892662499,0.029100493324041698,-12.796356292733059
-70803.04202785644,-0.18966800011217788,-12.172093591018896
19720.73881253868,0.05825860671349799,-12.695462160528848
-118261.0491871363,-0.3489553662549205,-16.197958836634097
-108465.63481487527,-0.34586436210150473,-11.774214211252755
-60493.78820212061,-0.19754586136325825,-13.215446208477289
57265.95410365162,0.1662917928811903,-7.823475159441307
36389.252248781806,0.11518374871202575,-14.034456851516108
-63535.97026575869,-0.21328486992037557,-12.129549816611874
71706.42345111528,0.21531615765226558,-12.218480371055174
-39232.90690953245,-0.1199736020321955,-9.741845096736668
32393.38618852852,0.09682381140779077,-7.124834398946966
11474.269634861235,0.03947572963906266,-6.469441390387354
110991.10880285717,0.3459839402450826,-7.016911915583657
-36100.71603201344,-0.1111441503815312,-12.282573433982169
46947.997291946485,0.12591292400599768,-9.98324205089116
21601.55137664014,0.06732428731856607,-12.042477893333736
-103714.34286613732,-0.28960648700495106,-13.806534757261335
127229.85320072636,0.38309882528286143,-4.633766869916367
-121023.01469375435,-0.37280151592770516,-14.807748374269414
93272.58242503718,0.28600372178002514,-8.436427542717585
100837.01666443702,0.28808352810356874,-5.526544860866867
39466.73882105274,0.12676748762077977,-8.892938433192343
29144.7750716779,0.08795968182280298,-7.437506586127485
63014.408728359485,0.19612547424010826,-9.75152355604515
-20133.64166228131,-0.06060527342130645,-9.907235421300353
102630.68234350589,0.3151441226724135,-6.229387025682531
-50543.02077265499,-0.15585095396532647,-11.995481006989428
38702.99857296069,0.12730126223164642,-12.437971278495707
73590.16433358184,0.20951677579610037,-11.36605442225237
53658.91016383443,0.17378473344123554,-7.227350626014816
-31664.184407355868,-0.08118550767718125,-12.309237754552848
-100842.8298094945,-0.3400320593273158,-12.803122067845807
-171768.2571041925,-0.48493278558497566,-16.899525888013166
32062.81556821116,0.10259592396646512,-11.481449488645612
14114.686973098456,0.04177750069971607,-6.982025861841256
54393.199466091144,0.18727747957752838,-11.064007582618608
-41360.54456906795,-0.12417458488066715,-13.63123318211531
27301.040392131406,0.08940738644212193,-7.444570716892828
146986.42435706098,0.4429955996083869,-6.217908424637264
135020.6479064741,0.4172810598705791,-7.620860594694778
-146739.79369414024,-0.4730557012481777,-16.12621503997419
-25794.563160897338,-0.0889974636482848,-10.564263162129105
138153.02058055386,0.4405550226973041,-7.933048942575827
-45447.87878275331,-0.13454831516065457,-13.64823881988151
47564.81178713408,0.12915509337573217,-9.184612468755537
6775.748827663188,0.02091113796303101,-6.912306877535945
53596.08105759676,0.16386395511109053,-10.41992139003014
24472.212038895297,0.06991764290946198,-7.749368250072475
109927.9299126529,0.35641695875586266,-5.901507302060849
49296.25176615638,0.15596997354264366,-5.379836591469456
-28402.25656232262,-0.09638256405752747,-11.183774654721123
-5372.791277559178,-0.015855313572219514,-11.923547660063383
-33177.22501480415,-0.09532443415878847,-11.730020181151868
89591.08058970075,0.2956810757360904,-7.175785202115814
115796.11801530974,0.35495565043300853,-5.559571534323037
-71398.1028770506,-0.23993206048064486,-14.207748761085437
72785.1539489851,0.23718405763915662,-7.468040484132665
-54598.97318970756,-0.16132203448180465,-16.924483139273693
5102.148357809321,0.016441302254201037,-13.894424591225974
2378.770446157533,0.007223190840706641,-7.574947795007447
-42897.05671746414,-0.12580656381533514,-13.438166135438712
27091.231269150867,0.08764677183939353,-8.602228314631555
23155.595148262815,0.07830913375369036,-6.800913324834202
-103408.20052500172,-0.29292413848468996,-15.44687477028961
-27476.0980347522,-0.08481242681558626,-12.77877884168358
8120.935051282158,0.02558467255591412,-8.381672767863824
2794.3258915560527,0.008730774320876218,-9.65170369477617
39962.42306372056,0.11803964471837844,-6.975233934921343
-73594.91089548539,-0.24185060783094067,-11.615774880336815
88171.58031199333,0.2566485974551264,-12.38733334037665
44804.872544577665,0.12412762207519781,-12.281814305509265
102908.15748435396,0.34488352234349096,-4.515987632850305
-86787.197488032,-0.2588187395387107,-14.445057318314769
11544.17759529034,0.03193731386347491,-10.9012746361689
146315.28522458224,0.414718819857107,-8.510308581964965
28992.935897850897,0.0906672358316907,-12.664123684876639
86777.9665492546,0.24662197864664814,-7.991465997487468
47532.89601748627,0.14741961545478854,-6.71760453690744
55898.14770295112,0.16558877767540628,-10.444450940962625
35322.41924877278,0.1163655195431682,-7.304935425297366
-74964.33077750172,-0.23266854896131292,-15.219304032127113
108963.65709717407,0.40331046067586546,-5.016102757744701
-56544.66438393237,-0.17480062614761174,-13.646929177723388
-53591.814598210396,-0.15383335178296909,-15.397875360153945
54680.25500468529,0.1764293820470705,-12.136382699687609
110616.67676129338,0.34947877207426087,-7.0948109282258915
21627.070144025693,0.06709387852074658,-8.610566498014649
-37229.68235601885,-0.11536706217622386,-10.630368099676236
193689.46489427093,0.5960367773295976,-5.108240963074828
4051.210296824386,0.0144243377619883,-5.433003134426285
54717.30921699762,0.17062843872331276,-5.455764229778371
87466.96353156368,0.2645380773623155,-6.255460875048979
7712.355256015663,0.025457559622561743,-7.503298067274877
-204977.79024612636,-0.5824559183457342,-20.794034382966387
137852.71951140414,0.41445826687224835,-8.452567046185033
-1038.2088560941975,-0.0029961070158030494,-10.41570138978548
-75783.75488585664,-0.22703004186126913,-12.90588362594699
142192.59002643617,0.3873770325435227,-8.00702193823315
52395.36983695151,0.1828495723033781,-6.217626101763951
-223223.11536869738,-0.6810180714813319,-22.27027644182803
15596.368370771772,0.04597811993225465,-7.373739005331337
65339.46696768593,0.19311078195365095,-6.934781109097054
146147.93313952055,0.5130012231477024,-5.404613566310001
104423.81863690166,0.2825517451145272,-5.6161097241221425
-134472.18769791324,-0.4037106969982141,-17.491012842525635
74767.42387524171,0.24399659979181662,-7.425253166388524
159807.05257737054,0.5464630455785996,-5.532283562552287
-5895.3716236604005,-0.018096518293764227,-10.953030259703056
62068.93976016125,0.19005425989203356,-4.741554701129058
-113577.28803867295,-0.35635331287986516,-14.244812504983795
11884.199596676004,0.0348260770022264,-10.303347529911377
5955.972226320269,0.01917997870519991,-11.926149821170506
-92787.44083155491,-0.2959381298201164,-12.652700451006126
-13958.610842017457,-0.043545792714577085,-10.516619472204924
-27291.33033834668,-0.08727224169775236,-8.377479129971487
83457.9064600554,0.24606848708835202,-7.895234025464948
-90186.92178932643,-0.2522923726357044,-14.068085956274945
53969.1461465547,0.16650651298824756,-5.998406034187454
19750.387056939013,0.057120555154179735,-7.606470454139402
41192.323908744744,0.11020378467360752,-11.783285908547947
74474.34358925108,0.2355427474820923,-9.740499517645084
53650.92888694932,0.1532471474685869,-7.7731252117469225
37562.35757764606,0.11862687027354293,-5.515657618829395
22798.63824501287,0.07412126282615379,-10.600407529918343
26780.474922087542,0.09489493920887468,-8.084652347973131
37040.9999842268,0.1176592596220908,-8.288324493765998
64368.71616623591,0.1850511802226239,-9.696715057286042
-127644.97786454702,-0.39489363806097766,-14.247544031963566
-85453.08087217115,-0.2495916861123142,-13.614613963722855
109900.80718385294,0.32141897638663397,-7.736831714008774
3202.291298672792,0.009890000832087938,-8.554213756264861
-10953.73354925466,-0.03578567147047074,-14.018550946491793
147569.1033295671,0.5165854852086005,-3.584129561312921
66228.57971583608,0.2294216764340384,-4.592594306554498
-31124.019578383377,-0.0941606583031191,-9.32985240993518
6508.9622837994375,0.01976031629177297,-12.42599679200519
76408.13897847281,0.27322227503349084,-5.446461912293044
44860.71360477641,0.15329772604552203,-7.650588440365846
-16389.13929068574,-0.04677625197918148,-12.897722199040217
219320.25714602045,0.6893515406489494,-6.592983731193258
10058.185424905745,0.03339088042442709,-10.358023528106951
26740.591610804408,0.08852809581693133,-8.704962950114103
179026.5938536517,0.5747371869888837,-4.975319956840862
-108306.84266888359,-0.34816551900379156,-14.885662848578907
117064.49455144812,0.34805223601946145,-5.970769582076785
72492.62564351983,0.21077986606324955,-8.032883577132688
-96786.43556910296,-0.26335997957245005,-12.252915730507786
-56909.749740295985,-0.1586917316156166,-13.505354393465641
2550.0255619459076,0.008645215328335357,-7.251181173288412
-59151.522047756625,-0.18271835255832225,-15.667957814595123
223209.56865645462,0.7143186408249791,-5.376944795281025
-38794.80293489755,-0.10917080906260543,-14.931095898061287
-64690.57055594543,-0.1732359481102498,-12.382264924828924
-31707.67913361878,-0.10846632368734291,-7.598775300439953
123307.44657773493,0.33671532671557824,-8.5974127054534
119110.03496178864,0.3839573822817306,-4.227830370178154
4487.212075902685,0.011868109357224417,-8.344477149321094
53725.72927239732,0.16414279798433262,-6.870023877998987
27958.899169389035,0.07239700176284801,-9.791605921393598
34765.63254028624,0.11209663170463628,-6.55260824667776
-23491.57780703757,-0.062563730795941,-17.05280223620358
77807.89137970637,0.24054083140212928,-10.409723632471668
47483.248312724696,0.14826161292972348,-5.686741715588683
-28.422316851173946,-7.989387133265473e-05,-10.3891435455024
-125433.16271966379,-0.34447386168622485,-15.848842664388496
-31743.989069457682,-0.09818976730506981,-7.916974406487043
28003.79691139263,0.08176248562002794,-9.847039585359585
117141.55122894957,0.3927794992978691,-5.706410677418871
52583.95560315608,0.15784726162302548,-9.10801251467398
-97540.46834760987,-0.3040903179828824,-16.460674773363372
150179.4596858265,0.4495263060680393,-5.863961370644444
147034.4841341032,0.43441398203799075,-8.61119510325995
-33682.960877873826,-0.11122914336498209,-9.644983870513702
-45977.46498469848,-0.14826090067568054,-11.25398740973884
-177326.64661343693,-0.5885969332987274,-16.61765120996025
-32248.838467864938,-0.09962168216287519,-12.705506784216492
-15065.519336851405,-0.03802311091636107,-12.114981748537733
-38682.737846075244,-0.11467791669830732,-14.177037354258248
27235.718488850165,0.08394953725095959,-8.172510213707406
-81388.45392033418,-0.24806395097818248,-14.945290478278594
-9778.323076027613,-0.031734281427394644,-14.371962529318804
109832.3341795656,0.3220936176441582,-8.999302798644893
-54338.198978456334,-0.1719127256688075,-10.544584580119897
94965.17755295626,0.2781430267367536,-5.649262711003022
18153.064395951173,0.056496024057380245,-8.664282051471496
34268.64148418948,0.11414511881291477,-9.78665291723847
146875.1858308983,0.4242305125964548,-4.438054966504302
66959.78169605379,0.17997062738241515,-8.862778160125984
206735.77609892443,0.6744405388823247,-6.404710813480308
-58983.37585717614,-0.17120945990676725,-11.199563051713357
16847.39607993272,0.054666486002801364,-6.8342437145009765
-69506.0608741866,-0.2067230956369209,-14.815120552872019
-108981.1111139481,-0.3069100949653847,-17.123240958022514
-48314.173050412865,-0.14877571140856274,-9.886844613583602
12427.587557465,0.03793188187968739,-7.736093665306932
78108.96474935648,0.2514737266698598,-8.520938579356741
-826.0569545793521,-0.002776371560346136,-8.947590546976404
22210.42078710943,0.07056573274797182,-11.357596169324813
-84504.72006398968,-0.2645477094652375,-11.466345105647713
36191.80257693576,0.10281304883325797,-10.142966624619632
-64691.100571951334,-0.20415936503199442,-9.48005228847345
-50133.3129041676,-0.16153783841534922,-11.682332981654575
-36822.47217989055,-0.1136680845091173,-12.174723564314682
-117167.49868494131,-0.3392620563242919,-16.361333777675046
128806.87514411907,0.3727094328214579,-7.128929670817163
-115546.86260102983,-0.3378078708047945,-18.181251158493083
-92448.27969203536,-0.29036983433974295,-11.705100783193656
-70984.73426211113,-0.2283100790011549,-11.685347058436957
30246.623420240547,0.10373984417059187,-11.092028772371576
131106.30673938087,0.3930743830383749,-5.6943496737278725
126502.99283298489,0.41716500786037863,-6.337225860113305
37621.475001742234,0.11484285574431886,-7.225961962602412
27029.122004988563,0.07996987621068023,-8.473606857972904
19083.385668720908,0.056495419585072856,-10.154456498167509
52666.30041926654,0.18096338217095323,-6.320223689844029
58013.99372623186,0.17777248063360146,-8.19087471430664
-38673.72982123126,-0.10939369251239697,-10.844638597773281
-342.21419433533174,-0.0012067426734210917,-9.384746070197902
-3951.344019984449,-0.012815547190541317,-8.574605673189806
-55472.92407668458,-0.1620344144849118,-13.88455029133544
49919.80973237838,0.15818223192016573,-9.879069676915353
2857.2154744028594,0.008878124160089509,-12.43263067399366
-95088.29057440585,-0.2904039432828891,-11.921014744405623
-12552.034358415374,-0.04120255521583473,-12.279465384415712
122465.98511982974,0.37465044493744115,-4.286666765583947
45154.08442896488,0.1273396360572246,-8.206808688770472
102198.56755698481,0.28243081457564495,-7.2170318713304145
21290.94727846805,0.06622607797746836,-11.052671468730335
-8154.150933222016,-0.025719157120330464,-7.678195888727823
86698.99628127867,0.2713952743890332,-4.999946304992465
-146875.05610648045,-0.4582169465702799,-17.020001375940286
10039.051563390443,0.030220859906947495,-8.432570748294332
-55110.96229597335,-0.16707049752118686,-14.800690122412197
19442.600501503046,0.06356729731049297,-7.484972457623574
-89186.82572306326,-0.2581637804699243,-13.873344357234885
54402.35652241279,0.15378171301339982,-6.932460031390275
-41687.28856838452,-0.13449811977522186,-8.339697613156371
29370.503440615532,0.08680115412521511,-13.043667646456603
-8330.611690050873,-0.027693163812904042,-7.668689505854676
-5784.956772840885,-0.016623571738260318,-10.414286385488403
-53988.45377623919,-0.14971141988327366,-17.3892559690635
14012.557835637585,0.042110921986816846,-9.72298044484946
210058.92956176825,0.677960080156726,-3.7104277356359905
-23823.815621099657,-0.06789835215869437,-12.733771812299056
104116.15232194467,0.31240222372608023,-6.80424237679561
8604.778957832985,0.028172372959907856,-10.195984049610662
1525.2278688818815,0.006069570598851998,-8.14207437019505
-62155.22503620731,-0.17630733208894286,-17.395334373561944
109738.22121056351,0.324026727472553,-7.841844430342149
20638.044806105176,0.06063606359440237,-10.50952232003336
-92631.02142815662,-0.2977162058182238,-14.318777652144298
116762.59435702914,0.3503108133421257,-7.905752484279017
9113.413562000802,0.026762610904443762,-11.585131110345904
-25615.111388042966,-0.07525631695400087,-9.950331312740236
-21173.452799045364,-0.06302053530926764,-10.407864184414006
60523.08343412053,0.20411271001876974,-10.431020772564937
12874.556792170404,0.036032027698290094,-11.069352504485618
6432.34829327435,0.02135863947345386,-10.150019802771215
-24656.26524560788,-0.07431592274907463,-12.160895514407722
-16590.153786912266,-0.04733324590694539,-10.4817134209792
34106.7221070463,0.11376895665598406,-9.747076360023376
-3396.9098351574116,-0.009359178625755641,-12.14003493036252
3091.202188974036,0.009678431563403436,-11.344627231560445
-127840.34575243402,-0.3900714388936795,-16.83279812329227
-68876.33929634691,-0.206866836734136,-12.979707766407511
13723.856743786295,0.043142702323641036,-9.685977765272757
90850.08345525296,0.26053743155999515,-7.836174176374988
46685.524679878145,0.13665001630061854,-6.975161546953268
76310.38034535572,0.21884113949172498,-9.22344599289846
66357.28186788311,0.225764668878728,-9.483345673276645
-101463.70303365818,-0.2926363944265477,-17.491844944088577
101441.870411064,0.28164926060380346,-11.83600589338939
-48372.209018473746,-0.13136598263929203,-13.394619764727478
-24757.1369929567,-0.07234881358335037,-12.458691399075528
95061.06491840759,0.28782245366882736,-7.141702709010245
111473.85550733487,0.33489869701882835,-8.717867290745296
113683.61970769952,0.3386954648338993,-4.9762868450876745
-40219.57271431673,-0.12949527279340745,-10.647532507116143
-64215.2270980485,-0.18944096643086472,-10.234531289012983
34789.76889489152,0.11663468813933359,-10.4468460238476
-34264.17376992117,-0.11718119106910131,-9.530646439396817
105948.28974886562,0.30815553461308437,-5.7439249783820205
-6000.683072481337,-0.01792066948625275,-11.814795789899069
-16038.446184720757,-0.050863867454822756,-11.85719441598463
-87293.11225166454,-0.27084281906985347,-12.744090546475807
94236.8582113177,0.27724129899653094,-5.577917768437002
90078.06178299592,0.2922675188628679,-5.389987250990746
98002.9393799437,0.315107033125839,-5.913106611480357
65257.29332676438,0.19436713658326224,-10.170082026420923
200383.27060358864,0.6232663286150597,-3.8615316309691505
-66614.74695487869,-0.22118250669968884,-11.267695360985108
115404.8747786019,0.3479803107680767,-10.369354852756729
32936.94976072892,0.09369745156801194,-13.73453184530662
-1833.1474332854386,-0.005650585308477441,-7.344798975849609
-47588.29488905116,-0.13566414537918262,-11.676710484031183
2195.5048598042004,0.006330137200574717,-9.839483036091112
96478.76822782066,0.3123645343468704,-7.714430288029838
44347.65973174669,0.15636732347845422,-7.588626772762264
-152748.2674426638,-0.4216468755010955,-18.317177250346816
-5.682816500305762,-1.7307406333865483e-05,-9.128573499607251
-107954.590190274,-0.3145522841791624,-15.925711307497592
17879.528044097548,0.06236428318781266,-8.99735401836863
155350.85366120216,0.43213174811474186,-6.947309063543483
77363.52382456874,0.27104510112069713,-7.202806940493566
-19302.74234374462,-0.06148367908976685,-11.151274927890642
105108.82263102818,0.31673216191169806,-8.672414358394875
-6442.140402733992,-0.018965652765828976,-11.429494267710993
27238.508936442195,0.08647893447631504,-10.340179972321884
92255.62923515466,0.2896289788253733,-6.011375887246984
-44351.61732487708,-0.1532841327255655,-11.687001458692858
42148.786671527945,0.13408965209131765,-9.92841577260748
47703.534904839,0.13185317270030392,-5.593325480076128
-28958.934578072676,-0.09795131790773258,-11.12789155103715
89970.34220113825,0.26371550160764784,-4.845719282875316
66245.13253679928,0.21145364410592776,-6.421426226580651
177551.4966922706,0.5926332228667129,-4.125452700698096
66374.94999276985,0.19589380205373422,-10.809068352990604
12361.529700383117,0.041119227034621945,-9.605097137670327
28511.10805782042,0.08963540674808555,-7.710416667295606
-54334.26719380206,-0.1542265904213992,-12.592653840169687
-55611.17526205616,-0.15236409199171277,-16.017953722136603
-63314.079728407254,-0.21170983546310596,-12.19493335288776
110757.91959349629,0.33532766631120975,-8.525834621606531
4254.813778076455,0.014208322448828855,-8.21609528697752
124243.56712083847,0.38399510887345384,-6.144311826199789
-40550.38108761066,-0.1308708768458417,-8.528562656811832
-108390.38024905423,-0.3733053846816773,-13.68908033555658
116505.06817839126,0.3345623012752032,-4.866811598126364
-64126.31864208201,-0.18537932850470162,-11.011690279666642
495.4178946861184,0.00144123967050399,-8.434339360007591
-19799.405214094935,-0.0545021139143979,-11.238950617433918
79873.62093426588,0.244402176912517,-10.04762361411503
128968.82918135048,0.4106582039888421,-5.135998784157103
70738.55118492173,0.21817296864364646,-7.518393007281421
47064.853948369564,0.12989584881799174,-9.44036115908482
-55301.95319885075,-0.1837727499175136,-10.876206332185689
2608.160799153077,0.008522971754296895,-10.226426609721194
-70612.75068231291,-0.19938294374930324,-14.803707472400419
163328.43679158136,0.5095647148836578,-4.61144199059218
-121865.29866035821,-0.3912328169862011,-14.86668834319108
91428.04229443324,0.2840355904013731,-9.618715611987206
-131276.06971118946,-0.44571732377077466,-15.068302718136628
24792.66814554784,0.07560815730067325,-14.047678056406331
-89106.17448713383,-0.25911865136232437,-13.34169558083257
74309.19894306098,0.22544271953510267,-7.364577934904004
141607.44416260364,0.4595230275717752,-6.167264544341034
-57652.0271784314,-0.15488592954714675,-14.556204503849358
-44725.43904091553,-0.14186042360797824,-14.431139075224342
-130952.18860881325,-0.4375658647245564,-16.920319185595133
-60496.02957166808,-0.18245864555872632,-11.201853737238743
-204282.52327579723,-0.5842791222404655,-18.945163555601408
-56568.29769079881,-0.17523297986437186,-13.426787957075948
107586.26570947145,0.3215562303548054,-8.556350319639417
86465.72654094495,0.27845273690240196,-7.783698319184884
-133075.9680818219,-0.3491441256822551,-18.011474385588542
63969.711477616016,0.20084806639097616,-7.012832317474016
836.0283102784065,0.0024200518332800893,-8.779453824359518
-2784.9848691048937,-0.008399144003313219,-9.280146703427917
-49935.21882957786,-0.15576669016968486,-12.362936564246962
103660.81155818583,0.29914121857692555,-8.443705857069627
41336.202043353456,0.12670897354380567,-12.847672089880568
1442.4961462936453,0.004277344167446449,-12.208666991186835
102475.73885913631,0.32659942929418206,-8.274502983976307
119564.25404029418,0.3748463305476,-5.178294503346281
32311.503094302974,0.10088991677422357,-10.25850573154743
89985.58407885315,0.3042017971313281,-7.000102558937615
70880.06762179788,0.23753021258319562,-8.294385918815816
70498.13850192398,0.2119975830280049,-5.376077653521483
11330.877169563435,0.04215701505009684,-8.879199988249486
108797.33573289753,0.3279615510558025,-7.365364521640494
12998.979091939684,0.044299781800397585,-7.935972095211719
35998.48297373191,0.11531810549978568,-6.996592177079053
-56387.193202904964,-0.1863796947007919,-11.591411186320189
-37654.99686442614,-0.11120807685250131,-10.985983219449313
44026.25464163505,0.1301930573174296,-7.683079430741612
80375.67224854178,0.24558435508599175,-7.044805221321826
42396.05081764194,0.14000329915359536,-6.2683955162911476
113265.04633552967,0.3299683693229689,-11.277487986288348
-49621.553082152954,-0.14439084610437494,-14.109175219127778
8824.489331734534,0.027659704826991482,-14.311056513439679
-54915.27039859421,-0.18258739317361988,-9.423452303437795
38762.25521488993,0.12949035356120997,-11.686293339501441
-120233.94261276725,-0.39271877348899137,-13.978357294257682
-25620.10716628776,-0.07291367975608233,-13.218765326235083
-42440.24538657296,-0.1374252743745835,-9.765823559679376
2552.7566487307145,0.007910407319496684,-13.253389908444035
105164.86304995242,0.3355020380282418,-11.05869055357257
-13735.47131050671,-0.041159093367803545,-11.96852984159661
150619.05520890479,0.4724107056238839,-7.495858367601771
-104468.07051245027,-0.33306259589066867,-12.392618738630079
96300.87827338453,0.31250767547456715,-5.700892811647707
17315.069147095674,0.05604008369660072,-9.830082875058421
83374.85485023954,0.24878894592532602,-8.632277390078913
140279.4405918511,0.40402894266972195,-4.791853430260618
-56908.505275896794,-0.16664377636273364,-10.851395669626672
1936.0437938696227,0.0059402130842648865,-12.456899006121825
108974.62582151954,0.3369496403614114,-7.638830910759554
3312.494947079564,0.010045279076818835,-10.639302396958783
44799.804057888,0.14256718918696654,-4.9469148853023786
53111.929332310145,0.17278209049934826,-6.302543607118261
36567.33466074215,0.12014228788273168,-10.135134381333689
-13815.026337343654,-0.04390103860300805,-11.34012058327155
-9235.52206236161,-0.028847067107240068,-11.045291924604639
144454.20284175387,0.3755890139131413,-6.191182888995916
-106787.7586102479,-0.3294372323243035,-18.12776298179255
97843.60720271274,0.2752352519880717,-8.848272041635585
97927.03049839455,0.28006415618332153,-7.489878032682706
93204.66987512822,0.28938577027510226,-10.21884907879066
113633.0947857594,0.3239393221495694,-11.563979911925637
28697.28040664731,0.08372296766199869,-8.978756580773528
88338.01526460501,0.26519478437588023,-6.20785348537376
-82614.75966560627,-0.2504750616343994,-14.368353150577596
47896.27970615889,0.13135348546106015,-10.331638296962476
162636.27831412753,0.4711100063228413,-6.636928469670956
50394.01399786062,0.14171004256385958,-9.340583777185662
-130596.48159737533,-0.3635977481156119,-16.91229350976885
32689.104643349096,0.10147151838571347,-12.649856758650447
-62520.14203393139,-0.18661655530975219,-12.326738355961698
85820.9461975489,0.27215965699468303,-8.328467466480195
-90770.57263823132,-0.2823895577861942,-14.857217809401957
-87840.90786989559,-0.2556531344039514,-12.242107964469328
-16554.56343163979,-0.05401853174262982,-10.367351281918701
22021.289132805574,0.05712688589709299,-10.418038776548944
-2765.6822213336077,-0.008805631939728336,-10.998548082206982
-9226.894556466581,-0.02515607562362827,-11.717523024573516
166167.65844954172,0.5039984232534077,-5.28616918262379
108980.6776586256,0.36797464123337564,-5.849956257838729
-56537.48731968778,-0.18628539730936086,-12.53728843305202
26067.640313680313,0.07876092720634885,-10.618197562653886
27689.652867753663,0.08148747079415089,-6.703696264596026
-11624.368418333077,-0.033694066414134555,-6.694768190160838
3091.433442198476,0.009012223061551248,-10.117479604003654
58412.93950889623,0.17999750670925654,-5.989305507492581
726.9059970772159,0.0021034277691350076,-12.05530296631332
-38272.88262836699,-0.12303656850239239,-9.467756897258816
44904.40145595727,0.14499184559852965,-7.6719717483081045
-5332.584953106923,-0.018708005589023784,-8.572214982679572
153881.9622478524,0.40622765694158125,-11.63544214053579
-74198.69580476671,-0.24813061430843988,-11.429043555592022
-5766.072979954896,-0.021332893803614358,-10.90497988975142
14085.997153564513,0.04369627023535485,-12.865516209994032
46920.88425722042,0.13972249060652936,-7.242720926842139
-96908.6871997184,-0.29407889957669664,-13.670012518064567
138527.19821424785,0.38597372401747676,-10.762508343896805
97934.56900253404,0.29972300942506275,-5.428052677085937
85772.12425736268,0.2616468901096137,-6.048812935270598
35721.10574562365,0.11842428147111234,-6.376067263843044
-46210.68140894311,-0.14261357866258337,-9.253119938915134
167951.0245420624,0.5430201185532741,-5.673412534422917
-40592.01390583581,-0.12703714069786973,-10.754424969000375
86479.89474749434,0.2684075076921111,-9.701927999287996
50279.271185626385,0.1524716860512646,-7.761824820162067
36456.71369477879,0.10947307333833742,-7.526293726139688
-22059.224170361565,-0.06539934645297772,-11.961396055610795
72041.37040109544,0.23189191760797387,-4.4604306279592
60629.585235430495,0.19167369852349153,-8.27223776703817
33513.445933914125,0.10364430487728891,-10.215164778610397
-130997.87796446573,-0.41708012917483067,-13.071527765225877
42287.889140368185,0.11802549771254438,-7.586337900151818
127603.89860047567,0.3552377324256623,-7.080931581477468
-102536.71208744949,-0.2907775967875595,-15.407483314490666
-45925.46562883658,-0.12356425201943096,-12.381899775179106
149744.4097150547,0.4287776252689289,-6.947783720181588
60316.35806587386,0.19040585485058312,-8.853608618034126
-43864.78805603368,-0.13496760228015847,-12.128794866399172
-33975.594390929495,-0.10264860691717394,-9.373921481359382
-95208.54400179001,-0.2744316701183873,-12.232320013845953
-174712.9690290651,-0.5088947055357192,-19.557884232996514
-94505.57311498227,-0.2673466239646664,-16.49251549880706
75520.92073071409,0.21089634497973916,-8.114735355235215
28982.522859778885,0.08975556892916438,-8.254989707388305
7547.951932588632,0.02322502281505746,-12.00617390761256
28592.7317074955,0.08472560672309648,-12.245715182045613
126825.88997752001,0.3852894528868771,-7.211525208842384
8046.126494254919,0.02783591689308732,-15.849291166992895
172147.56723120285,0.5075261507910401,-6.490380316270761
30266.576191971555,0.09542367195977763,-10.806217499479287
103057.11383224635,0.3320109289399039,-8.335375941918056
93636.61099790073,0.23573650151824685,-10.341963490165318
3548.855597487408,0.011160112787087428,-10.89597595493803
-70190.62778580729,-0.199118060438144,-12.65566954142583
-35243.12228606418,-0.10341773658559024,-11.598413728297386
13035.978892871899,0.04350037414699213,-12.709582421023613
21526.718576902986,0.06367521860231991,-10.878872655578808
-13689.858138715092,-0.039070035760329386,-7.624862827286638
-18456.363555323904,-0.05743940550938646,-13.04975011742916
353.7484568738446,0.0009792396263581997,-12.398246768384968
-206371.5493100127,-0.6373574403683251,-20.680778734721784
111209.6817271113,0.34271638457230064,-10.275314328234142
105867.75966412338,0.32444272590673856,-5.444113818328155
122261.89510359782,0.392244192291498,-8.38321692202454
67545.54774318861,0.21595105214294877,-7.217946151488586
3105.3723786273986,0.009517198306792771,-8.159332097990024
91513.77023842114,0.27148293063989914,-5.25526589853873
47475.808605516395,0.143106675615928,-11.389268255048425
23399.636913063194,0.08064089589857869,-8.99806403207406
-98.43092206753772,-0.00029679781877924667,-13.138070370276566
-8345.290499202454,-0.024632465282921134,-14.041908427815276
-34682.26400225723,-0.10537237812377638,-13.30224793472895
22205.449692185437,0.06901216873980594,-8.5662781345887
-125608.74904618213,-0.41623016592127576,-14.301789931425802
178574.46557587569,0.5552768795869193,-4.302429613808045
61573.627915876794,0.17284184225337348,-7.656262065385211
64361.906784039995,0.20911778246027493,-5.846209240859068
-55112.148328342584,-0.15859313918376855,-9.93481003362332
-64450.62152539117,-0.1946958464667636,-10.932798176075064
44825.91062494285,0.1351352991097408,-9.109732304963568
34695.58645394128,0.1100042058856928,-10.24164022993429
159810.88347767488,0.46386588567848486,-8.43904704183489
30705.675114548183,0.08286309032516392,-12.548024901886567
52594.11193698935,0.15546224021153304,-12.170487842389067
-38199.96172080361,-0.11006075649954708,-11.939304238118531
-23122.560227996397,-0.07611850186631727,-8.346250078813068
-122585.52711734365,-0.3632748705937579,-13.790054278527485
51083.97762430487,0.17361771625666883,-5.2067041826230565
-115164.90147708764,-0.3323981369936382,-15.780519365726997
-49330.1780160146,-0.15318844245235072,-12.971323008182667
-64135.033473487885,-0.18423637396748818,-13.135384678327922
67254.82099273826,0.22002927016231327,-5.797656615012514
178245.4465325339,0.4984790464313788,-8.72621623028067
-66360.43486812092,-0.20414010851369777,-17.22864418158322
-31362.6779082846,-0.09689334271653954,-11.512233998403076
94647.85766579559,0.2809925893436856,-9.381733612579657
-102503.89464774755,-0.32521069399390545,-15.221538912310283
153674.96529452177,0.47488705730455866,-7.3733825461946285
13654.642670498968,0.04083920962149848,-12.811842832205745
24858.114117894063,0.06950130680022303,-9.098401336752637
17350.45504921711,0.05325123548888465,-11.590399632880166
58279.56592626407,0.19875482826838892,-9.361566849466795
11018.791385204448,0.03077956682822075,-12.793057157540332
167534.60294433002,0.47217005025845704,-6.277083496660851
-13066.290215281257,-0.03798449588956706,-8.931547730476897
21381.138811659697,0.060152472980425836,-11.130083083366415
-3635.0920126209676,-0.010801075639418338,-10.724144859758578
86566.50502105488,0.2610921809895518,-6.549743512254391
35484.18416731089,0.10561236691462943,-8.96331800498712
54799.85518594277,0.14951464932627365,-12.223314839638688
3214.4843018824195,0.0093945506961486,-10.856795401143259
49247.74687475095,0.1630996758719182,-6.864590676791682
185025.8583518215,0.6040032268408627,-6.693808531273948
-57932.15268899877,-0.17457655762304092,-14.46098025376601
13613.138664204671,0.04422199944270605,-11.68364488439776
-74460.16629199896,-0.21218521173719188,-13.903967559645658
-15113.859401477268,-0.0482688648449212,-11.040469136694597
-20051.80870951405,-0.06428212354648534,-10.728066200404617
95091.04457727693,0.287301373484941,-7.606310744722522
200453.07499345037,0.6958730093090343,-5.454622604994263
-33978.43275023385,-0.09593567456825959,-16.282751069162405
-152162.43726794014,-0.46669823920046355,-16.155423169546236
34965.491507297615,0.1009404426033989,-11.497083222954851
19057.042201046446,0.06186722945051188,-10.107234748772253
45803.1736973249,0.14334586238015853,-9.072363462038913
178296.1203116891,0.5523558097187059,-6.742941838773708
64847.43232204651,0.20750356247656523,-10.029369470565797
-55642.813128808484,-0.1756463307821671,-13.218905915775848
117425.08578479974,0.3639353500017884,-5.520622503665185
43297.03349929873,0.1327273751018718,-9.784963705807126
37284.621335395335,0.10653816041863498,-13.62955650887826
41873.8477213963,0.12441284018755452,-7.536926292271129
-45373.965777770165,-0.1486878986878863,-12.031977345465073
73432.50087231817,0.24097631567663172,-8.772144203910138
19044.61329020784,0.054862207306319126,-10.215674234955474
55797.28584655518,0.1781718576121829,-7.994039955058874
-48643.1139073298,-0.1423488360032069,-16.38135928066472
126694.92048555777,0.39546087456138596,-5.611662098649317
26971.45932156237,0.08777948307858667,-7.533435352387463
88025.62565428088,0.3027786921639273,-9.063981408893007
40065.47807450195,0.12088905701464944,-8.27506541814188
174610.35140530407,0.5640922650488199,-4.725340587225024
-4231.96292232972,-0.014743392302956293,-6.24645661574047
97715.59803536927,0.277584169997438,-8.366391510227988
-35894.94179819329,-0.10755504569083464,-11.772503512268761
34195.217544153216,0.1121969033331086,-6.891596373849495
80929.15994236404,0.2358342040466414,-5.400705328671429
25039.889364696028,0.06738027149186313,-7.762374565043739
39988.72769956487,0.12118251222294604,-6.538802771914209
-50513.36658302178,-0.15428458477121385,-12.102779836374534
-80810.22057269394,-0.24603986435708025,-11.62818782857623
-27107.563641745008,-0.08049259723930335,-8.258401258087355
-5761.24609303336,-0.019873084949011733,-8.995277892532638
90021.53087861015,0.28541161019653116,-8.125209278350399
-9275.85661765633,-0.02715827838904119,-10.315122594655012
-180785.2162858278,-0.5684079249066305,-18.40805322965742
81410.60402352772,0.23350360646845045,-11.124226336959687
117820.04967310275,0.3691736954399256,-5.690007336541769
38025.94329255304,0.11494359954744322,-9.968852566574604
-19768.992700032162,-0.056945226202100616,-11.794784113290124
-91331.76560011071,-0.2853717436133841,-15.769094221096081
-14067.408446164547,-0.03869970741758436,-11.986723746090377
140060.61605136923,0.41406116688296074,-6.519383323781581
-63811.154267730446,-0.22626428633399442,-12.893772094935208
-118518.94509935763,-0.4128450168967607,-13.729694554547056
-73308.86387473119,-0.24427769208706707,-12.083099471941495
-34806.654571961626,-0.09629091352532029,-13.894539052080123
76956.1589386718,0.25044497994085946,-9.629808282404728
-19742.46173635292,-0.06818807321242133,-9.595097907178507
-114317.3090231764,-0.35711362617390047,-13.453978006951129
-27627.807011164743,-0.07625737868989357,-14.490361470689583
46538.74227693808,0.16702845330603436,-7.5935881761656
-85578.1437774913,-0.2545279087336917,-14.327655096325941
-28525.214407663974,-0.09890522622281502,-10.854690112989985
65672.37311271226,0.18940801096812204,-6.581346820870926
87301.83418138415,0.29020731686895335,-8.715663250215345
-75915.36833802564,-0.22959298107177598,-13.772758915387072
-50709.084075945364,-0.16937431615839538,-13.30786564672498
-45124.18261575441,-0.1379650984239915,-13.85941273340251
-115244.5047005071,-0.357907348393885,-15.390905520123777
49797.34148841686,0.15334887038161182,-8.620947966811654
135527.51696983213,0.4281326067960715,-4.669347255884948
149075.80291825035,0.4824971916716399,-3.861386993862026
127910.21384031893,0.3983407550777772,-7.570812570114882
54399.08570456138,0.19038585570270136,-10.754884753742255
-26722.02616706775,-0.07978005010324911,-12.644707424840274
78344.25933437904,0.26156158908300314,-5.788016294381149
23572.067224293332,0.06700920348301768,-9.643881390263608
-77900.56743943637,-0.24619723455528686,-15.463763946317178
17921.079429203422,0.060717962360252904,-8.58748600715784
55233.70153687282,0.17004028310433295,-9.041919536477627
14826.035501732264,0.04274657763985985,-12.208546555479261
88983.96707462701,0.2828520299333904,-7.373969577887085
139022.1685034503,0.4532195256094651,-7.41573903931565
-102519.93829834819,-0.27522613445521243,-12.397518594161294
-169362.62401586137,-0.5169063282210152,-17.290564170098122
108947.10694061716,0.34800540447163636,-4.987333225232349
108674.85119228487,0.3489786823270616,-6.176188586163289
-98066.46721671977,-0.2986776140207414,-14.362941298564024
-8089.732313894443,-0.023906300180433583,-10.67279510353234
37587.60528618971,0.11381870842765451,-11.684489062647184
99015.49884018576,0.31911597078452103,-8.448908507964726
20800.72747699194,0.06137473293750124,-8.345434295728072
-105263.70928686528,-0.320368722741702,-14.190313932922894
76929.32659135277,0.2253975828916479,-9.459832971103976
64793.174150158986,0.19697459937379613,-6.7941665639347
-8716.0350751962,-0.02669805793348964,-10.611883366155073
96991.71732445704,0.31329185591315806,-4.4381911011879716
87058.41236629797,0.2648795397083059,-8.954326069800034
134069.79875048043,0.4117859719123333,-4.879244681548323
-4431.264961243602,-0.013025937100848716,-13.264677822265714
-82661.28100318369,-0.2342718964893324,-17.111498221070676
40226.88639728966,0.11299938570878625,-8.84654893834156
-42867.62582889575,-0.12579070747155652,-12.72894074374581
770.0758280857217,0.0022060725340166806,-9.224522586547824
176273.16840664626,0.5445555779671759,-5.164830437970203
9698.26850388452,0.03038036970038648,-9.397975648736246
82673.31204161957,0.26292277484491094,-7.534445818206359
-104159.9420500381,-0.3191510308701248,-15.587703391350294
61721.004452328685,0.1775100787367273,-9.258813929068877
-23145.38332689715,-0.07491645860265156,-11.381301044150893
6762.54739675204,0.021010432729833727,-9.554028040138828
10565.84352981554,0.03442042206558541,-14.131681209849045
20086.463133165144,0.06552361614799328,-7.89596625074922
37014.18928765821,0.1265786074864456,-9.298684176757233
116217.94253543614,0.30844064631839135,-11.906641904018766
67497.17423388641,0.1906497524405478,-5.46476563152779
82538.69321691978,0.2542259522114546,-6.664238300507108
-7563.940279280465,-0.022597900815960116,-6.502571491076569
22696.57943047157,0.06473775882988678,-7.858563107311511
175944.5467681605,0.5503169291403252,-4.816266833562244
59980.081207891315,0.1739558966406672,-8.955976020278822
5911.839752789576,0.01732068716934228,-9.867297685070298
84877.91392432731,0.24624156517850074,-7.317377162916205
97503.99353909862,0.266656349399496,-7.897204384492074
-43155.79100085806,-0.12697931384867178,-12.637571015826754
-2354.463744817288,-0.007495074886055232,-9.869265671425964
33802.50030700104,0.1134274426973972,-9.77444449250433
102454.53509593716,0.30667713304622146,-5.657470085907235
-8194.569178679234,-0.027056268551642487,-10.10618090253741
26148.215508934765,0.07549144290188069,-8.820579162529086
-53622.73167292409,-0.157526048054156,-13.589883317264706
-119767.97244925697,-0.39001838689845636,-14.109747909496061
86708.55107719288,0.2609524871650966,-9.533366368853669
-1469.4912557482903,-0.00446963235376701,-9.506807065971268
-13339.178740326153,-0.04120177490095708,-9.389367023122752
26443.673341762602,0.07474792104690926,-8.140518399761765
-33214.194060282694,-0.09561058897494912,-14.411707544111763
89278.63001715628,0.23590567237297855,-11.104770916791185
116955.39475805803,0.3268624815680028,-7.4946926434224626
83345.14628670155,0.24709836392179466,-11.070402829853887
90527.73401144828,0.2482645539570334,-11.313097969624952
45577.90608263334,0.1349688406572939,-8.581259763400983
77395.21197049471,0.2231311005842154,-6.403519913448752
25639.439793023223,0.06990197044057257,-14.06156249391194
32403.930547133947,0.09050481558271375,-10.812959374496101
-39566.6654955204,-0.11999391884998455,-10.391740052319765
3162.4689201439714,0.010463588204271406,-7.68825498636212
2702.4786639972044,0.007043365344155727,-14.420198159781227
-13837.626504698845,-0.04175152644832213,-9.364153827475096
-113166.15844721097,-0.34332243905125703,-16.61581937335207
157315.66489910462,0.4201037160048687,-9.318355144883107
-28604.569836686365,-0.09360222474575157,-13.28274915699823
-76446.15220053194,-0.24267016528864802,-13.601018819618705
-33940.92359016837,-0.09239462520401491,-12.703091634892038
66945.89557817674,0.195465119379106,-6.4931004222009925
122348.66775404719,0.36797357079289134,-8.18544441687752
145239.87204464315,0.46054454710922726,-5.541062824930232
-11204.372794233492,-0.03394853356566903,-14.314581843898234
23809.60345508648,0.07113630060752468,-5.67053040825135
23862.41101118619,0.08034105908132216,-9.706938552803745
-191222.91985012908,-0.6747745800431145,-19.02861274504962
-14776.438995017565,-0.04376640323217506,-11.600231568974252
-40890.34580519446,-0.13090903247470587,-10.757447908452889
97373.09583312804,0.29405605013053426,-10.14106299639833
27183.356387086376,0.08460180157138626,-6.266536006434209
48558.225609833455,0.15060187967336863,-7.7657616257401525
32510.027289996433,0.1031684536318517,-11.53192262163535
55409.82694423688,0.17103846662669023,-11.580499923539778
-101035.09161650519,-0.2791133011738778,-15.635804353250006
6207.8406426727115,0.021485171150010036,-8.392612006278434
86388.76020547308,0.28114894975673604,-7.946812883498722
218598.15834361012,0.7246464614558487,-3.6063528647104937
58899.38335705706,0.16902929138521747,-8.891757857120764
29259.22467867246,0.09282695491096642,-6.409147935804993
66816.91752149584,0.1916966983224092,-8.863571666492753
5024.6147117022965,0.013519106315211317,-9.43118223231153
-4776.6067878275935,-0.01455433458464535,-9.442484446516787
-15400.523857319236,-0.04742542438435979,-10.091672700162402
-105305.02071726345,-0.3323782859770168,-12.795374722390884
-114061.208969111,-0.34656938356974565,-12.668569884105796
68402.01924779025,0.22433624942486657,-4.644350354872029
40113.3974346898,0.11433498604037882,-9.03188206806319
21028.669668145398,0.06493140675686188,-7.167221271304747
126218.74587452218,0.3904781178864936,-8.122136687394688
-69158.03818009114,-0.18431668209186308,-16.209376419816323
-5694.0000543889,-0.016781780351653293,-12.264148180260314
119614.30117218012,0.3483162623803386,-9.61412256490516
-40302.60162427949,-0.12347891061759793,-9.346889656174573
49712.919152159186,0.15797900006858762,-6.311089763242972
-29614.79878069392,-0.0875139258361789,-13.539158023096764
58904.67011824848,0.18085659816750857,-7.082677334754816
819.6652880180682,0.0025253394136835125,-10.293238099376566
16157.546782994847,0.04922395808504164,-11.013404825975027
48192.71098264992,0.14943562523773243,-10.061084519374596
86282.75189816684,0.2784385331462208,-6.147789464884957
115555.7600122768,0.4034714444525259,-6.723048399949594
23665.773168313142,0.0667452790386245,-6.278403889595197
113391.66235457527,0.3135246390702193,-5.842853582625862
134834.67203870663,0.39387831849410915,-6.079877611761042
27561.257961557323,0.07872651860260528,-10.438063774174767
67081.63459163692,0.19865776083476785,-5.224448872358767
76836.87089219036,0.22997653219252848,-4.1946595091210455
47205.828872770566,0.1323960043488367,-5.785903629610378
99407.68589907083,0.32785583297955195,-7.0066708327817135
36666.91484281012,0.11295871270975875,-9.231080006192439
43577.52747344626,0.14712319685615974,-7.481004701174121
89828.08098142645,0.300320606819612,-5.644777041522375
-12078.913696299129,-0.03684320918121989,-13.592723953797792
-28938.75360267854,-0.09236970412904963,-10.649401871431808
86886.46858691252,0.28514077518087283,-9.195371240010719
126100.2790359062,0.3586213202771588,-5.158881976507401
67750.08393696706,0.2127556932573922,-6.333317070933719
-47732.89181831886,-0.14586939774676358,-10.507383570283436
25526.49003588078,0.07302620094299557,-13.205686345384581
-26388.610219719692,-0.08226718352611315,-10.543034589609302
31314.311279034606,0.09330181430899229,-8.692540455371711
60136.388429367296,0.18042253032914157,-9.61962955103235
23891.03109105946,0.07607460288244927,-9.241703379297117
-69615.68507283965,-0.20412111297201374,-15.805065184813504
102318.30702189388,0.33367243122674584,-8.079023649722238
23396.43595616088,0.06829836883812708,-9.228252886690047
-25225.324180056923,-0.08548037567890886,-11.680790832656863
73597.9212676824,0.2149866021677958,-6.443785271907432
-55581.16792188454,-0.17694498154132762,-11.687742408341217
9079.441299216125,0.026792324246411106,-14.128569953069404
55191.980749749,0.1854536119472918,-9.294487655068195
3385.105232379073,0.0117414621946962,-7.584366473264204
28488.033926284537,0.0915042599577096,-7.20054439130664
36436.419471287365,0.1174207945719761,-10.119645374508323
87810.1500920357,0.2662548583703712,-8.128115435961059
-159081.49000870192,-0.5324783164445791,-18.524149354934806
-58825.91100079001,-0.17805151914132672,-12.844415065265425
-17160.803684374525,-0.052345698228382635,-9.07456907327896
221507.70719093864,0.7282472454708545,-4.55614960792563
67743.7044058544,0.20538184009968777,-6.725975454704858
-3595.635679824387,-0.009785410144157548,-11.504611941706033
58218.72869007975,0.17899358205090968,-8.423212885920496
-53637.589943613624,-0.16562270498202322,-12.827170766030726
-113013.4958766274,-0.36840819918884127,-13.939423815627382
-13360.13877931557,-0.043679681262698805,-10.547549687827084
25587.557272570062,0.08168001442637608,-8.209680502674189
46861.78700976157,0.14203834229560422,-9.859885390217382
15624.66405813491,0.048419342697706313,-10.500122828873515
2643.7765655366848,0.008274735757128336,-8.106734144064266
2690.3596311896654,0.008083366882063629,-7.602078916012367
72595.81261912506,0.23015325830168795,-7.769342135311252
-12632.408600025441,-0.03933992281838647,-9.163241981750602
15392.559173811314,0.04961126445490576,-8.11754039592909
-20323.031427333903,-0.06504874769664558,-8.239375815847172
123393.86050965526,0.37883649524745394,-5.774457184256621
13423.318817446756,0.038550085103372746,-10.68061562773771
-122701.13567887801,-0.33691667187263974,-18.064383666232775
75014.6508134712,0.21348718116973864,-10.14058694198604
86512.79545938785,0.28588558734428476,-8.265997938459568
33947.29521222855,0.09693003317794904,-9.504946241260958
-93465.61663684889,-0.3084194068893897,-14.460661701627942
-26076.19994735557,-0.08814212009384759,-10.844673190883569
38151.650301008995,0.11882662152236274,-6.927666020670642
21230.471190545555,0.06401024913181551,-8.970578190730006
121117.62344213335,0.36533787696602144,-5.655295003506344
-100148.81262057282,-0.29784257767742994,-15.487511500318407
27421.09729882991,0.08740499555592462,-7.3738000786151
-130880.73796244706,-0.40641429758940373,-15.556849741640754
65379.19906691084,0.2165377401031167,-5.5931897058307145
99361.72239518836,0.2745184534601588,-9.009808282618204
-46117.13397635729,-0.1339457134250338,-13.755044401839244
95136.5349284401,0.3054455724608468,-5.827191784331975
62101.9728053253,0.21378665543636657,-7.835284677675281
-88962.7074399376,-0.2675583231331036,-10.758631198226166
58613.472035931074,0.19362973516275925,-8.39108765122576
106028.17089704024,0.3632056942380996,-4.254365097775303
85520.68478989386,0.2403347133243777,-6.886125115361019
-148103.14539940143,-0.458839364288272,-15.388926940260939
-65880.99321610034,-0.18782374304687988,-13.592914210817064
179371.90012455947,0.5398358726634676,-5.745613382025494
22583.07592441769,0.06606893846652993,-8.675899859406666
51814.95625000523,0.15260784803865532,-8.45519979405106
135577.00377395793,0.43456807948082954,-5.456272751704406
63348.51210218076,0.20462517249012954,-10.354291131566296
-13073.281842589207,-0.04728214791885966,-10.752199694380115
-66309.36988181582,-0.19695397558041491,-12.44938088854174
-70974.53744861587,-0.20487593486977737,-14.046622364400418
8925.797612114693,0.02744964206970596,-11.786593047692495
-89030.15733490502,-0.2634274392153086,-12.594819456227292
-33371.170955667345,-0.11317825183549356,-11.278762907902562
-27176.428414847484,-0.07796802347691104,-13.338584286235832
-142219.20382296722,-0.42862049680257874,-16.711511730606077
30557.43188854381,0.09600901868914731,-6.8359859233075415
78127.85553199984,0.24866851799013534,-7.864253763433959
-5937.351867255362,-0.01650387413856764,-13.906093530312091
-46071.71411149865,-0.1346952524095063,-13.30834452971532
133640.68836644938,0.4382708483355484,-5.624049574579693
-98883.38158908834,-0.31162182835494673,-11.88728117893164
129138.01405135356,0.3851790407848356,-9.497967557777741
107739.71275727524,0.3389731599234469,-7.71817478902499
28540.204744622453,0.09119497691763345,-9.719553540785842
77473.76522912117,0.24304696615801932,-7.376802387161064
17785.41293677861,0.04896038472400452,-11.079764688408511
132020.53821593444,0.3771793471327617,-8.100278632874335
-49555.94922930169,-0.14835479997243342,-11.36978116645514
214200.556698204,0.6234068158887525,-4.587602714741978
118915.73629565739,0.3549210846515252,-5.488142483520342
13544.00121284895,0.04084991313545042,-8.508014604572134
64496.22453120707,0.18916304019676744,-9.370121215331373
-126651.22534455721,-0.376794314748526,-15.056962938403572
-17560.973753124395,-0.052684626481542575,-12.030487602080752
32150.766300430536,0.10832588461292891,-8.820241041652988
-111335.30654237728,-0.3578431333495397,-15.080410703929982
56224.750329856004,0.17846063655340091,-6.376567195642946
281933.66007313813,0.9248093193938304,-3.5266781027831096
-17167.825374133292,-0.05410716551808079,-11.050472093610308
134194.6206366235,0.38388520517608066,-7.772368283938791
-30833.48479416868,-0.09182068218525821,-9.436065729887433
-93066.23572647787,-0.27747967224670844,-14.195864494438892
145946.2628147221,0.501804298394716,-4.466332063827949
111011.32535510368,0.3073306883756399,-8.071666340148953
-54346.96035986747,-0.16591476644536876,-11.944180043549546
-67825.68745523364,-0.1807451763086183,-14.715006999762215
46463.1183971556,0.13078511516620048,-11.723516750326102
-12714.547492514337,-0.039041477540986906,-10.672498821827315
-119935.89398116252,-0.3264632367966752,-14.871002689696455
-45632.850793791025,-0.15654108210814147,-11.676914670557725
-68901.94932407656,-0.20182220957715227,-11.218046587259279
-3020.0241883093204,-0.009085426103328494,-11.889628747761982
22526.701648419312,0.06653772151141941,-7.671106357817181
45348.51082157092,0.13808690855353384,-8.619972855816915
27727.644466646696,0.08781908208906182,-12.073486531461274
-115399.44084826874,-0.3363573006739003,-13.739894845068502
-30794.58775194347,-0.08219641225517171,-11.580205266078991
42667.90951711933,0.14608982503853635,-8.464880496971205
-32598.400187926036,-0.1008123234502508,-12.46704804966512
68282.81987661164,0.2087486055935799,-9.826637495470003
-12243.363323074644,-0.040005737475198255,-10.923353384243818
32225.266994967285,0.11016544425902365,-10.494165074776562
81555.13780345937,0.24025190364751184,-8.155654141035418
12621.85700246786,0.0332792338144479,-11.633654496353618
-184033.78406465333,-0.6125910404153816,-19.2708943904387
96327.04708051872,0.27998647981369645,-12.927019313790556
