date,gross_pnl,cost,net_pnl,position,zscore,beta,pair
2022-01-03,0.0,0.0,0.0,0,1.699631992976251,1.12561721494099,CBOE/IHG
2022-01-04,0.0,0.0,0.0,0,1.2101136412480724,1.1243916468499306,CBOE/IHG
2022-01-05,0.0,0.0,0.0,0,1.1578698276107855,1.1232661051746213,CBOE/IHG
2022-01-06,0.0,0.0,0.0,0,1.2164367928089928,1.1220099126014111,CBOE/IHG
2022-01-07,0.0,0.0,0.0,0,1.1011530818405781,1.1210291523051714,CBOE/IHG
2022-01-10,0.0,0.0,0.0,0,1.0606741300948057,1.1197667161217266,CBOE/IHG
2022-01-11,0.0,0.0,0.0,0,1.2476436300991416,1.1183890787901618,CBOE/IHG
2022-01-12,0.0,0.0,0.0,0,1.1414867122061965,1.1176528974664035,CBOE/IHG
2022-01-13,0.0,0.0,0.0,0,0.7987059908635837,1.1167292554964463,CBOE/IHG
2022-01-14,0.0,0.0,0.0,0,0.6376192100422607,1.1152484696675973,CBOE/IHG
2022-01-18,0.0,0.0,0.0,0,0.8285405551892391,1.1134683371453085,CBOE/IHG
2022-01-19,0.0,0.0,0.0,0,0.943273619037754,1.112097419668206,CBOE/IHG
2022-01-20,0.0,0.0,0.0,0,0.9159417932542915,1.1106021821058596,CBOE/IHG
2022-01-21,0.0,0.0,0.0,0,0.7182921775559357,1.109023984173312,CBOE/IHG
2022-01-24,0.0,0.0,0.0,0,0.8767614914850498,1.107230122059718,CBOE/IHG
2022-01-25,0.0,0.0,0.0,0,0.6366972254418461,1.105304844249515,CBOE/IHG
2022-01-26,0.0,0.0,0.0,0,0.520915515252148,1.103411327134516,CBOE/IHG
2022-01-27,0.0,0.0,0.0,0,0.7373400262705585,1.1010685112198666,CBOE/IHG
2022-01-28,0.0,0.0,0.0,0,0.7383639263888171,1.0988356094755922,CBOE/IHG
2022-01-31,0.0,0.0,0.0,0,0.7720630153406743,1.096701692909364,CBOE/IHG
2022-02-01,0.0,0.0,0.0,0,0.6702682675486065,1.0950533973699994,CBOE/IHG
2022-02-02,0.0,0.0,0.0,0,0.8370045437259073,1.0935137420647532,CBOE/IHG
2022-02-03,0.0,0.0,0.0,0,0.6376268637267403,1.0921709707619345,CBOE/IHG
2022-02-04,0.0,0.0,0.0,0,0.8955279833584642,1.0905112997421915,CBOE/IHG
2022-02-07,0.0,0.0,0.0,0,0.8673352788248865,1.0892910095362787,CBOE/IHG
2022-02-08,0.0,0.0,0.0,0,0.9004047447711099,1.087984895206311,CBOE/IHG
2022-02-09,0.0,0.0,0.0,0,0.6692471496155997,1.0869841533705904,CBOE/IHG
2022-02-10,0.0,0.0,0.0,0,0.6493281310583733,1.0857069029964823,CBOE/IHG
2022-02-11,0.0,0.0,0.0,0,0.6844339823939708,1.0842874660625852,CBOE/IHG
2022-02-14,0.0,0.0,0.0,0,0.7504297205682113,1.0826597333842902,CBOE/IHG
2022-02-15,0.0,0.0,0.0,0,0.7143143342612314,1.0809094776362376,CBOE/IHG
2022-02-16,0.0,0.0,0.0,0,0.6475324128800993,1.0795449717939554,CBOE/IHG
2022-02-17,0.0,0.0,0.0,0,0.5343505008403289,1.0778873339004122,CBOE/IHG
2022-02-18,0.0,0.0,0.0,0,0.631437564637683,1.0758775889742842,CBOE/IHG
2022-02-22,0.0,0.0,0.0,0,0.33617201886887066,1.0738662435625974,CBOE/IHG
2022-02-23,0.0,0.0,0.0,0,0.19828948854254858,1.0714500172669168,CBOE/IHG
2022-02-24,0.0,0.0,0.0,0,0.5212318626310594,1.068860840017409,CBOE/IHG
2022-02-25,0.0,0.0,0.0,0,0.302174676718604,1.0667195416622561,CBOE/IHG
2022-02-28,0.0,0.0,0.0,0,0.3713296631540475,1.0645987691259888,CBOE/IHG
2022-03-01,0.0,0.0,0.0,0,0.8100660045196318,1.0626527285743386,CBOE/IHG
2022-03-02,0.0,0.0,0.0,0,0.6282058867056239,1.0608058048622921,CBOE/IHG
2022-03-03,0.0,0.0,0.0,0,0.8424557542636314,1.0591345421378418,CBOE/IHG
2022-03-04,0.0,0.0,0.0,0,1.3952404505244775,1.0572877672995298,CBOE/IHG
2022-03-07,0.0,0.0,0.0,0,1.2977016883318677,1.0552117057015968,CBOE/IHG
2022-03-08,0.0,0.0,0.0,0,0.8610833374790561,1.0524114170366647,CBOE/IHG
2022-03-09,0.0,0.0,0.0,0,0.6920596395210354,1.0498429029871263,CBOE/IHG
2022-03-10,0.0,0.0,0.0,0,0.6317972415675828,1.0475906826632233,CBOE/IHG
2022-03-11,0.0,0.0,0.0,0,0.5836126140998332,1.0452945747743123,CBOE/IHG
2022-03-14,0.0,0.0,0.0,0,0.5763612279511359,1.0429189401346437,CBOE/IHG
2022-03-15,0.0,0.0,0.0,0,0.5070382404370047,1.0404680268033677,CBOE/IHG
2022-03-16,0.0,0.0,0.0,0,0.24899989126273372,1.03805517646254,CBOE/IHG
2022-03-17,0.0,0.0,0.0,0,0.485903930655507,1.0355281282813789,CBOE/IHG
2022-03-18,0.0,0.0,0.0,0,0.33796211892127603,1.0335757823513052,CBOE/IHG
2022-03-21,0.0,0.0,0.0,0,0.35146257760225474,1.0315740415115835,CBOE/IHG
2022-03-22,0.0,0.0,0.0,0,0.507988069615673,1.0294404699180886,CBOE/IHG
2022-03-23,0.0,0.0,0.0,0,0.34073266304219646,1.0277080023767968,CBOE/IHG
2022-03-24,0.0,0.0,0.0,0,0.15069915944349851,1.0254413660240558,CBOE/IHG
2022-03-25,0.0,0.0,0.0,0,0.20747289820907494,1.0228917267754094,CBOE/IHG
2022-03-28,0.0,0.0,0.0,0,0.030925154671744337,1.0205593473180588,CBOE/IHG
2022-03-29,0.0,0.0,0.0,0,0.053333095603552004,1.0179286735155266,CBOE/IHG
2022-03-30,0.0,0.0,0.0,0,0.16190285177485234,1.0152940935366916,CBOE/IHG
2022-03-31,0.0,0.0,0.0,0,0.19688686820423285,1.0129659577403503,CBOE/IHG
2022-04-01,0.0,0.0,0.0,0,0.4026095566259659,1.0106189105027705,CBOE/IHG
2022-04-04,0.0,0.0,0.0,0,0.05650358692648141,1.008753373358035,CBOE/IHG
2022-04-05,0.0,0.0,0.0,0,0.05885067819738111,1.0062750025329368,CBOE/IHG
2022-04-06,0.0,0.0,0.0,0,0.3980034617827158,1.0038339515823411,CBOE/IHG
2022-04-07,0.0,0.0,0.0,0,0.7181304243851083,1.0019652833614652,CBOE/IHG
2022-04-08,0.0,0.0,0.0,0,0.7005807412412932,1.0004429584965098,CBOE/IHG
2022-04-11,0.0,0.0,0.0,0,0.7737509603707801,0.9988800525285864,CBOE/IHG
2022-04-12,0.0,0.0,0.0,0,0.9040135609298919,0.9974031734273864,CBOE/IHG
2022-04-13,0.0,0.0,0.0,0,0.8320748929965833,0.995986676298618,CBOE/IHG
2022-04-14,0.0,0.0,0.0,0,0.4819171999206577,0.994837519154861,CBOE/IHG
2022-04-18,0.0,0.0,0.0,0,0.3754270717651313,0.9934412120548233,CBOE/IHG
2022-04-19,0.0,0.0,0.0,0,0.48678315147454004,0.9919238530409076,CBOE/IHG
2022-04-20,0.0,0.0,0.0,0,0.48041529494980495,0.9907148295170972,CBOE/IHG
2022-04-21,0.0,0.0,0.0,0,0.2325907416984351,0.9896159139961009,CBOE/IHG
2022-04-22,0.0,0.0,0.0,0,0.3616837635603586,0.9882571860193701,CBOE/IHG
2022-04-25,0.0,0.0,0.0,0,0.4678730328785757,0.9869021226810765,CBOE/IHG
2022-04-26,0.0,0.0,0.0,0,0.3258722602723601,0.9851897379633447,CBOE/IHG
2022-04-27,0.0,0.0,0.0,0,0.6271729241362292,0.9835913465778434,CBOE/IHG
2022-04-28,0.0,0.0,0.0,0,0.45507976029414954,0.9822990269514001,CBOE/IHG
2022-04-29,0.0,0.0,0.0,0,0.4054487112127952,0.9809283604413879,CBOE/IHG
2022-05-02,0.0,0.0,0.0,0,0.3459762015968118,0.9793413490084234,CBOE/IHG
2022-05-03,0.0,0.0,0.0,0,0.2990145719797205,0.9777304085671701,CBOE/IHG
2022-05-04,0.0,0.0,0.0,0,0.415929643963292,0.9761003427409517,CBOE/IHG
2022-05-05,0.0,0.0,0.0,0,0.46785320217480814,0.9745520642360855,CBOE/IHG
2022-05-06,0.0,0.0,0.0,0,0.5124645142989783,0.9728759265927925,CBOE/IHG
2022-05-09,0.0,0.0,0.0,0,0.36905560337762333,0.9712715418773175,CBOE/IHG
2022-05-10,0.0,0.0,0.0,0,0.3439502024570121,0.9694826443929446,CBOE/IHG
2022-05-11,0.0,0.0,0.0,0,0.40011510350346596,0.9678187331197505,CBOE/IHG
2022-05-12,0.0,0.0,0.0,0,0.37786763268460294,0.9662028819628565,CBOE/IHG
2022-05-13,0.0,0.0,0.0,0,0.4332554282737057,0.9645943814252274,CBOE/IHG
2022-05-16,0.0,0.0,0.0,0,0.46524042280662536,0.9630523080392238,CBOE/IHG
2022-05-17,0.0,0.0,0.0,0,0.2823731281484351,0.961490006356446,CBOE/IHG
2022-05-18,0.0,0.0,0.0,0,0.20711203819723065,0.960052167525116,CBOE/IHG
2022-05-19,0.0,0.0,0.0,0,0.18600626958728084,0.9586525739193436,CBOE/IHG
2022-05-20,0.0,0.0,0.0,0,0.27948404361015533,0.9573572655925294,CBOE/IHG
2022-05-23,0.0,0.0,0.0,0,0.23595568961100552,0.9559690729602582,CBOE/IHG
2022-05-24,0.0,0.0,0.0,0,0.25447920056592527,0.9546377693765439,CBOE/IHG
2022-05-25,0.0,0.0,0.0,0,0.27213597775616316,0.9534503828866253,CBOE/IHG
2022-05-26,0.0,0.0,0.0,0,0.291369005601641,0.9522103108044045,CBOE/IHG
2022-05-27,0.0,0.0,0.0,0,0.47448273539117264,0.9510243190182927,CBOE/IHG
2022-05-31,0.0,0.0,0.0,0,0.5216230740799229,0.9499006843374742,CBOE/IHG
2022-06-01,0.0,0.0,0.0,0,0.6228861299051359,0.948907473849316,CBOE/IHG
2022-06-02,0.0,0.0,0.0,0,0.8070507051804688,0.9478602737041707,CBOE/IHG
2022-06-03,0.0,0.0,0.0,0,0.6884216040481388,0.9468585921463367,CBOE/IHG
2022-06-06,0.0,0.0,0.0,0,0.769886127237242,0.9458627494441489,CBOE/IHG
2022-06-07,0.0,0.0,0.0,0,0.6024131756493264,0.9449267607564463,CBOE/IHG
2022-06-08,0.0,0.0,0.0,0,0.6537487888484331,0.9438211937025464,CBOE/IHG
2022-06-09,0.0,0.0,0.0,0,0.7339603939663536,0.9426675300787661,CBOE/IHG
2022-06-10,0.0,0.0,0.0,0,0.7119619104238947,0.9414143490683611,CBOE/IHG
2022-06-13,0.0,0.0,0.0,0,0.9126933720523869,0.9397259414856023,CBOE/IHG
2022-06-14,0.0,0.0,0.0,0,0.8821807559668683,0.9374828251327701,CBOE/IHG
2022-06-15,0.0,0.0,0.0,0,0.969729686063843,0.9351159302825583,CBOE/IHG
2022-06-16,0.0,0.0,0.0,0,1.0801040942256321,0.9329407993525237,CBOE/IHG
2022-06-17,0.0,0.0,0.0,0,1.0619519975382192,0.9302480316828694,CBOE/IHG
2022-06-21,0.0,0.0,0.0,0,1.096854922986532,0.9277280550674221,CBOE/IHG
2022-06-22,0.0,0.0,0.0,0,1.1290508599390454,0.9252025767210196,CBOE/IHG
2022-06-23,0.0,0.0,0.0,0,1.4157100611330098,0.9226228791151829,CBOE/IHG
2022-06-24,0.0,0.0,0.0,0,1.390814910712285,0.9195134805395282,CBOE/IHG
2022-06-27,0.0,0.0,0.0,0,1.334357684572326,0.9172566325605461,CBOE/IHG
2022-06-28,0.0,0.0,0.0,0,1.342463032344729,0.9150693852610692,CBOE/IHG
2022-06-29,0.0,0.0,0.0,0,1.3994076521857213,0.9126764586257349,CBOE/IHG
2022-06-30,0.0,0.0,0.0,0,1.3094697322036533,0.9099922707388407,CBOE/IHG
2022-07-01,0.0,0.0,0.0,0,1.4403167443736136,0.9075233543814909,CBOE/IHG
2022-07-05,0.0,0.0,0.0,0,1.7865120001260169,0.9049201025614728,CBOE/IHG
2022-07-06,0.0,0.0,0.0,0,1.8193653381711685,0.9016317591112342,CBOE/IHG
2022-07-07,0.0,0.0,0.0,0,1.8305623258521635,0.8983772115853745,CBOE/IHG
2022-07-08,0.0,0.0,0.0,0,1.746424604919871,0.8955198604532609,CBOE/IHG
2022-07-11,0.0,0.0,0.0,0,1.9830411894008981,0.8928180302590466,CBOE/IHG
2022-07-12,0.0,0.0,0.0,0,1.8397642436292596,0.890018408069237,CBOE/IHG
2022-07-13,0.0,0.0,0.0,0,1.6176898153302846,0.8874555435110517,CBOE/IHG
2022-07-14,0.0,0.0,0.0,0,1.6401262294169834,0.8851924420914349,CBOE/IHG
2022-07-15,0.0,0.0,0.0,0,1.6230042620984477,0.8828385828209563,CBOE/IHG
2022-07-18,0.0,0.0,0.0,0,1.5200980047867263,0.8807889524664089,CBOE/IHG
2022-07-19,0.0,0.0,0.0,0,1.721456668373184,0.8788833980863464,CBOE/IHG
2022-07-20,0.0,0.0,0.0,0,1.6989244157946488,0.8774540983888601,CBOE/IHG
2022-07-21,0.0,0.0,0.0,0,1.9293901251460197,0.8761390802544317,CBOE/IHG
2022-07-22,0.0,0.0,0.0,0,1.9392415451395533,0.8745757402464966,CBOE/IHG
2022-07-25,0.0,0.0,0.0,0,1.9749810701438486,0.8728248447800606,CBOE/IHG
2022-07-26,0.0,0.0,0.0,0,2.048818172372792,0.8712087062851865,CBOE/IHG
2022-07-27,0.0,0.0,0.0,0,1.8274789708718389,0.8694424544296293,CBOE/IHG
2022-07-28,0.0,0.0,0.0,0,1.9037876532570124,0.8685900207613125,CBOE/IHG
2022-07-29,0.0,0.0,0.0,0,1.669902553839313,0.8677310577111048,CBOE/IHG
2022-08-01,0.0,0.0,0.0,0,1.0358280954561334,0.8669611989248055,CBOE/IHG
2022-08-02,0.0,0.0,0.0,0,1.2036578395958384,0.8661069471803771,CBOE/IHG
2022-08-03,0.0,0.0,0.0,0,1.1679970748252673,0.865194837771584,CBOE/IHG
2022-08-04,0.0,0.0,0.0,0,1.2321026044449832,0.8645268003947619,CBOE/IHG
2022-08-05,0.0,0.0,0.0,0,1.428076853714798,0.8640010001279862,CBOE/IHG
2022-08-08,0.0,0.0,0.0,0,1.2221272655056958,0.8632131251319055,CBOE/IHG
2022-08-09,0.0,0.0,0.0,0,1.1684529319178116,0.86245520274293,CBOE/IHG
2022-08-10,0.0,0.0,0.0,0,1.0293388593955948,0.8619370905813328,CBOE/IHG
2022-08-11,0.0,0.0,0.0,0,1.0043897289175308,0.8620116446750452,CBOE/IHG
2022-08-12,0.0,0.0,0.0,0,1.1385128849060195,0.861872513844011,CBOE/IHG
2022-08-15,0.0,0.0,0.0,0,1.1339458216730995,0.8619589416897134,CBOE/IHG
2022-08-16,0.0,0.0,0.0,0,1.129765468505544,0.8622130136731095,CBOE/IHG
2022-08-17,0.0,0.0,0.0,0,1.5231293544472249,0.8626769654574505,CBOE/IHG
2022-08-18,0.0,0.0,0.0,0,1.7900063454970918,0.8631742369668033,CBOE/IHG
2022-08-19,0.0,0.0,0.0,0,1.6706752989666422,0.8636409329750525,CBOE/IHG
2022-08-22,0.0,0.0,0.0,0,1.7157947602643038,0.863635745362966,CBOE/IHG
2022-08-23,0.0,0.0,0.0,0,1.568488886983761,0.8632870125309845,CBOE/IHG
2022-08-24,0.0,0.0,0.0,0,1.6130549628031496,0.8633548692501466,CBOE/IHG
2022-08-25,0.0,0.0,0.0,0,1.6423114090565902,0.8637823192004146,CBOE/IHG
2022-08-26,0.0,0.0,0.0,0,1.6781723241949655,0.8642733829856999,CBOE/IHG
2022-08-29,0.0,0.0,0.0,0,1.6984276039031563,0.8636805872583445,CBOE/IHG
2022-08-30,0.0,0.0,0.0,0,1.5476702168876917,0.8628035430291418,CBOE/IHG
2022-08-31,0.0,0.0,0.0,0,1.5691053869674176,0.8619137148010866,CBOE/IHG
2022-09-01,0.0,0.0,0.0,0,1.8965125869545232,0.861080436612644,CBOE/IHG
2022-09-02,0.0,0.0,0.0,0,1.748098156923862,0.8598634554436037,CBOE/IHG
2022-09-06,0.0,0.0,0.0,0,1.962086702352103,0.8587416218486101,CBOE/IHG
2022-09-07,0.0,0.0,0.0,0,2.0578649951580474,0.8571603485914087,CBOE/IHG
2022-09-08,0.0,0.0,0.0,0,2.0456900507843017,0.8558835463103631,CBOE/IHG
2022-09-09,0.0,0.0,0.0,0,1.9171791939758749,0.8549544169954232,CBOE/IHG
2022-09-12,0.0,0.0,0.0,0,1.8386623124056283,0.8546265277648742,CBOE/IHG
2022-09-13,0.0,0.0,0.0,0,1.7194636114112563,0.8544746879194379,CBOE/IHG
2022-09-14,0.0,0.0,0.0,0,1.6712250586117658,0.8537552206917808,CBOE/IHG
2022-09-15,0.0,0.0,0.0,0,1.4690245970620146,0.8531496665271249,CBOE/IHG
2022-09-16,0.0,0.0,0.0,0,1.79446185933727,0.8529589416242894,CBOE/IHG
2022-09-19,0.0,0.0,0.0,0,1.7757494346740301,0.8514818890456537,CBOE/IHG
2022-09-20,0.0,0.0,0.0,0,1.743079088389283,0.8501764317444683,CBOE/IHG
2022-09-21,0.0,0.0,0.0,0,1.815433939226933,0.8486309150472433,CBOE/IHG
2022-09-22,0.0,0.0,0.0,0,1.8724221950673439,0.8461426273523021,CBOE/IHG
2022-09-23,0.0,0.0,0.0,0,1.8377882148986748,0.8430454870576046,CBOE/IHG
2022-09-26,0.0,0.0,0.0,0,1.8881792100205808,0.8393791327791286,CBOE/IHG
2022-09-27,0.0,0.0,0.0,0,1.8858045919705584,0.8353066997706571,CBOE/IHG
2022-09-28,0.0,0.0,0.0,0,1.8296857399686126,0.8315103400872917,CBOE/IHG
2022-09-29,0.0,0.0,0.0,0,1.8699455359392663,0.8285603651394837,CBOE/IHG
2022-09-30,0.0,0.0,0.0,0,1.8456102055311767,0.8250894953114023,CBOE/IHG
2022-10-03,0.0,0.0,0.0,0,1.8412846012840873,0.8216791817851138,CBOE/IHG
2022-10-04,0.0,0.0,0.0,0,1.816074211557275,0.8186142893523428,CBOE/IHG
2022-10-05,0.0,0.0,0.0,0,1.8369282828992288,0.8164585750739655,CBOE/IHG
2022-10-06,0.0,0.0,0.0,0,2.0793065322887094,0.8140349217797439,CBOE/IHG
2022-10-07,0.0,0.0,0.0,0,1.8912712003387961,0.8107256237336836,CBOE/IHG
2022-10-10,0.0,0.0,0.0,0,1.880823349933253,0.8073801743659758,CBOE/IHG
2022-10-11,0.0,0.0,0.0,0,1.8679430440204285,0.8041852259880269,CBOE/IHG
2022-10-12,0.0,0.0,0.0,0,1.8308218907132023,0.8008149883473089,CBOE/IHG
2022-10-13,0.0,0.0,0.0,0,1.8919620701960094,0.7976533476527259,CBOE/IHG
2022-10-14,0.0,0.0,0.0,0,1.5715971988818063,0.7948168234932396,CBOE/IHG
2022-10-17,0.0,0.0,0.0,0,1.7965900683682656,0.7924983566144722,CBOE/IHG
2022-10-18,0.0,0.0,0.0,0,1.8960995169542518,0.7903870247433246,CBOE/IHG
2022-10-19,0.0,0.0,0.0,0,1.7528989102440435,0.7883517051968155,CBOE/IHG
2022-10-20,0.0,0.0,0.0,0,1.7128366715205425,0.7863194688219982,CBOE/IHG
2022-10-21,0.0,0.0,0.0,0,1.769206351099647,0.7840622542558172,CBOE/IHG
2022-10-24,0.0,0.0,0.0,0,1.9362365028753594,0.7820423618723971,CBOE/IHG
2022-10-25,0.0,0.0,0.0,0,2.04897114435311,0.7796630939554212,CBOE/IHG
2022-10-26,0.0,0.0,0.0,0,1.9669510246350839,0.7775184509238264,CBOE/IHG
2022-10-27,0.0,0.0,0.0,0,1.9217509892969644,0.7757370950988789,CBOE/IHG
2022-10-28,0.0,0.0,0.0,0,1.979277965689029,0.7741846338275704,CBOE/IHG
2022-10-31,0.0,0.0,0.0,0,1.9319110725705453,0.773093053334142,CBOE/IHG
2022-11-01,0.0,0.0,0.0,0,2.1727691631368744,0.7717941939761844,CBOE/IHG
2022-11-02,0.0,0.0,0.0,0,2.1534339502772544,0.7704198518962153,CBOE/IHG
2022-11-03,0.0,0.0,0.0,0,2.041371627544785,0.7685277802049995,CBOE/IHG
2022-11-04,0.0,0.0,0.0,0,2.1831017215671027,0.7668052981808368,CBOE/IHG
2022-11-07,0.0,0.0,0.0,0,2.1378834166335254,0.7657770736669396,CBOE/IHG
2022-11-08,0.0,0.0,0.0,0,1.965315787159024,0.7645096460993682,CBOE/IHG
2022-11-09,0.0,0.0,0.0,0,1.8437825228245885,0.7637534528001793,CBOE/IHG
2022-11-10,0.0,0.0,0.0,0,1.520923583264949,0.7625182089622734,CBOE/IHG
2022-11-11,0.0,0.0,0.0,0,0.9454010112985323,0.7622198557325016,CBOE/IHG
2022-11-14,0.0,0.0,0.0,0,1.3237280108783565,0.7625632132506259,CBOE/IHG
2022-11-15,0.0,0.0,0.0,0,1.6201703000897303,0.7623240230612587,CBOE/IHG
2022-11-16,0.0,0.0,0.0,0,1.6024767258103159,0.7621627424603,CBOE/IHG
2022-11-17,0.0,0.0,0.0,0,1.6917587949899386,0.761879400808469,CBOE/IHG
2022-11-18,0.0,0.0,0.0,0,1.4786108006076768,0.7617723178477415,CBOE/IHG
2022-11-21,0.0,0.0,0.0,0,1.71077409648015,0.7618223759045228,CBOE/IHG
2022-11-22,0.0,0.0,0.0,0,1.7745113156559584,0.7615507905863454,CBOE/IHG
2022-11-23,0.0,0.0,0.0,0,1.7196200617241644,0.7615525451193867,CBOE/IHG
2022-11-25,0.0,0.0,0.0,0,1.7763792819288386,0.7616252907912058,CBOE/IHG
2022-11-28,0.0,0.0,0.0,0,1.734820306954333,0.7619195349351382,CBOE/IHG
2022-11-29,0.0,0.0,0.0,0,1.6421113266222076,0.7617562892269831,CBOE/IHG
2022-11-30,0.0,0.0,0.0,0,1.8676151191842532,0.7617981817551566,CBOE/IHG
2022-12-01,0.0,0.0,0.0,0,1.810700968694382,0.7623613732609769,CBOE/IHG
2022-12-02,0.0,0.0,0.0,0,1.9516566122631727,0.7629319941778059,CBOE/IHG
2022-12-05,0.0,0.0,0.0,0,1.9015226064649287,0.7633368600699807,CBOE/IHG
2022-12-06,0.0,0.0,0.0,0,1.9881797583978569,0.7633047514509552,CBOE/IHG
2022-12-07,0.0,0.0,0.0,0,1.98997459943519,0.7631000405597312,CBOE/IHG
2022-12-08,0.0,0.0,0.0,0,1.7856044061057788,0.7629445149993945,CBOE/IHG
2022-12-09,0.0,0.0,0.0,0,1.4428256370181693,0.7631740315567489,CBOE/IHG
2022-12-12,0.0,0.0,0.0,0,1.5370853606131047,0.7638675372518676,CBOE/IHG
2022-12-13,0.0,0.0,0.0,0,1.3217515426894832,0.7646503885538215,CBOE/IHG
2022-12-14,0.0,0.0,0.0,0,1.2503524348074835,0.7653039818053948,CBOE/IHG
2022-12-15,0.0,0.0,0.0,0,1.5388569144889395,0.7656766925081319,CBOE/IHG
2022-12-16,0.0,0.0,0.0,0,1.5808836456367006,0.7656997120535796,CBOE/IHG
2022-12-19,0.0,0.0,0.0,0,1.5621992248370473,0.7654443481168842,CBOE/IHG
2022-12-20,0.0,0.0,0.0,0,1.5476133567914403,0.764942327299597,CBOE/IHG
2022-12-21,0.0,0.0,0.0,0,1.8097261261481044,0.7644939763461719,CBOE/IHG
2022-12-22,0.0,0.0,0.0,0,1.6680953204919735,0.7638889088115641,CBOE/IHG
2022-12-23,0.0,0.0,0.0,0,1.8002422226127661,0.7632105199825095,CBOE/IHG
2022-12-27,0.0,0.0,0.0,0,1.8272466154800064,0.7625556889397483,CBOE/IHG
2022-12-28,0.0,0.0,0.0,0,1.841141774901632,0.7617556341148667,CBOE/IHG
2022-12-29,0.0,0.0,0.0,0,1.882529681625442,0.7607085607378018,CBOE/IHG
2022-12-30,0.0,0.0,0.0,0,1.7440085369428011,0.7596711281601506,CBOE/IHG
2023-01-03,0.0,0.0,0.0,0,1.800721442856096,0.7584558325351132,CBOE/IHG
2023-01-04,0.0,0.0,0.0,0,1.539186166497177,0.7572347173310106,CBOE/IHG
2023-01-05,0.0,0.0,0.0,0,1.4937444821709207,0.75648873146309,CBOE/IHG
2023-01-06,0.0,0.0,0.0,0,1.2554315226539339,0.7555724876297147,CBOE/IHG
2023-01-09,0.0,0.0,0.0,0,1.1398576307509818,0.755157639278002,CBOE/IHG
2023-01-10,0.0,0.0,0.0,0,1.118173932227847,0.7545831662515805,CBOE/IHG
2023-01-11,0.0,0.0,0.0,0,1.14735709255577,0.754121120978588,CBOE/IHG
2023-01-12,0.0,0.0,0.0,0,1.123503069315285,0.7538514032126234,CBOE/IHG
2023-01-13,0.0,0.0,0.0,0,1.1184921105879442,0.7538022687565114,CBOE/IHG
2023-01-17,0.0,0.0,0.0,0,1.0250217720187909,0.7539461836026482,CBOE/IHG
2023-01-18,0.0,0.0,0.0,0,0.8514304230966567,0.754320004784547,CBOE/IHG
2023-01-19,0.0,0.0,0.0,0,0.7572326708912362,0.7548670317595786,CBOE/IHG
2023-01-20,0.0,0.0,0.0,0,0.6930657515042927,0.7553381024541331,CBOE/IHG
2023-01-23,0.0,0.0,0.0,0,0.807379057017675,0.7556089636744303,CBOE/IHG
2023-01-24,0.0,0.0,0.0,0,0.6874305967430628,0.7566394649705,CBOE/IHG
2023-01-25,0.0,0.0,0.0,0,0.7199757862786385,0.7582624962595469,CBOE/IHG
2023-01-26,0.0,0.0,0.0,0,0.7721401375439795,0.7598954705138166,CBOE/IHG
2023-01-27,0.0,0.0,0.0,0,0.6683086229725339,0.76175251090956,CBOE/IHG
2023-01-30,0.0,0.0,0.0,0,0.780968924003805,0.7633604925377555,CBOE/IHG
2023-01-31,0.0,0.0,0.0,0,0.7869637717360339,0.7650640456013947,CBOE/IHG
2023-02-01,0.0,0.0,0.0,0,0.7795915480796367,0.7668386021006676,CBOE/IHG
2023-02-02,0.0,0.0,0.0,0,0.5624433454694533,0.7686532200367938,CBOE/IHG
2023-02-03,0.0,0.0,0.0,0,0.8743091353015926,0.76997900092049,CBOE/IHG
2023-02-06,0.0,0.0,0.0,0,1.098433151893694,0.7718584678556903,CBOE/IHG
2023-02-07,0.0,0.0,0.0,0,1.1703529836776139,0.7742873184826831,CBOE/IHG
2023-02-08,0.0,0.0,0.0,0,1.1389335946035934,0.7767947616023061,CBOE/IHG
2023-02-09,0.0,0.0,0.0,0,1.0591618091318455,0.7792337904778318,CBOE/IHG
2023-02-10,0.0,0.0,0.0,0,1.2823928434480705,0.7814752227279367,CBOE/IHG
2023-02-13,0.0,0.0,0.0,0,1.375372048861268,0.783463631359304,CBOE/IHG
2023-02-14,0.0,0.0,0.0,0,1.1373365746444384,0.7859168551716359,CBOE/IHG
2023-02-15,0.0,0.0,0.0,0,1.2978600099583755,0.7882584744766067,CBOE/IHG
2023-02-16,0.0,0.0,0.0,0,1.201740139972636,0.7908056279483915,CBOE/IHG
2023-02-17,0.0,0.0,0.0,0,1.4043853103062318,0.7928674831731348,CBOE/IHG
2023-02-21,0.0,0.0,0.0,0,1.352634960275775,0.7952403702888693,CBOE/IHG
2023-02-22,0.0,0.0,0.0,0,1.3900468168221265,0.7974978164239125,CBOE/IHG
2023-02-23,0.0,0.0,0.0,0,1.3761966684991882,0.7995307862809384,CBOE/IHG
2023-02-24,0.0,0.0,0.0,0,1.4666508719131484,0.8017584224102902,CBOE/IHG
2023-02-27,0.0,0.0,0.0,0,1.2869988709481848,0.8040276276991788,CBOE/IHG
2023-02-28,0.0,0.0,0.0,0,1.151696278626307,0.8060240284182769,CBOE/IHG
2023-03-01,0.0,0.0,0.0,0,1.216982145155516,0.8078961775323908,CBOE/IHG
2023-03-02,0.0,0.0,0.0,0,1.1403437230446527,0.8098726945332007,CBOE/IHG
2023-03-03,0.0,0.0,0.0,0,1.1349988033814444,0.8118588596447217,CBOE/IHG
2023-03-06,0.0,0.0,0.0,0,1.0488898318037303,0.8139223730910986,CBOE/IHG
2023-03-07,0.0,0.0,0.0,0,0.9412926687469759,0.8158189536327864,CBOE/IHG
2023-03-08,0.0,0.0,0.0,0,0.892266358161273,0.8173667014358391,CBOE/IHG
2023-03-09,0.0,0.0,0.0,0,0.769406171911754,0.818908417701735,CBOE/IHG
2023-03-10,0.0,0.0,0.0,0,0.6396329712232418,0.8201482714918645,CBOE/IHG
2023-03-13,0.0,0.0,0.0,0,0.9902854592948129,0.8210509827326972,CBOE/IHG
2023-03-14,0.0,0.0,0.0,0,1.0888236481916966,0.8222754485717315,CBOE/IHG
2023-03-15,0.0,0.0,0.0,0,1.0755347770760402,0.8239414827105096,CBOE/IHG
2023-03-16,0.0,0.0,0.0,0,1.0746955558053193,0.824973337006546,CBOE/IHG
2023-03-17,0.0,0.0,0.0,0,1.3192666194312745,0.8264501526238454,CBOE/IHG
2023-03-20,0.0,0.0,0.0,0,1.2535720327330149,0.8278289645286088,CBOE/IHG
2023-03-21,0.0,0.0,0.0,0,1.428764257035807,0.8294219293348574,CBOE/IHG
2023-03-22,0.0,0.0,0.0,0,1.3671268825324738,0.8313445335164819,CBOE/IHG
2023-03-23,0.0,0.0,0.0,0,1.4384966833321056,0.8329751266576968,CBOE/IHG
2023-03-24,0.0,0.0,0.0,0,1.6793726484989346,0.8344142185970748,CBOE/IHG
2023-03-27,0.0,0.0,0.0,0,1.8248327823698236,0.8356641091124651,CBOE/IHG
2023-03-28,0.0,0.0,0.0,0,1.8517601754070874,0.8371932129737605,CBOE/IHG
2023-03-29,0.0,0.0,0.0,0,1.8576449556846921,0.8387182489871791,CBOE/IHG
2023-03-30,0.0,0.0,0.0,0,1.7639868564515602,0.840567364495982,CBOE/IHG
2023-03-31,0.0,0.0,0.0,0,1.8192201072288172,0.8426517787739087,CBOE/IHG
2023-04-03,0.0,0.0,0.0,0,1.8201636781738506,0.8452832356965291,CBOE/IHG
2023-04-04,0.0,0.0,0.0,0,1.8787769603329283,0.8480400788754808,CBOE/IHG
2023-04-05,0.0,0.0,0.0,0,1.9501577263798353,0.8508883655186406,CBOE/IHG
2023-04-06,0.0,0.0,0.0,0,1.8877159558777412,0.8535724240375472,CBOE/IHG
2023-04-10,0.0,0.0,0.0,0,1.6267664767840402,0.8566811057737986,CBOE/IHG
2023-04-11,0.0,0.0,0.0,0,1.679653886358136,0.8594772569437382,CBOE/IHG
2023-04-12,0.0,0.0,0.0,0,1.7334431266758508,0.8623837284225755,CBOE/IHG
2023-04-13,0.0,0.0,0.0,0,1.6850464353363985,0.8653094212855218,CBOE/IHG
2023-04-14,0.0,0.0,0.0,0,1.7890167219139794,0.8686141039875364,CBOE/IHG
2023-04-17,0.0,0.0,0.0,0,1.8023261511357138,0.8723370125281436,CBOE/IHG
2023-04-18,0.0,0.0,0.0,0,1.6930247479885097,0.8763224578871731,CBOE/IHG
2023-04-19,0.0,0.0,0.0,0,1.756868725339515,0.8804716329005129,CBOE/IHG
2023-04-20,0.0,0.0,0.0,0,1.8519142901932333,0.8847309812773845,CBOE/IHG
2023-04-21,0.0,0.0,0.0,0,1.8907761659134446,0.8888633598035015,CBOE/IHG
2023-04-24,0.0,0.0,0.0,0,1.897082771436682,0.8932433439591722,CBOE/IHG
2023-04-25,0.0,0.0,0.0,0,1.924016167365961,0.8978154076959786,CBOE/IHG
2023-04-26,0.0,0.0,0.0,0,1.849429787160309,0.9020429458706063,CBOE/IHG
2023-04-27,0.0,0.0,0.0,0,1.8959756449240939,0.9061141712064069,CBOE/IHG
2023-04-28,0.0,0.0,0.0,0,1.9472826504524021,0.9102583879693167,CBOE/IHG
2023-05-01,0.0,0.0,0.0,0,1.8178758542510047,0.9147376670974512,CBOE/IHG
2023-05-02,0.0,0.0,0.0,0,1.8000163596196963,0.9187817750720125,CBOE/IHG
2023-05-03,0.0,0.0,0.0,0,1.7717556794423392,0.9229051613346662,CBOE/IHG
2023-05-04,0.0,0.0,0.0,0,1.6890566754419103,0.9268446270730555,CBOE/IHG
2023-05-05,0.0,0.0,0.0,0,1.7066217325834492,0.9305909970580901,CBOE/IHG
2023-05-08,0.0,0.0,0.0,0,1.6487133398306661,0.9340729165004593,CBOE/IHG
2023-05-09,0.0,0.0,0.0,0,1.559428925522953,0.9377639725366567,CBOE/IHG
2023-05-10,0.0,0.0,0.0,0,1.881951874118612,0.9415915811010054,CBOE/IHG
2023-05-11,0.0,0.0,0.0,0,1.960368397574155,0.9454159001076665,CBOE/IHG
2023-05-12,0.0,0.0,0.0,0,2.006483364140957,0.9491013977252521,CBOE/IHG
2023-05-15,0.0,0.0,0.0,0,1.9658907391559066,0.9525675648453302,CBOE/IHG
2023-05-16,0.0,0.0,0.0,0,1.8838754401714597,0.9562493478742127,CBOE/IHG
2023-05-17,0.0,0.0,0.0,0,1.700418652334353,0.9594959418534095,CBOE/IHG
2023-05-18,0.0,0.0,0.0,0,1.7183875864477491,0.9630424004799882,CBOE/IHG
2023-05-19,0.0,0.0,0.0,0,1.8928630414915388,0.9666999857018296,CBOE/IHG
2023-05-22,0.0,0.0,0.0,0,1.8884559812820745,0.9705794667652213,CBOE/IHG
2023-05-23,0.0,0.0,0.0,0,1.7054044400743607,0.9747864387017784,CBOE/IHG
2023-05-24,0.0,0.0,0.0,0,1.73632315647911,0.9781154766064831,CBOE/IHG
2023-05-25,0.0,0.0,0.0,0,1.569984475263245,0.9816252638871624,CBOE/IHG
2023-05-26,0.0,0.0,0.0,0,1.5407803391971275,0.9846240304861114,CBOE/IHG
2023-05-30,0.0,0.0,0.0,0,1.503502691834115,0.9876850276316013,CBOE/IHG
2023-05-31,0.0,0.0,0.0,0,1.4988430688917453,0.9905586972541878,CBOE/IHG
2023-06-01,0.0,0.0,0.0,0,1.4934137180018865,0.9932870603088201,CBOE/IHG
2023-06-02,0.0,0.0,0.0,0,1.5262980586194757,0.9964654886111037,CBOE/IHG
2023-06-05,0.0,0.0,0.0,0,1.5731048863826003,1.0001131427412164,CBOE/IHG
2023-06-06,0.0,0.0,0.0,0,1.2329920626077076,1.0036250555748873,CBOE/IHG
2023-06-07,0.0,0.0,0.0,0,1.356201641421589,1.00659394489187,CBOE/IHG
2023-06-08,0.0,0.0,0.0,0,1.5152654957110283,1.0094079556151532,CBOE/IHG
2023-06-09,0.0,0.0,0.0,0,1.69311904561207,1.01271521456242,CBOE/IHG
2023-06-12,0.0,0.0,0.0,0,1.4196759924841384,1.0162890672186025,CBOE/IHG
2023-06-13,0.0,0.0,0.0,0,1.3576880258565704,1.0195324087469846,CBOE/IHG
2023-06-14,0.0,0.0,0.0,0,1.5762779939894438,1.0227597420186398,CBOE/IHG
2023-06-15,0.0,0.0,0.0,0,1.4871084163477448,1.026431997429275,CBOE/IHG
2023-06-16,0.0,0.0,0.0,0,1.4504150930312372,1.0299969989298687,CBOE/IHG
2023-06-20,0.0,0.0,0.0,0,1.5450455649013277,1.0332672725512355,CBOE/IHG
2023-06-21,0.0,0.0,0.0,0,1.5268744109615255,1.0363181669607766,CBOE/IHG
2023-06-22,0.0,0.0,0.0,0,1.607842852548668,1.039177596885902,CBOE/IHG
2023-06-23,0.0,0.0,0.0,0,1.5424859003086504,1.042142866852211,CBOE/IHG
2023-06-26,0.0,0.0,0.0,0,1.461376293492378,1.0446138147459345,CBOE/IHG
2023-06-27,0.0,0.0,0.0,0,1.3575629784345373,1.0468630352462012,CBOE/IHG
2023-06-28,0.0,0.0,0.0,0,1.3760788193441915,1.0495665056139902,CBOE/IHG
2023-06-29,0.0,0.0,0.0,0,1.4274123855414484,1.052395021100499,CBOE/IHG
2023-06-30,0.0,0.0,0.0,0,1.5147047331125463,1.0553938651398247,CBOE/IHG
2023-07-03,0.0,0.0,0.0,0,1.506360468436281,1.0590089662401303,CBOE/IHG
2023-07-05,0.0,0.0,0.0,0,1.6047245087717623,1.062613973424318,CBOE/IHG
2023-07-06,0.0,0.0,0.0,0,1.6180070090569312,1.0661555773345028,CBOE/IHG
2023-07-07,0.0,0.0,0.0,0,1.480746130777004,1.0692220114596982,CBOE/IHG
2023-07-10,0.0,0.0,0.0,0,1.4025406564623117,1.0722825952121806,CBOE/IHG
2023-07-11,0.0,0.0,0.0,0,1.5044337044711715,1.0754200713910238,CBOE/IHG
2023-07-12,0.0,0.0,0.0,0,1.3222204727492726,1.0788990428908962,CBOE/IHG
2023-07-13,0.0,0.0,0.0,0,1.5845967670065557,1.0822206323872836,CBOE/IHG
2023-07-14,0.0,0.0,0.0,0,1.711928553210043,1.0862979089740683,CBOE/IHG
2023-07-17,0.0,0.0,0.0,0,1.6171052924401883,1.0899954548825204,CBOE/IHG
2023-07-18,0.0,0.0,0.0,0,1.3851111600466166,1.093569955013436,CBOE/IHG
2023-07-19,0.0,0.0,0.0,0,1.4541944163753597,1.0971285962292812,CBOE/IHG
2023-07-20,0.0,0.0,0.0,0,1.6129317590239651,1.1006261163426503,CBOE/IHG
2023-07-21,0.0,0.0,0.0,0,1.6352396958931485,1.1044375558659703,CBOE/IHG
2023-07-24,0.0,0.0,0.0,0,1.5436807633656886,1.108519632408095,CBOE/IHG
2023-07-25,0.0,0.0,0.0,0,1.516194581627605,1.1121059593525,CBOE/IHG
2023-07-26,0.0,0.0,0.0,0,1.586190800051348,1.1159457380863846,CBOE/IHG
2023-07-27,0.0,0.0,0.0,0,1.4090298531690724,1.1199267654251797,CBOE/IHG
2023-07-28,0.0,0.0,0.0,0,1.2015259862105119,1.1229129054258615,CBOE/IHG
2023-07-31,0.0,0.0,0.0,0,1.1209770777646622,1.1257370712649506,CBOE/IHG
2023-08-01,0.0,0.0,0.0,0,1.1230937308959432,1.1286245811628726,CBOE/IHG
2023-08-02,0.0,0.0,0.0,0,1.2958830522686187,1.1314069517951328,CBOE/IHG
2023-08-03,0.0,0.0,0.0,0,1.3639702975900867,1.1341287419475743,CBOE/IHG
2023-08-04,0.0,0.0,0.0,0,1.8134920492875644,1.1369430194928694,CBOE/IHG
2023-08-07,0.0,0.0,0.0,0,1.750343988250566,1.1405251605394118,CBOE/IHG
2023-08-08,0.0,0.0,0.0,0,1.491528683795475,1.1444914493668403,CBOE/IHG
2023-08-09,0.0,0.0,0.0,0,1.4541347089365029,1.148671856596075,CBOE/IHG
2023-08-10,0.0,0.0,0.0,0,1.5425516872275093,1.153030614243129,CBOE/IHG
2023-08-11,0.0,0.0,0.0,0,1.7641860419809017,1.1578187325105171,CBOE/IHG
2023-08-14,0.0,0.0,0.0,0,1.6001924780065389,1.1630175717624311,CBOE/IHG
2023-08-15,0.0,0.0,0.0,0,1.698795688999267,1.1676688407646512,CBOE/IHG
2023-08-16,0.0,0.0,0.0,0,1.7350420315298054,1.1725616478227727,CBOE/IHG
2023-08-17,0.0,0.0,0.0,0,1.819068714938633,1.177633282387742,CBOE/IHG
2023-08-18,0.0,0.0,0.0,0,1.8189053640909143,1.1825899527760297,CBOE/IHG
2023-08-21,0.0,0.0,0.0,0,1.7848079972587318,1.187688896133447,CBOE/IHG
2023-08-22,0.0,0.0,0.0,0,1.6921342646471058,1.192865925599213,CBOE/IHG
2023-08-23,0.0,0.0,0.0,0,1.6920427198935772,1.1977272091440696,CBOE/IHG
2023-08-24,0.0,0.0,0.0,0,1.7441349994289461,1.2025107842322122,CBOE/IHG
2023-08-25,0.0,0.0,0.0,0,1.8637168887916415,1.2068326438255896,CBOE/IHG
2023-08-28,0.0,0.0,0.0,0,1.8262067007173992,1.2115686644429593,CBOE/IHG
2023-08-29,0.0,0.0,0.0,0,1.5966961322815094,1.2164679240136025,CBOE/IHG
2023-08-30,0.0,0.0,0.0,0,1.6173998522374122,1.221095749070442,CBOE/IHG
2023-08-31,0.0,0.0,0.0,0,1.6421522723768374,1.2257228876982313,CBOE/IHG
2023-09-01,0.0,0.0,0.0,0,1.6659853928290618,1.2302846876550886,CBOE/IHG
2023-09-05,0.0,0.0,0.0,0,1.5207951744470005,1.234980383216962,CBOE/IHG
2023-09-06,0.0,0.0,0.0,0,1.5542550858492383,1.2394006537345559,CBOE/IHG
2023-09-07,0.0,0.0,0.0,0,1.8324739264814056,1.243931881522849,CBOE/IHG
2023-09-08,0.0,0.0,0.0,0,1.733466760091804,1.2492864381415194,CBOE/IHG
2023-09-11,0.0,0.0,0.0,0,1.832302873565128,1.254502411662162,CBOE/IHG
2023-09-12,0.0,0.0,0.0,0,1.6289530908160554,1.2600713849209173,CBOE/IHG
2023-09-13,0.0,0.0,0.0,0,1.52872620171775,1.2652836899896747,CBOE/IHG
2023-09-14,0.0,0.0,0.0,0,1.371139187352602,1.2700172298885122,CBOE/IHG
2023-09-15,0.0,0.0,0.0,0,1.282127631714404,1.2744310875366651,CBOE/IHG
2023-09-18,0.0,0.0,0.0,0,1.5393198694064116,1.2786593975238363,CBOE/IHG
2023-09-19,0.0,0.0,0.0,0,1.8231766347400715,1.2834179092637334,CBOE/IHG
2023-09-20,0.0,0.0,0.0,0,1.698578212203212,1.2889947904477377,CBOE/IHG
2023-09-21,0.0,0.0,0.0,0,1.9599929295344543,1.2943154458628474,CBOE/IHG
2023-09-22,0.0,0.0,0.0,0,2.153560912738753,1.2994648463401106,CBOE/IHG
2023-09-25,0.0,0.0,0.0,0,2.0840359958968278,1.304762738106067,CBOE/IHG
2023-09-26,0.0,0.0,0.0,0,2.162248099533725,1.3092760573502416,CBOE/IHG
2023-09-27,0.0,0.0,0.0,0,2.0729488683418733,1.3137309431832982,CBOE/IHG
2023-09-28,0.0,0.0,0.0,0,2.005625304951842,1.3180228899162558,CBOE/IHG
2023-09-29,0.0,0.0,0.0,0,2.0544439101904177,1.3228167141305829,CBOE/IHG
2023-10-02,0.0,0.0,0.0,0,2.041060213419085,1.3274343221936717,CBOE/IHG
2023-10-03,0.0,0.0,0.0,0,2.21484283359893,1.3321034478636464,CBOE/IHG
2023-10-04,0.0,0.0,0.0,0,2.3419134126978056,1.3365663543363915,CBOE/IHG
2023-10-05,0.0,0.0,0.0,0,2.272419635707016,1.341511754012989,CBOE/IHG
2023-10-06,0.0,0.0,0.0,0,2.3318175093155835,1.3468341233036214,CBOE/IHG
2023-10-09,0.0,0.0,0.0,0,2.5864418336522537,1.3524481346813457,CBOE/IHG
2023-10-10,0.0,0.0,0.0,0,2.322836802699501,1.3579919084851169,CBOE/IHG
2023-10-11,0.0,0.0,0.0,0,2.301227344721876,1.3639083821560631,CBOE/IHG
2023-10-12,0.0,0.0,0.0,0,2.322257456948848,1.3698453143335643,CBOE/IHG
2023-10-13,0.0,0.0,0.0,0,2.541088283410454,1.3757528889685346,CBOE/IHG
2023-10-16,0.0,0.0,0.0,0,2.535397314257266,1.381858315895151,CBOE/IHG
2023-10-17,0.0,0.0,0.0,0,2.4214003256735555,1.388095677748801,CBOE/IHG
2023-10-18,0.0,0.0,0.0,0,2.4458951614842572,1.3946456299895398,CBOE/IHG
2023-10-19,0.0,0.0,0.0,0,2.395473839011737,1.4014664293935069,CBOE/IHG
2023-10-20,0.0,0.0,0.0,0,2.576812990554667,1.4084477142857244,CBOE/IHG
2023-10-23,0.0,0.0,0.0,0,2.5877135691495017,1.4143243277258575,CBOE/IHG
2023-10-24,0.0,0.0,0.0,0,2.5410770971209864,1.4193145020778664,CBOE/IHG
2023-10-25,0.0,0.0,0.0,0,2.4848204821103264,1.4249337309850494,CBOE/IHG
2023-10-26,0.0,0.0,0.0,0,2.6245787430137524,1.430805726925803,CBOE/IHG
2023-10-27,0.0,0.0,0.0,0,2.4015143223056388,1.4370427832754922,CBOE/IHG
2023-10-30,0.0,0.0,0.0,0,2.3983296640917193,1.4425608417286133,CBOE/IHG
2023-10-31,0.0,0.0,0.0,0,2.589429756245125,1.4486325620016878,CBOE/IHG
2023-11-01,0.0,0.0,0.0,0,2.6192444844734712,1.4544041115806177,CBOE/IHG
2023-11-02,0.0,0.0,0.0,0,2.376787501958114,1.4606016031164593,CBOE/IHG
2023-11-03,0.0,0.0,0.0,0,2.8989413404192605,1.466333744436952,CBOE/IHG
2023-11-06,0.0,0.0,0.0,0,3.1843567638362824,1.472825403390932,CBOE/IHG
2023-11-07,0.0,12.5,-12.5,-1,3.0160453346830467,1.4799946843332286,CBOE/IHG
2023-11-08,-142.71613609385255,0.0,-142.71613609385255,-1,3.1066409957028496,1.4871264359424698,CBOE/IHG
2023-11-09,-188.9746720542759,0.0,-188.9746720542759,-1,3.2306922087044434,1.4945826741247739,CBOE/IHG
2023-11-10,191.08993058345638,0.0,191.08993058345638,-1,3.061985589770157,1.5024286413322725,CBOE/IHG
2023-11-13,-273.0302284080536,0.0,-273.0302284080536,-1,3.248143456000835,1.509742224489889,CBOE/IHG
2023-11-14,261.68315971958253,0.0,261.68315971958253,-1,3.023478426417597,1.5176349105559732,CBOE/IHG
2023-11-15,84.55159208568058,0.0,84.55159208568058,-1,2.937435255111431,1.525526245378583,CBOE/IHG
2023-11-16,-70.24482374747255,0.0,-70.24482374747255,-1,2.9697235743921535,1.5335722066671889,CBOE/IHG
2023-11-17,287.1896937176162,0.0,287.1896937176162,-1,2.7279422268529387,1.5413963696049904,CBOE/IHG
2023-11-20,24.78870525325359,0.0,24.78870525325359,-1,2.689129527840851,1.5493262887195762,CBOE/IHG
2023-11-21,110.24770704198409,0.0,110.24770704198409,-1,2.5831292084366377,1.5575185076752203,CBOE/IHG
2023-11-22,-216.44454511056452,0.0,-216.44454511056452,-1,2.7223936152994144,1.5655096120388925,CBOE/IHG
2023-11-24,-48.97890554499235,0.0,-48.97890554499235,-1,2.7405164331814644,1.5742635098195403,CBOE/IHG
2023-11-27,-24.12282495192529,0.0,-24.12282495192529,-1,2.737621106050608,1.5828589122428136,CBOE/IHG
2023-11-28,-94.31993306517326,0.0,-94.31993306517326,-1,2.7895099533728263,1.591614585003251,CBOE/IHG
2023-11-29,70.59326872594036,0.0,70.59326872594036,-1,2.7173914524519467,1.6005923761972238,CBOE/IHG
2023-11-30,-189.7335893988868,0.0,-189.7335893988868,-1,2.8328197035135734,1.6090758065378121,CBOE/IHG
2023-12-01,529.774373037978,0.0,529.774373037978,-1,2.4001142967267266,1.6181026061163537,CBOE/IHG
2023-12-04,-146.09334356289415,0.0,-146.09334356289415,-1,2.488100838054967,1.626801693654604,CBOE/IHG
2023-12-05,-90.98906123933942,0.0,-90.98906123933942,-1,2.540393512763401,1.6356060867669977,CBOE/IHG
2023-12-06,516.6624197071543,0.0,516.6624197071543,-1,2.135881296762756,1.644280671510338,CBOE/IHG
2023-12-07,372.4628095846318,0.0,372.4628095846318,-1,1.8229180484088192,1.651749257889985,CBOE/IHG
2023-12-08,253.71421068186663,0.0,253.71421068186663,-1,1.5905733110887588,1.6588447626002032,CBOE/IHG
2023-12-11,137.10479432869943,0.0,137.10479432869943,-1,1.470596030110991,1.665747008374312,CBOE/IHG
2023-12-12,88.43609740871702,0.0,88.43609740871702,-1,1.381082746560947,1.6722711796441443,CBOE/IHG
2023-12-13,-66.37536591513461,0.0,-66.37536591513461,-1,1.422677941482542,1.6779088439802816,CBOE/IHG
2023-12-14,893.31297581,0.0,893.31297581,-1,0.7341508887305754,1.6837295747545118,CBOE/IHG
2023-12-15,-324.9384241785937,0.0,-324.9384241785937,-1,0.968564168131474,1.6868374483171256,CBOE/IHG
2023-12-18,45.753707875051795,0.0,45.753707875051795,-1,0.9223648136129241,1.6909515869821015,CBOE/IHG
2023-12-19,-154.577025118027,0.0,-154.577025118027,-1,1.0218270330557857,1.6949093528435073,CBOE/IHG
2023-12-20,114.96953075694591,0.0,114.96953075694591,-1,0.9457660184899579,1.6992675068221041,CBOE/IHG
2023-12-21,-48.50341997125906,0.0,-48.50341997125906,-1,0.9573649260827394,1.7031608781587642,CBOE/IHG
2023-12-22,-6.983724302012185,0.0,-6.983724302012185,-1,0.9601952968288502,1.7072395270729,CBOE/IHG
2023-12-26,155.6147731710483,0.0,155.6147731710483,-1,0.8414062289712466,1.7111046306961075,CBOE/IHG
2023-12-27,-72.60770843696706,0.0,-72.60770843696706,-1,0.8750129665756082,1.7140203398426908,CBOE/IHG
2023-12-28,-195.94227024428247,0.0,-195.94227024428247,-1,1.0076651153975988,1.7171102134322642,CBOE/IHG
2023-12-29,-45.59239081098922,0.0,-45.59239081098922,-1,1.0296929161073016,1.7207021680637575,CBOE/IHG
2024-01-02,-20.381944925327687,0.0,-20.381944925327687,-1,1.0422370724632755,1.7243736367061662,CBOE/IHG
2024-01-03,250.41541290456144,0.0,250.41541290456144,-1,0.8604433839783262,1.728062120154127,CBOE/IHG
2024-01-04,256.5560785850352,0.0,256.5560785850352,-1,0.6529897696149095,1.7308717059923595,CBOE/IHG
2024-01-05,-84.5688221920501,0.0,-84.5688221920501,-1,0.7242221707063867,1.7328468289828296,CBOE/IHG
2024-01-08,-95.10444157417069,0.0,-95.10444157417069,-1,0.7616266135131794,1.7350642898917603,CBOE/IHG
2024-01-09,-77.37101303698677,0.0,-77.37101303698677,-1,0.8311943859678554,1.7377055654284224,CBOE/IHG
2024-01-10,193.72119456426032,0.0,193.72119456426032,-1,0.659185147254623,1.7406330753189876,CBOE/IHG
2024-01-11,-211.6677648351418,0.0,-211.6677648351418,-1,0.8071167715733996,1.7429893674629413,CBOE/IHG
2024-01-12,-179.80123075995732,0.0,-179.80123075995732,-1,0.9185531045300036,1.7458430284437414,CBOE/IHG
2024-01-16,-426.4902399103061,0.0,-426.4902399103061,-1,1.2369378892839544,1.7492622634359787,CBOE/IHG
2024-01-17,-259.5614182985104,0.0,-259.5614182985104,-1,1.4049315713500943,1.753916587366225,CBOE/IHG
2024-01-18,347.99648475607376,0.0,347.99648475607376,-1,1.0972150733308246,1.7592595624607614,CBOE/IHG
2024-01-19,245.4573489213156,0.0,245.4573489213156,-1,0.8960649527444766,1.7635067160663074,CBOE/IHG
2024-01-22,-32.97402574829164,0.0,-32.97402574829164,-1,0.9097316131293193,1.7668250480181624,CBOE/IHG
2024-01-23,-365.52336515606225,0.0,-365.52336515606225,-1,1.1762833795249328,1.770228669488557,CBOE/IHG
2024-01-24,100.3999482730286,0.0,100.3999482730286,-1,1.0794043567851905,1.7747228611397055,CBOE/IHG
2024-01-25,71.78838510691055,0.0,71.78838510691055,-1,1.0081995384929407,1.778931103602812,CBOE/IHG
2024-01-26,174.15810208372326,0.0,174.15810208372326,-1,0.8780921201201642,1.7828225266826738,CBOE/IHG
2024-01-29,287.4174627873555,0.0,287.4174627873555,-1,0.6606822199245461,1.7860188177508403,CBOE/IHG
2024-01-30,101.55708757243252,0.0,101.55708757243252,-1,0.5699834390001213,1.7881806086158725,CBOE/IHG
2024-01-31,-227.2067819172882,0.0,-227.2067819172882,-1,0.7545804800554112,1.7899228266850424,CBOE/IHG
2024-02-01,67.57867498999084,0.0,67.57867498999084,-1,0.6770545224743028,1.7923445579065183,CBOE/IHG
2024-02-02,70.15679926526364,0.0,70.15679926526364,-1,0.6373121975851724,1.7945864405767873,CBOE/IHG
2024-02-05,70.97292574937549,0.0,70.97292574937549,-1,0.5847382157815479,1.796472313921021,CBOE/IHG
2024-02-06,297.4147387256139,0.0,297.4147387256139,-1,0.3388711283120882,1.7981738031231713,CBOE/IHG
2024-02-07,-427.0893526078661,0.0,-427.0893526078661,-1,0.6522656018432442,1.798933825996328,CBOE/IHG
2024-02-08,188.16692893690552,0.0,188.16692893690552,-1,0.48587997986005993,1.801002423555226,CBOE/IHG
2024-02-09,116.22438042832553,0.0,116.22438042832553,-1,0.3891386509288306,1.8024063035576332,CBOE/IHG
2024-02-12,-82.18736141877187,0.0,-82.18736141877187,-1,0.44429719246960125,1.8034799937532107,CBOE/IHG
2024-02-13,-407.5091265126847,0.0,-407.5091265126847,-1,0.787808190986541,1.8048221946560092,CBOE/IHG
2024-02-14,203.3659641549134,0.0,203.3659641549134,-1,0.6082057590231382,1.8074003166458845,CBOE/IHG
2024-02-15,1.3458786150453932,0.0,1.3458786150453932,-1,0.5826524737304711,1.8092067818660178,CBOE/IHG
2024-02-16,-32.32524312734188,0.0,-32.32524312734188,-1,0.5968277498905014,1.8109637057890786,CBOE/IHG
2024-02-20,618.7521072437372,0.0,618.7521072437372,-1,-0.03190577692161958,1.812829628749198,CBOE/IHG
2024-02-21,497.04035562610204,15.56598952986279,481.47436609623924,0,-0.44378006653900987,1.8120731665015417,CBOE/IHG
2024-02-22,0.0,0.0,0.0,0,-0.23805831564854887,1.8091466568997703,CBOE/IHG
2024-02-23,0.0,0.0,0.0,0,-0.30489740740814963,1.8071909517250797,CBOE/IHG
2024-02-26,0.0,0.0,0.0,0,-0.21513948407968847,1.8047294252469464,CBOE/IHG
2024-02-27,0.0,0.0,0.0,0,-0.3338625402224555,1.802776582375763,CBOE/IHG
2024-02-28,0.0,0.0,0.0,0,-0.09156622056055795,1.8003678217628885,CBOE/IHG
2024-02-29,0.0,0.0,0.0,0,-0.0687581916750528,1.7992577352773045,CBOE/IHG
2024-03-01,0.0,0.0,0.0,0,-0.3377184738229482,1.7983095807763358,CBOE/IHG
2024-03-04,0.0,0.0,0.0,0,-0.12280266441730052,1.7961520350702023,CBOE/IHG
2024-03-05,0.0,0.0,0.0,0,-0.1532656784563714,1.7950476052053546,CBOE/IHG
2024-03-06,0.0,0.0,0.0,0,-0.31141970556405535,1.793797659114504,CBOE/IHG
2024-03-07,0.0,0.0,0.0,0,-0.4463927799480914,1.791895077807826,CBOE/IHG
2024-03-08,0.0,0.0,0.0,0,-0.2529714029567176,1.7894045566930963,CBOE/IHG
2024-03-11,0.0,0.0,0.0,0,-0.46188185093023076,1.787758088429213,CBOE/IHG
2024-03-12,0.0,0.0,0.0,0,-0.8536601584024752,1.7852318513095211,CBOE/IHG
2024-03-13,0.0,0.0,0.0,0,-0.5145959772721671,1.7809589080501875,CBOE/IHG
2024-03-14,0.0,0.0,0.0,0,-0.5538832313326432,1.778243734572103,CBOE/IHG
2024-03-15,0.0,0.0,0.0,0,-0.28297356887846453,1.775419307191632,CBOE/IHG
2024-03-18,0.0,0.0,0.0,0,-0.22142930740446845,1.7737227009699363,CBOE/IHG
2024-03-19,0.0,0.0,0.0,0,-0.2581782474767245,1.7723444255937648,CBOE/IHG
2024-03-20,0.0,0.0,0.0,0,-0.3672273658749278,1.7709044257177868,CBOE/IHG
2024-03-21,0.0,0.0,0.0,0,-0.15678549491495355,1.7691074774057636,CBOE/IHG
2024-03-22,0.0,0.0,0.0,0,-0.43594402648060254,1.7681757121041104,CBOE/IHG
2024-03-25,0.0,0.0,0.0,0,-0.5325101102069085,1.7662143510112012,CBOE/IHG
2024-03-26,0.0,0.0,0.0,0,-0.8434818333920759,1.7639602219646964,CBOE/IHG
2024-03-27,0.0,0.0,0.0,0,-0.6944944575317881,1.7605027503444632,CBOE/IHG
2024-03-28,0.0,0.0,0.0,0,-0.34441682886691727,1.7575678828246828,CBOE/IHG
2024-04-01,0.0,0.0,0.0,0,-0.3835100613853927,1.7560006082449229,CBOE/IHG
2024-04-02,0.0,0.0,0.0,0,-0.17827691166459025,1.7543785942854677,CBOE/IHG
2024-04-03,0.0,0.0,0.0,0,-0.42717957662250816,1.753520436787683,CBOE/IHG
2024-04-04,0.0,0.0,0.0,0,0.02331606421068341,1.7518815506083218,CBOE/IHG
2024-04-05,0.0,0.0,0.0,0,-0.06542790912169509,1.751722209866361,CBOE/IHG
2024-04-08,0.0,0.0,0.0,0,-0.1610655715822817,1.751354988955957,CBOE/IHG
2024-04-09,0.0,0.0,0.0,0,-0.25984197164448375,1.7506908338575553,CBOE/IHG
2024-04-10,0.0,0.0,0.0,0,-0.15858794650222194,1.7497391622715763,CBOE/IHG
2024-04-11,0.0,0.0,0.0,0,-0.29607301436268585,1.7490807674163338,CBOE/IHG
2024-04-12,0.0,0.0,0.0,0,0.04374510624209418,1.7480235384713518,CBOE/IHG
2024-04-15,0.0,0.0,0.0,0,-0.024103281227536143,1.7479609134706044,CBOE/IHG
2024-04-16,0.0,0.0,0.0,0,-0.030012308330480547,1.7477425734900123,CBOE/IHG
2024-04-17,0.0,0.0,0.0,0,-0.007222991802285657,1.74754832173749,CBOE/IHG
2024-04-18,0.0,0.0,0.0,0,4.465417543295274e-05,1.747442645104592,CBOE/IHG
2024-04-19,0.0,0.0,0.0,0,0.2943280292887253,1.7474334746026179,CBOE/IHG
2024-04-22,0.0,0.0,0.0,0,0.13325293377335468,1.7480996015500907,CBOE/IHG
2024-04-23,0.0,0.0,0.0,0,-0.16015017550825822,1.7483488191010386,CBOE/IHG
2024-04-24,0.0,0.0,0.0,0,-0.29244863095786855,1.7477874423412665,CBOE/IHG
2024-04-25,0.0,0.0,0.0,0,-0.03235050767895941,1.746825102211131,CBOE/IHG
2024-04-26,0.0,0.0,0.0,0,-0.27916442568540056,1.7465698265675695,CBOE/IHG
2024-04-29,0.0,0.0,0.0,0,-0.05379161734446768,1.7456309460763815,CBOE/IHG
2024-04-30,0.0,0.0,0.0,0,0.20318353577987092,1.7452790220525565,CBOE/IHG
2024-05-01,0.0,0.0,0.0,0,0.06016550852658752,1.7454881830151434,CBOE/IHG
2024-05-02,0.0,0.0,0.0,0,-0.3861133834585098,1.7454058600663322,CBOE/IHG
2024-05-03,0.0,0.0,0.0,0,0.14251799354660497,1.7442559439898617,CBOE/IHG
2024-05-06,0.0,0.0,0.0,0,0.18101847769364612,1.74442311946517,CBOE/IHG
2024-05-07,0.0,0.0,0.0,0,0.2069116920363799,1.744701551013346,CBOE/IHG
2024-05-08,0.0,0.0,0.0,0,0.31266345352604513,1.7450259538011548,CBOE/IHG
2024-05-09,0.0,0.0,0.0,0,0.22702231702412845,1.7456495133065368,CBOE/IHG
2024-05-10,0.0,0.0,0.0,0,0.004896859495233333,1.7460788707174526,CBOE/IHG
2024-05-13,0.0,0.0,0.0,0,0.06645320007229373,1.7459331119213222,CBOE/IHG
2024-05-14,0.0,0.0,0.0,0,0.02595633664431994,1.745959363248375,CBOE/IHG
2024-05-15,0.0,0.0,0.0,0,-0.18287787937615615,1.7458592498163819,CBOE/IHG
2024-05-16,0.0,0.0,0.0,0,0.07917484601178737,1.7452425275151418,CBOE/IHG
2024-05-17,0.0,0.0,0.0,0,0.10936329992026893,1.7452636447025158,CBOE/IHG
2024-05-20,0.0,0.0,0.0,0,-0.0032312833268866433,1.7453759500957364,CBOE/IHG
2024-05-21,0.0,0.0,0.0,0,0.14332424506996064,1.7451899781386888,CBOE/IHG
2024-05-22,0.0,0.0,0.0,0,0.11815236135552913,1.7453682711969072,CBOE/IHG
2024-05-23,0.0,0.0,0.0,0,0.04959165593606149,1.7455018006353098,CBOE/IHG
2024-05-24,0.0,0.0,0.0,0,-0.16254354583583278,1.745481667356763,CBOE/IHG
2024-05-28,0.0,0.0,0.0,0,-0.21392643230219138,1.745058613637224,CBOE/IHG
2024-05-29,0.0,0.0,0.0,0,-0.0744212614687019,1.7445208204983833,CBOE/IHG
2024-05-30,0.0,0.0,0.0,0,-0.34614900174094293,1.7443112513953487,CBOE/IHG
2024-05-31,0.0,0.0,0.0,0,-0.6977244857223701,1.7435001982552834,CBOE/IHG
2024-06-03,0.0,0.0,0.0,0,-0.5637845794434083,1.7418337570978428,CBOE/IHG
2024-06-04,0.0,0.0,0.0,0,-0.5426738961806918,1.7404772413817262,CBOE/IHG
2024-06-05,0.0,0.0,0.0,0,-0.7164526091744688,1.739180181590966,CBOE/IHG
2024-06-06,0.0,0.0,0.0,0,-0.6993619865028955,1.737435022704966,CBOE/IHG
2024-06-07,0.0,0.0,0.0,0,-0.6869619668887679,1.7357918697957382,CBOE/IHG
2024-06-10,0.0,0.0,0.0,0,-0.8013925337772493,1.7342091893485767,CBOE/IHG
2024-06-11,0.0,0.0,0.0,0,-0.6703007514884547,1.732295959688682,CBOE/IHG
2024-06-12,0.0,0.0,0.0,0,-1.2844144598232266,1.7307472436888822,CBOE/IHG
2024-06-13,0.0,0.0,0.0,0,-1.4209109879158148,1.727594961800599,CBOE/IHG
2024-06-14,0.0,0.0,0.0,0,-1.3387145954886264,1.7240730875396364,CBOE/IHG
2024-06-17,0.0,0.0,0.0,0,-1.1603284018189142,1.7209069377856656,CBOE/IHG
2024-06-18,0.0,0.0,0.0,0,-1.300247054385949,1.7181239313095227,CBOE/IHG
2024-06-20,0.0,0.0,0.0,0,-1.1391494774331747,1.7150952686967753,CBOE/IHG
2024-06-21,0.0,0.0,0.0,0,-0.8314665211146665,1.712370252724262,CBOE/IHG
2024-06-24,0.0,0.0,0.0,0,-1.2570339203342284,1.7104576856641553,CBOE/IHG
2024-06-25,0.0,0.0,0.0,0,-1.4534959578628037,1.7075149755336916,CBOE/IHG
2024-06-26,0.0,0.0,0.0,0,-1.211629244151363,1.704107828046027,CBOE/IHG
2024-06-27,0.0,0.0,0.0,0,-1.2547901718532235,1.7013519893297522,CBOE/IHG
2024-06-28,0.0,0.0,0.0,0,-1.2929632504320412,1.6985193525695332,CBOE/IHG
2024-07-01,0.0,0.0,0.0,0,-0.9049896687791648,1.69559474127152,CBOE/IHG
2024-07-02,0.0,0.0,0.0,0,-0.9952959534310087,1.6936925143767467,CBOE/IHG
2024-07-03,0.0,0.0,0.0,0,-1.1384933649747364,1.6916265507413195,CBOE/IHG
2024-07-05,0.0,0.0,0.0,0,-1.0564683462887243,1.6892206355861157,CBOE/IHG
2024-07-08,0.0,0.0,0.0,0,-1.1736043561814147,1.6870735468492173,CBOE/IHG
2024-07-09,0.0,0.0,0.0,0,-1.1660277597283202,1.684663240181264,CBOE/IHG
2024-07-10,0.0,0.0,0.0,0,-1.385856643740012,1.6822776676001325,CBOE/IHG
2024-07-11,0.0,0.0,0.0,0,-1.4272632790480406,1.6792570054507006,CBOE/IHG
2024-07-12,0.0,0.0,0.0,0,-1.5545901321451465,1.6761351954892643,CBOE/IHG
2024-07-15,0.0,0.0,0.0,0,-1.4022258244662418,1.6727110188038203,CBOE/IHG
2024-07-16,0.0,0.0,0.0,0,-1.6370323284757369,1.669538717971952,CBOE/IHG
2024-07-17,0.0,0.0,0.0,0,-0.7990491943837075,1.6657250972847877,CBOE/IHG
2024-07-18,0.0,0.0,0.0,0,-0.3585866518126582,1.664039676578646,CBOE/IHG
2024-07-19,0.0,0.0,0.0,0,-0.2651237482028882,1.6633708929338675,CBOE/IHG
2024-07-22,0.0,0.0,0.0,0,-0.19779655472488275,1.6628961032130865,CBOE/IHG
2024-07-23,0.0,0.0,0.0,0,-0.44213779318012186,1.6624522567108209,CBOE/IHG
2024-07-24,0.0,0.0,0.0,0,0.03136074884555237,1.6614634606881857,CBOE/IHG
2024-07-25,0.0,0.0,0.0,0,0.3263803571864777,1.6614054384007606,CBOE/IHG
2024-07-26,0.0,0.0,0.0,0,0.19417890478361394,1.6619382671354037,CBOE/IHG
2024-07-29,0.0,0.0,0.0,0,0.14931901188369692,1.6622240780296234,CBOE/IHG
2024-07-30,0.0,0.0,0.0,0,0.16031088549756617,1.6624323983582692,CBOE/IHG
2024-07-31,0.0,0.0,0.0,0,0.23425183444695605,1.6626666952867304,CBOE/IHG
2024-08-01,0.0,0.0,0.0,0,0.8787367906851228,1.6630092507890777,CBOE/IHG
2024-08-02,0.0,0.0,0.0,0,1.6138462600885535,1.664291344770733,CBOE/IHG
2024-08-05,0.0,0.0,0.0,0,1.8105825216297695,1.6665519960413329,CBOE/IHG
2024-08-06,0.0,0.0,0.0,0,1.8543706781031823,1.6691227959824129,CBOE/IHG
2024-08-07,0.0,0.0,0.0,0,2.529727149688026,1.6717311686587788,CBOE/IHG
2024-08-08,0.0,0.0,0.0,0,2.552213194191098,1.674886483827378,CBOE/IHG
2024-08-09,0.0,0.0,0.0,0,2.200418473131556,1.678162757530304,CBOE/IHG
2024-08-12,0.0,0.0,0.0,0,2.493173093876989,1.6810695677039869,CBOE/IHG
2024-08-13,0.0,0.0,0.0,0,2.1454715803091036,1.6842645856652554,CBOE/IHG
2024-08-14,0.0,0.0,0.0,0,2.4655913570176478,1.687249179587177,CBOE/IHG
2024-08-15,0.0,0.0,0.0,0,1.8565023489132002,1.6906062816683143,CBOE/IHG
2024-08-16,0.0,0.0,0.0,0,2.0076586606099087,1.6933164219285906,CBOE/IHG
2024-08-19,0.0,0.0,0.0,0,1.9468673731681136,1.6962203753208183,CBOE/IHG
2024-08-20,0.0,0.0,0.0,0,2.1120326667141076,1.6991523020301482,CBOE/IHG
2024-08-21,0.0,0.0,0.0,0,2.003483052297645,1.7022506959187114,CBOE/IHG
2024-08-22,0.0,0.0,0.0,0,2.2521077129755414,1.7053272827308197,CBOE/IHG
2024-08-23,0.0,0.0,0.0,0,2.031919670859881,1.708696948751107,CBOE/IHG
2024-08-26,0.0,0.0,0.0,0,2.3380356979755157,1.7119047159221392,CBOE/IHG
2024-08-27,0.0,0.0,0.0,0,2.1617893246044977,1.7154838845181237,CBOE/IHG
2024-08-28,0.0,0.0,0.0,0,1.908722464936001,1.7188406487548078,CBOE/IHG
2024-08-29,0.0,0.0,0.0,0,1.7155316783125256,1.7217953874882406,CBOE/IHG
2024-08-30,0.0,0.0,0.0,0,1.569551836177837,1.7244509716001766,CBOE/IHG
2024-09-03,0.0,0.0,0.0,0,2.2163495434352876,1.7269270070369342,CBOE/IHG
2024-09-04,0.0,0.0,0.0,0,2.0871546394937877,1.7302139463680606,CBOE/IHG
2024-09-05,0.0,0.0,0.0,0,2.040806399789207,1.7332622293097601,CBOE/IHG
2024-09-06,0.0,0.0,0.0,0,2.1166158899144647,1.7363040701586692,CBOE/IHG
2024-09-09,0.0,0.0,0.0,0,1.8204407903966928,1.739455260714885,CBOE/IHG
2024-09-10,0.0,0.0,0.0,0,1.921254910402391,1.7423875941289655,CBOE/IHG
2024-09-11,0.0,0.0,0.0,0,1.8192681438261624,1.7454082106103792,CBOE/IHG
2024-09-12,0.0,0.0,0.0,0,1.5642209467280181,1.7483328658261992,CBOE/IHG
2024-09-13,0.0,0.0,0.0,0,1.3899560674782332,1.7509340747096838,CBOE/IHG
2024-09-16,0.0,0.0,0.0,0,1.4944534974880548,1.7533425531304399,CBOE/IHG
2024-09-17,0.0,0.0,0.0,0,1.5736616069603018,1.7559594936238876,CBOE/IHG
2024-09-18,0.0,0.0,0.0,0,1.133094386916937,1.7586432322177177,CBOE/IHG
2024-09-19,0.0,0.0,0.0,0,0.6328929013994128,1.7606253397680502,CBOE/IHG
2024-09-20,0.0,0.0,0.0,0,0.7591489234820243,1.7617810544346435,CBOE/IHG
2024-09-23,0.0,0.0,0.0,0,0.8260325400387836,1.7631550732662313,CBOE/IHG
2024-09-24,0.0,0.0,0.0,0,0.30591098140459727,1.7647463279469062,CBOE/IHG
2024-09-25,0.0,0.0,0.0,0,0.12480561326998459,1.7653724002612696,CBOE/IHG
2024-09-26,0.0,0.0,0.0,0,0.05670609337664734,1.7656907267566317,CBOE/IHG
2024-09-27,0.0,0.0,0.0,0,-0.17820731605895251,1.7658805549210306,CBOE/IHG
2024-09-30,0.0,0.0,0.0,0,0.2727303751582293,1.7655909042678426,CBOE/IHG
2024-10-01,0.0,0.0,0.0,0,0.7538794610990586,1.7661726468166017,CBOE/IHG
2024-10-02,0.0,0.0,0.0,0,0.8548047653405324,1.7675509037855788,CBOE/IHG
2024-10-03,0.0,0.0,0.0,0,0.7544083696084903,1.7691532839984243,CBOE/IHG
2024-10-04,0.0,0.0,0.0,0,0.575774733910048,1.7705147930491612,CBOE/IHG
2024-10-07,0.0,0.0,0.0,0,0.4043912979664268,1.7715818187790227,CBOE/IHG
2024-10-08,0.0,0.0,0.0,0,0.398638527558833,1.7723276957441445,CBOE/IHG
2024-10-09,0.0,0.0,0.0,0,0.15509474612055166,1.7731749337430471,CBOE/IHG
2024-10-10,0.0,0.0,0.0,0,0.26797548425786943,1.7734877287499975,CBOE/IHG
2024-10-11,0.0,0.0,0.0,0,0.1191949030457149,1.7740459898773002,CBOE/IHG
2024-10-14,0.0,0.0,0.0,0,0.05074468735445436,1.774292711727891,CBOE/IHG
2024-10-15,0.0,0.0,0.0,0,0.5301410856181333,1.7744055317428828,CBOE/IHG
2024-10-16,0.0,0.0,0.0,0,0.3613802015375853,1.7753451530027735,CBOE/IHG
2024-10-17,0.0,0.0,0.0,0,0.21181426734296638,1.7759572815769855,CBOE/IHG
2024-10-18,0.0,0.0,0.0,0,0.156707305330388,1.7763162495693225,CBOE/IHG
2024-10-21,0.0,0.0,0.0,0,0.4418356680790438,1.776619820299518,CBOE/IHG
2024-10-22,0.0,0.0,0.0,0,0.31774798293881457,1.7773955463560682,CBOE/IHG
2024-10-23,0.0,0.0,0.0,0,0.6216712875177169,1.7779385396911986,CBOE/IHG
2024-10-24,0.0,0.0,0.0,0,0.7661856466294285,1.7789592381360757,CBOE/IHG
2024-10-25,0.0,0.0,0.0,0,0.5918899772680939,1.7802385549494775,CBOE/IHG
2024-10-28,0.0,0.0,0.0,0,0.4534411252691344,1.7811885701861614,CBOE/IHG
2024-10-29,0.0,0.0,0.0,0,0.3793390752813468,1.781927035731501,CBOE/IHG
2024-10-30,0.0,0.0,0.0,0,0.2639120671442624,1.7825296361190455,CBOE/IHG
2024-10-31,0.0,0.0,0.0,0,0.6728964939062514,1.782915428938506,CBOE/IHG
2024-11-01,0.0,0.0,0.0,0,0.3332176120802306,1.784005285167003,CBOE/IHG
2024-11-04,0.0,0.0,0.0,0,0.3790291609888885,1.7845622351154964,CBOE/IHG
2024-11-05,0.0,0.0,0.0,0,0.40964225132043025,1.7851866122705589,CBOE/IHG
2024-11-06,0.0,0.0,0.0,0,-0.9152930776337707,1.7859215098090724,CBOE/IHG
2024-11-07,0.0,0.0,0.0,0,-1.073970163158578,1.784159256470012,CBOE/IHG
2024-11-08,0.0,0.0,0.0,0,-1.5060432544145832,1.782115487014621,CBOE/IHG
2024-11-11,0.0,0.0,0.0,0,-1.4262002904337208,1.779239531635785,CBOE/IHG
2024-11-12,0.0,0.0,0.0,0,-1.3514864548228716,1.7764792393537268,CBOE/IHG
2024-11-13,0.0,0.0,0.0,0,-1.6008412348256753,1.7738884429437307,CBOE/IHG
2024-11-14,0.0,0.0,0.0,0,-1.349422200635229,1.7706869897998383,CBOE/IHG
2024-11-15,0.0,0.0,0.0,0,-1.2074314434821962,1.76797057534134,CBOE/IHG
2024-11-18,0.0,0.0,0.0,0,-0.9326189485685015,1.7655042957706486,CBOE/IHG
2024-11-19,0.0,0.0,0.0,0,-1.0133153730581341,1.7635856528959688,CBOE/IHG
2024-11-20,0.0,0.0,0.0,0,-0.8486808003856277,1.7615226047571038,CBOE/IHG
2024-11-21,0.0,0.0,0.0,0,-0.8182983933736315,1.7598532559766509,CBOE/IHG
2024-11-22,0.0,0.0,0.0,0,-0.6030039484361707,1.7582106922945195,CBOE/IHG
2024-11-25,0.0,0.0,0.0,0,-0.7473768616971471,1.7570052209797449,CBOE/IHG
2024-11-26,0.0,0.0,0.0,0,-0.5849034056116482,1.7554675757218823,CBOE/IHG
2024-11-27,0.0,0.0,0.0,0,-0.5794745137064409,1.7542511749589302,CBOE/IHG
2024-11-29,0.0,0.0,0.0,0,-0.6893800784853794,1.7529763682039332,CBOE/IHG
2024-12-02,0.0,0.0,0.0,0,-0.9667395229682447,1.7514803922805011,CBOE/IHG
2024-12-03,0.0,0.0,0.0,0,-1.108403241104058,1.7494120148446866,CBOE/IHG
2024-12-04,0.0,0.0,0.0,0,-1.1819233222392826,1.747015900287698,CBOE/IHG
2024-12-05,0.0,0.0,0.0,0,-1.6442231791811068,1.7444785409662895,CBOE/IHG
2024-12-06,0.0,0.0,0.0,0,-1.8451779688631589,1.7408975158911861,CBOE/IHG
2024-12-09,0.0,0.0,0.0,0,-1.6665316461447939,1.7369663590432842,CBOE/IHG
2024-12-10,0.0,0.0,0.0,0,-1.4468153696633743,1.7335983803395532,CBOE/IHG
2024-12-11,0.0,0.0,0.0,0,-1.7060187129602624,1.730744036405596,CBOE/IHG
2024-12-12,0.0,0.0,0.0,0,-1.7902731008958923,1.7272877885690614,CBOE/IHG
2024-12-13,0.0,0.0,0.0,0,-1.6236316728373164,1.7237385337137014,CBOE/IHG
2024-12-16,0.0,0.0,0.0,0,-1.9982307144369695,1.7205704696398978,CBOE/IHG
2024-12-17,0.0,0.0,0.0,0,-1.8111619500134468,1.7166920627233337,CBOE/IHG
2024-12-18,0.0,0.0,0.0,0,-1.3710851820430694,1.7131988354291556,CBOE/IHG
2024-12-19,0.0,0.0,0.0,0,-1.8049452392948284,1.710674962288972,CBOE/IHG
2024-12-20,0.0,0.0,0.0,0,-2.02050783923984,1.707377827948136,CBOE/IHG
2024-12-23,0.0,0.0,0.0,0,-1.9959270383797492,1.7036773985461633,CBOE/IHG
2024-12-24,0.0,0.0,0.0,0,-1.889593929719477,1.6999787151162815,CBOE/IHG
2024-12-26,0.0,0.0,0.0,0,-1.7507490086371569,1.6964745132337096,CBOE/IHG
2024-12-27,0.0,0.0,0.0,0,-1.6478657572552406,1.6932156935105473,CBOE/IHG
2024-12-30,0.0,0.0,0.0,0,-1.6809218223572495,1.6901688317616812,CBOE/IHG
2024-12-31,0.0,0.0,0.0,0,-1.5885099532910516,1.6870991177963133,CBOE/IHG
2025-01-02,0.0,0.0,0.0,0,-1.3990175912719602,1.6842473933666162,CBOE/IHG
2025-01-03,0.0,0.0,0.0,0,-1.3500269195074805,1.6817820012497537,CBOE/IHG
2025-01-06,0.0,0.0,0.0,0,-1.5453683385384156,1.6794738946349614,CBOE/IHG
2025-01-07,0.0,0.0,0.0,0,-1.6077561506284455,1.6768759932863184,CBOE/IHG
2025-01-08,0.0,0.0,0.0,0,-1.3686152743438535,1.6741725119721336,CBOE/IHG
2025-01-10,0.0,0.0,0.0,0,-1.5607398368574532,1.6719272965945633,CBOE/IHG
2025-01-13,0.0,0.0,0.0,0,-1.506374208772144,1.6693730899756096,CBOE/IHG
2025-01-14,0.0,0.0,0.0,0,-1.4866849423549375,1.6669263418336515,CBOE/IHG
2025-01-15,0.0,0.0,0.0,0,-1.5391045883541203,1.6645467568945362,CBOE/IHG
2025-01-16,0.0,0.0,0.0,0,-1.6855990192039247,1.6621899166885705,CBOE/IHG
2025-01-17,0.0,0.0,0.0,0,-1.7032440744732626,1.6594617703726642,CBOE/IHG
2025-01-21,0.0,0.0,0.0,0,-1.8464888836263786,1.6566838847825205,CBOE/IHG
2025-01-22,0.0,0.0,0.0,0,-1.8605255136846786,1.653549803242205,CBOE/IHG
2025-01-23,0.0,0.0,0.0,0,-1.8240682659426464,1.6503848896143498,CBOE/IHG
2025-01-24,0.0,0.0,0.0,0,-1.7356635101633435,1.6472187789739061,CBOE/IHG
2025-01-27,0.0,0.0,0.0,0,-1.398483559477088,1.644213317052745,CBOE/IHG
2025-01-28,0.0,0.0,0.0,0,-1.7428478985698104,1.6417901666370807,CBOE/IHG
2025-01-29,0.0,0.0,0.0,0,-1.7600488950031299,1.6387662374096699,CBOE/IHG
2025-01-30,0.0,0.0,0.0,0,-1.750698579389895,1.6356714518533753,CBOE/IHG
2025-01-31,0.0,0.0,0.0,0,-1.7669654819037066,1.632579985523839,CBOE/IHG
2025-02-03,0.0,0.0,0.0,0,-1.3774476404611342,1.6294459620318176,CBOE/IHG
2025-02-04,0.0,0.0,0.0,0,-1.3568176017530915,1.6270247575192176,CBOE/IHG
2025-02-05,0.0,0.0,0.0,0,-1.398458277295966,1.6247117896524363,CBOE/IHG
2025-02-06,0.0,0.0,0.0,0,-1.7191652744715862,1.6223755071468833,CBOE/IHG
2025-02-07,0.0,0.0,0.0,0,-1.4564212798808904,1.6193063387929134,CBOE/IHG
2025-02-10,0.0,0.0,0.0,0,-1.4806262224087796,1.6166385042376847,CBOE/IHG
2025-02-11,0.0,0.0,0.0,0,-1.4200434577868417,1.6139934702337477,CBOE/IHG
2025-02-12,0.0,0.0,0.0,0,-1.3391015880536064,1.6115414445931735,CBOE/IHG
2025-02-13,0.0,0.0,0.0,0,-1.4300673044526513,1.6092881280176472,CBOE/IHG
2025-02-14,0.0,0.0,0.0,0,-1.655225024430624,1.607075570368672,CBOE/IHG
2025-02-18,0.0,0.0,0.0,0,-1.0420079209917892,1.6046561543626796,CBOE/IHG
2025-02-19,0.0,0.0,0.0,0,-0.7571026928103021,1.6033517887880986,CBOE/IHG
2025-02-20,0.0,0.0,0.0,0,-0.7466940946014935,1.6023431824323147,CBOE/IHG
2025-02-21,0.0,0.0,0.0,0,-0.1969553625974241,1.601474551179059,CBOE/IHG
2025-02-24,0.0,0.0,0.0,0,-0.17238311012161597,1.6015157954844759,CBOE/IHG
2025-02-25,0.0,0.0,0.0,0,-0.3858476252811957,1.6015395703014896,CBOE/IHG
2025-02-26,0.0,0.0,0.0,0,-0.6441190738483674,1.6014032564416851,CBOE/IHG
2025-02-27,0.0,0.0,0.0,0,-0.6104103367227914,1.6010126180406048,CBOE/IHG
2025-02-28,0.0,0.0,0.0,0,-0.40799680722867215,1.6006130294828294,CBOE/IHG
2025-03-03,0.0,0.0,0.0,0,-0.15330524812789978,1.6003185181020416,CBOE/IHG
2025-03-04,0.0,0.0,0.0,0,-0.27206201113879214,1.600497002279179,CBOE/IHG
2025-03-05,0.0,0.0,0.0,0,-0.24550503025737133,1.6003324792826334,CBOE/IHG
2025-03-06,0.0,0.0,0.0,0,0.3367503437034151,1.6001014988700228,CBOE/IHG
2025-03-07,0.0,0.0,0.0,0,0.3395509059160206,1.6007721583573935,CBOE/IHG
2025-03-10,0.0,0.0,0.0,0,0.9173810942671852,1.601754187111325,CBOE/IHG
2025-03-11,0.0,0.0,0.0,0,0.756480156017253,1.6031512501741283,CBOE/IHG
2025-03-12,0.0,0.0,0.0,0,0.6961677787971258,1.6050286535573821,CBOE/IHG
2025-03-13,0.0,0.0,0.0,0,1.3365472793757123,1.6063483156568696,CBOE/IHG
2025-03-14,0.0,0.0,0.0,0,1.047918367072919,1.6080980803943004,CBOE/IHG
2025-03-17,0.0,0.0,0.0,0,1.0818477174212477,1.6091776063873864,CBOE/IHG
2025-03-18,0.0,0.0,0.0,0,1.5270040038599386,1.6100960552499548,CBOE/IHG
2025-03-19,0.0,0.0,0.0,0,1.3409477066323578,1.6116182602673448,CBOE/IHG
2025-03-20,0.0,0.0,0.0,0,1.4520173435144008,1.6130970114281822,CBOE/IHG
2025-03-21,0.0,0.0,0.0,0,1.450077764355256,1.6148220099384056,CBOE/IHG
2025-03-24,0.0,0.0,0.0,0,1.215918631330475,1.6162235399089437,CBOE/IHG
2025-03-25,0.0,0.0,0.0,0,1.2345796662113644,1.6177607514320445,CBOE/IHG
2025-03-26,0.0,0.0,0.0,0,1.4843844508742077,1.6196356223823847,CBOE/IHG
2025-03-27,0.0,0.0,0.0,0,1.549861577888556,1.621894697204402,CBOE/IHG
2025-03-28,0.0,0.0,0.0,0,1.9270985781295054,1.6239935716657008,CBOE/IHG
2025-03-31,0.0,0.0,0.0,0,2.129718826706967,1.6261121116195425,CBOE/IHG
2025-04-01,0.0,0.0,0.0,0,2.0536984501692688,1.6283251370275569,CBOE/IHG
2025-04-02,0.0,0.0,0.0,0,1.8280522312339045,1.6302034122738402,CBOE/IHG
2025-04-03,0.0,0.0,0.0,0,2.463749135840772,1.632118092387523,CBOE/IHG
2025-04-04,0.0,0.0,0.0,0,2.0133716733226565,1.6346110067973583,CBOE/IHG
2025-04-07,0.0,0.0,0.0,0,1.9042564141950593,1.6367307933223392,CBOE/IHG
2025-04-08,0.0,0.0,0.0,0,2.077028187136199,1.6386464149864348,CBOE/IHG
2025-04-09,0.0,0.0,0.0,0,1.0793457907775226,1.6404785335779906,CBOE/IHG
2025-04-10,0.0,0.0,0.0,0,1.4889017541105773,1.6420547178174192,CBOE/IHG
2025-04-11,0.0,0.0,0.0,0,1.698546605091313,1.643903533765347,CBOE/IHG
2025-04-14,0.0,0.0,0.0,0,1.8488858324172437,1.645894351534104,CBOE/IHG
2025-04-15,0.0,0.0,0.0,0,1.8545585281790486,1.6479605544180473,CBOE/IHG
2025-04-16,0.0,0.0,0.0,0,2.1714587789905484,1.6499885555375557,CBOE/IHG
2025-04-17,0.0,0.0,0.0,0,2.0272349263749763,1.6518803687792611,CBOE/IHG
2025-04-21,0.0,0.0,0.0,0,1.986485904055079,1.6537175796166363,CBOE/IHG
2025-04-22,0.0,0.0,0.0,0,1.7049592279708656,1.6551914593091306,CBOE/IHG
2025-04-23,0.0,0.0,0.0,0,1.4209805837946174,1.6568659020836596,CBOE/IHG
2025-04-24,0.0,0.0,0.0,0,1.3535916162654162,1.6582415149648433,CBOE/IHG
2025-04-25,0.0,0.0,0.0,0,1.326435764339624,1.6597427651413392,CBOE/IHG
2025-04-28,0.0,0.0,0.0,0,1.1595568381826238,1.6613892145675901,CBOE/IHG
2025-04-29,0.0,0.0,0.0,0,1.453838401955037,1.6629785293696429,CBOE/IHG
2025-04-30,0.0,0.0,0.0,0,1.6390794779390208,1.6647220439462604,CBOE/IHG
2025-05-01,0.0,0.0,0.0,0,1.298120013944997,1.6666192333580998,CBOE/IHG
2025-05-02,0.0,0.0,0.0,0,1.3490761266288827,1.6684361117161994,CBOE/IHG
2025-05-05,0.0,0.0,0.0,0,1.6030853173013768,1.6705259271535569,CBOE/IHG
2025-05-06,0.0,0.0,0.0,0,1.7471420395684376,1.6732601101270992,CBOE/IHG
2025-05-07,0.0,0.0,0.0,0,1.6088353297914226,1.6760782680234052,CBOE/IHG
2025-05-08,0.0,0.0,0.0,0,1.0340316954573199,1.6788106757414976,CBOE/IHG
2025-05-09,0.0,0.0,0.0,0,1.3661468648310022,1.6807002912496025,CBOE/IHG
2025-05-12,0.0,0.0,0.0,0,0.25880492580758446,1.6827146969404396,CBOE/IHG
2025-05-13,0.0,0.0,0.0,0,-0.07734731453804931,1.683533444948002,CBOE/IHG
2025-05-14,0.0,0.0,0.0,0,-0.5443448889561666,1.6838726737990062,CBOE/IHG
2025-05-15,0.0,0.0,0.0,0,-0.042377724995803355,1.6835189872112344,CBOE/IHG
2025-05-16,0.0,0.0,0.0,0,0.07935703134586278,1.6836705470853024,CBOE/IHG
2025-05-19,0.0,0.0,0.0,0,0.44474712040068515,1.6838529544995173,CBOE/IHG
2025-05-20,0.0,0.0,0.0,0,0.577772943198863,1.6846204357153334,CBOE/IHG
2025-05-21,0.0,0.0,0.0,0,0.9963739769641182,1.6858014908088454,CBOE/IHG
2025-05-22,0.0,0.0,0.0,0,0.991196059845088,1.6872220152852277,CBOE/IHG
2025-05-23,0.0,0.0,0.0,0,1.207239538617802,1.6884589484355002,CBOE/IHG
2025-05-27,0.0,0.0,0.0,0,0.9941203237875201,1.6898506409421807,CBOE/IHG
2025-05-28,0.0,0.0,0.0,0,0.8898543604809187,1.6909846619369346,CBOE/IHG
2025-05-29,0.0,0.0,0.0,0,0.9441387729936562,1.69171329780454,CBOE/IHG
2025-05-30,0.0,0.0,0.0,0,1.2412797241942184,1.6926316633680916,CBOE/IHG
2025-06-02,0.0,0.0,0.0,0,1.4143622784444336,1.6939214613607163,CBOE/IHG
2025-06-03,0.0,0.0,0.0,0,1.074751698924527,1.6954458156514554,CBOE/IHG
2025-06-04,0.0,0.0,0.0,0,0.9093693107011274,1.696793865004753,CBOE/IHG
2025-06-05,0.0,0.0,0.0,0,0.8747931996357862,1.6979332960585012,CBOE/IHG
2025-06-06,0.0,0.0,0.0,0,0.7532959569731313,1.699036947139536,CBOE/IHG
2025-06-09,0.0,0.0,0.0,0,0.7219012727904092,1.7000407871213756,CBOE/IHG
2025-06-10,0.0,0.0,0.0,0,0.5679012276319296,1.701005268461713,CBOE/IHG
2025-06-11,0.0,0.0,0.0,0,0.7563181293432194,1.7017458695433156,CBOE/IHG
2025-06-12,0.0,0.0,0.0,0,1.1727333344230382,1.7027014076045426,CBOE/IHG
2025-06-13,0.0,0.0,0.0,0,1.4167454204492265,1.7040837985423238,CBOE/IHG
2025-06-16,0.0,0.0,0.0,0,1.1264914008796967,1.7054577275574272,CBOE/IHG
2025-06-17,0.0,0.0,0.0,0,1.4105695196809862,1.7067404546863583,CBOE/IHG
2025-06-18,0.0,0.0,0.0,0,1.4689489941205447,1.7083060894176954,CBOE/IHG
2025-06-20,0.0,0.0,0.0,0,1.4939202436927208,1.709863648094722,CBOE/IHG
2025-06-23,0.0,0.0,0.0,0,1.5256088232257141,1.7113554613636168,CBOE/IHG
2025-06-24,0.0,0.0,0.0,0,1.256388620717923,1.7130540076790657,CBOE/IHG
2025-06-25,0.0,0.0,0.0,0,1.451564873842051,1.7146027338827132,CBOE/IHG
2025-06-26,0.0,0.0,0.0,0,1.094161279607998,1.7162036482208884,CBOE/IHG
2025-06-27,0.0,0.0,0.0,0,1.1350530409631063,1.7173142694937464,CBOE/IHG
2025-06-30,0.0,0.0,0.0,0,1.4415465200250064,1.7185025811973609,CBOE/IHG
2025-07-01,0.0,0.0,0.0,0,1.1656544026950337,1.7198858012706832,CBOE/IHG
2025-07-02,0.0,0.0,0.0,0,1.0596217914498642,1.7210031673316242,CBOE/IHG
2025-07-03,0.0,0.0,0.0,0,0.8850365493044606,1.7220340001487413,CBOE/IHG
2025-07-07,0.0,0.0,0.0,0,1.2149614870785008,1.7229296956266855,CBOE/IHG
2025-07-08,0.0,0.0,0.0,0,0.9257069248490544,1.7241318304745112,CBOE/IHG
2025-07-09,0.0,0.0,0.0,0,0.7784577814629863,1.7249692394560985,CBOE/IHG
2025-07-10,0.0,0.0,0.0,0,0.8266148604741191,1.7256782402824244,CBOE/IHG
2025-07-11,0.0,0.0,0.0,0,0.9891629673122476,1.7265131537864835,CBOE/IHG
2025-07-14,0.0,0.0,0.0,0,1.0822585148448596,1.7275649108927122,CBOE/IHG
2025-07-15,0.0,0.0,0.0,0,1.2011937437104745,1.7286220615534487,CBOE/IHG
2025-07-16,0.0,0.0,0.0,0,1.3888805936176856,1.7296849885257024,CBOE/IHG
2025-07-17,0.0,0.0,0.0,0,1.5666098184070834,1.7309987005075602,CBOE/IHG
2025-07-18,0.0,0.0,0.0,0,1.528747236034701,1.7323627466931995,CBOE/IHG
2025-07-21,0.0,0.0,0.0,0,1.4306515668373354,1.7336997378172063,CBOE/IHG
2025-07-22,0.0,0.0,0.0,0,1.4690826801975427,1.7349107313788763,CBOE/IHG
2025-07-23,0.0,0.0,0.0,0,1.5122694451181238,1.7362890626239649,CBOE/IHG
2025-07-24,0.0,0.0,0.0,0,1.93459967450262,1.7375952515813062,CBOE/IHG
2025-07-25,0.0,0.0,0.0,0,1.8361909554978264,1.7393904998437186,CBOE/IHG
2025-07-28,0.0,0.0,0.0,0,1.6136028235637478,1.741052072403419,CBOE/IHG
2025-07-29,0.0,0.0,0.0,0,1.5599308183329323,1.7423207393202118,CBOE/IHG
2025-07-30,0.0,0.0,0.0,0,1.5304749563974491,1.7434384514021348,CBOE/IHG
2025-07-31,0.0,0.0,0.0,0,1.7057802564964901,1.7444555643887254,CBOE/IHG
2025-08-01,0.0,0.0,0.0,0,2.2411996962865253,1.745675255018567,CBOE/IHG
2025-08-04,0.0,0.0,0.0,0,2.3420864891795667,1.747191757700701,CBOE/IHG
2025-08-05,0.0,0.0,0.0,0,2.216951651156817,1.748886707163773,CBOE/IHG
2025-08-06,0.0,0.0,0.0,0,2.049576625872958,1.7503817899222742,CBOE/IHG
2025-08-07,0.0,0.0,0.0,0,1.3915728594083432,1.7517474986493442,CBOE/IHG
2025-08-08,0.0,0.0,0.0,0,2.000501785920426,1.7528148403342052,CBOE/IHG
2025-08-11,0.0,0.0,0.0,0,2.2306758022958446,1.7544759879189868,CBOE/IHG
2025-08-12,0.0,0.0,0.0,0,1.613505507803702,1.7563314809718116,CBOE/IHG
2025-08-13,0.0,0.0,0.0,0,1.3434118748562303,1.757645788421799,CBOE/IHG
2025-08-14,0.0,0.0,0.0,0,1.3816651044763777,1.758656944526766,CBOE/IHG
2025-08-15,0.0,0.0,0.0,0,1.5139660380429163,1.7596176029125117,CBOE/IHG
2025-08-18,0.0,0.0,0.0,0,1.376414316933663,1.7607663000072382,CBOE/IHG
2025-08-19,0.0,0.0,0.0,0,1.3176488847389205,1.7616290439636058,CBOE/IHG
2025-08-20,0.0,0.0,0.0,0,1.7509702378529046,1.7624853818581818,CBOE/IHG
2025-08-21,0.0,0.0,0.0,0,1.690540572102239,1.763796884416151,CBOE/IHG
2025-08-22,0.0,0.0,0.0,0,1.192555910950471,1.764947945755241,CBOE/IHG
2025-08-25,0.0,0.0,0.0,0,1.515400055914314,1.7657063715782968,CBOE/IHG
2025-08-26,0.0,0.0,0.0,0,1.1644676354754369,1.7666942286189333,CBOE/IHG
2025-08-27,0.0,0.0,0.0,0,0.7249318083725815,1.7672035125677723,CBOE/IHG
2025-08-28,0.0,0.0,0.0,0,0.5259238190209902,1.767326037010637,CBOE/IHG
2025-08-29,0.0,0.0,0.0,0,0.5856863993364352,1.7672521110055917,CBOE/IHG
2025-09-02,0.0,0.0,0.0,0,0.6152130782260344,1.7672423417695315,CBOE/IHG
2025-09-03,0.0,0.0,0.0,0,0.6783974877834157,1.7672556710746776,CBOE/IHG
2025-09-04,0.0,0.0,0.0,0,0.535360154628696,1.7672908245480772,CBOE/IHG
2025-09-05,0.0,0.0,0.0,0,0.32918856693438864,1.7672392320601857,CBOE/IHG
2025-09-08,0.0,0.0,0.0,0,0.25414839330806777,1.7669589897149596,CBOE/IHG
2025-09-09,0.0,0.0,0.0,0,0.2739189526871603,1.7666078494395203,CBOE/IHG
2025-09-10,0.0,0.0,0.0,0,0.5356617963339602,1.7662876048162883,CBOE/IHG
2025-09-11,0.0,0.0,0.0,0,0.5255524288818634,1.7662220892220923,CBOE/IHG
2025-09-12,0.0,0.0,0.0,0,0.6424868289076295,1.7663444925570098,CBOE/IHG
2025-09-15,0.0,0.0,0.0,0,0.7873928530848029,1.766636527306008,CBOE/IHG
2025-09-16,0.0,0.0,0.0,0,0.6519810735500069,1.7670769662949777,CBOE/IHG
2025-09-17,0.0,0.0,0.0,0,1.056548688446947,1.7673611440790487,CBOE/IHG
2025-09-18,0.0,0.0,0.0,0,0.9393958435137668,1.7680094352804492,CBOE/IHG
2025-09-19,0.0,0.0,0.0,0,0.6914143047759145,1.7685501374918322,CBOE/IHG
2025-09-22,0.0,0.0,0.0,0,1.0458993075506282,1.768711535059845,CBOE/IHG
2025-09-23,0.0,0.0,0.0,0,1.20318507940165,1.769140385140848,CBOE/IHG
2025-09-24,0.0,0.0,0.0,0,1.4109634413768135,1.7697703269917378,CBOE/IHG
2025-09-25,0.0,0.0,0.0,0,1.5068101036872177,1.7706724436324681,CBOE/IHG
2025-09-26,0.0,0.0,0.0,0,0.9255533264290116,1.7715658050797416,CBOE/IHG
2025-09-29,0.0,0.0,0.0,0,1.1254341894169355,1.7719757125006752,CBOE/IHG
2025-09-30,0.0,0.0,0.0,0,1.2181556098241806,1.772484109264926,CBOE/IHG
2025-10-01,0.0,0.0,0.0,0,0.9930476877824583,1.772932584702986,CBOE/IHG
2025-10-02,0.0,0.0,0.0,0,0.8053395673160831,1.773164599917263,CBOE/IHG
2025-10-03,0.0,0.0,0.0,0,0.615108019995217,1.7732267726158917,CBOE/IHG
2025-10-06,0.0,0.0,0.0,0,0.420912908467806,1.7730648858532505,CBOE/IHG
2025-10-07,0.0,0.0,0.0,0,0.7651707768648975,1.7727311754781496,CBOE/IHG
2025-10-08,0.0,0.0,0.0,0,0.6983645058839849,1.7727746815665975,CBOE/IHG
2025-10-09,0.0,0.0,0.0,0,0.8411549408381591,1.7727782725115604,CBOE/IHG
2025-10-10,0.0,0.0,0.0,0,1.1915810093700454,1.772865692659454,CBOE/IHG
2025-10-13,0.0,0.0,0.0,0,0.9727443110318129,1.773239696898279,CBOE/IHG
2025-10-14,0.0,0.0,0.0,0,0.6959223981764899,1.773314094382272,CBOE/IHG
2025-10-15,0.0,0.0,0.0,0,1.0941589294565972,1.7730512174462387,CBOE/IHG
2025-10-16,0.0,0.0,0.0,0,0.9287096274435905,1.7731466734500674,CBOE/IHG
2025-10-17,0.0,0.0,0.0,0,0.9211988009810982,1.7731228233396426,CBOE/IHG
2025-10-20,0.0,0.0,0.0,0,0.8236603095796398,1.77317318313046,CBOE/IHG
2025-10-21,0.0,0.0,0.0,0,0.4195410884086486,1.773204055783843,CBOE/IHG
2025-10-22,0.0,0.0,0.0,0,0.35880844949113827,1.7728280209457412,CBOE/IHG
2025-10-23,0.0,0.0,0.0,0,0.6031492375608835,1.7723720554772775,CBOE/IHG
2025-10-24,0.0,0.0,0.0,0,0.503960808684108,1.7722103593128942,CBOE/IHG
2025-10-27,0.0,0.0,0.0,0,0.3648708274731935,1.7720667030767658,CBOE/IHG
2025-10-28,0.0,0.0,0.0,0,0.5097294501980933,1.771811061933812,CBOE/IHG
2025-10-29,0.0,0.0,0.0,0,0.2507458475519333,1.7717110885656393,CBOE/IHG
2025-10-30,0.0,0.0,0.0,0,0.5059444253654589,1.7710881199260424,CBOE/IHG
2025-10-31,0.0,0.0,0.0,0,1.1987563185887107,1.77077876153502,CBOE/IHG
2025-11-03,0.0,0.0,0.0,0,1.179846058834229,1.7710426627231435,CBOE/IHG
2025-11-04,0.0,0.0,0.0,0,1.3870333821630598,1.771287114409149,CBOE/IHG
2025-11-05,0.0,0.0,0.0,0,1.0745151122720489,1.7718130433781567,CBOE/IHG
2025-11-06,0.0,0.0,0.0,0,1.1439623216329335,1.7720716489492003,CBOE/IHG
2025-11-07,0.0,0.0,0.0,0,0.9320131060419141,1.7724261034825166,CBOE/IHG
2025-11-10,0.0,0.0,0.0,0,0.9065718717004233,1.7726153355493457,CBOE/IHG
2025-11-11,0.0,0.0,0.0,0,0.9581835313529391,1.7727656263399731,CBOE/IHG
2025-11-12,0.0,0.0,0.0,0,0.9390055751888603,1.7730358643146165,CBOE/IHG
2025-11-13,0.0,0.0,0.0,0,1.159486567712719,1.7733502982042386,CBOE/IHG
2025-11-14,0.0,0.0,0.0,0,1.1498693505714908,1.7738528030043648,CBOE/IHG
2025-11-17,0.0,0.0,0.0,0,1.301147656652834,1.7743625707332782,CBOE/IHG
2025-11-18,0.0,0.0,0.0,0,1.464069553459339,1.7749277182476015,CBOE/IHG
2025-11-19,0.0,0.0,0.0,0,1.2242022070849479,1.7756205247928678,CBOE/IHG
2025-11-20,0.0,0.0,0.0,0,1.3971846637912184,1.7760560991786947,CBOE/IHG
2025-11-21,0.0,0.0,0.0,0,0.6296414068056545,1.7766382182207574,CBOE/IHG
2025-11-24,0.0,0.0,0.0,0,0.680529941275993,1.776574442457932,CBOE/IHG
2025-11-25,0.0,0.0,0.0,0,0.4803577636834305,1.776583003874774,CBOE/IHG
2025-11-26,0.0,0.0,0.0,0,0.4244939670626809,1.7763676355721802,CBOE/IHG
2025-11-28,0.0,0.0,0.0,0,0.5785648948469098,1.7760842123708784,CBOE/IHG
2025-12-01,0.0,0.0,0.0,0,0.5512203350021909,1.775974999046334,CBOE/IHG
2025-12-02,0.0,0.0,0.0,0,0.25037063729267367,1.7757831647716118,CBOE/IHG
2025-12-03,0.0,0.0,0.0,0,-0.022535004990786128,1.7751949216425957,CBOE/IHG
2025-12-04,0.0,0.0,0.0,0,0.31416085221032486,1.7742312458757021,CBOE/IHG
2025-12-05,0.0,0.0,0.0,0,0.3266429790671201,1.773634769972327,CBOE/IHG
2025-12-08,0.0,0.0,0.0,0,0.3820208121420298,1.7731145074383465,CBOE/IHG
2025-12-09,0.0,0.0,0.0,0,0.5363282248732392,1.7726981161554785,CBOE/IHG
2025-12-10,0.0,0.0,0.0,0,0.09469737882843768,1.7724274164896978,CBOE/IHG
2025-12-11,0.0,0.0,0.0,0,-0.051176746911184776,1.7716637357940273,CBOE/IHG
2025-12-12,0.0,0.0,0.0,0,-0.18592708762808485,1.7707797562417402,CBOE/IHG
2025-12-15,0.0,0.0,0.0,0,-0.7419260085053493,1.7697280420346533,CBOE/IHG
2025-12-16,0.0,0.0,0.0,0,-0.5983387836768208,1.7680086434498123,CBOE/IHG
2025-12-17,0.0,0.0,0.0,0,-0.5120802522685379,1.7664476004348724,CBOE/IHG
2025-12-18,0.0,0.0,0.0,0,-0.6151580673107834,1.7650157089561729,CBOE/IHG
2025-12-19,0.0,0.0,0.0,0,-0.9431435094146365,1.7635032624788454,CBOE/IHG
2025-12-22,0.0,0.0,0.0,0,-0.7258188935893298,1.7614995790620374,CBOE/IHG
2025-12-23,0.0,0.0,0.0,0,-0.5094006172689824,1.759784429394451,CBOE/IHG
2025-12-24,0.0,0.0,0.0,0,-0.47085658905845545,1.758351983917828,CBOE/IHG
2025-12-26,0.0,0.0,0.0,0,-0.45595497808494856,1.7569752433786008,CBOE/IHG
2025-12-29,0.0,0.0,0.0,0,-0.28095788610056976,1.755601331085697,CBOE/IHG
2025-12-30,0.0,0.0,0.0,0,-0.3619843505155868,1.7545179661087096,CBOE/IHG
2025-12-31,0.0,0.0,0.0,0,-0.48655872505256686,1.7533798482950695,CBOE/IHG
2026-01-02,0.0,0.0,0.0,0,-0.606454531753668,1.7521479313373125,CBOE/IHG
2026-01-05,0.0,0.0,0.0,0,-0.0649845477609687,1.7508269413455402,CBOE/IHG
2026-01-06,0.0,0.0,0.0,0,-0.3739348420103589,1.7501204284746723,CBOE/IHG
2026-01-07,0.0,0.0,0.0,0,0.23972618062360426,1.7489927164063745,CBOE/IHG
2026-01-08,0.0,0.0,0.0,0,0.3250911535265539,1.7484889429188422,CBOE/IHG
2026-01-09,0.0,0.0,0.0,0,0.34244349463005447,1.7481124620018764,CBOE/IHG
2026-01-12,0.0,0.0,0.0,0,0.6195733116932298,1.7477641279481677,CBOE/IHG
2026-01-13,0.0,0.0,0.0,0,0.8031105548284756,1.747706062309459,CBOE/IHG
2026-01-14,0.0,0.0,0.0,0,1.0097466612349941,1.7477964290258192,CBOE/IHG
2026-01-15,0.0,0.0,0.0,0,1.0160430600941515,1.7480786071165813,CBOE/IHG
2026-01-16,0.0,0.0,0.0,0,1.042179486173014,1.7484318602372668,CBOE/IHG
2026-01-20,0.0,0.0,0.0,0,1.4098030152329377,1.7488304951209235,CBOE/IHG
2026-01-21,0.0,0.0,0.0,0,1.0977336530997912,1.7493998081502933,CBOE/IHG
2026-01-22,0.0,0.0,0.0,0,1.2476986939780819,1.7497266933139157,CBOE/IHG
2026-01-23,0.0,0.0,0.0,0,1.2759065648212333,1.7502376379430316,CBOE/IHG
2026-01-26,0.0,0.0,0.0,0,1.1614051744298381,1.7508157469688332,CBOE/IHG
2026-01-27,0.0,0.0,0.0,0,0.9837437802441371,1.75122850762471,CBOE/IHG
2026-01-28,0.0,0.0,0.0,0,0.8861514580319398,1.7514244586966559,CBOE/IHG
2026-01-29,0.0,0.0,0.0,0,0.7311292998773975,1.7514866556881736,CBOE/IHG
2026-01-30,0.0,0.0,0.0,0,0.7112967042703126,1.7513119363844893,CBOE/IHG
2026-02-02,0.0,0.0,0.0,0,0.11701296245529182,1.751155880248437,CBOE/IHG
2026-02-03,0.0,0.0,0.0,0,0.9385386282846934,1.7504258060645723,CBOE/IHG
2026-02-04,0.0,0.0,0.0,0,0.4763567520816588,1.750438632334278,CBOE/IHG
2026-02-05,0.0,0.0,0.0,0,0.7146054406959056,1.7499996580823942,CBOE/IHG
2026-02-06,0.0,0.0,0.0,0,0.4095023401672187,1.7498408997866424,CBOE/IHG
2026-02-09,0.0,0.0,0.0,0,1.035572543474512,1.7495314755785116,CBOE/IHG
2026-02-10,0.0,0.0,0.0,0,0.1263037150002691,1.7498451319951056,CBOE/IHG
2026-02-11,0.0,0.0,0.0,0,0.018054398060939936,1.749281074094449,CBOE/IHG
2026-02-12,0.0,0.0,0.0,0,0.1255513699642778,1.7485326021202154,CBOE/IHG
2026-02-13,0.0,0.0,0.0,0,0.3785333388203627,1.747929930976956,CBOE/IHG
2026-02-17,0.0,0.0,0.0,0,0.7178658328975304,1.747618744571686,CBOE/IHG
2026-02-18,0.0,0.0,0.0,0,1.1223827472236663,1.74773159263028,CBOE/IHG
2026-02-19,0.0,0.0,0.0,0,1.3937199518205157,1.7482085058118713,CBOE/IHG
2026-02-20,0.0,0.0,0.0,0,1.4054662867518037,1.7488889412060704,CBOE/IHG
2026-02-23,0.0,0.0,0.0,0,1.6613600773818218,1.7496301776358758,CBOE/IHG
2026-02-24,0.0,0.0,0.0,0,2.0006866539547197,1.7505283634846265,CBOE/IHG
2026-02-25,0.0,0.0,0.0,0,1.9717405215676986,1.7516685561418597,CBOE/IHG
2026-02-26,0.0,0.0,0.0,0,1.7579626052780797,1.7527870095134825,CBOE/IHG
2026-02-27,0.0,0.0,0.0,0,2.7049948527852368,1.753904190446421,CBOE/IHG
2026-03-02,0.0,0.0,0.0,0,3.126971035463554,1.7557577224150986,CBOE/IHG
2026-03-03,0.0,12.5,-12.5,-1,3.369692538450685,1.7576804522528577,CBOE/IHG
2026-03-04,150.51862136480898,0.0,150.51862136480898,-1,3.145303556181594,1.7598816954879384,CBOE/IHG
2026-03-05,73.91242898389211,0.0,73.91242898389211,-1,3.028784972477772,1.76186043548712,CBOE/IHG
2026-03-06,-301.463316132623,0.0,-301.463316132623,-1,3.420158598859433,1.763723872745822,CBOE/IHG
2026-03-09,94.1785242538448,0.0,94.1785242538448,-1,3.2730343133604776,1.7658236639179585,CBOE/IHG
2026-03-10,577.4332128100723,0.0,577.4332128100723,-1,2.4812750607631746,1.7677743202328104,CBOE/IHG
2026-03-11,264.5841733637566,0.0,264.5841733637566,-1,2.1157686102099085,1.7690783011719513,CBOE/IHG
2026-03-12,-560.8429504660683,0.0,-560.8429504660683,-1,2.862720530673509,1.7701524957498056,CBOE/IHG
2026-03-13,-149.03475289798735,0.0,-149.03475289798735,-1,3.050666934731979,1.7716679552093495,CBOE/IHG
2026-03-16,75.00881928258524,0.0,75.00881928258524,-1,2.9334891946123336,1.773202082826137,CBOE/IHG
2026-03-17,153.35761784508875,0.0,153.35761784508875,-1,2.7114985302833365,1.7747851968617823,CBOE/IHG
2026-03-18,123.22866631722712,0.0,123.22866631722712,-1,2.536918216854937,1.7763422534081657,CBOE/IHG
2026-03-19,65.26954193105935,0.0,65.26954193105935,-1,2.441594646061286,1.7775674274715139,CBOE/IHG
2026-03-20,-114.12267085568982,0.0,-114.12267085568982,-1,2.5869903923496587,1.778660079015087,CBOE/IHG
2026-03-23,381.39048321924446,0.0,381.39048321924446,-1,2.068076447857513,1.7798211323008724,CBOE/IHG
2026-03-24,-98.18212536973991,0.0,-98.18212536973991,-1,2.1922578045273964,1.780650427023283,CBOE/IHG
2026-03-25,431.49378439606596,0.0,431.49378439606596,-1,1.6113729739511344,1.7816083072163007,CBOE/IHG
2026-03-26,-261.85903275816736,0.0,-261.85903275816736,-1,1.9571835231005452,1.7822012007705899,CBOE/IHG
2026-03-27,82.8891081550974,0.0,82.8891081550974,-1,1.847022731902877,1.7830201488421071,CBOE/IHG
2026-03-30,-384.41818648962726,0.0,-384.41818648962726,-1,2.3518788939100963,1.7836295456119882,CBOE/IHG
2026-03-31,322.09188406427296,0.0,322.09188406427296,-1,1.9121659309705543,1.7846267899628223,CBOE/IHG
2026-04-01,54.632333878859384,0.0,54.632333878859384,-1,1.8347404364993247,1.785383704150392,CBOE/IHG
2026-04-02,-430.0955890896175,0.0,-430.0955890896175,-1,2.400693107374761,1.7860945479115486,CBOE/IHG
2026-04-06,-205.36517520899685,0.0,-205.36517520899685,-1,2.6627227969779392,1.7872749286761598,CBOE/IHG
2026-04-07,-209.46728660499815,0.0,-209.46728660499815,-1,2.9348250675363534,1.7886886652298666,CBOE/IHG
2026-04-08,681.7033411646246,0.0,681.7033411646246,-1,2.00133691855443,1.7901924714547899,CBOE/IHG
2026-04-09,252.51240960016463,0.0,252.51240960016463,-1,1.6564201487259238,1.7913224122126767,CBOE/IHG
2026-04-10,-84.89983859119405,0.0,-84.89983859119405,-1,1.7645547233558312,1.7922089370890368,CBOE/IHG
2026-04-13,-180.15298891333208,0.0,-180.15298891333208,-1,1.9968813126160003,1.793158046061125,CBOE/IHG
2026-04-14,182.4631111766496,0.0,182.4631111766496,-1,1.74172872756535,1.7943462591132757,CBOE/IHG
2026-04-15,-341.7619766693389,0.0,-341.7619766693389,-1,2.192073931820595,1.7953700458357222,CBOE/IHG
2026-04-16,-321.05602796009424,0.0,-321.05602796009424,-1,2.611257279131741,1.7967368371344905,CBOE/IHG
2026-04-17,912.532571300605,0.0,912.532571300605,-1,1.378029360933144,1.7984128999398996,CBOE/IHG
2026-04-20,-210.45205021007453,0.0,-210.45205021007453,-1,1.6524083178358182,1.7991219967074394,CBOE/IHG
2026-04-21,36.65555172850472,0.0,36.65555172850472,-1,1.6051999976263518,1.8000734206252205,CBOE/IHG
2026-04-22,-250.91138503070982,0.0,-250.91138503070982,-1,1.9444837604729435,1.8008840318501285,CBOE/IHG
2026-04-23,153.72967272243483,0.0,153.72967272243483,-1,1.7251439263157453,1.8018866918312013,CBOE/IHG
2026-04-24,45.541919864465825,0.0,45.541919864465825,-1,1.651472607580917,1.8028092853740816,CBOE/IHG
2026-04-27,76.92489799626406,0.0,76.92489799626406,-1,1.5499093258610697,1.8037669493609225,CBOE/IHG
2026-04-28,-216.23735085223967,0.0,-216.23735085223967,-1,1.8305119685328484,1.8046046658876391,CBOE/IHG
2026-04-29,-262.2743878961717,0.0,-262.2743878961717,-1,2.1773924687544044,1.8057329966482658,CBOE/IHG
2026-04-30,378.5752584645327,0.0,378.5752584645327,-1,1.6617553162120038,1.8070560117459729,CBOE/IHG
2026-05-01,-1319.852623960253,0.0,-1319.852623960253,-1,3.4083296344506677,1.8079612750451508,CBOE/IHG
2026-05-04,-823.7691619429056,0.0,-823.7691619429056,-1,4.48190145265421,1.8104475596573082,CBOE/IHG
2026-05-05,-52.47139727573196,13.726158322578092,-66.19755559831005,0,4.495763786142736,1.8136491507115025,CBOE/IHG
2026-05-06,0.0,12.5,-12.5,-1,4.16174674980637,1.8170956072336217,CBOE/IHG
2026-05-07,404.49195948095064,12.401121363709674,392.090838117241,0,3.5276267919093853,1.820546513894358,CBOE/IHG
2026-05-08,0.0,12.5,-12.5,-1,3.7985193241036668,1.8234471956705989,CBOE/IHG
2026-05-11,-179.20228270961343,0.0,-179.20228270961343,-1,4.027335374621703,1.8267617299404628,CBOE/IHG
2026-05-12,-56.447699342580535,12.67355710822636,-69.1212564508069,0,4.069251061580414,1.8301745786260815,CBOE/IHG
2026-05-13,0.0,12.500000000000004,-12.500000000000004,-1,4.689396431212496,1.8338224008001534,CBOE/IHG
2026-05-14,295.6934587940642,12.335028112318753,283.35843068174546,0,4.1902194281736165,1.8380826726263484,CBOE/IHG
2026-05-15,0.0,12.5,-12.5,-1,4.539467931034024,1.841837188614776,CBOE/IHG
2026-05-18,37.426737431161115,12.646788237226968,24.779949193934147,0,4.431729067221966,1.8458064109394352,CBOE/IHG
2026-05-19,0.0,12.499999999999998,-12.499999999999998,-1,4.284916042211193,1.8498369017970502,CBOE/IHG
2026-05-20,448.05019483796747,12.643956995870134,435.4062378420973,0,3.5881894345423757,1.8536701295357916,CBOE/IHG
2026-05-21,0.0,12.499999999999998,-12.499999999999998,-1,3.154599831260442,1.8571034214796622,CBOE/IHG
2026-05-22,-285.4923285963405,0.0,-285.4923285963405,-1,3.538882890812676,1.8600364871026922,CBOE/IHG
2026-05-26,200.81329521705646,0.0,200.81329521705646,-1,3.2213584829291326,1.8632893924081868,CBOE/IHG
2026-05-27,619.9280368930646,0.0,619.9280368930646,-1,2.310952735430916,1.8663128619761995,CBOE/IHG
2026-05-28,53.05532546450743,0.0,53.05532546450743,-1,2.221388317357955,1.868532961714795,CBOE/IHG
2026-05-29,161.42632811280802,0.0,161.42632811280802,-1,1.981877196141576,1.87058214538372,CBOE/IHG
2026-06-01,1288.7325283624875,0.0,1288.7325283624875,-1,0.14640084970546394,1.872246216168624,CBOE/IHG
2026-06-02,1230.3467726794672,0.0,1230.3467726794672,-1,-1.6004805162383517,1.8718834806632019,CBOE/IHG
2026-06-03,-207.01346033463454,11.434480620786873,-218.44794095542142,0,-1.2997453385641147,1.8695836022604302,CBOE/IHG
2026-06-04,0.0,0.0,0.0,0,-1.2411583420149488,1.8675816973458577,CBOE/IHG
2026-06-05,0.0,0.0,0.0,0,-1.6333389443551127,1.8656558933447793,CBOE/IHG
2026-06-08,0.0,0.0,0.0,0,-1.8353385891366014,1.8632790714609682,CBOE/IHG
2026-06-09,0.0,0.0,0.0,0,-1.21157481044866,1.8606402807375186,CBOE/IHG
2026-06-10,0.0,0.0,0.0,0,-0.466139063803758,1.8587889554502177,CBOE/IHG
2026-06-11,0.0,0.0,0.0,0,-1.0568354078247477,1.8578378493587533,CBOE/IHG
2026-06-12,0.0,0.0,0.0,0,-1.382415296088963,1.8561280386859027,CBOE/IHG
2026-06-15,0.0,0.0,0.0,0,-1.6312010013971725,1.8540536752928416,CBOE/IHG
2026-06-16,0.0,0.0,0.0,0,-3.357572022896869,1.851694423637424,CBOE/IHG
2026-06-17,0.0,12.5,-12.5,1,-3.92147524427405,1.8471148121666694,CBOE/IHG
2026-06-18,-274.2308160248006,0.0,-274.2308160248006,1,-4.216761012970954,1.8418689200776277,CBOE/IHG
2026-06-22,380.2326325808516,12.503548261286713,367.7290843195649,0,-3.6867812284663724,1.836266577675299,CBOE/IHG
2026-06-23,0.0,12.5,-12.5,1,-3.647911327512037,1.8313915830334808,CBOE/IHG
2026-06-24,-489.124652078557,0.0,-489.124652078557,1,-4.2084983733102455,1.8265607777524178,CBOE/IHG
2026-06-25,-316.77113363104337,12.358100452041924,-329.1292340830853,0,-4.538834226908856,1.8208750318663445,CBOE/IHG
2026-06-26,0.0,12.5,-12.5,1,-4.49566727119219,1.814627742524707,CBOE/IHG
2026-06-29,-542.7256734249831,12.290720692410913,-555.016394117394,0,-5.069608698973636,1.8084804645863175,CBOE/IHG
2026-06-30,0.0,12.499999999999998,-12.499999999999998,1,-4.354991164123347,1.8015242953465345,CBOE/IHG
2026-07-01,610.2890042624379,12.422187097562354,597.8668171648756,0,-3.5927493147259337,1.795514883633944,CBOE/IHG
2026-07-02,0.0,12.5,-12.5,1,-3.628340528462448,1.790785389056144,CBOE/IHG
2026-07-06,108.45648247383579,0.0,108.45648247383579,1,-3.465778634388663,1.7859368781633467,CBOE/IHG
2026-07-07,594.417423567746,0.0,594.417423567746,1,-2.755287649376523,1.781505748995835,CBOE/IHG
2026-07-08,542.9044294649387,0.0,542.9044294649387,1,-2.119965534387276,1.7779111156734193,CBOE/IHG
2026-07-09,68.04643145140203,0.0,68.04643145140203,1,-2.02735356281863,1.7751916297149757,CBOE/IHG
2026-07-10,-54.02801313672502,0.0,-54.02801313672502,1,-2.0732388417273624,1.7725897306401583,CBOE/IHG
2026-07-13,619.5616515471527,0.0,619.5616515471527,1,-1.3640422210616598,1.76990744401755,CBOE/IHG
2026-07-14,200.06563007287644,0.0,200.06563007287644,1,-1.1358590558459414,1.768162735569302,CBOE/IHG
2026-07-15,4.679772911606889,0.0,4.679772911606889,1,-1.1228738153367839,1.766692205458013,CBOE/IHG
2026-07-16,35.21779068047802,0.0,35.21779068047802,1,-1.0771840457133857,1.7652167673271737,CBOE/IHG
2026-07-17,-57.346193271848534,0.0,-57.346193271848534,1,-1.1387285715111584,1.7637767760459993,CBOE/IHG
2026-07-20,352.7380253888974,0.0,352.7380253888974,1,-0.739281650995417,1.762373315488615,CBOE/IHG
2026-07-21,-138.8262826619515,0.0,-138.8262826619515,1,-0.8923891188267516,1.7613323637640643,CBOE/IHG
2026-07-22,370.54165766251856,0.0,370.54165766251856,1,-0.4725188436314312,1.7600852644828902,CBOE/IHG
2026-07-23,253.1257440942332,0.0,253.1257440942332,1,-0.188283301495896,1.7592776773382308,CBOE/IHG
2026-07-24,-157.30171507153736,0.0,-157.30171507153736,1,-0.3600463169541714,1.758729104574845,CBOE/IHG
2026-07-27,-98.04190096329938,0.0,-98.04190096329938,1,-0.46205222509572585,1.7580842911703212,CBOE/IHG
2026-07-28,167.69256760603352,0.0,167.69256760603352,1,-0.265897809360266,1.7573692229995375,CBOE/IHG
2026-07-29,524.7044988778748,0.0,524.7044988778748,1,0.32426224633691364,1.756911174713204,CBOE/IHG
2026-07-30,-596.3706805265723,13.27584395750819,-609.6465244840805,0,-0.3453639241530146,1.7571269152458153,CBOE/IHG
2026-07-31,0.0,0.0,0.0,0,0.3802694928606102,1.756500133019176,CBOE/IHG
2026-08-03,0.0,0.0,0.0,0,0.13060339045164956,1.7567068560261057,CBOE/IHG
2026-08-04,0.0,0.0,0.0,0,-0.26801307619881864,1.7566125284645835,CBOE/IHG
2026-08-05,0.0,0.0,0.0,0,-0.773900614590119,1.7561572547262037,CBOE/IHG
2026-08-06,0.0,0.0,0.0,0,-0.41985761336654887,1.7552088545478737,CBOE/IHG
2026-08-07,0.0,0.0,0.0,0,-0.3902228292513503,1.754755080364149,CBOE/IHG
2026-08-10,0.0,0.0,0.0,0,-0.300569811538743,1.7543511847883821,CBOE/IHG
2026-08-11,0.0,0.0,0.0,0,-0.4368996641362978,1.7540314648164668,CBOE/IHG
2026-08-12,0.0,0.0,0.0,0,-0.5453282412863539,1.753612979302676,CBOE/IHG
2026-08-13,0.0,0.0,0.0,0,-0.23008122698243277,1.75300351666844,CBOE/IHG
2026-08-14,0.0,0.0,0.0,0,-0.13797800242676367,1.7528686240961688,CBOE/IHG
2026-08-17,0.0,0.0,0.0,0,-0.19818520543731585,1.7528751733527013,CBOE/IHG
2026-08-18,0.0,0.0,0.0,0,-0.32361631556233245,1.7527150627312247,CBOE/IHG
2026-08-19,0.0,0.0,0.0,0,-1.0353704535306794,1.7523609944012979,CBOE/IHG
2026-08-20,0.0,0.0,0.0,0,-0.19131430418718398,1.751278400943636,CBOE/IHG
2026-08-21,0.0,0.0,0.0,0,0.07317590573899158,1.7510816513620826,CBOE/IHG
2026-08-24,0.0,0.0,0.0,0,0.21241247939818161,1.7510998271456124,CBOE/IHG
2026-08-25,0.0,0.0,0.0,0,0.13997465957683702,1.7512422321490597,CBOE/IHG
2026-08-26,0.0,0.0,0.0,0,0.23638776098684017,1.7513555237037997,CBOE/IHG
2026-08-27,0.0,0.0,0.0,0,0.46355683512413104,1.7515827055849718,CBOE/IHG
2026-08-28,0.0,0.0,0.0,0,0.34100870789624266,1.75204213164409,CBOE/IHG
2026-08-31,0.0,0.0,0.0,0,0.06879329152899552,1.752363459784847,CBOE/IHG
2026-09-01,0.0,0.0,0.0,0,0.8727595020479808,1.7523744732325575,CBOE/IHG
2026-09-02,0.0,0.0,0.0,0,-0.2839327649457062,1.7531398999674244,CBOE/IHG
2026-09-03,0.0,0.0,0.0,0,-0.08319158657353345,1.7528240321023614,CBOE/IHG
2026-09-04,0.0,0.0,0.0,0,-0.015905255608051515,1.7527542075603304,CBOE/IHG
2026-09-08,0.0,0.0,0.0,0,0.1962221444640327,1.7526621807956064,CBOE/IHG
2026-09-09,0.0,0.0,0.0,0,0.11876643337404998,1.7527477351341403,CBOE/IHG
2026-09-10,0.0,0.0,0.0,0,0.06953848891940213,1.7527880367530007,CBOE/IHG
2026-09-11,0.0,0.0,0.0,0,-0.35292151617823486,1.7527763020730622,CBOE/IHG
2026-09-14,0.0,0.0,0.0,0,-0.29146754159845945,1.752367922203563,CBOE/IHG
2026-09-15,0.0,0.0,0.0,0,-0.8508930171469764,1.7520049030082698,CBOE/IHG
2022-01-03,256.02308696244256,0.0,256.02308696244256,-1,2.2326377033878697,5.995383626954685,LLY/PCAR
2022-01-04,881.0505037424566,0.0,881.0505037424566,-1,1.5821184823493113,6.005392179608583,LLY/PCAR
2022-01-05,356.9532698055052,0.0,356.9532698055052,-1,1.3399020886998678,6.013888054274244,LLY/PCAR
2022-01-06,204.56409407867596,0.0,204.56409407867596,-1,1.186589183773546,6.021020818865322,LLY/PCAR
2022-01-07,-96.60871053608014,0.0,-96.60871053608014,-1,1.2540361997983087,6.027374923973974,LLY/PCAR
2022-01-10,-188.7020983132608,0.0,-188.7020983132608,-1,1.3887179152762255,6.034038739341685,LLY/PCAR
2022-01-11,-106.84944729312477,0.0,-106.84944729312477,-1,1.4512829156384417,6.040767430536152,LLY/PCAR
2022-01-12,341.98431471521997,0.0,341.98431471521997,-1,1.2236627139507905,6.047600898040392,LLY/PCAR
2022-01-13,726.0076452321109,0.0,726.0076452321109,-1,0.7039413195291611,6.053090685910694,LLY/PCAR
2022-01-14,452.15070978944885,0.0,452.15070978944885,-1,0.3904902861835071,6.056008090780602,LLY/PCAR
2022-01-18,-225.80406211086694,0.0,-225.80406211086694,-1,0.5434563276961355,6.0568344818251045,LLY/PCAR
2022-01-19,-170.05995553437222,0.0,-170.05995553437222,-1,0.6834550218352602,6.058905909421238,LLY/PCAR
2022-01-20,-182.50113713400037,0.0,-182.50113713400037,-1,0.8320433108233877,6.0614638443655275,LLY/PCAR
2022-01-21,-107.09302263981728,0.0,-107.09302263981728,-1,0.9114798103722848,6.064713224040771,LLY/PCAR
2022-01-24,69.94173530171975,0.0,69.94173530171975,-1,0.8714200061335109,6.068101003649567,LLY/PCAR
2022-01-25,466.0899198193461,0.0,466.0899198193461,-1,0.5187427416831929,6.071263467242406,LLY/PCAR
2022-01-26,69.05810399027297,0.0,69.05810399027297,-1,0.47424880700635336,6.072845811769217,LLY/PCAR
2022-01-27,-41.95692616661453,0.0,-41.95692616661453,-1,0.5118872053632377,6.074311665450326,LLY/PCAR
2022-01-28,-350.73459773142326,0.0,-350.73459773142326,-1,0.726585750505661,6.075643900266788,LLY/PCAR
2022-01-31,-114.52414826996204,0.0,-114.52414826996204,-1,0.8099666693754652,6.078243303658728,LLY/PCAR
2022-02-01,206.0132624579569,0.0,206.0132624579569,-1,0.6317954812728355,6.081128644261198,LLY/PCAR
2022-02-02,-13.174859842474518,0.0,-13.174859842474518,-1,0.6237855726509518,6.08334929397883,LLY/PCAR
2022-02-03,112.41405292852409,0.0,112.41405292852409,-1,0.573078181989274,6.085741107994483,LLY/PCAR
2022-02-04,79.91658165240884,0.0,79.91658165240884,-1,0.5258727106433723,6.087716653471954,LLY/PCAR
2022-02-07,-47.119281983708944,0.0,-47.119281983708944,-1,0.5522547150214258,6.089348568180485,LLY/PCAR
2022-02-08,84.92910196785105,0.0,84.92910196785105,-1,0.5082538111796105,6.091154445328462,LLY/PCAR
2022-02-09,-14.03325506731511,0.0,-14.03325506731511,-1,0.4962756347182369,6.092764177653017,LLY/PCAR
2022-02-10,-73.02181270670218,0.0,-73.02181270670218,-1,0.5734785003105499,6.094647587213277,LLY/PCAR
2022-02-11,166.83639489906074,0.0,166.83639489906074,-1,0.46835148412409794,6.096804738881494,LLY/PCAR
2022-02-14,28.985584615280953,0.0,28.985584615280953,-1,0.44516186430452925,6.098290932096731,LLY/PCAR
2022-02-15,-255.70102923230235,0.0,-255.70102923230235,-1,0.5817787311308642,6.099800330735188,LLY/PCAR
2022-02-16,12.13657971769139,0.0,12.13657971769139,-1,0.5594234418536961,6.101921648463048,LLY/PCAR
2022-02-17,29.123528093529927,0.0,29.123528093529927,-1,0.5645795041895205,6.10422347273625,LLY/PCAR
2022-02-18,58.432952473356444,0.0,58.432952473356444,-1,0.5221299183711371,6.106203210000361,LLY/PCAR
2022-02-22,28.894476755692388,0.0,28.894476755692388,-1,0.5058474289885572,6.108006490003858,LLY/PCAR
2022-02-23,-308.4831967274529,0.0,-308.4831967274529,-1,0.746592463534525,6.1097201636839,LLY/PCAR
2022-02-24,-137.58391995243616,0.0,-137.58391995243616,-1,0.8193896118560865,6.112540872819414,LLY/PCAR
2022-02-25,-423.7608802241763,0.0,-423.7608802241763,-1,1.0923652248314772,6.116102399291167,LLY/PCAR
2022-02-28,59.91137695957156,0.0,59.91137695957156,-1,1.0484342100158632,6.120839900587112,LLY/PCAR
2022-03-01,-355.43966449264155,0.0,-355.43966449264155,-1,1.3213717525052595,6.125298665227902,LLY/PCAR
2022-03-02,119.34001067602156,0.0,119.34001067602156,-1,1.1947340297786317,6.130574171671488,LLY/PCAR
2022-03-03,-220.0811495289035,0.0,-220.0811495289035,-1,1.330688797659555,6.135702337641676,LLY/PCAR
2022-03-04,-767.4574108234108,0.0,-767.4574108234108,-1,1.8890648642670618,6.1414719106408775,LLY/PCAR
2022-03-07,-652.4259640079271,0.0,-652.4259640079271,-1,2.3927335797525124,6.148388696559983,LLY/PCAR
2022-03-08,133.33176987482292,0.0,133.33176987482292,-1,2.2923040450907184,6.154946912701895,LLY/PCAR
2022-03-09,428.6067552593305,0.0,428.6067552593305,-1,1.9351878421476798,6.161579414568779,LLY/PCAR
2022-03-10,-336.6448813123383,0.0,-336.6448813123383,-1,2.1649743679916353,6.168797392680583,LLY/PCAR
2022-03-11,-102.4496147309578,0.0,-102.4496147309578,-1,2.2333581003196854,6.176397623210378,LLY/PCAR
2022-03-14,105.18523876819523,0.0,105.18523876819523,-1,2.125581964808028,6.183933840942088,LLY/PCAR
2022-03-15,-245.9216747029725,0.0,-245.9216747029725,-1,2.2615772699935768,6.1921209820881,LLY/PCAR
2022-03-16,346.9895133015659,0.0,346.9895133015659,-1,1.9792204723662448,6.201055501228301,LLY/PCAR
2022-03-17,-458.65497357345913,0.0,-458.65497357345913,-1,2.2596510020299156,6.209821978879052,LLY/PCAR
2022-03-18,-346.2357178440937,0.0,-346.2357178440937,-1,2.499525755012097,6.219992552904783,LLY/PCAR
2022-03-21,-92.31559863806737,0.0,-92.31559863806737,-1,2.544032068744721,6.230457391709575,LLY/PCAR
2022-03-22,296.55409367023185,0.0,296.55409367023185,-1,2.3372145656854646,6.241278729386078,LLY/PCAR
2022-03-23,-143.03045458194813,0.0,-143.03045458194813,-1,2.441613497453143,6.2515965640683895,LLY/PCAR
2022-03-24,-21.71000598572624,0.0,-21.71000598572624,-1,2.4218310708155464,6.26162083493227,LLY/PCAR
2022-03-25,-63.379979181328835,0.0,-63.379979181328835,-1,2.449160018065791,6.272017199000108,LLY/PCAR
2022-03-28,-82.26644599165068,0.0,-82.26644599165068,-1,2.481050709800538,6.282550799118891,LLY/PCAR
2022-03-29,410.6328610219839,0.0,410.6328610219839,-1,2.1797030658610264,6.293326385343538,LLY/PCAR
2022-03-30,-307.30198467985036,0.0,-307.30198467985036,-1,2.392878601777674,6.3035881960484605,LLY/PCAR
2022-03-31,-23.77698611382357,0.0,-23.77698611382357,-1,2.4255871393198936,6.314610451685217,LLY/PCAR
2022-04-01,-741.798711143532,0.0,-741.798711143532,-1,2.932219246080831,6.325324805680426,LLY/PCAR
2022-04-04,-44.08576107969481,0.0,-44.08576107969481,-1,2.9596458151050173,6.3357255870230915,LLY/PCAR
2022-04-05,-303.83646774013334,0.0,-303.83646774013334,-1,3.166579407349766,6.345993708400091,LLY/PCAR
2022-04-06,-570.2775231410694,0.0,-570.2775231410694,-1,3.4798912025573037,6.35560663449868,LLY/PCAR
2022-04-07,-160.7528412025137,0.0,-160.7528412025137,-1,3.5592384807320685,6.366502548977158,LLY/PCAR
2022-04-08,-195.68545945302233,0.0,-195.68545945302233,-1,3.6580925093352143,6.377553663483362,LLY/PCAR
2022-04-11,65.76151304570602,0.0,65.76151304570602,-1,3.6046367760794795,6.388412975386875,LLY/PCAR
2022-04-12,18.42800881710515,0.0,18.42800881710515,-1,3.5736307938866734,6.399018164530431,LLY/PCAR
2022-04-13,394.45967247197495,0.0,394.45967247197495,-1,3.298177097062016,6.4095136862667985,LLY/PCAR
2022-04-14,110.9111906638739,0.0,110.9111906638739,-1,3.202722846988449,6.419576960472177,LLY/PCAR
2022-04-18,171.2046766306279,0.0,171.2046766306279,-1,3.081260279543301,6.4297029291119605,LLY/PCAR
2022-04-19,399.24739578040777,0.0,399.24739578040777,-1,2.783731518212343,6.439650346000086,LLY/PCAR
2022-04-20,459.05622640842444,0.0,459.05622640842444,-1,2.4632835532342443,6.449524413613685,LLY/PCAR
2022-04-21,240.16690766196507,0.0,240.16690766196507,-1,2.3011061660304177,6.459265266900317,LLY/PCAR
2022-04-22,181.58694707150931,0.0,181.58694707150931,-1,2.2429958823037666,6.468844160563489,LLY/PCAR
2022-04-25,-223.9269601520742,0.0,-223.9269601520742,-1,2.34818429237195,6.476697264086274,LLY/PCAR
2022-04-26,-261.12136519921006,0.0,-261.12136519921006,-1,2.5493362068014154,6.4853855473053565,LLY/PCAR
2022-04-27,-34.80345879142297,0.0,-34.80345879142297,-1,2.5462768075493885,6.493305228248423,LLY/PCAR
2022-04-28,-499.8927108645608,0.0,-499.8927108645608,-1,2.805053572715798,6.501674766719761,LLY/PCAR
2022-04-29,-44.90665840154497,0.0,-44.90665840154497,-1,2.8653160606732646,6.512016270033704,LLY/PCAR
2022-05-02,272.22815153264867,0.0,272.22815153264867,-1,2.6731622723609116,6.5215057790006,LLY/PCAR
2022-05-03,234.8168950232239,0.0,234.8168950232239,-1,2.501739785165371,6.530876929813208,LLY/PCAR
2022-05-04,98.51798886430004,0.0,98.51798886430004,-1,2.3639997693920956,6.539942204679518,LLY/PCAR
2022-05-05,-295.1241442769348,0.0,-295.1241442769348,-1,2.5892376820043226,6.550469500419786,LLY/PCAR
2022-05-06,-331.0496041528384,0.0,-331.0496041528384,-1,2.7816637898914016,6.56061648840706,LLY/PCAR
2022-05-09,510.2533757198089,0.0,510.2533757198089,-1,2.460382237464266,6.570772640816355,LLY/PCAR
2022-05-10,-13.533792816319163,0.0,-13.533792816319163,-1,2.488905227487062,6.58015994663986,LLY/PCAR
2022-05-11,-221.0481234928327,0.0,-221.0481234928327,-1,2.630827301884336,6.588996370908175,LLY/PCAR
2022-05-12,-122.52786573110558,0.0,-122.52786573110558,-1,2.66602743054674,6.597623564097816,LLY/PCAR
2022-05-13,-1.413213441378609,0.0,-1.413213441378609,-1,2.6484622253245043,6.607052263084736,LLY/PCAR
2022-05-16,-458.84837888625657,0.0,-458.84837888625657,-1,2.903294443905996,6.616607960290898,LLY/PCAR
2022-05-17,172.87058652289272,0.0,172.87058652289272,-1,2.747387694578317,6.626795409665639,LLY/PCAR
2022-05-18,-280.73855538353007,0.0,-280.73855538353007,-1,2.9886435290712705,6.637796779683639,LLY/PCAR
2022-05-19,484.31238102356076,0.0,484.31238102356076,-1,2.701427675893836,6.646403817650127,LLY/PCAR
2022-05-20,-872.3425113895066,0.0,-872.3425113895066,-1,3.208975646648111,6.654573965027639,LLY/PCAR
2022-05-23,120.86208376913302,0.0,120.86208376913302,-1,3.073700817436524,6.663202038154505,LLY/PCAR
2022-05-24,-111.03834848925533,0.0,-111.03834848925533,-1,3.108524330572223,6.6724384771971055,LLY/PCAR
2022-05-25,140.1375133047843,0.0,140.1375133047843,-1,2.9833996517648087,6.6824292981533056,LLY/PCAR
2022-05-26,-229.63338229358004,0.0,-229.63338229358004,-1,3.076154966906188,6.692951437002694,LLY/PCAR
2022-05-27,-271.39712493176637,0.0,-271.39712493176637,-1,3.166018378659667,6.704461858115563,LLY/PCAR
2022-05-31,678.9079267521507,0.0,678.9079267521507,-1,2.7536591695004518,6.717463797537865,LLY/PCAR
2022-06-01,374.1303068384828,0.0,374.1303068384828,-1,2.4958546692545998,6.729738444747719,LLY/PCAR
2022-06-02,494.8766908563362,0.0,494.8766908563362,-1,2.2096616027797884,6.742227062624149,LLY/PCAR
2022-06-03,-60.31260152679497,0.0,-60.31260152679497,-1,2.2496629099804437,6.753092421616869,LLY/PCAR
2022-06-06,-32.928291889296965,0.0,-32.928291889296965,-1,2.2484502904800867,6.763702389831374,LLY/PCAR
2022-06-07,-386.4666971830655,0.0,-386.4666971830655,-1,2.434533284476842,6.774588046001961,LLY/PCAR
2022-06-08,-9.380015140537303,0.0,-9.380015140537303,-1,2.417432829691654,6.787186254670155,LLY/PCAR
2022-06-09,309.5083046250576,0.0,309.5083046250576,-1,2.2789374310650263,6.800514871124318,LLY/PCAR
2022-06-10,-128.67074188182198,0.0,-128.67074188182198,-1,2.415644116810492,6.812454236165019,LLY/PCAR
2022-06-13,-32.25532852001305,0.0,-32.25532852001305,-1,2.479887151979019,6.823159769614628,LLY/PCAR
2022-06-14,202.19708486496089,0.0,202.19708486496089,-1,2.3323017964081734,6.832385791192288,LLY/PCAR
2022-06-15,144.27975290819262,0.0,144.27975290819262,-1,2.2021634696356545,6.841911097647571,LLY/PCAR
2022-06-16,-398.0316727585272,0.0,-398.0316727585272,-1,2.5179975969825557,6.8509226255567315,LLY/PCAR
2022-06-17,-89.01298468891073,0.0,-89.01298468891073,-1,2.5450174145064812,6.85822796116774,LLY/PCAR
2022-06-21,67.47092403635378,0.0,67.47092403635378,-1,2.4292244247473893,6.865578796820061,LLY/PCAR
2022-06-22,-609.7317150902379,0.0,-609.7317150902379,-1,2.760884159294314,6.874095447959969,LLY/PCAR
2022-06-23,-601.5617644087667,0.0,-601.5617644087667,-1,3.113327651659763,6.883404239580744,LLY/PCAR
2022-06-24,-249.99156548365136,0.0,-249.99156548365136,-1,3.153520375694063,6.891903979343138,LLY/PCAR
2022-06-27,-141.34505854830758,0.0,-141.34505854830758,-1,3.219249535896451,6.902908241569227,LLY/PCAR
2022-06-28,391.3834567090598,0.0,391.3834567090598,-1,3.018441356609961,6.91360931141879,LLY/PCAR
2022-06-29,-281.4513609503169,0.0,-281.4513609503169,-1,3.148416843744875,6.9230134084448745,LLY/PCAR
2022-06-30,-180.53169245108566,0.0,-180.53169245108566,-1,3.244762624853973,6.932949337200724,LLY/PCAR
2022-07-01,58.773328323336855,0.0,58.773328323336855,-1,3.1819360078453376,6.9426219612862505,LLY/PCAR
2022-07-05,-278.76342059395535,0.0,-278.76342059395535,-1,3.33320829970264,6.9525490369752,LLY/PCAR
2022-07-06,-230.02428664521528,0.0,-230.02428664521528,-1,3.4441325672365966,6.962069278358724,LLY/PCAR
2022-07-07,248.6774397838675,0.0,248.6774397838675,-1,3.274334911936762,6.971378152386271,LLY/PCAR
2022-07-08,-302.34422457981407,0.0,-302.34422457981407,-1,3.4383468174249825,6.9811058733668885,LLY/PCAR
2022-07-11,-298.04053068432825,0.0,-298.04053068432825,-1,3.614453843101539,6.990257871676447,LLY/PCAR
2022-07-12,529.636043146327,0.0,529.636043146327,-1,3.303335541810671,6.997946373161063,LLY/PCAR
2022-07-13,-93.96968821067892,0.0,-93.96968821067892,-1,3.35887123304778,7.005827557694773,LLY/PCAR
2022-07-14,-257.97412663434835,0.0,-257.97412663434835,-1,3.472344614158993,7.01274264879126,LLY/PCAR
2022-07-15,-89.80582982178075,0.0,-89.80582982178075,-1,3.4686476133373247,7.019700559020259,LLY/PCAR
2022-07-18,531.381876217805,0.0,531.381876217805,-1,3.184893494119796,7.0279246565012174,LLY/PCAR
2022-07-19,339.75523587399937,0.0,339.75523587399937,-1,2.901992876926432,7.03561554072482,LLY/PCAR
2022-07-20,253.9835543178355,0.0,253.9835543178355,-1,2.7581174823486934,7.045754210522615,LLY/PCAR
2022-07-21,-220.78152250396914,0.0,-220.78152250396914,-1,2.846335303168259,7.055948147326532,LLY/PCAR
2022-07-22,-57.00471914099146,0.0,-57.00471914099146,-1,2.8534233986331508,7.0664935646929345,LLY/PCAR
2022-07-25,55.52477228884976,0.0,55.52477228884976,-1,2.777055820580626,7.077253570991498,LLY/PCAR
2022-07-26,141.01655725367857,0.0,141.01655725367857,-1,2.6708332068711322,7.088611134235767,LLY/PCAR
2022-07-27,447.3748703564978,0.0,447.3748703564978,-1,2.388591181724128,7.100254063517108,LLY/PCAR
2022-07-28,194.43025103865392,0.0,194.43025103865392,-1,2.2328148892898882,7.112228838967506,LLY/PCAR
2022-07-29,136.88407685757696,0.0,136.88407685757696,-1,2.143395230158163,7.124934170475859,LLY/PCAR
2022-08-01,173.52591661617066,0.0,173.52591661617066,-1,2.0722800028665374,7.13810377508504,LLY/PCAR
2022-08-02,107.4620516192419,0.0,107.4620516192419,-1,2.0305067305432893,7.15047542072289,LLY/PCAR
2022-08-03,410.8188448300467,0.0,410.8188448300467,-1,1.8131300669768036,7.161969212515449,LLY/PCAR
2022-08-04,408.61935788750316,0.0,408.61935788750316,-1,1.6146578044737816,7.172648644754451,LLY/PCAR
2022-08-05,261.480522881465,0.0,261.480522881465,-1,1.4800153873971513,7.182157098548781,LLY/PCAR
2022-08-08,10.169699527420086,0.0,10.169699527420086,-1,1.4569385724799775,7.191150109742857,LLY/PCAR
2022-08-09,-59.16653924464828,0.0,-59.16653924464828,-1,1.485854461849126,7.200185499266124,LLY/PCAR
2022-08-10,203.44029352675938,0.0,203.44029352675938,-1,1.3314017625045997,7.2092231845756345,LLY/PCAR
2022-08-11,134.61369905676838,0.0,134.61369905676838,-1,1.2715721424137303,7.217634397277809,LLY/PCAR
2022-08-12,-286.47225719535834,0.0,-286.47225719535834,-1,1.378675458925553,7.225687729318009,LLY/PCAR
2022-08-15,-217.60953629545438,0.0,-217.60953629545438,-1,1.4594266733084424,7.234974408498853,LLY/PCAR
2022-08-16,315.332579311973,0.0,315.332579311973,-1,1.2816099801775052,7.24497758860411,LLY/PCAR
2022-08-17,-517.4416685213333,0.0,-517.4416685213333,-1,1.5538044070062826,7.253861565108152,LLY/PCAR
2022-08-18,110.79360938295927,0.0,110.79360938295927,-1,1.4756891912125123,7.263825703096658,LLY/PCAR
2022-08-19,-483.7518961711046,0.0,-483.7518961711046,-1,1.7292676663666642,7.273414837827869,LLY/PCAR
2022-08-22,-401.8969063224186,0.0,-401.8969063224186,-1,1.9847644930699304,7.284203723492131,LLY/PCAR
2022-08-23,424.56702360008046,0.0,424.56702360008046,-1,1.7768672885027978,7.295187598479784,LLY/PCAR
2022-08-24,-59.44272069584133,0.0,-59.44272069584133,-1,1.7717060587062472,7.3051608444291904,LLY/PCAR
2022-08-25,-69.45991882730695,0.0,-69.45991882730695,-1,1.7677511734390199,7.315690151613985,LLY/PCAR
2022-08-26,6.064118645368865,0.0,6.064118645368865,-1,1.8339212597217713,7.326244675180242,LLY/PCAR
2022-08-29,107.09253012607755,0.0,107.09253012607755,-1,1.8117355246700415,7.335657489581345,LLY/PCAR
2022-08-30,30.819580198242846,0.0,30.819580198242846,-1,1.8170802779488284,7.344227940570677,LLY/PCAR
2022-08-31,210.2895651314791,0.0,210.2895651314791,-1,1.7317331477514097,7.351978918187516,LLY/PCAR
2022-09-01,-402.92776773755327,0.0,-402.92776773755327,-1,1.9118532533060748,7.358882109034095,LLY/PCAR
2022-09-02,240.7573882981589,0.0,240.7573882981589,-1,1.826717225764855,7.3667231099721135,LLY/PCAR
2022-09-06,-221.4087434651505,0.0,-221.4087434651505,-1,1.9110134846575817,7.373293277497783,LLY/PCAR
2022-09-07,22.778096452325457,0.0,22.778096452325457,-1,1.840717966237597,7.380304034835044,LLY/PCAR
2022-09-08,-534.4043607288496,0.0,-534.4043607288496,-1,2.1473079584633523,7.3879205559878285,LLY/PCAR
2022-09-09,214.34791420227862,0.0,214.34791420227862,-1,1.9757410592407507,7.395691437903344,LLY/PCAR
2022-09-12,268.1435664789711,0.0,268.1435664789711,-1,1.8178346664858487,7.404152897033595,LLY/PCAR
2022-09-13,-70.1393603883306,0.0,-70.1393603883306,-1,1.9489864368788707,7.412217729662437,LLY/PCAR
2022-09-14,-107.38506219687855,0.0,-107.38506219687855,-1,1.9812031002138486,7.418847101209231,LLY/PCAR
2022-09-15,-106.29189123488524,0.0,-106.29189123488524,-1,2.04646097546464,7.425823063106019,LLY/PCAR
2022-09-16,-46.41434355600907,0.0,-46.41434355600907,-1,2.0766298117059168,7.432525156736341,LLY/PCAR
2022-09-19,515.782210653709,0.0,515.782210653709,-1,1.7703516928953091,7.439080581818472,LLY/PCAR
2022-09-20,55.47344235267252,0.0,55.47344235267252,-1,1.7638559682776187,7.445572296031454,LLY/PCAR
2022-09-21,100.55616338687702,0.0,100.55616338687702,-1,1.7477913377265157,7.4515713759837565,LLY/PCAR
2022-09-22,-807.5469300042271,0.0,-807.5469300042271,-1,2.1230416610961576,7.456783191092541,LLY/PCAR
2022-09-23,-194.34392455358156,0.0,-194.34392455358156,-1,2.237826739183176,7.463273831600593,LLY/PCAR
2022-09-26,76.54508107468689,0.0,76.54508107468689,-1,2.2219532203716517,7.469473864307695,LLY/PCAR
2022-09-27,-186.90119903919555,0.0,-186.90119903919555,-1,2.2995422908391094,7.475074830296185,LLY/PCAR
2022-09-28,-811.4330670967022,0.0,-811.4330670967022,-1,2.578242045582595,7.48091900491983,LLY/PCAR
2022-09-29,150.0380492379746,0.0,150.0380492379746,-1,2.515695988126252,7.489727294316157,LLY/PCAR
2022-09-30,156.2813554818548,0.0,156.2813554818548,-1,2.4740800483267518,7.497923603970983,LLY/PCAR
2022-10-03,512.0128519806142,0.0,512.0128519806142,-1,2.149717545234069,7.504987104084974,LLY/PCAR
2022-10-04,99.30379917539227,0.0,99.30379917539227,-1,1.9893321362082799,7.512811780525031,LLY/PCAR
2022-10-05,56.152418098931534,0.0,56.152418098931534,-1,1.9255722962732067,7.522074099503594,LLY/PCAR
2022-10-06,-241.61584779392945,0.0,-241.61584779392945,-1,2.063782271470203,7.531590903026725,LLY/PCAR
2022-10-07,10.767516210546205,0.0,10.767516210546205,-1,2.116328819095482,7.541118696812977,LLY/PCAR
2022-10-10,169.38108638018852,0.0,169.38108638018852,-1,2.028246374938078,7.549437495436802,LLY/PCAR
2022-10-11,-6.56749758640521,0.0,-6.56749758640521,-1,1.9861238244791284,7.557409664509153,LLY/PCAR
2022-10-12,73.64590078823531,0.0,73.64590078823531,-1,1.9639335632512345,7.565942503747428,LLY/PCAR
2022-10-13,-122.92664446038131,0.0,-122.92664446038131,-1,1.9564444089997999,7.574433790379891,LLY/PCAR
2022-10-14,-262.00913882648143,0.0,-262.00913882648143,-1,2.12770075648926,7.583987647364668,LLY/PCAR
2022-10-17,18.814232526966222,0.0,18.814232526966222,-1,2.093147389214253,7.592744191358826,LLY/PCAR
2022-10-18,165.50454895090232,0.0,165.50454895090232,-1,1.9534949084117932,7.601718649412359,LLY/PCAR
2022-10-19,294.4111959619201,0.0,294.4111959619201,-1,1.8172011463000366,7.611276212210257,LLY/PCAR
2022-10-20,-467.9469685159055,0.0,-467.9469685159055,-1,2.117916666416847,7.6196915616711225,LLY/PCAR
2022-10-21,-194.91319510700987,0.0,-194.91319510700987,-1,2.1100161836142055,7.627923016339013,LLY/PCAR
2022-10-24,-78.66172653286435,0.0,-78.66172653286435,-1,2.075504300016668,7.6378005163320895,LLY/PCAR
2022-10-25,-213.6198321832054,0.0,-213.6198321832054,-1,2.16881653958037,7.6488931597987815,LLY/PCAR
2022-10-26,-168.89145861884742,0.0,-168.89145861884742,-1,2.197841744392623,7.660482461059622,LLY/PCAR
2022-10-27,277.8362749668346,0.0,277.8362749668346,-1,2.0247408218553575,7.673098352292191,LLY/PCAR
2022-10-28,148.53998927034093,0.0,148.53998927034093,-1,1.880274920562317,7.685472619493555,LLY/PCAR
2022-10-31,-29.930946361756455,0.0,-29.930946361756455,-1,1.8671592180875227,7.698423359518316,LLY/PCAR
2022-11-01,495.8972599828083,0.0,495.8972599828083,-1,1.6421619547887691,7.711464961051218,LLY/PCAR
2022-11-02,-308.44260628155394,0.0,-308.44260628155394,-1,1.8094366060483829,7.72265809815084,LLY/PCAR
2022-11-03,-144.18795565136222,0.0,-144.18795565136222,-1,1.8204800230875366,7.734650622135569,LLY/PCAR
2022-11-04,537.8809018476338,0.0,537.8809018476338,-1,1.5102502118186314,7.747616292230566,LLY/PCAR
2022-11-07,-381.8077457079661,0.0,-381.8077457079661,-1,1.666005357238973,7.7587648996017675,LLY/PCAR
2022-11-08,133.1788602045658,0.0,133.1788602045658,-1,1.5533501174481328,7.772234276063037,LLY/PCAR
2022-11-09,50.93277562028075,0.0,50.93277562028075,-1,1.5511798863993107,7.785055135462561,LLY/PCAR
2022-11-10,51.0817020633728,0.0,51.0817020633728,-1,1.4485344188830012,7.797453615988046,LLY/PCAR
2022-11-11,932.1949096690346,0.0,932.1949096690346,-1,1.0204040364411722,7.809883974498953,LLY/PCAR
2022-11-14,-225.14421818070525,0.0,-225.14421818070525,-1,1.108274597818941,7.8187176336565045,LLY/PCAR
2022-11-15,374.53999381871193,0.0,374.53999381871193,-1,0.9285017960593726,7.828536566502548,LLY/PCAR
2022-11-16,-56.10344329198688,0.0,-56.10344329198688,-1,0.9265501014242461,7.836083815528106,LLY/PCAR
2022-11-17,-378.2876144719124,0.0,-378.2876144719124,-1,1.0791409966763883,7.843605477811302,LLY/PCAR
2022-11-18,9.25218884361972,0.0,9.25218884361972,-1,1.057547386316352,7.852294576111123,LLY/PCAR
2022-11-21,99.49733220177907,0.0,99.49733220177907,-1,0.9930432541388253,7.861094336026228,LLY/PCAR
2022-11-22,266.35586552108134,0.0,266.35586552108134,-1,0.8168384917476942,7.869202134058714,LLY/PCAR
2022-11-23,-62.028924836657616,0.0,-62.028924836657616,-1,0.8437309106113904,7.875943231054934,LLY/PCAR
2022-11-25,-308.25994614633026,0.0,-308.25994614633026,-1,1.00079779589121,7.882848605740525,LLY/PCAR
2022-11-28,-241.54408728211683,0.0,-241.54408728211683,-1,1.148779332061865,7.890920328933984,LLY/PCAR
2022-11-29,190.26215926849986,0.0,190.26215926849986,-1,1.039691729591642,7.899871408036258,LLY/PCAR
2022-11-30,-108.97041187062567,0.0,-108.97041187062567,-1,1.0222199689454987,7.907967633609576,LLY/PCAR
2022-12-01,43.85193272795805,0.0,43.85193272795805,-1,0.9971407168888263,7.916357165828747,LLY/PCAR
2022-12-02,-247.4479405937645,0.0,-247.4479405937645,-1,1.1027124330150475,7.924677800202124,LLY/PCAR
2022-12-05,-92.93459917324509,0.0,-92.93459917324509,-1,1.2238197003118783,7.934119007730855,LLY/PCAR
2022-12-06,84.7961960685912,0.0,84.7961960685912,-1,1.1710571343792604,7.94386146911676,LLY/PCAR
2022-12-07,-48.451264688521576,0.0,-48.451264688521576,-1,1.1565738434490809,7.952782143915898,LLY/PCAR
2022-12-08,-124.3861204591033,0.0,-124.3861204591033,-1,1.2356421778450686,7.961812907680278,LLY/PCAR
2022-12-09,187.7121667318827,0.0,187.7121667318827,-1,1.2361320832207043,7.971091747343743,LLY/PCAR
2022-12-12,-57.563059391831246,0.0,-57.563059391831246,-1,1.1934921627256898,7.979414442017491,LLY/PCAR
2022-12-13,320.52954578976596,0.0,320.52954578976596,-1,1.0800261289140696,7.9879594382113694,LLY/PCAR
2022-12-14,-161.9443891913976,0.0,-161.9443891913976,-1,1.1243049872197706,7.9951084049430285,LLY/PCAR
2022-12-15,-140.65025962277954,0.0,-140.65025962277954,-1,1.2555801150373092,8.002888629824927,LLY/PCAR
2022-12-16,53.82049952715809,0.0,53.82049952715809,-1,1.2166637628858756,8.010914628593154,LLY/PCAR
2022-12-19,242.48019145286594,0.0,242.48019145286594,-1,1.076348151793015,8.018703450326976,LLY/PCAR
2022-12-20,-46.927644634363205,0.0,-46.927644634363205,-1,1.0806500588916028,8.02529304687121,LLY/PCAR
2022-12-21,-167.5615563944351,0.0,-167.5615563944351,-1,1.0850912721622623,8.031952083014527,LLY/PCAR
2022-12-22,-54.16888274008568,0.0,-54.16888274008568,-1,1.1499649542681252,8.039166511140916,LLY/PCAR
2022-12-23,-16.67603735599579,0.0,-16.67603735599579,-1,1.1244983339835428,8.046564254496152,LLY/PCAR
2022-12-27,116.28692717917905,0.0,116.28692717917905,-1,1.0797336395674226,8.05392627508641,LLY/PCAR
2022-12-28,-183.94864536661217,0.0,-183.94864536661217,-1,1.194072883823993,8.060747482936806,LLY/PCAR
2022-12-29,-193.56737431706603,0.0,-193.56737431706603,-1,1.296388256917287,8.068200465482757,LLY/PCAR
2022-12-30,118.68974414875188,0.0,118.68974414875188,-1,1.226762067769172,8.076221784276177,LLY/PCAR
2023-01-03,-41.360482066582755,0.0,-41.360482066582755,-1,1.2603843001891109,8.083804847417237,LLY/PCAR
2023-01-04,60.9113370154889,0.0,60.9113370154889,-1,1.2385958843683311,8.09131337617299,LLY/PCAR
2023-01-05,143.5464853970658,0.0,143.5464853970658,-1,1.1903714907305167,8.098583294510467,LLY/PCAR
2023-01-06,193.46424832108565,0.0,193.46424832108565,-1,1.0058410292605513,8.10522320895312,LLY/PCAR
2023-01-09,577.8357665847684,0.0,577.8357665847684,-1,0.7794927587392358,8.111171180940657,LLY/PCAR
2023-01-10,-37.97546570422304,0.0,-37.97546570422304,-1,0.7654288629800886,8.11493873074294,LLY/PCAR
2023-01-11,-297.03173736642196,0.0,-297.03173736642196,-1,0.8655562449802305,8.118639204399955,LLY/PCAR
2023-01-12,116.43329098503062,0.0,116.43329098503062,-1,0.8003192499646722,8.12344342891615,LLY/PCAR
2023-01-13,73.60250936212768,0.0,73.60250936212768,-1,0.716043066236077,8.12762186449566,LLY/PCAR
2023-01-17,30.216282314755915,0.0,30.216282314755915,-1,0.7422051004563978,8.131530990602739,LLY/PCAR
2023-01-18,-2.8715126845345367,0.0,-2.8715126845345367,-1,0.8143661782750332,8.135470396777546,LLY/PCAR
2023-01-19,-222.84720833982846,0.0,-222.84720833982846,-1,0.974039850592272,8.139249214622408,LLY/PCAR
2023-01-20,436.352642036588,0.0,436.352642036588,-1,0.7401862556085048,8.143566216820918,LLY/PCAR
2023-01-23,671.52069391217,0.0,671.52069391217,-1,0.33329283619357375,8.146322173066183,LLY/PCAR
2023-01-24,1166.0084909566824,0.0,1166.0084909566824,-1,-0.5095768192041898,8.146058513760552,LLY/PCAR
2023-01-25,-210.3569773723269,17.447056570144014,-227.8040339424709,0,-0.40568032897415324,8.1370306918195,LLY/PCAR
2023-01-26,0.0,0.0,0.0,0,-0.5880815638332227,8.129143836924218,LLY/PCAR
2023-01-27,0.0,0.0,0.0,0,-0.5405084643068907,8.119129283420392,LLY/PCAR
2023-01-30,0.0,0.0,0.0,0,-0.37586563792162625,8.110215114092902,LLY/PCAR
2023-01-31,0.0,0.0,0.0,0,-0.35076141548748474,8.103442216790015,LLY/PCAR
2023-02-01,0.0,0.0,0.0,0,-0.5963025924983745,8.096630935123416,LLY/PCAR
2023-02-02,0.0,0.0,0.0,0,-0.8701853721596863,8.08684254593741,LLY/PCAR
2023-02-03,0.0,0.0,0.0,0,-0.5355057780656123,8.073801500268647,LLY/PCAR
2023-02-06,0.0,0.0,0.0,0,-0.5886809629377052,8.064960802239298,LLY/PCAR
2023-02-07,0.0,0.0,0.0,0,-0.525509199461432,8.055657621918138,LLY/PCAR
2023-02-08,0.0,0.0,0.0,0,-0.25260288911118545,8.046923868901432,LLY/PCAR
2023-02-09,0.0,0.0,0.0,0,-0.3934430740962683,8.041287517549994,LLY/PCAR
2023-02-10,0.0,0.0,0.0,0,-0.3162497067234707,8.033805087961541,LLY/PCAR
2023-02-13,0.0,0.0,0.0,0,-0.24183527346235206,8.02713753181799,LLY/PCAR
2023-02-14,0.0,0.0,0.0,0,-0.30740831837832466,8.021313354973005,LLY/PCAR
2023-02-15,0.0,0.0,0.0,0,-0.8404059786045222,8.014721678574595,LLY/PCAR
2023-02-16,0.0,0.0,0.0,0,-1.0186649742601581,8.00178346755429,LLY/PCAR
2023-02-17,0.0,0.0,0.0,0,-1.0886999160292787,7.987316408171947,LLY/PCAR
2023-02-21,0.0,0.0,0.0,0,-0.8143684084427373,7.972298531125428,LLY/PCAR
2023-02-22,0.0,0.0,0.0,0,-0.6571130979010478,7.9606872255608065,LLY/PCAR
2023-02-23,0.0,0.0,0.0,0,-0.7382943778575399,7.950706794623397,LLY/PCAR
2023-02-24,0.0,0.0,0.0,0,-0.6821437271781711,7.940017693767953,LLY/PCAR
2023-02-27,0.0,0.0,0.0,0,-0.7555305850995218,7.930593566548163,LLY/PCAR
2023-02-28,0.0,0.0,0.0,0,-0.8799809913470291,7.920384085401873,LLY/PCAR
2023-03-01,0.0,0.0,0.0,0,-0.9425102872011629,7.909250125598107,LLY/PCAR
2023-03-02,0.0,0.0,0.0,0,-1.185330344290769,7.897331872289096,LLY/PCAR
2023-03-03,0.0,0.0,0.0,0,-1.319479101064636,7.8824627519617305,LLY/PCAR
2023-03-06,0.0,0.0,0.0,0,-1.3113621809064036,7.865374226350106,LLY/PCAR
2023-03-07,0.0,0.0,0.0,0,-1.403585460422477,7.848296922035679,LLY/PCAR
2023-03-08,0.0,0.0,0.0,0,-1.3778507851311723,7.830844408738442,LLY/PCAR
2023-03-09,0.0,0.0,0.0,0,-1.0247719546690985,7.813560189080035,LLY/PCAR
2023-03-10,0.0,0.0,0.0,0,-0.755008239115228,7.800640129525761,LLY/PCAR
2023-03-13,0.0,0.0,0.0,0,-0.4127553396042963,7.791723509685714,LLY/PCAR
2023-03-14,0.0,0.0,0.0,0,-0.5263377831767144,7.786494953409744,LLY/PCAR
2023-03-15,0.0,0.0,0.0,0,-0.1908584394682514,7.779396073281727,LLY/PCAR
2023-03-16,0.0,0.0,0.0,0,-0.2123987084065633,7.775924659761349,LLY/PCAR
2023-03-17,0.0,0.0,0.0,0,0.1077155750627032,7.772167152794401,LLY/PCAR
2023-03-20,0.0,0.0,0.0,0,-0.048647700815820066,7.770539851610228,LLY/PCAR
2023-03-21,0.0,0.0,0.0,0,-0.26602404400115165,7.76808884930661,LLY/PCAR
2023-03-22,0.0,0.0,0.0,0,-0.10059410647908303,7.76345460670674,LLY/PCAR
2023-03-23,0.0,0.0,0.0,0,0.015936570242460153,7.759927955859067,LLY/PCAR
2023-03-24,0.0,0.0,0.0,0,0.07727238282946257,7.7571046540401785,LLY/PCAR
2023-03-27,0.0,0.0,0.0,0,-0.11173848476123843,7.7551632080887645,LLY/PCAR
2023-03-28,0.0,0.0,0.0,0,-0.181309627111955,7.751929538953702,LLY/PCAR
2023-03-29,0.0,0.0,0.0,0,-0.29446692428345905,7.747579920018654,LLY/PCAR
2023-03-30,0.0,0.0,0.0,0,-0.16860320535230428,7.742335294430934,LLY/PCAR
2023-03-31,0.0,0.0,0.0,0,-0.2578497176483282,7.737971655170658,LLY/PCAR
2023-04-03,0.0,0.0,0.0,0,-0.07576807464649549,7.7328457419079095,LLY/PCAR
2023-04-04,0.0,0.0,0.0,0,0.3448734027166966,7.729050045586905,LLY/PCAR
2023-04-05,0.0,0.0,0.0,0,0.8554308207576008,7.728690390351485,LLY/PCAR
2023-04-06,0.0,0.0,0.0,0,0.9804428988809418,7.731508896554743,LLY/PCAR
2023-04-10,0.0,0.0,0.0,0,0.7709055877860603,7.735428436825936,LLY/PCAR
2023-04-11,0.0,0.0,0.0,0,0.5008273834007921,7.738190987861712,LLY/PCAR
2023-04-12,0.0,0.0,0.0,0,0.44516568405922413,7.7391715047865235,LLY/PCAR
2023-04-13,0.0,0.0,0.0,0,0.6519450187010652,7.741108618284219,LLY/PCAR
2023-04-14,0.0,0.0,0.0,0,0.47033225119244904,7.7447745399045855,LLY/PCAR
2023-04-17,0.0,0.0,0.0,0,0.3364171099875848,7.747504721549253,LLY/PCAR
2023-04-18,0.0,0.0,0.0,0,0.3103398372087623,7.7490902794948395,LLY/PCAR
2023-04-19,0.0,0.0,0.0,0,0.34679473695001384,7.750531768220341,LLY/PCAR
2023-04-20,0.0,0.0,0.0,0,0.48780642943918384,7.752083124133155,LLY/PCAR
2023-04-21,0.0,0.0,0.0,0,0.6220137916394723,7.755349582796392,LLY/PCAR
2023-04-24,0.0,0.0,0.0,0,0.4855344014896297,7.759580706875269,LLY/PCAR
2023-04-25,0.0,0.0,0.0,0,0.3598998404585938,7.76229101303387,LLY/PCAR
2023-04-26,0.0,0.0,0.0,0,0.4326934361243141,7.763769436467385,LLY/PCAR
2023-04-27,0.0,0.0,0.0,0,0.6449808290979056,7.765753722009821,LLY/PCAR
2023-04-28,0.0,0.0,0.0,0,0.605544552983226,7.769787345128592,LLY/PCAR
2023-05-01,0.0,0.0,0.0,0,0.799516366377002,7.773963750040678,LLY/PCAR
2023-05-02,0.0,0.0,0.0,0,1.1180708376033148,7.7800607742655,LLY/PCAR
2023-05-03,0.0,0.0,0.0,0,1.80816401252923,7.788265952468902,LLY/PCAR
2023-05-04,0.0,0.0,0.0,0,1.832585452084619,7.801344757826329,LLY/PCAR
2023-05-05,0.0,0.0,0.0,0,1.546578327425193,7.813992914631456,LLY/PCAR
2023-05-08,0.0,0.0,0.0,0,1.6397698618052023,7.825312397810243,LLY/PCAR
2023-05-09,0.0,0.0,0.0,0,1.456025521650801,7.837160109572106,LLY/PCAR
2023-05-10,0.0,0.0,0.0,0,1.7599718697827993,7.847386358750701,LLY/PCAR
2023-05-11,0.0,0.0,0.0,0,1.7264171081398287,7.859635135012797,LLY/PCAR
2023-05-12,0.0,0.0,0.0,0,1.6737077327937038,7.871935157422803,LLY/PCAR
2023-05-15,0.0,0.0,0.0,0,1.6561575780818338,7.883914335476561,LLY/PCAR
2023-05-16,0.0,0.0,0.0,0,2.002147729239064,7.895995576444842,LLY/PCAR
2023-05-17,0.0,0.0,0.0,0,1.855105021472447,7.909837502959279,LLY/PCAR
2023-05-18,0.0,0.0,0.0,0,1.842098508397858,7.9230914493334375,LLY/PCAR
2023-05-19,0.0,0.0,0.0,0,1.905320270071773,7.937310280829073,LLY/PCAR
2023-05-22,0.0,0.0,0.0,0,1.7736839431953548,7.951744840238141,LLY/PCAR
2023-05-23,0.0,0.0,0.0,0,1.5384806736520735,7.9648895377132325,LLY/PCAR
2023-05-24,0.0,0.0,0.0,0,1.7300273472693894,7.975622917021715,LLY/PCAR
2023-05-25,0.0,0.0,0.0,0,1.6656852171659662,7.986904293410886,LLY/PCAR
2023-05-26,0.0,0.0,0.0,0,1.575641840771755,7.998240917667484,LLY/PCAR
2023-05-30,0.0,0.0,0.0,0,1.627664737587312,8.008984574699399,LLY/PCAR
2023-05-31,0.0,0.0,0.0,0,2.0304059271475046,8.019843876562472,LLY/PCAR
2023-06-01,0.0,0.0,0.0,0,1.9778623917465477,8.032101940729785,LLY/PCAR
2023-06-02,0.0,0.0,0.0,0,1.5880569809742862,8.045399981701664,LLY/PCAR
2023-06-05,0.0,0.0,0.0,0,1.6151525461358283,8.0579681025575,LLY/PCAR
2023-06-06,0.0,0.0,0.0,0,1.3889634305029799,8.070708741988375,LLY/PCAR
2023-06-07,0.0,0.0,0.0,0,0.9973176457863646,8.082297199161557,LLY/PCAR
2023-06-08,0.0,0.0,0.0,0,1.1045582536575314,8.091501462714197,LLY/PCAR
2023-06-09,0.0,0.0,0.0,0,1.0874265614552598,8.101930714686276,LLY/PCAR
2023-06-12,0.0,0.0,0.0,0,0.9228222800380285,8.112703589448127,LLY/PCAR
2023-06-13,0.0,0.0,0.0,0,0.6612363651628226,8.121892127958676,LLY/PCAR
2023-06-14,0.0,0.0,0.0,0,0.9165784178310397,8.128900316285177,LLY/PCAR
2023-06-15,0.0,0.0,0.0,0,0.8824210353473051,8.137951708667591,LLY/PCAR
2023-06-16,0.0,0.0,0.0,0,0.8171549324354644,8.147114286826373,LLY/PCAR
2023-06-20,0.0,0.0,0.0,0,1.0322123593315744,8.155421388433538,LLY/PCAR
2023-06-21,0.0,0.0,0.0,0,0.9318372890896208,8.165522353946388,LLY/PCAR
2023-06-22,0.0,0.0,0.0,0,1.0857071456402443,8.175531428592892,LLY/PCAR
2023-06-23,0.0,0.0,0.0,0,1.0513787552302771,8.187433078941043,LLY/PCAR
2023-06-26,0.0,0.0,0.0,0,0.7996420122411492,8.19876386211339,LLY/PCAR
2023-06-27,0.0,0.0,0.0,0,0.8584802875374972,8.207790029574305,LLY/PCAR
2023-06-28,0.0,0.0,0.0,0,0.6830621387908566,8.217263192042335,LLY/PCAR
2023-06-29,0.0,0.0,0.0,0,0.49847639193820825,8.224648130222553,LLY/PCAR
2023-06-30,0.0,0.0,0.0,0,0.42558104333639146,8.231105618513679,LLY/PCAR
2023-07-03,0.0,0.0,0.0,0,0.2673869189274206,8.236782579377712,LLY/PCAR
2023-07-05,0.0,0.0,0.0,0,0.5648659024436589,8.239911935243603,LLY/PCAR
2023-07-06,0.0,0.0,0.0,0,0.5807364587056474,8.246399477727097,LLY/PCAR
2023-07-07,0.0,0.0,0.0,0,0.27076423459653187,8.25267926542156,LLY/PCAR
2023-07-10,0.0,0.0,0.0,0,-0.06684189262357623,8.255749302106832,LLY/PCAR
2023-07-11,0.0,0.0,0.0,0,-0.586980739049294,8.255175426068325,LLY/PCAR
2023-07-12,0.0,0.0,0.0,0,-0.5727659136071424,8.24880132412029,LLY/PCAR
2023-07-13,0.0,0.0,0.0,0,-0.6183148670755253,8.242569063653217,LLY/PCAR
2023-07-14,0.0,0.0,0.0,0,-0.29208631882056163,8.236247723205626,LLY/PCAR
2023-07-17,0.0,0.0,0.0,0,-0.6325550386592579,8.233502048805102,LLY/PCAR
2023-07-18,0.0,0.0,0.0,0,-0.8313251996146783,8.225942772528263,LLY/PCAR
2023-07-19,0.0,0.0,0.0,0,-0.7109390268504967,8.215501995404404,LLY/PCAR
2023-07-20,0.0,0.0,0.0,0,-0.4651087477890801,8.207256663804236,LLY/PCAR
2023-07-21,0.0,0.0,0.0,0,-0.35547198236199734,8.20178404129834,LLY/PCAR
2023-07-24,0.0,0.0,0.0,0,-0.5307767731461591,8.198493429598713,LLY/PCAR
2023-07-25,0.0,0.0,0.0,0,-0.19470007048280102,8.193504785624981,LLY/PCAR
2023-07-26,0.0,0.0,0.0,0,-0.012773398292390803,8.192139200512495,LLY/PCAR
2023-07-27,0.0,0.0,0.0,0,-0.09824882117030638,8.192646338781831,LLY/PCAR
2023-07-28,0.0,0.0,0.0,0,-0.02432658878024049,8.192155254305108,LLY/PCAR
2023-07-31,0.0,0.0,0.0,0,-0.22737675432362028,8.1927898818737,LLY/PCAR
2023-08-01,0.0,0.0,0.0,0,-0.3024508712116366,8.191346850558205,LLY/PCAR
2023-08-02,0.0,0.0,0.0,0,-0.21664506222790963,8.189463786784383,LLY/PCAR
2023-08-03,0.0,0.0,0.0,0,-0.14324591874344983,8.188222621497953,LLY/PCAR
2023-08-04,0.0,0.0,0.0,0,0.016826147746599518,8.18745875449664,LLY/PCAR
2023-08-07,0.0,0.0,0.0,0,-0.0031532654736345788,8.188478351111453,LLY/PCAR
2023-08-08,0.0,0.0,0.0,0,1.2675779137452834,8.188905838225644,LLY/PCAR
2023-08-09,0.0,0.0,0.0,0,1.3532327340190293,8.201411354266442,LLY/PCAR
2023-08-10,0.0,0.0,0.0,0,1.2331245021680564,8.214331003652543,LLY/PCAR
2023-08-11,0.0,0.0,0.0,0,1.3141346776493605,8.226074725865718,LLY/PCAR
2023-08-14,0.0,0.0,0.0,0,1.4997206471827054,8.238745664412397,LLY/PCAR
2023-08-15,0.0,0.0,0.0,0,1.8090883146264602,8.253666532838476,LLY/PCAR
2023-08-16,0.0,0.0,0.0,0,1.8242141133243042,8.270841840716546,LLY/PCAR
2023-08-17,0.0,0.0,0.0,0,1.7600350788460308,8.28749567372181,LLY/PCAR
2023-08-18,0.0,0.0,0.0,0,1.7852350087069226,8.303128672642549,LLY/PCAR
2023-08-21,0.0,0.0,0.0,0,1.8581278981822023,8.319431462787911,LLY/PCAR
2023-08-22,0.0,0.0,0.0,0,1.862972168730248,8.336525030639113,LLY/PCAR
2023-08-23,0.0,0.0,0.0,0,1.7300234726135568,8.35360414304508,LLY/PCAR
2023-08-24,0.0,0.0,0.0,0,1.8288542005621036,8.369681240851229,LLY/PCAR
2023-08-25,0.0,0.0,0.0,0,1.8446164119097794,8.385468298441943,LLY/PCAR
2023-08-28,0.0,0.0,0.0,0,1.7736740373467996,8.401831145079838,LLY/PCAR
2023-08-29,0.0,0.0,0.0,0,2.122564461705404,8.417867801111182,LLY/PCAR
2023-08-30,0.0,0.0,0.0,0,2.0091836643311156,8.435324035496796,LLY/PCAR
2023-08-31,0.0,0.0,0.0,0,2.1879605516127043,8.451928999024565,LLY/PCAR
2023-09-01,0.0,0.0,0.0,0,2.0385388199026306,8.469579755733703,LLY/PCAR
2023-09-05,0.0,0.0,0.0,0,2.3366790933566772,8.486606217641215,LLY/PCAR
2023-09-06,0.0,0.0,0.0,0,2.1846874718563947,8.50475937492809,LLY/PCAR
2023-09-07,0.0,0.0,0.0,0,2.388807199016929,8.522212655116967,LLY/PCAR
2023-09-08,0.0,0.0,0.0,0,2.407199519368735,8.541472336677913,LLY/PCAR
2023-09-11,0.0,0.0,0.0,0,2.458635792827988,8.561676010370967,LLY/PCAR
2023-09-12,0.0,0.0,0.0,0,2.5128991946106547,8.582490561622263,LLY/PCAR
2023-09-13,0.0,0.0,0.0,0,2.787327625357553,8.603804158773418,LLY/PCAR
2023-09-14,0.0,0.0,0.0,0,2.2141346167533893,8.626513147536267,LLY/PCAR
2023-09-15,0.0,0.0,0.0,0,1.982067283565445,8.646305988258959,LLY/PCAR
2023-09-18,0.0,0.0,0.0,0,1.7128898578135467,8.66378892692028,LLY/PCAR
2023-09-19,0.0,0.0,0.0,0,1.9484169069499653,8.679257837777387,LLY/PCAR
2023-09-20,0.0,0.0,0.0,0,1.8164184380917474,8.696590354186005,LLY/PCAR
2023-09-21,0.0,0.0,0.0,0,1.6450727376013348,8.712481047680454,LLY/PCAR
2023-09-22,0.0,0.0,0.0,0,1.4666758947877774,8.725969350941977,LLY/PCAR
2023-09-25,0.0,0.0,0.0,0,1.4082835299312166,8.738231849250992,LLY/PCAR
2023-09-26,0.0,0.0,0.0,0,1.6055849494460246,8.75057656564871,LLY/PCAR
2023-09-27,0.0,0.0,0.0,0,1.4406941834267435,8.764772662812284,LLY/PCAR
2023-09-28,0.0,0.0,0.0,0,1.1853340657206357,8.77790714018047,LLY/PCAR
2023-09-29,0.0,0.0,0.0,0,1.1423584231805317,8.789860296640136,LLY/PCAR
2023-10-02,0.0,0.0,0.0,0,1.198103525893103,8.80220439324943,LLY/PCAR
2023-10-03,0.0,0.0,0.0,0,1.0470133500181988,8.814937202154956,LLY/PCAR
2023-10-04,0.0,0.0,0.0,0,0.7470477015950449,8.82679697506046,LLY/PCAR
2023-10-05,0.0,0.0,0.0,0,1.0067107780592048,8.836742564933129,LLY/PCAR
2023-10-06,0.0,0.0,0.0,0,1.2658243955786577,8.848429253985579,LLY/PCAR
2023-10-09,0.0,0.0,0.0,0,1.3898867773180663,8.863630727479482,LLY/PCAR
2023-10-10,0.0,0.0,0.0,0,1.6324534490607345,8.880676928201416,LLY/PCAR
2023-10-11,0.0,0.0,0.0,0,2.1410190002287006,8.89950216621368,LLY/PCAR
2023-10-12,0.0,0.0,0.0,0,2.444548426969364,8.92252605087993,LLY/PCAR
2023-10-13,0.0,0.0,0.0,0,2.6423264477668433,8.94906369977067,LLY/PCAR
2023-10-16,0.0,0.0,0.0,0,2.554305133763715,8.977468427505874,LLY/PCAR
2023-10-17,0.0,0.0,0.0,0,2.3867956723988035,9.006079919386732,LLY/PCAR
2023-10-18,0.0,0.0,0.0,0,2.560532684244755,9.033068906872716,LLY/PCAR
2023-10-19,0.0,0.0,0.0,0,2.398383118966433,9.06036385454448,LLY/PCAR
2023-10-20,0.0,0.0,0.0,0,2.4172041918341214,9.08538102715072,LLY/PCAR
2023-10-23,0.0,0.0,0.0,0,2.281500353128547,9.109476252398535,LLY/PCAR
2023-10-24,0.0,0.0,0.0,0,2.0124569697647035,9.1311668881967,LLY/PCAR
2023-10-25,0.0,0.0,0.0,0,1.930916454384414,9.153189726807113,LLY/PCAR
2023-10-26,0.0,0.0,0.0,0,1.6644736947460892,9.174649275970344,LLY/PCAR
2023-10-27,0.0,0.0,0.0,0,1.6022138910102848,9.192717157107438,LLY/PCAR
2023-10-30,0.0,0.0,0.0,0,1.6434074407484944,9.210081904121065,LLY/PCAR
2023-10-31,0.0,0.0,0.0,0,1.5831089124434585,9.227783702176623,LLY/PCAR
2023-11-01,0.0,0.0,0.0,0,1.4828818976672555,9.245765112878104,LLY/PCAR
2023-11-02,0.0,0.0,0.0,0,1.7660225747463627,9.263342395978528,LLY/PCAR
2023-11-03,0.0,0.0,0.0,0,1.1245376983428077,9.283226867771427,LLY/PCAR
2023-11-06,0.0,0.0,0.0,0,1.7084633238516245,9.29805287408122,LLY/PCAR
2023-11-07,0.0,0.0,0.0,0,1.7715114183254774,9.317269139073426,LLY/PCAR
2023-11-08,0.0,0.0,0.0,0,2.103039767704279,9.337059972076919,LLY/PCAR
2023-11-09,0.0,0.0,0.0,0,1.6564881937789322,9.360013805192464,LLY/PCAR
2023-11-10,0.0,0.0,0.0,0,1.3937622882159055,9.379625208444313,LLY/PCAR
2023-11-13,0.0,0.0,0.0,0,1.716879150752281,9.397287810614507,LLY/PCAR
2023-11-14,0.0,0.0,0.0,0,1.199503077557417,9.417593391572602,LLY/PCAR
2023-11-15,0.0,0.0,0.0,0,0.8008377684911782,9.43391921905908,LLY/PCAR
2023-11-16,0.0,0.0,0.0,0,0.7213412696787715,9.446724653157398,LLY/PCAR
2023-11-17,0.0,0.0,0.0,0,0.6965101690601846,9.458101593024242,LLY/PCAR
2023-11-20,0.0,0.0,0.0,0,0.7222493118193214,9.469867080686068,LLY/PCAR
2023-11-21,0.0,0.0,0.0,0,0.687535050273364,9.481531068984124,LLY/PCAR
2023-11-22,0.0,0.0,0.0,0,0.7592603730139151,9.493446414445353,LLY/PCAR
2023-11-24,0.0,0.0,0.0,0,0.7397021943821864,9.506935284410792,LLY/PCAR
2023-11-27,0.0,0.0,0.0,0,0.5921521383641667,9.520800995901356,LLY/PCAR
2023-11-28,0.0,0.0,0.0,0,0.7191183106199407,9.534067813034133,LLY/PCAR
2023-11-29,0.0,0.0,0.0,0,0.6543506244680469,9.548058459366406,LLY/PCAR
2023-11-30,0.0,0.0,0.0,0,0.545797908418888,9.561397734575014,LLY/PCAR
2023-12-01,0.0,0.0,0.0,0,0.17738231963115922,9.573395651404107,LLY/PCAR
2023-12-04,0.0,0.0,0.0,0,0.11362142817659528,9.58154887188007,LLY/PCAR
2023-12-05,0.0,0.0,0.0,0,0.1313327123572653,9.589352621345249,LLY/PCAR
2023-12-06,0.0,0.0,0.0,0,0.004942916355612185,9.597313680681985,LLY/PCAR
2023-12-07,0.0,0.0,0.0,0,-0.15215446501111468,9.603851659247784,LLY/PCAR
2023-12-08,0.0,0.0,0.0,0,0.0555526094932742,9.610065581048167,LLY/PCAR
2023-12-11,0.0,0.0,0.0,0,-0.6482552235424519,9.617918786693423,LLY/PCAR
2023-12-12,0.0,0.0,0.0,0,-0.5833720715148416,9.619077702094387,LLY/PCAR
2023-12-13,0.0,0.0,0.0,0,-0.4121701713926191,9.621602852270724,LLY/PCAR
2023-12-14,0.0,0.0,0.0,0,-1.037070834637927,9.62422014365816,LLY/PCAR
2023-12-15,0.0,0.0,0.0,0,-1.1404399304157218,9.619931842598088,LLY/PCAR
2023-12-18,0.0,0.0,0.0,0,-0.8989855974022029,9.614906867466903,LLY/PCAR
2023-12-19,0.0,0.0,0.0,0,-1.07144515302287,9.612596324801288,LLY/PCAR
2023-12-20,0.0,0.0,0.0,0,-1.10020348451918,9.607811403190304,LLY/PCAR
2023-12-21,0.0,0.0,0.0,0,-1.2355785180120478,9.60356709954221,LLY/PCAR
2023-12-22,0.0,0.0,0.0,0,-1.3584514581265728,9.596448848327215,LLY/PCAR
2023-12-26,0.0,0.0,0.0,0,-1.3877437130943342,9.588087070427298,LLY/PCAR
2023-12-27,0.0,0.0,0.0,0,-1.182208793421629,9.579167219914812,LLY/PCAR
2023-12-28,0.0,0.0,0.0,0,-1.1950320925910651,9.57298682686851,LLY/PCAR
2023-12-29,0.0,0.0,0.0,0,-1.1167023096260873,9.566292633539117,LLY/PCAR
2024-01-02,0.0,0.0,0.0,0,-0.7807615647669874,9.560334102603624,LLY/PCAR
2024-01-03,0.0,0.0,0.0,0,0.03406012523185155,9.557438014830177,LLY/PCAR
2024-01-04,0.0,0.0,0.0,0,0.16947908225744787,9.562780983734827,LLY/PCAR
2024-01-05,0.0,0.0,0.0,0,0.276675876694321,9.568999612232133,LLY/PCAR
2024-01-08,0.0,0.0,0.0,0,0.03990045225152994,9.575613981743391,LLY/PCAR
2024-01-09,0.0,0.0,0.0,0,0.1894319883877148,9.579110772111177,LLY/PCAR
2024-01-10,0.0,0.0,0.0,0,0.31507885257229684,9.58444460457094,LLY/PCAR
2024-01-11,0.0,0.0,0.0,0,0.41709353272120187,9.591228890350617,LLY/PCAR
2024-01-12,0.0,0.0,0.0,0,0.6469582349692597,9.598496312734566,LLY/PCAR
2024-01-16,0.0,0.0,0.0,0,0.4800756302485744,9.607196536882327,LLY/PCAR
2024-01-17,0.0,0.0,0.0,0,0.36052004580197783,9.615184663297235,LLY/PCAR
2024-01-18,0.0,0.0,0.0,0,0.021925820434579607,9.620436563368724,LLY/PCAR
2024-01-19,0.0,0.0,0.0,0,-0.03314662306028947,9.622962901455269,LLY/PCAR
2024-01-22,0.0,0.0,0.0,0,-0.13545381674535203,9.624864533412996,LLY/PCAR
2024-01-23,0.0,0.0,0.0,0,-0.8469983894875514,9.626175328501615,LLY/PCAR
2024-01-24,0.0,0.0,0.0,0,-0.7318103194979623,9.62030938525677,LLY/PCAR
2024-01-25,0.0,0.0,0.0,0,-1.0506020610959639,9.615502067299435,LLY/PCAR
2024-01-26,0.0,0.0,0.0,0,-0.7743857199321049,9.607381482267462,LLY/PCAR
2024-01-29,0.0,0.0,0.0,0,-0.5930866143156089,9.601763348269483,LLY/PCAR
2024-01-30,0.0,0.0,0.0,0,-0.6908968697636108,9.598086799226834,LLY/PCAR
2024-01-31,0.0,0.0,0.0,0,-0.3976711217622501,9.593453076371985,LLY/PCAR
2024-02-01,0.0,0.0,0.0,0,-0.3948331030648706,9.591269603614318,LLY/PCAR
2024-02-02,0.0,0.0,0.0,0,-0.44530435826880693,9.588753542849455,LLY/PCAR
2024-02-05,0.0,0.0,0.0,0,0.11804092906760079,9.586026823360582,LLY/PCAR
2024-02-06,0.0,0.0,0.0,0,0.08144183137787869,9.588301451227188,LLY/PCAR
2024-02-07,0.0,0.0,0.0,0,0.32662800175433093,9.590149887325442,LLY/PCAR
2024-02-08,0.0,0.0,0.0,0,0.42508323349431837,9.594104675251153,LLY/PCAR
2024-02-09,0.0,0.0,0.0,0,0.4367312548968771,9.598976276730289,LLY/PCAR
2024-02-12,0.0,0.0,0.0,0,0.3745319945170984,9.603787967917846,LLY/PCAR
2024-02-13,0.0,0.0,0.0,0,0.6255781105941292,9.608097445936748,LLY/PCAR
2024-02-14,0.0,0.0,0.0,0,0.6134028864640167,9.614762470274572,LLY/PCAR
2024-02-15,0.0,0.0,0.0,0,0.3714096978962022,9.621846512095058,LLY/PCAR
2024-02-16,0.0,0.0,0.0,0,0.8855110793603119,9.626940590109193,LLY/PCAR
2024-02-20,0.0,0.0,0.0,0,0.4299932817109024,9.637085691431666,LLY/PCAR
2024-02-21,0.0,0.0,0.0,0,0.014985155789344761,9.642818512213399,LLY/PCAR
2024-02-22,0.0,0.0,0.0,0,0.14522550127604011,9.644571079516727,LLY/PCAR
2024-02-23,0.0,0.0,0.0,0,0.09468075804388616,9.647693421509421,LLY/PCAR
2024-02-26,0.0,0.0,0.0,0,-0.1207909125550734,9.65034124571292,LLY/PCAR
2024-02-27,0.0,0.0,0.0,0,-0.0920302769663542,9.650804597484433,LLY/PCAR
2024-02-28,0.0,0.0,0.0,0,-0.24088748018571512,9.651080536214224,LLY/PCAR
2024-02-29,0.0,0.0,0.0,0,-0.23097412376362664,9.649898874253394,LLY/PCAR
2024-03-01,0.0,0.0,0.0,0,-0.08639379312453609,9.648722488607287,LLY/PCAR
2024-03-04,0.0,0.0,0.0,0,0.26822162664928767,9.648906515075694,LLY/PCAR
2024-03-05,0.0,0.0,0.0,0,-0.33443339134744793,9.652793083222356,LLY/PCAR
2024-03-06,0.0,0.0,0.0,0,-0.5346586439978753,9.650707232385749,LLY/PCAR
2024-03-07,0.0,0.0,0.0,0,-0.3212692989683406,9.64678689566211,LLY/PCAR
2024-03-08,0.0,0.0,0.0,0,-0.7228242405531301,9.645254835907306,LLY/PCAR
2024-03-11,0.0,0.0,0.0,0,-1.142173743719597,9.63977442103179,LLY/PCAR
2024-03-12,0.0,0.0,0.0,0,-0.8663844319338188,9.630928868830305,LLY/PCAR
2024-03-13,0.0,0.0,0.0,0,-1.0117116416248235,9.62455909191015,LLY/PCAR
2024-03-14,0.0,0.0,0.0,0,-0.8127325098805275,9.6167803181437,LLY/PCAR
2024-03-15,0.0,0.0,0.0,0,-1.478557138743006,9.610770888805163,LLY/PCAR
2024-03-18,0.0,0.0,0.0,0,-1.6497517134299693,9.597901368231254,LLY/PCAR
2024-03-19,0.0,0.0,0.0,0,-1.5499977280414994,9.583110770399038,LLY/PCAR
2024-03-20,0.0,0.0,0.0,0,-1.6074075409604553,9.568955269215426,LLY/PCAR
2024-03-21,0.0,0.0,0.0,0,-2.1530565388094223,9.554487252073043,LLY/PCAR
2024-03-22,0.0,0.0,0.0,0,-1.9994239976823036,9.533859218992239,LLY/PCAR
2024-03-25,0.0,0.0,0.0,0,-1.8629094647611721,9.514884475486204,LLY/PCAR
2024-03-26,0.0,0.0,0.0,0,-1.7373723268525982,9.497595563564435,LLY/PCAR
2024-03-27,0.0,0.0,0.0,0,-1.900908197030141,9.481814861526995,LLY/PCAR
2024-03-28,0.0,0.0,0.0,0,-1.7822461511987164,9.464406389433275,LLY/PCAR
2024-04-01,0.0,0.0,0.0,0,-1.9558902858024378,9.44833612560933,LLY/PCAR
2024-04-02,0.0,0.0,0.0,0,-1.6109644442963738,9.430641579614248,LLY/PCAR
2024-04-03,0.0,0.0,0.0,0,-1.1633651960099378,9.416317305477572,LLY/PCAR
2024-04-04,0.0,0.0,0.0,0,-1.3191873890972854,9.406389041497755,LLY/PCAR
2024-04-05,0.0,0.0,0.0,0,-1.2818122041142743,9.394729535912242,LLY/PCAR
2024-04-08,0.0,0.0,0.0,0,-1.4482406291515924,9.383119116064949,LLY/PCAR
2024-04-09,0.0,0.0,0.0,0,-1.250773851336007,9.369966254252832,LLY/PCAR
2024-04-10,0.0,0.0,0.0,0,-1.0655231262599256,9.35928271950063,LLY/PCAR
2024-04-11,0.0,0.0,0.0,0,-1.131587992545171,9.35035044866111,LLY/PCAR
2024-04-12,0.0,0.0,0.0,0,-1.149739696775712,9.340881948443267,LLY/PCAR
2024-04-15,0.0,0.0,0.0,0,-1.1314692925492507,9.331759003789585,LLY/PCAR
2024-04-16,0.0,0.0,0.0,0,-1.1164424456688993,9.322756212798597,LLY/PCAR
2024-04-17,0.0,0.0,0.0,0,-0.761567360977603,9.313913636365745,LLY/PCAR
2024-04-18,0.0,0.0,0.0,0,-0.4845789881262547,9.307827851411925,LLY/PCAR
2024-04-19,0.0,0.0,0.0,0,-0.42376904793535386,9.30419507957471,LLY/PCAR
2024-04-22,0.0,0.0,0.0,0,-0.557040421935142,9.301315201782355,LLY/PCAR
2024-04-23,0.0,0.0,0.0,0,-0.4046823155291183,9.297129101235,LLY/PCAR
2024-04-24,0.0,0.0,0.0,0,-0.7258124391284362,9.29439919026984,LLY/PCAR
2024-04-25,0.0,0.0,0.0,0,-0.6725744826253176,9.289498379180976,LLY/PCAR
2024-04-26,0.0,0.0,0.0,0,-0.39531867421572314,9.285149676724894,LLY/PCAR
2024-04-29,0.0,0.0,0.0,0,-0.6015262034811127,9.282658965874447,LLY/PCAR
2024-04-30,0.0,0.0,0.0,0,1.478140686477638,9.278602093697463,LLY/PCAR
2024-05-01,0.0,0.0,0.0,0,1.3482094190246285,9.287541082440848,LLY/PCAR
2024-05-02,0.0,0.0,0.0,0,0.9273683495011167,9.295497141798458,LLY/PCAR
2024-05-03,0.0,0.0,0.0,0,0.8046209640804501,9.30091383167612,LLY/PCAR
2024-05-06,0.0,0.0,0.0,0,1.3368482326451585,9.305345631171214,LLY/PCAR
2024-05-07,0.0,0.0,0.0,0,1.296640877139169,9.312899012328185,LLY/PCAR
2024-05-08,0.0,0.0,0.0,0,1.1617452351716064,9.320418146167766,LLY/PCAR
2024-05-09,0.0,0.0,0.0,0,0.7795858747922867,9.327023595852486,LLY/PCAR
2024-05-10,0.0,0.0,0.0,0,0.51451865896435,9.332097560435601,LLY/PCAR
2024-05-13,0.0,0.0,0.0,0,0.8545224123626295,9.33581830925121,LLY/PCAR
2024-05-14,0.0,0.0,0.0,0,0.7056465303072167,9.3411854896725,LLY/PCAR
2024-05-15,0.0,0.0,0.0,0,1.1650359662049743,9.345893068460542,LLY/PCAR
2024-05-16,0.0,0.0,0.0,0,1.216916363702317,9.353129947015741,LLY/PCAR
2024-05-17,0.0,0.0,0.0,0,1.1767836090793817,9.360219098888804,LLY/PCAR
2024-05-20,0.0,0.0,0.0,0,1.5132850888071478,9.36765373259059,LLY/PCAR
2024-05-21,0.0,0.0,0.0,0,1.848271705967204,9.376739698306313,LLY/PCAR
2024-05-22,0.0,0.0,0.0,0,1.3761423396224837,9.387074141221207,LLY/PCAR
2024-05-23,0.0,0.0,0.0,0,1.3807303921782852,9.395118609267373,LLY/PCAR
2024-05-24,0.0,0.0,0.0,0,1.2592079947287773,9.40312719343411,LLY/PCAR
2024-05-28,0.0,0.0,0.0,0,1.5057262321171425,9.410416847428898,LLY/PCAR
2024-05-29,0.0,0.0,0.0,0,2.016305011879743,9.418660729647987,LLY/PCAR
2024-05-30,0.0,0.0,0.0,0,1.9837833523560533,9.429113234128165,LLY/PCAR
2024-05-31,0.0,0.0,0.0,0,1.7773633458975535,9.439608615205549,LLY/PCAR
2024-06-03,0.0,0.0,0.0,0,2.3031685854568478,9.449162518905467,LLY/PCAR
2024-06-04,0.0,0.0,0.0,0,2.23671644162107,9.461023050119286,LLY/PCAR
2024-06-05,0.0,0.0,0.0,0,1.5290239911342776,9.472875496727136,LLY/PCAR
2024-06-06,0.0,0.0,0.0,0,1.7723678009969455,9.48134684644843,LLY/PCAR
2024-06-07,0.0,0.0,0.0,0,2.232515604190706,9.490970850977265,LLY/PCAR
2024-06-10,0.0,0.0,0.0,0,2.5329878975191713,9.502573202598025,LLY/PCAR
2024-06-11,0.0,0.0,0.0,0,2.7657497209616806,9.515881828211384,LLY/PCAR
2024-06-12,0.0,0.0,0.0,0,2.651751992915112,9.529964045581286,LLY/PCAR
2024-06-13,0.0,0.0,0.0,0,2.8612078409877966,9.543665497459942,LLY/PCAR
2024-06-14,0.0,0.0,0.0,0,2.8114394221581573,9.558494561871614,LLY/PCAR
2024-06-17,0.0,0.0,0.0,0,2.738074722830699,9.572978653738636,LLY/PCAR
2024-06-18,0.0,0.0,0.0,0,2.841123895341804,9.587152576205998,LLY/PCAR
2024-06-20,0.0,0.0,0.0,0,2.796338138626252,9.601806386640662,LLY/PCAR
2024-06-21,0.0,0.0,0.0,0,2.944241177495305,9.616297555587172,LLY/PCAR
2024-06-24,0.0,0.0,0.0,0,2.87962941418175,9.631177214988693,LLY/PCAR
2024-06-25,0.0,0.0,0.0,0,3.1822759547859367,9.646083197605297,LLY/PCAR
2024-06-26,0.0,12.5,-12.5,-1,3.451911252494563,9.662356166032822,LLY/PCAR
2024-06-27,-144.27673339362815,0.0,-144.27673339362815,-1,3.6103423520630944,9.679251288597303,LLY/PCAR
2024-06-28,-77.6558249117726,0.0,-77.6558249117726,-1,3.6785476063946874,9.696908790059554,LLY/PCAR
2024-07-01,-256.73395478852717,0.0,-256.73395478852717,-1,3.9789606581646098,9.714252290026229,LLY/PCAR
2024-07-02,-11.427884943826996,0.0,-11.427884943826996,-1,3.9547648435379354,9.73223966815852,LLY/PCAR
2024-07-03,250.38331015527513,0.0,250.38331015527513,-1,3.591976585201649,9.74988546387563,LLY/PCAR
2024-07-05,-441.34895843605983,0.0,-441.34895843605983,-1,4.127440535827663,9.766165455971391,LLY/PCAR
2024-07-08,84.44865179377632,12.427257517641827,72.02139427613449,0,3.9750251188589165,9.784609004497598,LLY/PCAR
2024-07-09,0.0,12.5,-12.5,-1,4.172064023603988,9.80321790042877,LLY/PCAR
2024-07-10,-77.35672458732664,12.558496730512628,-89.91522131783927,0,4.225289653208117,9.822720388176256,LLY/PCAR
2024-07-11,0.0,12.5,-12.5,-1,3.8140685778942793,9.84269379150819,LLY/PCAR
2024-07-12,-202.78706728723625,0.0,-202.78706728723625,-1,4.033003218129377,9.861598783575749,LLY/PCAR
2024-07-15,149.73976448955366,12.688686782143705,137.05107770740995,0,3.8017129101410094,9.880954604061733,LLY/PCAR
2024-07-16,0.0,12.499999999999998,-12.499999999999998,-1,2.947097127042361,9.899943862537691,LLY/PCAR
2024-07-17,497.0457555050112,0.0,497.0457555050112,-1,2.2821725355285563,9.91611673627158,LLY/PCAR
2024-07-18,814.2812312081329,0.0,814.2812312081329,-1,1.2189981249795692,9.928662327396756,LLY/PCAR
2024-07-19,-368.3126409016728,0.0,-368.3126409016728,-1,1.6871507925035365,9.935377028552914,LLY/PCAR
2024-07-22,40.95541011048988,0.0,40.95541011048988,-1,1.6235295880329967,9.94452165868349,LLY/PCAR
2024-07-23,-1585.0900036575008,0.0,-1585.0900036575008,-1,3.6590430626016284,9.954083562350817,LLY/PCAR
2024-07-24,449.51287704406155,0.0,449.51287704406155,-1,3.0526313831118044,9.970195744969558,LLY/PCAR
2024-07-25,337.7529895020135,0.0,337.7529895020135,-1,2.6040100720630934,9.985076759879195,LLY/PCAR
2024-07-26,406.9595647226653,0.0,406.9595647226653,-1,2.070053155772808,9.997404238462838,LLY/PCAR
2024-07-29,-150.24423792115783,0.0,-150.24423792115783,-1,2.2511929062341856,10.007932699217395,LLY/PCAR
2024-07-30,72.35292920982275,0.0,72.35292920982275,-1,2.150548370200971,10.018800353824851,LLY/PCAR
2024-07-31,13.09492414362333,0.0,13.09492414362333,-1,2.1197021869576735,10.029268815762386,LLY/PCAR
2024-08-01,-640.7374089227028,0.0,-640.7374089227028,-1,2.9206926874630885,10.040138085316862,LLY/PCAR
2024-08-02,124.86749847917264,0.0,124.86749847917264,-1,2.750617192262681,10.05324570665363,LLY/PCAR
2024-08-05,81.90600836138987,0.0,81.90600836138987,-1,2.639243704672217,10.065708614717801,LLY/PCAR
2024-08-06,-186.5469367896281,0.0,-186.5469367896281,-1,2.8571512064106996,10.07687818510099,LLY/PCAR
2024-08-07,191.67152344953314,0.0,191.67152344953314,-1,2.604593512524005,10.088744548628842,LLY/PCAR
2024-08-08,-736.4961611251542,0.0,-736.4961611251542,-1,3.4991896453109863,10.09949146261883,LLY/PCAR
2024-08-09,-640.9932109510975,0.0,-640.9932109510975,-1,4.265809224083177,10.114211970702206,LLY/PCAR
2024-08-12,10.62534724585639,11.13721045118848,-0.5118632053320908,0,4.214184791868946,10.131475508812061,LLY/PCAR
2024-08-13,0.0,12.5,-12.5,-1,4.465498918775417,10.148476419943103,LLY/PCAR
2024-08-14,-193.55510442607007,12.731673352169167,-206.28677777823924,0,4.633402841205681,10.167277638553843,LLY/PCAR
2024-08-15,0.0,12.5,-12.5,-1,4.361387067198722,10.187304566515838,LLY/PCAR
2024-08-16,148.77438600471362,12.446508158220604,136.327877846493,0,4.14984481964567,10.20716056160258,LLY/PCAR
2024-08-19,0.0,12.5,-12.5,-1,3.9885102939648807,10.226206129772414,LLY/PCAR
2024-08-20,-416.66435855943587,0.0,-416.66435855943587,-1,4.414425806839221,10.244680130812613,LLY/PCAR
2024-08-21,16.199363440592975,12.706775463700568,3.4925879768924073,0,4.350067903428488,10.264886377951457,LLY/PCAR
2024-08-22,0.0,12.500000000000002,-12.500000000000002,-1,4.444455153949084,10.285578679515329,LLY/PCAR
2024-08-23,171.74009878549867,12.566890071815658,159.173208713683,0,4.2077242450190475,10.305957028990335,LLY/PCAR
2024-08-26,0.0,12.5,-12.5,-1,4.218184987722885,10.325356462659812,LLY/PCAR
2024-08-27,-247.9231453785106,12.428305819192229,-260.35145119770283,0,4.447878315183635,10.344512514155175,LLY/PCAR
2024-08-28,0.0,12.5,-12.5,-1,4.298327290811636,10.36320217816234,LLY/PCAR
2024-08-29,132.0460885271565,12.449677418307052,119.59641110884947,0,4.114776561860014,10.381126324285734,LLY/PCAR
2024-08-30,0.0,12.5,-12.5,-1,4.1429492053320525,10.398363144793397,LLY/PCAR
2024-09-03,-34.38803578466161,12.437095135225185,-46.825130919886796,0,4.140415811787702,10.416914961214038,LLY/PCAR
2024-09-04,0.0,12.499999999999998,-12.499999999999998,-1,4.036182000123514,10.435092717053564,LLY/PCAR
2024-09-05,126.01315576602042,12.118284179907016,113.8948715861134,0,3.869115029177702,10.45269821297994,LLY/PCAR
2024-09-06,0.0,12.5,-12.5,-1,3.6059120628441796,10.468422330745312,LLY/PCAR
2024-09-09,157.50471533054204,0.0,157.50471533054204,-1,3.420189812731045,10.483581257757539,LLY/PCAR
2024-09-10,41.658482445774474,0.0,41.658482445774474,-1,3.3540563220093293,10.499001046543672,LLY/PCAR
2024-09-11,-311.9255331110412,0.0,-311.9255331110412,-1,3.640079973775088,10.514071931757575,LLY/PCAR
2024-09-12,-81.82997869604642,0.0,-81.82997869604642,-1,3.6916709236891943,10.530176991304547,LLY/PCAR
2024-09-13,161.39643954620772,0.0,161.39643954620772,-1,3.5035795405445644,10.547547657082603,LLY/PCAR
2024-09-16,81.06730753561868,0.0,81.06730753561868,-1,3.3973166119380314,10.564018420823995,LLY/PCAR
2024-09-17,548.2065046889438,0.0,548.2065046889438,-1,2.8359671237015727,10.580262714125993,LLY/PCAR
2024-09-18,-210.18057620427487,0.0,-210.18057620427487,-1,3.0251348696241855,10.594846482026613,LLY/PCAR
2024-09-19,296.7843369140912,0.0,296.7843369140912,-1,2.712970207898673,10.609369336021057,LLY/PCAR
2024-09-20,-170.98808239567455,0.0,-170.98808239567455,-1,2.862345154545696,10.62434587930607,LLY/PCAR
2024-09-23,24.30705947170823,0.0,24.30705947170823,-1,2.821132557975347,10.640076690781877,LLY/PCAR
2024-09-24,-29.197195769386425,0.0,-29.197195769386425,-1,2.8305470774857877,10.655354901517809,LLY/PCAR
2024-09-25,-144.32978655454846,0.0,-144.32978655454846,-1,2.9532511760574214,10.670647316259139,LLY/PCAR
2024-09-26,166.24443349188414,0.0,166.24443349188414,-1,2.7772089705954737,10.686160660135275,LLY/PCAR
2024-09-27,474.4606875284717,0.0,474.4606875284717,-1,2.310064300507472,10.701026753201823,LLY/PCAR
2024-09-30,-36.739150365373234,0.0,-36.739150365373234,-1,2.3312742383307197,10.713623217043066,LLY/PCAR
2024-10-01,-65.57168426950935,0.0,-65.57168426950935,-1,2.3831617808633636,10.726370979084002,LLY/PCAR
2024-10-02,-107.73924486475495,0.0,-107.73924486475495,-1,2.4727192689491995,10.738718888213187,LLY/PCAR
2024-10-03,527.5519667044144,0.0,527.5519667044144,-1,1.9520466729592256,10.7513453571799,LLY/PCAR
2024-10-04,271.2417741235553,0.0,271.2417741235553,-1,1.6801850946140602,10.762187929569793,LLY/PCAR
2024-10-07,-212.03148649514696,0.0,-212.03148649514696,-1,1.8725333157367965,10.772075311075726,LLY/PCAR
2024-10-08,-233.86085627360058,0.0,-233.86085627360058,-1,2.0828401467216597,10.782767677665879,LLY/PCAR
2024-10-09,49.39339928461669,0.0,49.39339928461669,-1,2.022002260264012,10.794267650267814,LLY/PCAR
2024-10-10,103.35371709338222,0.0,103.35371709338222,-1,1.915942256243634,10.805435308683334,LLY/PCAR
2024-10-11,139.59452591050768,0.0,139.59452591050768,-1,1.7628530997623597,10.815271330583016,LLY/PCAR
2024-10-14,227.64146551886006,0.0,227.64146551886006,-1,1.5359567030416033,10.825193352779781,LLY/PCAR
2024-10-15,-24.411377385992097,0.0,-24.411377385992097,-1,1.5594446252716212,10.833986021605657,LLY/PCAR
2024-10-16,41.79595888239608,0.0,41.79595888239608,-1,1.5105774864784223,10.842258972306688,LLY/PCAR
2024-10-17,62.386449254730564,0.0,62.386449254730564,-1,1.4432433604408368,10.85033149224484,LLY/PCAR
2024-10-18,331.85892504283646,0.0,331.85892504283646,-1,1.1168238282644658,10.858064530393195,LLY/PCAR
2024-10-21,96.68924489237932,0.0,96.68924489237932,-1,1.024539877196754,10.86436217981213,LLY/PCAR
2024-10-22,-695.6632264814149,0.0,-695.6632264814149,-1,1.6882200827724807,10.8700944905018,LLY/PCAR
2024-10-23,-53.75319741696691,0.0,-53.75319741696691,-1,1.735462465291981,10.878477816441144,LLY/PCAR
2024-10-24,304.2767615165401,0.0,304.2767615165401,-1,1.4414175548749333,10.88666307929463,LLY/PCAR
2024-10-25,125.0455815754225,0.0,125.0455815754225,-1,1.3145908299799396,10.89326681715827,LLY/PCAR
2024-10-28,119.33633227619677,0.0,119.33633227619677,-1,1.1929634333868673,10.899407740419582,LLY/PCAR
2024-10-29,-163.52900435072831,0.0,-163.52900435072831,-1,1.3412075070879066,10.904942517589502,LLY/PCAR
2024-10-30,535.4750908906337,0.0,535.4750908906337,-1,0.8519269689397885,10.911210405460306,LLY/PCAR
2024-10-31,149.44579315106145,0.0,149.44579315106145,-1,0.7148546242537874,10.914333437275927,LLY/PCAR
2024-11-01,21.51377859059808,0.0,21.51377859059808,-1,0.6980117076253827,10.916694477084116,LLY/PCAR
2024-11-04,374.4127352851742,0.0,374.4127352851742,-1,0.34277548612979686,10.918892815910324,LLY/PCAR
2024-11-05,442.3215670169619,0.0,442.3215670169619,-1,-0.08377330545838098,10.919128994506837,LLY/PCAR
2024-11-06,1483.6904013750184,13.181516505330164,1470.5088848696882,0,-1.494540183197231,10.916872313820203,LLY/PCAR
2024-11-07,0.0,0.0,0.0,0,-0.7907877309535969,10.904491195016819,LLY/PCAR
2024-11-08,0.0,0.0,0.0,0,-0.573837526174679,10.897660879758549,LLY/PCAR
2024-11-11,0.0,0.0,0.0,0,-0.8262782993616099,10.892241939131802,LLY/PCAR
2024-11-12,0.0,0.0,0.0,0,-1.0391044604824846,10.884718057889227,LLY/PCAR
2024-11-13,0.0,0.0,0.0,0,-1.1619490766502258,10.875599207322555,LLY/PCAR
2024-11-14,0.0,0.0,0.0,0,-1.2500765866917372,10.86546066092217,LLY/PCAR
2024-11-15,0.0,0.0,0.0,0,-1.3665517565065448,10.854974356771951,LLY/PCAR
2024-11-18,0.0,0.0,0.0,0,-1.5490347055723044,10.844199873668838,LLY/PCAR
2024-11-19,0.0,0.0,0.0,0,-1.3144529449728841,10.83246888911083,LLY/PCAR
2024-11-20,0.0,0.0,0.0,0,-0.9598195275035762,10.82261160548109,LLY/PCAR
2024-11-21,0.0,0.0,0.0,0,-1.5238647578849829,10.815135316236436,LLY/PCAR
2024-11-22,0.0,0.0,0.0,0,-1.629372771775071,10.803485775188179,LLY/PCAR
2024-11-25,0.0,0.0,0.0,0,-1.7624034931559622,10.791006529306681,LLY/PCAR
2024-11-26,0.0,0.0,0.0,0,-1.228650029623698,10.777078525728795,LLY/PCAR
2024-11-27,0.0,0.0,0.0,0,-1.2819150026068566,10.767014027779254,LLY/PCAR
2024-11-29,0.0,0.0,0.0,0,-1.2898372680112904,10.75654944914276,LLY/PCAR
2024-12-02,0.0,0.0,0.0,0,-1.1293236855956057,10.745893714796496,LLY/PCAR
2024-12-03,0.0,0.0,0.0,0,-1.03159518039366,10.736294318838631,LLY/PCAR
2024-12-04,0.0,0.0,0.0,0,-1.0182396134441563,10.727425077012576,LLY/PCAR
2024-12-05,0.0,0.0,0.0,0,-0.9642383599458074,10.718390424161328,LLY/PCAR
2024-12-06,0.0,0.0,0.0,0,-0.723507274681533,10.71003573364715,LLY/PCAR
2024-12-09,0.0,0.0,0.0,0,-0.8750827590946219,10.703581174993264,LLY/PCAR
2024-12-10,0.0,0.0,0.0,0,-0.9891602199276078,10.69640796345144,LLY/PCAR
2024-12-11,0.0,0.0,0.0,0,-1.0892310781758805,10.688428236563485,LLY/PCAR
2024-12-12,0.0,0.0,0.0,0,-0.8673220101342348,10.679811350328231,LLY/PCAR
2024-12-13,0.0,0.0,0.0,0,-0.8052393658526192,10.673012044953337,LLY/PCAR
2024-12-16,0.0,0.0,0.0,0,-0.8415959965333297,10.666581145691163,LLY/PCAR
2024-12-17,0.0,0.0,0.0,0,-0.7576144305928361,10.660046009944411,LLY/PCAR
2024-12-18,0.0,0.0,0.0,0,-0.4371037958903747,10.654156187440757,LLY/PCAR
2024-12-19,0.0,0.0,0.0,0,-0.49068921278201094,10.650359287116094,LLY/PCAR
2024-12-20,0.0,0.0,0.0,0,-0.46648502343529796,10.646256171984911,LLY/PCAR
2024-12-23,0.0,0.0,0.0,0,-0.028007934081471092,10.642348659082092,LLY/PCAR
2024-12-24,0.0,0.0,0.0,0,-0.09763701702027312,10.640873990283728,LLY/PCAR
2024-12-26,0.0,0.0,0.0,0,-0.14862821224604472,10.639121786964271,LLY/PCAR
2024-12-27,0.0,0.0,0.0,0,-0.1730707961448181,10.636953174106829,LLY/PCAR
2024-12-30,0.0,0.0,0.0,0,-0.16404734521707512,10.634833301599143,LLY/PCAR
2024-12-31,0.0,0.0,0.0,0,-0.2395571926174938,10.632965480112615,LLY/PCAR
2025-01-02,0.0,0.0,0.0,0,-0.08486720034141533,10.630687664070454,LLY/PCAR
2025-01-03,0.0,0.0,0.0,0,-0.22776862963612501,10.629241180763742,LLY/PCAR
2025-01-06,0.0,0.0,0.0,0,-0.741422035918168,10.627184584670747,LLY/PCAR
2025-01-07,0.0,0.0,0.0,0,-0.9371209817827588,10.622040259635822,LLY/PCAR
2025-01-08,0.0,0.0,0.0,0,-0.6216008359388969,10.615493687264276,LLY/PCAR
2025-01-10,0.0,0.0,0.0,0,-0.21195003357005074,10.61109140901351,LLY/PCAR
2025-01-13,0.0,0.0,0.0,0,-0.44590406472975036,10.609188285354621,LLY/PCAR
2025-01-14,0.0,0.0,0.0,0,-1.3642632425660828,10.605805465294948,LLY/PCAR
2025-01-15,0.0,0.0,0.0,0,-1.2611430895456168,10.5970645262086,LLY/PCAR
2025-01-16,0.0,0.0,0.0,0,-1.1006150998344846,10.589330137216043,LLY/PCAR
2025-01-17,0.0,0.0,0.0,0,-1.6024692314683018,10.582257538110461,LLY/PCAR
2025-01-21,0.0,0.0,0.0,0,-1.3590849864524994,10.572337998792399,LLY/PCAR
2025-01-22,0.0,0.0,0.0,0,-1.1733184234596057,10.563982570601372,LLY/PCAR
2025-01-23,0.0,0.0,0.0,0,-1.0394713082160973,10.557026668670266,LLY/PCAR
2025-01-24,0.0,0.0,0.0,0,-0.7807199540035932,10.550835528647056,LLY/PCAR
2025-01-27,0.0,0.0,0.0,0,-0.49596821508334443,10.545841641637383,LLY/PCAR
2025-01-28,0.0,0.0,0.0,0,-0.19258524412891084,10.542244568063907,LLY/PCAR
2025-01-29,0.0,0.0,0.0,0,-0.6692748045606439,10.540497101115896,LLY/PCAR
2025-01-30,0.0,0.0,0.0,0,-0.636003220772953,10.536343333522025,LLY/PCAR
2025-01-31,0.0,0.0,0.0,0,-0.5754800092453871,10.532179960463948,LLY/PCAR
2025-02-03,0.0,0.0,0.0,0,-0.35731252165469557,10.52838400800451,LLY/PCAR
2025-02-04,0.0,0.0,0.0,0,-0.07855120329889584,10.52570394522537,LLY/PCAR
2025-02-05,0.0,0.0,0.0,0,0.3123069384236076,10.524866152951182,LLY/PCAR
2025-02-06,0.0,0.0,0.0,0,0.5731113893810486,10.526047107138247,LLY/PCAR
2025-02-07,0.0,0.0,0.0,0,0.8819705007356305,10.528700941456316,LLY/PCAR
2025-02-10,0.0,0.0,0.0,0,0.7504285128932606,10.53277776562294,LLY/PCAR
2025-02-11,0.0,0.0,0.0,0,0.7024159322843957,10.535962638034604,LLY/PCAR
2025-02-12,0.0,0.0,0.0,0,1.1389942401145292,10.538936366739257,LLY/PCAR
2025-02-13,0.0,0.0,0.0,0,0.8455780077058432,10.544124211547146,LLY/PCAR
2025-02-14,0.0,0.0,0.0,0,0.4288553188978912,10.54874008838164,LLY/PCAR
2025-02-18,0.0,0.0,0.0,0,0.5134151102159874,10.55142575821006,LLY/PCAR
2025-02-19,0.0,0.0,0.0,0,0.5477611272519483,10.554827358809302,LLY/PCAR
2025-02-20,0.0,0.0,0.0,0,0.7172777520726333,10.558556099165656,LLY/PCAR
2025-02-21,0.0,0.0,0.0,0,0.978500357296053,10.562607220437771,LLY/PCAR
2025-02-24,0.0,0.0,0.0,0,0.8408835385568051,10.5681797157384,LLY/PCAR
2025-02-25,0.0,0.0,0.0,0,1.048404146867202,10.573188821368952,LLY/PCAR
2025-02-26,0.0,0.0,0.0,0,1.2786228108121953,10.580437011828057,LLY/PCAR
2025-02-27,0.0,0.0,0.0,0,1.2194141991876877,10.589052233574176,LLY/PCAR
2025-02-28,0.0,0.0,0.0,0,1.1822046121824081,10.598258034983346,LLY/PCAR
2025-03-03,0.0,0.0,0.0,0,1.5754236494937834,10.606545358553689,LLY/PCAR
2025-03-04,0.0,0.0,0.0,0,1.7934339049529393,10.617034686779217,LLY/PCAR
2025-03-05,0.0,0.0,0.0,0,1.8250575447322805,10.628253442066892,LLY/PCAR
2025-03-06,0.0,0.0,0.0,0,1.1035687544540327,10.638582765485632,LLY/PCAR
2025-03-07,0.0,0.0,0.0,0,0.15768653353847875,10.64743101232675,LLY/PCAR
2025-03-10,0.0,0.0,0.0,0,-0.40035444714432256,10.652525125142697,LLY/PCAR
2025-03-11,0.0,0.0,0.0,0,0.2816875778865371,10.656171203272756,LLY/PCAR
2025-03-12,0.0,0.0,0.0,0,0.5609967161492679,10.662671496880977,LLY/PCAR
2025-03-13,0.0,0.0,0.0,0,0.8138442998800437,10.671312340381812,LLY/PCAR
2025-03-14,0.0,0.0,0.0,0,0.8550446425656508,10.681564258043567,LLY/PCAR
2025-03-17,0.0,0.0,0.0,0,0.7378275295119664,10.689298310831699,LLY/PCAR
2025-03-18,0.0,0.0,0.0,0,0.831876309780976,10.695964352999125,LLY/PCAR
2025-03-19,0.0,0.0,0.0,0,1.0890675623447794,10.703019258196047,LLY/PCAR
2025-03-20,0.0,0.0,0.0,0,1.319305237709811,10.711394025616405,LLY/PCAR
2025-03-21,0.0,0.0,0.0,0,1.4105542850828774,10.719687127908864,LLY/PCAR
2025-03-24,0.0,0.0,0.0,0,1.5453757489663407,10.72855455399124,LLY/PCAR
2025-03-25,0.0,0.0,0.0,0,1.3071656983189897,10.738488601853758,LLY/PCAR
2025-03-26,0.0,0.0,0.0,0,0.949166641218042,10.74762942406984,LLY/PCAR
2025-03-27,0.0,0.0,0.0,0,1.0577307827768305,10.755018751946404,LLY/PCAR
2025-03-28,0.0,0.0,0.0,0,1.2317077403572096,10.761597208903083,LLY/PCAR
2025-03-31,0.0,0.0,0.0,0,1.2103209959470176,10.768460177375852,LLY/PCAR
2025-04-01,0.0,0.0,0.0,0,0.8319630615263015,10.775218401166004,LLY/PCAR
2025-04-02,0.0,0.0,0.0,0,0.8857065209189598,10.78040954344381,LLY/PCAR
2025-04-03,0.0,0.0,0.0,0,1.4009584779092241,10.78627316664313,LLY/PCAR
2025-04-04,0.0,0.0,0.0,0,0.9632860550253853,10.792974347451567,LLY/PCAR
2025-04-07,0.0,0.0,0.0,0,1.140169959278933,10.798666427475526,LLY/PCAR
2025-04-08,0.0,0.0,0.0,0,1.395924393127318,10.804367564975218,LLY/PCAR
2025-04-09,0.0,0.0,0.0,0,0.7496476194681053,10.810040320344422,LLY/PCAR
2025-04-10,0.0,0.0,0.0,0,1.0172631801015992,10.815139654657916,LLY/PCAR
2025-04-11,0.0,0.0,0.0,0,0.9352014641271409,10.82071255594878,LLY/PCAR
2025-04-14,0.0,0.0,0.0,0,1.3235610660755612,10.826332434529164,LLY/PCAR
2025-04-15,0.0,0.0,0.0,0,1.4509735492511042,10.833119009154299,LLY/PCAR
2025-04-16,0.0,0.0,0.0,0,1.4363831255420871,10.83972054488612,LLY/PCAR
2025-04-17,0.0,0.0,0.0,0,2.546738087789858,10.845413828754337,LLY/PCAR
2025-04-21,0.0,0.0,0.0,0,2.382687162908352,10.853824507237267,LLY/PCAR
2025-04-22,0.0,0.0,0.0,0,2.325505689055063,10.861347181749686,LLY/PCAR
2025-04-23,0.0,0.0,0.0,0,2.272792897602636,10.869216774355085,LLY/PCAR
2025-04-24,0.0,0.0,0.0,0,2.1669876180474104,10.877377068426032,LLY/PCAR
2025-04-25,0.0,0.0,0.0,0,2.563508125358187,10.886238743247759,LLY/PCAR
2025-04-28,0.0,0.0,0.0,0,2.4455405680683033,10.896386860173251,LLY/PCAR
2025-04-29,0.0,0.0,0.0,0,2.7579407905553115,10.906119656976296,LLY/PCAR
2025-04-30,0.0,0.0,0.0,0,2.921918858497215,10.915909882198507,LLY/PCAR
2025-05-01,0.0,0.0,0.0,0,1.7021606517987515,10.92584673485098,LLY/PCAR
2025-05-02,0.0,0.0,0.0,0,2.0370497314440335,10.93272206804644,LLY/PCAR
2025-05-05,0.0,0.0,0.0,0,2.062890034183945,10.941188372482388,LLY/PCAR
2025-05-06,0.0,0.0,0.0,0,1.562018039403754,10.949930572933848,LLY/PCAR
2025-05-07,0.0,0.0,0.0,0,1.6110675802175767,10.957096269813754,LLY/PCAR
2025-05-08,0.0,0.0,0.0,0,0.9402924967808828,10.964310890070923,LLY/PCAR
2025-05-09,0.0,0.0,0.0,0,0.852258701879765,10.969038696005263,LLY/PCAR
2025-05-12,0.0,0.0,0.0,0,0.448848055256769,10.973825242916407,LLY/PCAR
2025-05-13,0.0,0.0,0.0,0,0.2672232448168362,10.97745681816856,LLY/PCAR
2025-05-14,0.0,0.0,0.0,0,0.06697680874621595,10.98072292893112,LLY/PCAR
2025-05-15,0.0,0.0,0.0,0,0.1082232273297188,10.983144799842536,LLY/PCAR
2025-05-16,0.0,0.0,0.0,0,0.31914121603983864,10.984291685467023,LLY/PCAR
2025-05-19,0.0,0.0,0.0,0,0.2524430731755909,10.98542436708096,LLY/PCAR
2025-05-20,0.0,0.0,0.0,0,0.22069478837045398,10.986816239392056,LLY/PCAR
2025-05-21,0.0,0.0,0.0,0,0.23615680586257734,10.988217535684079,LLY/PCAR
2025-05-22,0.0,0.0,0.0,0,0.11884604103321492,10.989799105570711,LLY/PCAR
2025-05-23,0.0,0.0,0.0,0,0.2415455624744212,10.99096596652309,LLY/PCAR
2025-05-27,0.0,0.0,0.0,0,0.1554932657403481,10.99210887246682,LLY/PCAR
2025-05-28,0.0,0.0,0.0,0,0.20423073804296693,10.992653781110796,LLY/PCAR
2025-05-29,0.0,0.0,0.0,0,0.21100292570612778,10.992707819763414,LLY/PCAR
2025-05-30,0.0,0.0,0.0,0,0.44845727516235767,10.992580938076896,LLY/PCAR
2025-06-02,0.0,0.0,0.0,0,0.8296870209940777,10.993171716514746,LLY/PCAR
2025-06-03,0.0,0.0,0.0,0,0.640745882228712,10.995348226946938,LLY/PCAR
2025-06-04,0.0,0.0,0.0,0,0.9452127399905987,10.997981994265519,LLY/PCAR
2025-06-05,0.0,0.0,0.0,0,0.9595018102404432,11.001263853771414,LLY/PCAR
2025-06-06,0.0,0.0,0.0,0,0.8722153283732077,11.00432573714292,LLY/PCAR
2025-06-09,0.0,0.0,0.0,0,0.7961154307610643,11.007982295356959,LLY/PCAR
2025-06-10,0.0,0.0,0.0,0,1.1497131137506718,11.011398811647052,LLY/PCAR
2025-06-11,0.0,0.0,0.0,0,1.280285032211537,11.016025829938778,LLY/PCAR
2025-06-12,0.0,0.0,0.0,0,1.3491104610224047,11.020742701814926,LLY/PCAR
2025-06-13,0.0,0.0,0.0,0,1.660637764739618,11.025727948723668,LLY/PCAR
2025-06-16,0.0,0.0,0.0,0,1.4099198087359488,11.031244729901498,LLY/PCAR
2025-06-17,0.0,0.0,0.0,0,1.4182448340858684,11.036760706928543,LLY/PCAR
2025-06-18,0.0,0.0,0.0,0,1.3900710569870354,11.042036633508262,LLY/PCAR
2025-06-20,0.0,0.0,0.0,0,1.0868134260740954,11.047420193943909,LLY/PCAR
2025-06-23,0.0,0.0,0.0,0,1.0807653443380385,11.051617593768716,LLY/PCAR
2025-06-24,0.0,0.0,0.0,0,0.8756374141496405,11.055623700345473,LLY/PCAR
2025-06-25,0.0,0.0,0.0,0,1.0260911280356504,11.059445525874116,LLY/PCAR
2025-06-26,0.0,0.0,0.0,0,0.9619771487452675,11.063371327205786,LLY/PCAR
2025-06-27,0.0,0.0,0.0,0,0.7250342481787724,11.066899029075596,LLY/PCAR
2025-06-30,0.0,0.0,0.0,0,0.7500967518143745,11.070029793357536,LLY/PCAR
2025-07-01,0.0,0.0,0.0,0,0.30052017343733417,11.073455978247024,LLY/PCAR
2025-07-02,0.0,0.0,0.0,0,0.19285807328844592,11.075708374898975,LLY/PCAR
2025-07-03,0.0,0.0,0.0,0,0.42558714141329307,11.077209802658667,LLY/PCAR
2025-07-07,0.0,0.0,0.0,0,0.46367769139916376,11.07934971558131,LLY/PCAR
2025-07-08,0.0,0.0,0.0,0,0.2537975815046694,11.081242547696242,LLY/PCAR
2025-07-09,0.0,0.0,0.0,0,0.36706749010529716,11.082082746493933,LLY/PCAR
2025-07-10,0.0,0.0,0.0,0,0.339634909733192,11.083143186164936,LLY/PCAR
2025-07-11,0.0,0.0,0.0,0,0.6263527597254972,11.084166402701456,LLY/PCAR
2025-07-14,0.0,0.0,0.0,0,0.870560442581956,11.086100542177592,LLY/PCAR
2025-07-15,0.0,0.0,0.0,0,0.6396210824383615,11.08775938006246,LLY/PCAR
2025-07-16,0.0,0.0,0.0,0,0.8191052480027671,11.088226208609615,LLY/PCAR
2025-07-17,0.0,0.0,0.0,0,0.6548692513765267,11.089033218894873,LLY/PCAR
2025-07-18,0.0,0.0,0.0,0,0.8226548794698434,11.089155239991292,LLY/PCAR
2025-07-21,0.0,0.0,0.0,0,0.8075811651875326,11.089752000257032,LLY/PCAR
2025-07-22,0.0,0.0,0.0,0,0.24380888082003896,11.09037213681275,LLY/PCAR
2025-07-23,0.0,0.0,0.0,0,0.18331219847880778,11.089369529533375,LLY/PCAR
2025-07-24,0.0,0.0,0.0,0,0.21942068330353795,11.088138004555875,LLY/PCAR
2025-07-25,0.0,0.0,0.0,0,0.2872514134904265,11.086868148036068,LLY/PCAR
2025-07-28,0.0,0.0,0.0,0,0.3525385904312967,11.085869375553619,LLY/PCAR
2025-07-29,0.0,0.0,0.0,0,-0.034167932486531015,11.085287641654517,LLY/PCAR
2025-07-30,0.0,0.0,0.0,0,-0.006057568282602446,11.08279457286984,LLY/PCAR
2025-07-31,0.0,0.0,0.0,0,-0.21247121054178997,11.080275231539305,LLY/PCAR
2025-08-01,0.0,0.0,0.0,0,0.34658389490351954,11.076794746293809,LLY/PCAR
2025-08-04,0.0,0.0,0.0,0,0.44344042861666233,11.075045672266647,LLY/PCAR
2025-08-05,0.0,0.0,0.0,0,0.16648070524504063,11.073458304945488,LLY/PCAR
2025-08-06,0.0,0.0,0.0,0,0.04071369875723123,11.071042147792534,LLY/PCAR
2025-08-07,0.0,0.0,0.0,0,-1.1366367870270335,11.068364169986399,LLY/PCAR
2025-08-08,0.0,0.0,0.0,0,-1.3888037400356443,11.061603525668392,LLY/PCAR
2025-08-11,0.0,0.0,0.0,0,-1.247333663214557,11.053976638899648,LLY/PCAR
2025-08-12,0.0,0.0,0.0,0,-1.4264099397427,11.046929261663752,LLY/PCAR
2025-08-13,0.0,0.0,0.0,0,-1.3925721550357282,11.038959232792006,LLY/PCAR
2025-08-14,0.0,0.0,0.0,0,-1.0220374139823356,11.030903301405784,LLY/PCAR
2025-08-15,0.0,0.0,0.0,0,-0.6125765383652876,11.024328041061368,LLY/PCAR
2025-08-18,0.0,0.0,0.0,0,-0.6697687560611671,11.01945548059776,LLY/PCAR
2025-08-19,0.0,0.0,0.0,0,-0.74598502292452,11.014445319374634,LLY/PCAR
2025-08-20,0.0,0.0,0.0,0,-0.5531164830185452,11.008956271827468,LLY/PCAR
2025-08-21,0.0,0.0,0.0,0,-0.4175400109280233,11.004360573837943,LLY/PCAR
2025-08-22,0.0,0.0,0.0,0,-0.9038437729924823,11.000193629884798,LLY/PCAR
2025-08-25,0.0,0.0,0.0,0,-0.9689158666689136,10.993998244684411,LLY/PCAR
2025-08-26,0.0,0.0,0.0,0,-0.44877640453996026,10.98742810989827,LLY/PCAR
2025-08-27,0.0,0.0,0.0,0,-0.6227130283275537,10.982828358077704,LLY/PCAR
2025-08-28,0.0,0.0,0.0,0,-0.549904267116187,10.97784389384002,LLY/PCAR
2025-08-29,0.0,0.0,0.0,0,-0.4513715460675652,10.97324074073383,LLY/PCAR
2025-09-02,0.0,0.0,0.0,0,-0.2755142905109697,10.969398663686755,LLY/PCAR
2025-09-03,0.0,0.0,0.0,0,0.09523155081545202,10.966071704408272,LLY/PCAR
2025-09-04,0.0,0.0,0.0,0,-0.0995447239704314,10.964232649815388,LLY/PCAR
2025-09-05,0.0,0.0,0.0,0,-0.3940063896069226,10.961590714439954,LLY/PCAR
2025-09-08,0.0,0.0,0.0,0,-0.1543394206457967,10.957448371112612,LLY/PCAR
2025-09-09,0.0,0.0,0.0,0,0.08108200269655208,10.954323560710957,LLY/PCAR
2025-09-10,0.0,0.0,0.0,0,-0.016010938510969352,10.95192481462885,LLY/PCAR
2025-09-11,0.0,0.0,0.0,0,-0.39356120766767294,10.949339607439175,LLY/PCAR
2025-09-12,0.0,0.0,0.0,0,-0.4992810633469215,10.945618445970952,LLY/PCAR
2025-09-15,0.0,0.0,0.0,0,-0.5402295919980304,10.941805267159081,LLY/PCAR
2025-09-16,0.0,0.0,0.0,0,-0.43017499301427087,10.937689675539563,LLY/PCAR
2025-09-17,0.0,0.0,0.0,0,-0.22744050124048562,10.934127137638152,LLY/PCAR
2025-09-18,0.0,0.0,0.0,0,-0.2650909701384542,10.931284785790128,LLY/PCAR
2025-09-19,0.0,0.0,0.0,0,-0.14388529022700897,10.928044850266666,LLY/PCAR
2025-09-22,0.0,0.0,0.0,0,0.19787976027798948,10.924658467147966,LLY/PCAR
2025-09-23,0.0,0.0,0.0,0,0.01551704407020071,10.922427453990187,LLY/PCAR
2025-09-24,0.0,0.0,0.0,0,0.0645145744005056,10.9198131314185,LLY/PCAR
2025-09-25,0.0,0.0,0.0,0,-0.0919736053164348,10.917348743200847,LLY/PCAR
2025-09-26,0.0,0.0,0.0,0,-0.6041556660210744,10.914327535634326,LLY/PCAR
2025-09-29,0.0,0.0,0.0,0,-0.49611272425363123,10.908867531246555,LLY/PCAR
2025-09-30,0.0,0.0,0.0,0,0.13689633458844921,10.903816547420508,LLY/PCAR
2025-10-01,0.0,0.0,0.0,0,0.9613719755931953,10.9008634300752,LLY/PCAR
2025-10-02,0.0,0.0,0.0,0,0.7178439329400202,10.9007698382873,LLY/PCAR
2025-10-03,0.0,0.0,0.0,0,1.0830191757740026,10.900209975329293,LLY/PCAR
2025-10-06,0.0,0.0,0.0,0,1.0880664588679985,10.900598447958787,LLY/PCAR
2025-10-07,0.0,0.0,0.0,0,1.3047959997709424,10.901076304563079,LLY/PCAR
2025-10-08,0.0,0.0,0.0,0,1.4490086370785622,10.90183132463925,LLY/PCAR
2025-10-09,0.0,0.0,0.0,0,1.6265949697264979,10.902752240506263,LLY/PCAR
2025-10-10,0.0,0.0,0.0,0,1.6460715467817364,10.903949467493115,LLY/PCAR
2025-10-13,0.0,0.0,0.0,0,1.4452410371490791,10.90443996051752,LLY/PCAR
2025-10-14,0.0,0.0,0.0,0,1.1181955429517572,10.904542661982623,LLY/PCAR
2025-10-15,0.0,0.0,0.0,0,1.2710788196840754,10.903884373912257,LLY/PCAR
2025-10-16,0.0,0.0,0.0,0,1.1922487359946699,10.903594610559123,LLY/PCAR
2025-10-17,0.0,0.0,0.0,0,1.0530295339220777,10.902964627564916,LLY/PCAR
2025-10-20,0.0,0.0,0.0,0,0.7679646382472672,10.902057302480799,LLY/PCAR
2025-10-21,0.0,0.0,0.0,0,0.35163591601377536,10.900536493480116,LLY/PCAR
2025-10-22,0.0,0.0,0.0,0,0.5115184890317503,10.898313167927952,LLY/PCAR
2025-10-23,0.0,0.0,0.0,0,0.6677107460196295,10.896549410034698,LLY/PCAR
2025-10-24,0.0,0.0,0.0,0,0.6236678930561217,10.895248731748627,LLY/PCAR
2025-10-27,0.0,0.0,0.0,0,0.512905419998405,10.893354653357,LLY/PCAR
2025-10-28,0.0,0.0,0.0,0,0.6816543971194678,10.890736390462797,LLY/PCAR
2025-10-29,0.0,0.0,0.0,0,0.7250826394675925,10.889559785305398,LLY/PCAR
2025-10-30,0.0,0.0,0.0,0,1.0172468103452046,10.88804898007956,LLY/PCAR
2025-10-31,0.0,0.0,0.0,0,1.289734398561505,10.887526638522845,LLY/PCAR
2025-11-03,0.0,0.0,0.0,0,1.811766655825509,10.887701322628965,LLY/PCAR
2025-11-04,0.0,0.0,0.0,0,2.0005935358183904,10.889423967575452,LLY/PCAR
2025-11-05,0.0,0.0,0.0,0,1.7332040146870082,10.89163664846513,LLY/PCAR
2025-11-06,0.0,0.0,0.0,0,2.1829811605238736,10.893947097648585,LLY/PCAR
2025-11-07,0.0,0.0,0.0,0,1.968016788748128,10.897055444055088,LLY/PCAR
2025-11-10,0.0,0.0,0.0,0,2.4304190835707353,10.899491733287801,LLY/PCAR
2025-11-11,0.0,0.0,0.0,0,2.8063046849002076,10.903707789034668,LLY/PCAR
2025-11-12,0.0,0.0,0.0,0,3.041598618959568,10.908628840606536,LLY/PCAR
2025-11-13,0.0,12.5,-12.5,-1,3.3321092355602424,10.914713182022721,LLY/PCAR
2025-11-14,-172.696653782621,0.0,-172.696653782621,-1,3.4820081722563114,10.921158123159762,LLY/PCAR
2025-11-17,-144.29428487963517,0.0,-144.29428487963517,-1,3.6020590860467507,10.927430425144602,LLY/PCAR
2025-11-18,270.21919762841037,0.0,270.21919762841037,-1,3.3191281896021745,10.933303595279215,LLY/PCAR
2025-11-19,-304.03026311145595,0.0,-304.03026311145595,-1,3.5932478314779646,10.939926696961772,LLY/PCAR
2025-11-20,221.41581466405376,0.0,221.41581466405376,-1,3.3585570970989815,10.947449766719716,LLY/PCAR
2025-11-21,503.5312793909079,0.0,503.5312793909079,-1,2.857109075222496,10.95482896148322,LLY/PCAR
2025-11-24,-196.20111535079275,0.0,-196.20111535079275,-1,3.029954403493077,10.962684704744735,LLY/PCAR
2025-11-25,-162.49684937366186,0.0,-162.49684937366186,-1,3.1662817040017055,10.971021857944924,LLY/PCAR
2025-11-26,71.94702704083736,0.0,71.94702704083736,-1,3.0801734380670207,10.98110927637203,LLY/PCAR
2025-11-28,412.047428074518,0.0,412.047428074518,-1,2.675384620995736,10.990949979766917,LLY/PCAR
2025-12-01,24.49555593044522,0.0,24.49555593044522,-1,2.6414053052179645,10.999266752952241,LLY/PCAR
2025-12-02,393.3827370386846,0.0,393.3827370386846,-1,2.2595984950583428,11.006954652385797,LLY/PCAR
2025-12-03,498.17982964655357,0.0,498.17982964655357,-1,1.7826300515916096,11.013827712236822,LLY/PCAR
2025-12-04,226.47221008225162,0.0,226.47221008225162,-1,1.5653925206625807,11.019670696342752,LLY/PCAR
2025-12-05,289.43398884571116,0.0,289.43398884571116,-1,1.2885019696204982,11.024465337501168,LLY/PCAR
2025-12-08,74.9879581166512,0.0,74.9879581166512,-1,1.2157358267220322,11.028369044797813,LLY/PCAR
2025-12-09,81.10768096828089,0.0,81.10768096828089,-1,1.1380574092544187,11.031598607891935,LLY/PCAR
2025-12-10,457.22019854232235,0.0,457.22019854232235,-1,0.7031756323240054,11.034559092131511,LLY/PCAR
2025-12-11,-281.2136448312028,0.0,-281.2136448312028,-1,0.9641526013809241,11.035964605935051,LLY/PCAR
2025-12-12,-380.67250052191093,0.0,-380.67250052191093,-1,1.3175285262815146,11.03858894497429,LLY/PCAR
2025-12-15,-238.7683724696107,0.0,-238.7683724696107,-1,1.5335124144865713,11.042788233244451,LLY/PCAR
2025-12-16,-8.346048280611626,0.0,-8.346048280611626,-1,1.537165756846681,11.048509422219512,LLY/PCAR
2025-12-17,82.75035172316488,0.0,82.75035172316488,-1,1.4559885030352506,11.053963906534104,LLY/PCAR
2025-12-18,-200.28728086809187,0.0,-200.28728086809187,-1,1.6374742169130372,11.05870743743644,LLY/PCAR
2025-12-19,17.243493251422137,0.0,17.243493251422137,-1,1.613298620306985,11.064441020170532,LLY/PCAR
2025-12-22,102.52968930289157,0.0,102.52968930289157,-1,1.5103411155090236,11.070429424436563,LLY/PCAR
2025-12-23,-85.14963446707581,0.0,-85.14963446707581,-1,1.5859478030920924,11.076022350080619,LLY/PCAR
2025-12-24,-92.61365314433324,0.0,-92.61365314433324,-1,1.6665114150110685,11.081757931310033,LLY/PCAR
2025-12-26,27.62532218680706,0.0,27.62532218680706,-1,1.6343851323851584,11.08804641966256,LLY/PCAR
2025-12-29,-58.13057126002514,0.0,-58.13057126002514,-1,1.6829663068731158,11.094092981683936,LLY/PCAR
2025-12-30,-75.78534999403564,0.0,-75.78534999403564,-1,1.748241210994387,11.099576871000057,LLY/PCAR
2025-12-31,-129.89826766846062,0.0,-129.89826766846062,-1,1.86511322976964,11.105395272999191,LLY/PCAR
2026-01-02,201.7268130331064,0.0,201.7268130331064,-1,1.668107711207284,11.11155015421273,LLY/PCAR
2026-01-05,651.61524037459,0.0,651.61524037459,-1,1.0594651705715576,11.11787474062538,LLY/PCAR
2026-01-06,275.67383327805004,0.0,275.67383327805004,-1,0.7931914156067728,11.1206790912086,LLY/PCAR
2026-01-07,-770.2611939430608,0.0,-770.2611939430608,-1,1.5036161405701522,11.122832336336122,LLY/PCAR
2026-01-08,661.2166230084238,0.0,661.2166230084238,-1,0.8832378622022611,11.128844821799534,LLY/PCAR
2026-01-09,342.0308360154861,0.0,342.0308360154861,-1,0.564560821920212,11.132006915133777,LLY/PCAR
2026-01-12,-256.7885661207849,0.0,-256.7885661207849,-1,0.7998228899070876,11.133329868864218,LLY/PCAR
2026-01-13,174.3943289146718,0.0,174.3943289146718,-1,0.6345568470377166,11.136128386980742,LLY/PCAR
2026-01-14,-9.40681504919084,0.0,-9.40681504919084,-1,0.6428439636245933,11.136620019279604,LLY/PCAR
2026-01-15,875.5028127481974,0.0,875.5028127481974,-1,-0.17124759631755446,11.137207484645424,LLY/PCAR
2026-01-16,-139.93044553568365,14.321793864932644,-154.2522394006163,0,-0.03968797097892105,11.132985572159948,LLY/PCAR
2026-01-20,0.0,0.0,0.0,0,0.2390969088226991,11.129652975453935,LLY/PCAR
2026-01-21,0.0,0.0,0.0,0,0.17414374009717412,11.128055465457127,LLY/PCAR
2026-01-22,0.0,0.0,0.0,0,0.23609432729595664,11.126643782860402,LLY/PCAR
2026-01-23,0.0,0.0,0.0,0,0.17092304644283082,11.12597261771404,LLY/PCAR
2026-01-26,0.0,0.0,0.0,0,0.14004871163582955,11.124654163912858,LLY/PCAR
2026-01-27,0.0,0.0,0.0,0,0.04140293825532,11.122806722137373,LLY/PCAR
2026-01-28,0.0,0.0,0.0,0,-0.413192886393761,11.119728359386912,LLY/PCAR
2026-01-29,0.0,0.0,0.0,0,-0.43919525775270174,11.113672706454146,LLY/PCAR
2026-01-30,0.0,0.0,0.0,0,-0.23986626011590217,11.10750689917564,LLY/PCAR
2026-02-02,0.0,0.0,0.0,0,-0.3708005199090233,11.102718115995668,LLY/PCAR
2026-02-03,0.0,0.0,0.0,0,-1.233273647437709,11.096604469213618,LLY/PCAR
2026-02-04,0.0,0.0,0.0,0,-0.17177088897783033,11.084326958152726,LLY/PCAR
2026-02-05,0.0,0.0,0.0,0,-0.9703741565463025,11.079567786725232,LLY/PCAR
2026-02-06,0.0,0.0,0.0,0,-0.5367434058425791,11.069534386337152,LLY/PCAR
2026-02-09,0.0,0.0,0.0,0,-0.6740877162269867,11.062563329860051,LLY/PCAR
2026-02-10,0.0,0.0,0.0,0,-0.8677002905087107,11.054830156405943,LLY/PCAR
2026-02-11,0.0,0.0,0.0,0,-1.3127786447158247,11.045805236086695,LLY/PCAR
2026-02-12,0.0,0.0,0.0,0,-0.47062170138661436,11.033279194271296,LLY/PCAR
2026-02-13,0.0,0.0,0.0,0,-0.6964018231866296,11.027080152719389,LLY/PCAR
2026-02-17,0.0,0.0,0.0,0,-0.6773899143972968,11.01949741825205,LLY/PCAR
2026-02-18,0.0,0.0,0.0,0,-0.6809626350028719,11.012026367875254,LLY/PCAR
2026-02-19,0.0,0.0,0.0,0,-0.6138745094946936,11.00487643523078,LLY/PCAR
2026-02-20,0.0,0.0,0.0,0,-1.2049540925497766,10.99851573619213,LLY/PCAR
2026-02-23,0.0,0.0,0.0,0,-0.349184290447907,10.987477042335884,LLY/PCAR
2026-02-24,0.0,0.0,0.0,0,-0.5552196371915863,10.9822135921962,LLY/PCAR
2026-02-25,0.0,0.0,0.0,0,-0.49605331185271606,10.975399712612855,LLY/PCAR
2026-02-26,0.0,0.0,0.0,0,-0.5083460265106446,10.969444158313575,LLY/PCAR
2026-02-27,0.0,0.0,0.0,0,-0.41546096374956454,10.963401887117294,LLY/PCAR
2026-03-02,0.0,0.0,0.0,0,-0.5920002246917526,10.95793653307225,LLY/PCAR
2026-03-03,0.0,0.0,0.0,0,-0.3050913613128789,10.951195024629248,LLY/PCAR
2026-03-04,0.0,0.0,0.0,0,-0.8100544985320318,10.946138739917016,LLY/PCAR
2026-03-05,0.0,0.0,0.0,0,-0.8407604934725097,10.93770106945302,LLY/PCAR
2026-03-06,0.0,0.0,0.0,0,-0.39866340610376366,10.929436841571075,LLY/PCAR
2026-03-09,0.0,0.0,0.0,0,-0.2221588735716003,10.923105930643514,LLY/PCAR
2026-03-10,0.0,0.0,0.0,0,-0.09704010855794865,10.918168634948813,LLY/PCAR
2026-03-11,0.0,0.0,0.0,0,-0.0021748776538632465,10.91374781964218,LLY/PCAR
2026-03-12,0.0,0.0,0.0,0,-0.09702776083817939,10.909851589210232,LLY/PCAR
2026-03-13,0.0,0.0,0.0,0,0.17514539204412674,10.905492236645792,LLY/PCAR
2026-03-16,0.0,0.0,0.0,0,0.18543827665090765,10.902686773530982,LLY/PCAR
2026-03-17,0.0,0.0,0.0,0,-0.4564313820983203,10.900201286260266,LLY/PCAR
2026-03-18,0.0,0.0,0.0,0,-0.5029393000684019,10.894584737793506,LLY/PCAR
2026-03-19,0.0,0.0,0.0,0,-0.2804690106641956,10.88865257234365,LLY/PCAR
2026-03-20,0.0,0.0,0.0,0,-0.20595346596166922,10.883695359242449,LLY/PCAR
2026-03-23,0.0,0.0,0.0,0,-0.5386735440199717,10.879202343228906,LLY/PCAR
2026-03-24,0.0,0.0,0.0,0,-0.8049136348678997,10.873050870198274,LLY/PCAR
2026-03-25,0.0,0.0,0.0,0,-0.7175430602098416,10.865632897568235,LLY/PCAR
2026-03-26,0.0,0.0,0.0,0,-0.8101635413265426,10.858655537066946,LLY/PCAR
2026-03-27,0.0,0.0,0.0,0,-0.703221839888767,10.851050306631072,LLY/PCAR
2026-03-30,0.0,0.0,0.0,0,-0.5711392281641842,10.844242714412493,LLY/PCAR
2026-03-31,0.0,0.0,0.0,0,-0.5649842851786522,10.838059586750802,LLY/PCAR
2026-04-01,0.0,0.0,0.0,0,-0.43168706395737466,10.831646288289324,LLY/PCAR
2026-04-02,0.0,0.0,0.0,0,-0.7281550134291334,10.825729150834627,LLY/PCAR
2026-04-06,0.0,0.0,0.0,0,-0.8226159560666847,10.817964301179636,LLY/PCAR
2026-04-07,0.0,0.0,0.0,0,-0.758857643754218,10.80982342550036,LLY/PCAR
2026-04-08,0.0,0.0,0.0,0,-1.2390969598337376,10.802166026947406,LLY/PCAR
2026-04-09,0.0,0.0,0.0,0,-1.5632177749019458,10.791172427306002,LLY/PCAR
2026-04-10,0.0,0.0,0.0,0,-1.7516077178463296,10.777956999461287,LLY/PCAR
2026-04-13,0.0,0.0,0.0,0,-1.878396382961984,10.763832125695115,LLY/PCAR
2026-04-14,0.0,0.0,0.0,0,-1.7098847815140128,10.749144097635602,LLY/PCAR
2026-04-15,0.0,0.0,0.0,0,-1.6623269635584552,10.735667975545693,LLY/PCAR
2026-04-16,0.0,0.0,0.0,0,-1.7744713815974071,10.72293030645899,LLY/PCAR
2026-04-17,0.0,0.0,0.0,0,-1.7319823447572298,10.709299038379,LLY/PCAR
2026-04-20,0.0,0.0,0.0,0,-2.0536706814851575,10.695476024008121,LLY/PCAR
2026-04-21,0.0,0.0,0.0,0,-1.9755055272962785,10.67942877397909,LLY/PCAR
2026-04-22,0.0,0.0,0.0,0,-1.6455550202874514,10.664396554282984,LLY/PCAR
2026-04-23,0.0,0.0,0.0,0,-1.8853991278877986,10.651319419423718,LLY/PCAR
2026-04-24,0.0,0.0,0.0,0,-2.25987825637557,10.636858978970928,LLY/PCAR
2026-04-27,0.0,0.0,0.0,0,-2.447505402715636,10.620206487707305,LLY/PCAR
2026-04-28,0.0,0.0,0.0,0,-1.4619288442337333,10.602618905600535,LLY/PCAR
2026-04-29,0.0,0.0,0.0,0,-1.537913025505488,10.592047990918244,LLY/PCAR
2026-04-30,0.0,0.0,0.0,0,-0.6708891085036706,10.58105248979594,LLY/PCAR
2026-05-01,0.0,0.0,0.0,0,-0.021119660165339164,10.57403123383253,LLY/PCAR
2026-05-04,0.0,0.0,0.0,0,0.23483397790550983,10.569935433902156,LLY/PCAR
2026-05-05,0.0,0.0,0.0,0,0.5843633238118442,10.5669897797318,LLY/PCAR
2026-05-06,0.0,0.0,0.0,0,0.19542803403194745,10.565778692899315,LLY/PCAR
2026-05-07,0.0,0.0,0.0,0,0.35190034168507145,10.562793764149205,LLY/PCAR
2026-05-08,0.0,0.0,0.0,0,0.021126500032884694,10.56037651312755,LLY/PCAR
2026-05-11,0.0,0.0,0.0,0,0.39214494852200793,10.556664240837863,LLY/PCAR
2026-05-12,0.0,0.0,0.0,0,0.6424262314804835,10.554791306265729,LLY/PCAR
2026-05-13,0.0,0.0,0.0,0,1.0420572117147675,10.55394170264693,LLY/PCAR
2026-05-14,0.0,0.0,0.0,0,0.839669432913926,10.554745652408327,LLY/PCAR
2026-05-15,0.0,0.0,0.0,0,1.1102872681404932,10.554649550803779,LLY/PCAR
2026-05-18,0.0,0.0,0.0,0,0.7548757438874713,10.555381673568991,LLY/PCAR
2026-05-19,0.0,0.0,0.0,0,1.4064859797958784,10.555048144618794,LLY/PCAR
2026-05-20,0.0,0.0,0.0,0,1.1045101721110917,10.55684848670705,LLY/PCAR
2026-05-21,0.0,0.0,0.0,0,1.6354502135256803,10.557690442544114,LLY/PCAR
2026-05-22,0.0,0.0,0.0,0,1.8946933776464656,10.560093542793634,LLY/PCAR
2026-05-26,0.0,0.0,0.0,0,1.5689552975413366,10.563217624297593,LLY/PCAR
2026-05-27,0.0,0.0,0.0,0,1.7408555696858032,10.565715310967784,LLY/PCAR
2026-05-28,0.0,0.0,0.0,0,2.2367312778685684,10.568929995969347,LLY/PCAR
2026-05-29,0.0,0.0,0.0,0,2.2035172867831854,10.573752959403961,LLY/PCAR
2026-06-01,0.0,0.0,0.0,0,2.0459635639076663,10.578897849642235,LLY/PCAR
2026-06-02,0.0,0.0,0.0,0,1.4296432611016112,10.583156509948365,LLY/PCAR
2026-06-03,0.0,0.0,0.0,0,1.4133070635080287,10.58613354509448,LLY/PCAR
2026-06-04,0.0,0.0,0.0,0,1.4932219285293216,10.589714990812823,LLY/PCAR
2026-06-05,0.0,0.0,0.0,0,1.7229217459572352,10.59380351572032,LLY/PCAR
2026-06-08,0.0,0.0,0.0,0,1.7070440268972682,10.59894519372628,LLY/PCAR
2026-06-09,0.0,0.0,0.0,0,1.5027976219325845,10.604041093329291,LLY/PCAR
2026-06-10,0.0,0.0,0.0,0,2.081438355877482,10.608476489395093,LLY/PCAR
2026-06-11,0.0,0.0,0.0,0,1.9229165691481211,10.614613751495785,LLY/PCAR
2026-06-12,0.0,0.0,0.0,0,1.4920057144559582,10.621303447986184,LLY/PCAR
2026-06-15,0.0,0.0,0.0,0,1.1893402014712513,10.626313390564524,LLY/PCAR
2026-06-16,0.0,0.0,0.0,0,1.06782851891132,10.630190013318973,LLY/PCAR
2026-06-17,0.0,0.0,0.0,0,1.38587260627458,10.6332580283753,LLY/PCAR
2026-06-18,0.0,0.0,0.0,0,1.041342023658903,10.637726389384744,LLY/PCAR
2026-06-22,0.0,0.0,0.0,0,0.939090024245872,10.64064704105845,LLY/PCAR
2026-06-23,0.0,0.0,0.0,0,1.3876672006561386,10.643208749513732,LLY/PCAR
2026-06-24,0.0,0.0,0.0,0,1.4672231372400428,10.647476837636129,LLY/PCAR
2026-06-25,0.0,0.0,0.0,0,1.028560820302016,10.651899833163528,LLY/PCAR
2026-06-26,0.0,0.0,0.0,0,2.0380094933633495,10.6551317420765,LLY/PCAR
2026-06-29,0.0,0.0,0.0,0,2.398959630731171,10.663270989417564,LLY/PCAR
2026-06-30,0.0,0.0,0.0,0,1.9879386404631303,10.67323378010551,LLY/PCAR
2026-07-01,0.0,0.0,0.0,0,1.762339084617643,10.681406445767044,LLY/PCAR
2026-07-02,0.0,0.0,0.0,0,2.2051917634690024,10.689093692526537,LLY/PCAR
2026-07-06,0.0,0.0,0.0,0,1.2875630199197707,10.697933630244025,LLY/PCAR
2026-07-07,0.0,0.0,0.0,0,1.8446188101846739,10.703370350351937,LLY/PCAR
2026-07-08,0.0,0.0,0.0,0,1.8501520249859205,10.711604815391636,LLY/PCAR
2026-07-09,0.0,0.0,0.0,0,1.7629438039397232,10.719436284579672,LLY/PCAR
2026-07-10,0.0,0.0,0.0,0,1.2927497646762292,10.726661075712205,LLY/PCAR
2026-07-13,0.0,0.0,0.0,0,1.2509790107861172,10.731906440496754,LLY/PCAR
2026-07-14,0.0,0.0,0.0,0,0.9626332066099088,10.737157253581335,LLY/PCAR
2026-07-15,0.0,0.0,0.0,0,1.0973449695542266,10.740590936375073,LLY/PCAR
2026-07-16,0.0,0.0,0.0,0,0.8174159162020237,10.744675711635423,LLY/PCAR
2026-07-17,0.0,0.0,0.0,0,0.9788153286895163,10.747980083055175,LLY/PCAR
2026-07-20,0.0,0.0,0.0,0,0.8426416831558253,10.752219368867262,LLY/PCAR
2026-07-21,0.0,0.0,0.0,0,0.9262488832439685,10.755658734722887,LLY/PCAR
2026-07-22,0.0,0.0,0.0,0,0.21574097061154762,10.760330711859899,LLY/PCAR
2026-07-23,0.0,0.0,0.0,0,0.5071796519583035,10.76198186961181,LLY/PCAR
2026-07-24,0.0,0.0,0.0,0,0.4409637120726435,10.765118642907588,LLY/PCAR
2026-07-27,0.0,0.0,0.0,0,0.3142890284382247,10.767946009171466,LLY/PCAR
2026-07-28,0.0,0.0,0.0,0,0.004454375532355767,10.770448685217062,LLY/PCAR
2026-07-29,0.0,0.0,0.0,0,0.39832348851634386,10.771558531345974,LLY/PCAR
2026-07-30,0.0,0.0,0.0,0,-0.19321005920775935,10.775604083756171,LLY/PCAR
2026-07-31,0.0,0.0,0.0,0,-0.1330717103280362,10.77643635187671,LLY/PCAR
2026-08-03,0.0,0.0,0.0,0,-0.36089770492594325,10.77764024139786,LLY/PCAR
2026-08-04,0.0,0.0,0.0,0,-0.8817331271055873,10.777744172867372,LLY/PCAR
2026-08-05,0.0,0.0,0.0,0,0.02248255232281049,10.774568591052955,LLY/PCAR
2026-08-06,0.0,0.0,0.0,0,0.414170744172372,10.775892300551961,LLY/PCAR
2026-08-07,0.0,0.0,0.0,0,0.22020866055544855,10.779728902330465,LLY/PCAR
2026-08-10,0.0,0.0,0.0,0,0.9446821318911439,10.782774121487703,LLY/PCAR
2026-08-11,0.0,0.0,0.0,0,0.6030470084597224,10.790146716439697,LLY/PCAR
2026-08-12,0.0,0.0,0.0,0,0.78971162677792,10.796020156131641,LLY/PCAR
2026-08-13,0.0,0.0,0.0,0,0.7026680050464462,10.802759728824947,LLY/PCAR
2026-08-14,0.0,0.0,0.0,0,0.3940904641912969,10.808916337608867,LLY/PCAR
2026-08-17,0.0,0.0,0.0,0,0.41876288864247885,10.813405587151838,LLY/PCAR
2026-08-18,0.0,0.0,0.0,0,1.2166071108135292,10.817854561365024,LLY/PCAR
2026-08-19,0.0,0.0,0.0,0,1.87412354938447,10.825713056226604,LLY/PCAR
2026-08-20,0.0,0.0,0.0,0,1.2980367634842895,10.836890115131899,LLY/PCAR
2026-08-21,0.0,0.0,0.0,0,1.1647896470063135,10.845346247327404,LLY/PCAR
2026-08-24,0.0,0.0,0.0,0,1.1961155812662903,10.853061130525212,LLY/PCAR
2026-08-25,0.0,0.0,0.0,0,1.131269071300227,10.860975511227686,LLY/PCAR
2026-08-26,0.0,0.0,0.0,0,0.6426272553610425,10.868315287203242,LLY/PCAR
2026-08-27,0.0,0.0,0.0,0,0.8137528103995976,10.872763138811287,LLY/PCAR
2026-08-28,0.0,0.0,0.0,0,0.9368036382005701,10.877598752377063,LLY/PCAR
2026-08-31,0.0,0.0,0.0,0,0.8821324969172948,10.882768718049215,LLY/PCAR
2026-09-01,0.0,0.0,0.0,0,1.113960937378038,10.887899340691545,LLY/PCAR
2026-09-02,0.0,0.0,0.0,0,1.148978634242307,10.89397888070194,LLY/PCAR
2026-09-03,0.0,0.0,0.0,0,0.8577267260763954,10.899236090490952,LLY/PCAR
2026-09-04,0.0,0.0,0.0,0,0.7210284078071453,10.903287005172258,LLY/PCAR
2026-09-08,0.0,0.0,0.0,0,0.7030094124201337,10.90641785646362,LLY/PCAR
2026-09-09,0.0,0.0,0.0,0,0.7778880283922448,10.909188251131438,LLY/PCAR
2026-09-10,0.0,0.0,0.0,0,0.6807547021009531,10.912086049827325,LLY/PCAR
2026-09-11,0.0,0.0,0.0,0,0.5804624164196115,10.915085673064237,LLY/PCAR
2026-09-14,0.0,0.0,0.0,0,0.8087839589413678,10.917861584141592,LLY/PCAR
2026-09-15,0.0,0.0,0.0,0,0.8300951881432499,10.922264424164725,LLY/PCAR
2022-01-03,0.0,0.0,0.0,0,0.06413548329886638,0.3953463054951877,CBOE/HLT
2022-01-04,0.0,0.0,0.0,0,-0.24585701544620972,0.39460503216777854,CBOE/HLT
2022-01-05,0.0,0.0,0.0,0,-0.19663636993727632,0.39359421156094204,CBOE/HLT
2022-01-06,0.0,0.0,0.0,0,-0.11379962835688998,0.3926641130823686,CBOE/HLT
2022-01-07,0.0,0.0,0.0,0,-0.2263828785912089,0.39184579945591236,CBOE/HLT
2022-01-10,0.0,0.0,0.0,0,-0.2330034649432704,0.39090300723462124,CBOE/HLT
2022-01-11,0.0,0.0,0.0,0,-0.0699007218835297,0.3899979493195835,CBOE/HLT
2022-01-12,0.0,0.0,0.0,0,-0.0991508406201117,0.38927414509898356,CBOE/HLT
2022-01-13,0.0,0.0,0.0,0,-0.49062738132068917,0.38852849634470754,CBOE/HLT
2022-01-14,0.0,0.0,0.0,0,-0.6199959931545691,0.38744972823717916,CBOE/HLT
2022-01-18,0.0,0.0,0.0,0,-0.3747609621917395,0.38628154655850566,CBOE/HLT
2022-01-19,0.0,0.0,0.0,0,-0.18944215197996794,0.38540207375244606,CBOE/HLT
2022-01-20,0.0,0.0,0.0,0,-0.18196272216992254,0.38461659790367875,CBOE/HLT
2022-01-21,0.0,0.0,0.0,0,-0.39390345488959144,0.38381314319443244,CBOE/HLT
2022-01-24,0.0,0.0,0.0,0,-0.3218147210304978,0.3828666108209344,CBOE/HLT
2022-01-25,0.0,0.0,0.0,0,-0.6270475621454673,0.38196304019139665,CBOE/HLT
2022-01-26,0.0,0.0,0.0,0,-0.7863279326415435,0.38089364628015776,CBOE/HLT
2022-01-27,0.0,0.0,0.0,0,-0.5052339365218689,0.3795926874550349,CBOE/HLT
2022-01-28,0.0,0.0,0.0,0,-0.5831028666303996,0.3785996020796072,CBOE/HLT
2022-01-31,0.0,0.0,0.0,0,-0.4326754752368647,0.3774891082286355,CBOE/HLT
2022-02-01,0.0,0.0,0.0,0,-0.4171633154263906,0.37653475778670714,CBOE/HLT
2022-02-02,0.0,0.0,0.0,0,-0.26519973614718295,0.37560925092298714,CBOE/HLT
2022-02-03,0.0,0.0,0.0,0,-0.562211312289066,0.3748220711957893,CBOE/HLT
2022-02-04,0.0,0.0,0.0,0,-0.2675684047872757,0.37383418081286546,CBOE/HLT
2022-02-07,0.0,0.0,0.0,0,-0.40967139867071506,0.37307253029499265,CBOE/HLT
2022-02-08,0.0,0.0,0.0,0,-0.3290780525783553,0.37217415117625297,CBOE/HLT
2022-02-09,0.0,0.0,0.0,0,-0.43911757456950934,0.37131695984406193,CBOE/HLT
2022-02-10,0.0,0.0,0.0,0,-0.49242883544440597,0.37035986560718004,CBOE/HLT
2022-02-11,0.0,0.0,0.0,0,-0.3923503644413407,0.3693290318607731,CBOE/HLT
2022-02-14,0.0,0.0,0.0,0,-0.4300892875756074,0.36837399285391237,CBOE/HLT
2022-02-15,0.0,0.0,0.0,0,-0.5484731073946109,0.36733980937514793,CBOE/HLT
2022-02-16,0.0,0.0,0.0,0,-0.5379171357843701,0.3662319205603934,CBOE/HLT
2022-02-17,0.0,0.0,0.0,0,-0.6789147126260573,0.36510258257145267,CBOE/HLT
2022-02-18,0.0,0.0,0.0,0,-0.5402601694467426,0.36388566696707947,CBOE/HLT
2022-02-22,0.0,0.0,0.0,0,-0.6416615804779441,0.36278408540956314,CBOE/HLT
2022-02-23,0.0,0.0,0.0,0,-0.684527130499662,0.3616310633806322,CBOE/HLT
2022-02-24,0.0,0.0,0.0,0,-0.5155139905429874,0.36049838600632844,CBOE/HLT
2022-02-25,0.0,0.0,0.0,0,-0.6135018768991962,0.35946561213978173,CBOE/HLT
2022-02-28,0.0,0.0,0.0,0,-0.5573835204465027,0.35837531785653887,CBOE/HLT
2022-03-01,0.0,0.0,0.0,0,-0.32095774312493563,0.3573657477727081,CBOE/HLT
2022-03-02,0.0,0.0,0.0,0,-0.31262697199912143,0.3565573499899024,CBOE/HLT
2022-03-03,0.0,0.0,0.0,0,-0.2955731055412205,0.3557333371299982,CBOE/HLT
2022-03-04,0.0,0.0,0.0,0,0.1708281933074757,0.35494207209462597,CBOE/HLT
2022-03-07,0.0,0.0,0.0,0,0.08075899638316243,0.3544345617730048,CBOE/HLT
2022-03-08,0.0,0.0,0.0,0,-0.3556807446369619,0.35386219808525643,CBOE/HLT
2022-03-09,0.0,0.0,0.0,0,-0.38215956180175187,0.3530294287086479,CBOE/HLT
2022-03-10,0.0,0.0,0.0,0,-0.6298475022622914,0.3521633547155252,CBOE/HLT
2022-03-11,0.0,0.0,0.0,0,-0.5958096378083099,0.3511251510743399,CBOE/HLT
2022-03-14,0.0,0.0,0.0,0,-0.611707792340842,0.3500988043453946,CBOE/HLT
2022-03-15,0.0,0.0,0.0,0,-0.642966272406686,0.3490513328574522,CBOE/HLT
2022-03-16,0.0,0.0,0.0,0,-0.7816342726506353,0.34796272294386743,CBOE/HLT
2022-03-17,0.0,0.0,0.0,0,-0.5527054168137921,0.3467250167201876,CBOE/HLT
2022-03-18,0.0,0.0,0.0,0,-0.6525189823253965,0.34568151121824636,CBOE/HLT
2022-03-21,0.0,0.0,0.0,0,-0.6729153098082586,0.34460543175168773,CBOE/HLT
2022-03-22,0.0,0.0,0.0,0,-0.3686174369919,0.3435094529140359,CBOE/HLT
2022-03-23,0.0,0.0,0.0,0,-0.6675241769393032,0.34263029071127277,CBOE/HLT
2022-03-24,0.0,0.0,0.0,0,-0.9388422713705854,0.34154283617209874,CBOE/HLT
2022-03-25,0.0,0.0,0.0,0,-0.8175197892531287,0.34022960702874544,CBOE/HLT
2022-03-28,0.0,0.0,0.0,0,-0.9583067481575861,0.3390393150875851,CBOE/HLT
2022-03-29,0.0,0.0,0.0,0,-0.9304567030738079,0.3377610602829678,CBOE/HLT
2022-03-30,0.0,0.0,0.0,0,-0.8577537496981007,0.3364284279273019,CBOE/HLT
2022-03-31,0.0,0.0,0.0,0,-0.8294867530602289,0.3352127572929874,CBOE/HLT
2022-04-01,0.0,0.0,0.0,0,-0.5498445963503545,0.3340213159343494,CBOE/HLT
2022-04-04,0.0,0.0,0.0,0,-0.9862591717846724,0.3330673330744407,CBOE/HLT
2022-04-05,0.0,0.0,0.0,0,-0.9269373215310716,0.33178869628474233,CBOE/HLT
2022-04-06,0.0,0.0,0.0,0,-0.549228195580169,0.3305726288279314,CBOE/HLT
2022-04-07,0.0,0.0,0.0,0,-0.24669439694351616,0.32968538039500167,CBOE/HLT
2022-04-08,0.0,0.0,0.0,0,-0.3978649168071353,0.32898141283511434,CBOE/HLT
2022-04-11,0.0,0.0,0.0,0,-0.29568880969280353,0.3282196700324281,CBOE/HLT
2022-04-12,0.0,0.0,0.0,0,-0.2332321516882593,0.3275372484607795,CBOE/HLT
2022-04-13,0.0,0.0,0.0,0,-0.3570673122610863,0.32686451012506196,CBOE/HLT
2022-04-14,0.0,0.0,0.0,0,-0.6268450274114756,0.32603071253650107,CBOE/HLT
2022-04-18,0.0,0.0,0.0,0,-0.7518628511669148,0.3249954864795511,CBOE/HLT
2022-04-19,0.0,0.0,0.0,0,-0.821596556192619,0.3238734901628559,CBOE/HLT
2022-04-20,0.0,0.0,0.0,0,-0.7639274222160994,0.32265609317436195,CBOE/HLT
2022-04-21,0.0,0.0,0.0,0,-0.8774019230232877,0.32148994304135164,CBOE/HLT
2022-04-22,0.0,0.0,0.0,0,-0.8398633372600679,0.32029384063995836,CBOE/HLT
2022-04-25,0.0,0.0,0.0,0,-0.8042608119333111,0.3191916350229721,CBOE/HLT
2022-04-26,0.0,0.0,0.0,0,-1.0269137203127832,0.31803135321895865,CBOE/HLT
2022-04-27,0.0,0.0,0.0,0,-0.8088285606498362,0.3168734561624497,CBOE/HLT
2022-04-28,0.0,0.0,0.0,0,-0.9564904635129334,0.31580239407878147,CBOE/HLT
2022-04-29,0.0,0.0,0.0,0,-0.9835939125783842,0.3145663693777248,CBOE/HLT
2022-05-02,0.0,0.0,0.0,0,-1.0816722825308507,0.3133672252956984,CBOE/HLT
2022-05-03,0.0,0.0,0.0,0,-0.8288771002169276,0.3121369234305717,CBOE/HLT
2022-05-04,0.0,0.0,0.0,0,-0.6691034726672443,0.31109893278265954,CBOE/HLT
2022-05-05,0.0,0.0,0.0,0,-0.9544868034523201,0.31014424522895506,CBOE/HLT
2022-05-06,0.0,0.0,0.0,0,-0.7490128264622248,0.3090394192965658,CBOE/HLT
2022-05-09,0.0,0.0,0.0,0,-0.8252075232324738,0.3081392478036872,CBOE/HLT
2022-05-10,0.0,0.0,0.0,0,-0.8605314345678402,0.3072969259898713,CBOE/HLT
2022-05-11,0.0,0.0,0.0,0,-0.7260797705067042,0.30641955114971076,CBOE/HLT
2022-05-12,0.0,0.0,0.0,0,-0.8031845310074355,0.3056408435247359,CBOE/HLT
2022-05-13,0.0,0.0,0.0,0,-0.7013557701560375,0.3048543960888198,CBOE/HLT
2022-05-16,0.0,0.0,0.0,0,-0.5914461000060053,0.3040878735981525,CBOE/HLT
2022-05-17,0.0,0.0,0.0,0,-0.7410442884886698,0.3033956993439095,CBOE/HLT
2022-05-18,0.0,0.0,0.0,0,-0.8980250980013403,0.30262488231783524,CBOE/HLT
2022-05-19,0.0,0.0,0.0,0,-0.9195818876332587,0.30186538607610663,CBOE/HLT
2022-05-20,0.0,0.0,0.0,0,-0.7354310045110922,0.3010660605736469,CBOE/HLT
2022-05-23,0.0,0.0,0.0,0,-0.7282931260030168,0.3003530905939972,CBOE/HLT
2022-05-24,0.0,0.0,0.0,0,-0.6688320940031717,0.2996171855336902,CBOE/HLT
2022-05-25,0.0,0.0,0.0,0,-0.6976847101104692,0.299006033614983,CBOE/HLT
2022-05-26,0.0,0.0,0.0,0,-0.7410819397131251,0.2983600495316656,CBOE/HLT
2022-05-27,0.0,0.0,0.0,0,-0.5616874021168906,0.2976666528984374,CBOE/HLT
2022-05-31,0.0,0.0,0.0,0,-0.47031152944822024,0.29703191912879257,CBOE/HLT
2022-06-01,0.0,0.0,0.0,0,-0.3822022582153324,0.2964557244610559,CBOE/HLT
2022-06-02,0.0,0.0,0.0,0,-0.18679444263206368,0.2959346998002071,CBOE/HLT
2022-06-03,0.0,0.0,0.0,0,-0.3360635181603222,0.2954795652885893,CBOE/HLT
2022-06-06,0.0,0.0,0.0,0,-0.31285237357773704,0.2949165542555283,CBOE/HLT
2022-06-07,0.0,0.0,0.0,0,-0.41900561813459836,0.29439213351749743,CBOE/HLT
2022-06-08,0.0,0.0,0.0,0,-0.33689481500722984,0.2937918180617486,CBOE/HLT
2022-06-09,0.0,0.0,0.0,0,-0.17242537549825657,0.29323956458258793,CBOE/HLT
2022-06-10,0.0,0.0,0.0,0,-0.30438011759248745,0.2927653140519315,CBOE/HLT
2022-06-13,0.0,0.0,0.0,0,-0.22787525846906304,0.2922688681466144,CBOE/HLT
2022-06-14,0.0,0.0,0.0,0,-0.2761024329296719,0.2918425512127544,CBOE/HLT
2022-06-15,0.0,0.0,0.0,0,-0.13799632388275887,0.29142368675528924,CBOE/HLT
2022-06-16,0.0,0.0,0.0,0,-0.027057342106350177,0.29105220450759184,CBOE/HLT
2022-06-17,0.0,0.0,0.0,0,-0.02494829668489349,0.290731277362341,CBOE/HLT
2022-06-21,0.0,0.0,0.0,0,0.08507148725460865,0.29042607718523356,CBOE/HLT
2022-06-22,0.0,0.0,0.0,0,0.1269116297968318,0.2901628075788869,CBOE/HLT
2022-06-23,0.0,0.0,0.0,0,0.47090623628503003,0.2899454876987865,CBOE/HLT
2022-06-24,0.0,0.0,0.0,0,0.5440866132497265,0.2897420056166792,CBOE/HLT
2022-06-27,0.0,0.0,0.0,0,0.49252459322999503,0.28961258226489667,CBOE/HLT
2022-06-28,0.0,0.0,0.0,0,0.4984596423141961,0.28945896127952814,CBOE/HLT
2022-06-29,0.0,0.0,0.0,0,0.5477077393989694,0.28929798855745975,CBOE/HLT
2022-06-30,0.0,0.0,0.0,0,0.524411077224786,0.2891009408109203,CBOE/HLT
2022-07-01,0.0,0.0,0.0,0,0.6270880509767172,0.28891178171571225,CBOE/HLT
2022-07-05,0.0,0.0,0.0,0,0.9330950454321408,0.2887235359199155,CBOE/HLT
2022-07-06,0.0,0.0,0.0,0,1.0296287957337422,0.2885752914683833,CBOE/HLT
2022-07-07,0.0,0.0,0.0,0,1.0503632553041071,0.2884576503454785,CBOE/HLT
2022-07-08,0.0,0.0,0.0,0,1.0498338529327025,0.2883839801621583,CBOE/HLT
2022-07-11,0.0,0.0,0.0,0,1.3269203211701364,0.2882915401120675,CBOE/HLT
2022-07-12,0.0,0.0,0.0,0,1.1765869828585782,0.2882675893032183,CBOE/HLT
2022-07-13,0.0,0.0,0.0,0,0.928437772451252,0.2882331580685418,CBOE/HLT
2022-07-14,0.0,0.0,0.0,0,0.9333606920012599,0.2881484870404565,CBOE/HLT
2022-07-15,0.0,0.0,0.0,0,0.9467512642847262,0.2880833175216605,CBOE/HLT
2022-07-18,0.0,0.0,0.0,0,0.8327640096413922,0.2880215490415137,CBOE/HLT
2022-07-19,0.0,0.0,0.0,0,1.0816477662340966,0.28795406772817367,CBOE/HLT
2022-07-20,0.0,0.0,0.0,0,1.033476177163325,0.2880291307911752,CBOE/HLT
2022-07-21,0.0,0.0,0.0,0,1.275937523193749,0.28813112254403983,CBOE/HLT
2022-07-22,0.0,0.0,0.0,0,1.2805282707146175,0.28827736036103263,CBOE/HLT
2022-07-25,0.0,0.0,0.0,0,1.3396084986424008,0.28841413121723913,CBOE/HLT
2022-07-26,0.0,0.0,0.0,0,1.4290230633271814,0.28851973028210937,CBOE/HLT
2022-07-27,0.0,0.0,0.0,0,1.1630633083953854,0.2886560609990026,CBOE/HLT
2022-07-28,0.0,0.0,0.0,0,1.2499357601331222,0.28889243139614385,CBOE/HLT
2022-07-29,0.0,0.0,0.0,0,1.0160496799796166,0.289202815294516,CBOE/HLT
2022-08-01,0.0,0.0,0.0,0,0.31090506049093924,0.28943371209375524,CBOE/HLT
2022-08-02,0.0,0.0,0.0,0,0.42171529171214334,0.28940813224939627,CBOE/HLT
2022-08-03,0.0,0.0,0.0,0,0.373448483726354,0.2894504536922912,CBOE/HLT
2022-08-04,0.0,0.0,0.0,0,0.4943125705454611,0.28950031079525806,CBOE/HLT
2022-08-05,0.0,0.0,0.0,0,0.6541360763257114,0.28960246264570444,CBOE/HLT
2022-08-08,0.0,0.0,0.0,0,0.4740771021118073,0.28974859119506646,CBOE/HLT
2022-08-09,0.0,0.0,0.0,0,0.4454349550767614,0.28979102052278044,CBOE/HLT
2022-08-10,0.0,0.0,0.0,0,0.3494505409737367,0.28985215928786273,CBOE/HLT
2022-08-11,0.0,0.0,0.0,0,0.22196224050621735,0.2899522506899772,CBOE/HLT
2022-08-12,0.0,0.0,0.0,0,0.35283188883485506,0.289977598859994,CBOE/HLT
2022-08-15,0.0,0.0,0.0,0,0.33569319471414893,0.29007208349738006,CBOE/HLT
2022-08-16,0.0,0.0,0.0,0,0.33177893508001916,0.2902037398959952,CBOE/HLT
2022-08-17,0.0,0.0,0.0,0,0.7412000975600431,0.2903606560383304,CBOE/HLT
2022-08-18,0.0,0.0,0.0,0,0.9753291008581425,0.2907023580959068,CBOE/HLT
2022-08-19,0.0,0.0,0.0,0,0.8178829952296067,0.2911504947327408,CBOE/HLT
2022-08-22,0.0,0.0,0.0,0,0.8982491859680128,0.2915207830679831,CBOE/HLT
2022-08-23,0.0,0.0,0.0,0,0.7283980126106947,0.291882148919076,CBOE/HLT
2022-08-24,0.0,0.0,0.0,0,0.7486880278011232,0.2922521994637305,CBOE/HLT
2022-08-25,0.0,0.0,0.0,0,0.7378367787408278,0.29270056228812036,CBOE/HLT
2022-08-26,0.0,0.0,0.0,0,0.5937658977335566,0.29316461516151543,CBOE/HLT
2022-08-29,0.0,0.0,0.0,0,0.6394739610331307,0.29355524609340705,CBOE/HLT
2022-08-30,0.0,0.0,0.0,0,0.5130579204163609,0.2939232037410467,CBOE/HLT
2022-08-31,0.0,0.0,0.0,0,0.5149543307294271,0.29424413367911084,CBOE/HLT
2022-09-01,0.0,0.0,0.0,0,0.830742343141481,0.2945836297371143,CBOE/HLT
2022-09-02,0.0,0.0,0.0,0,0.6923974672308135,0.2950480648680104,CBOE/HLT
2022-09-06,0.0,0.0,0.0,0,0.8779986512288982,0.2954202889926099,CBOE/HLT
2022-09-07,0.0,0.0,0.0,0,0.9645780605662212,0.29587835171485105,CBOE/HLT
2022-09-08,0.0,0.0,0.0,0,0.9494280243029021,0.2964044863925013,CBOE/HLT
2022-09-09,0.0,0.0,0.0,0,0.8428152282871876,0.2969798747948565,CBOE/HLT
2022-09-12,0.0,0.0,0.0,0,0.7936618177385159,0.2975334613129794,CBOE/HLT
2022-09-13,0.0,0.0,0.0,0,0.7018427236634199,0.2980714723978539,CBOE/HLT
2022-09-14,0.0,0.0,0.0,0,0.6146611484130593,0.2985005751185761,CBOE/HLT
2022-09-15,0.0,0.0,0.0,0,0.3726219289997835,0.29886066201695904,CBOE/HLT
2022-09-16,0.0,0.0,0.0,0,0.6494345698239179,0.2992035531833397,CBOE/HLT
2022-09-19,0.0,0.0,0.0,0,0.6105909477736041,0.2996431197088484,CBOE/HLT
2022-09-20,0.0,0.0,0.0,0,0.5083993922025196,0.30008980722941836,CBOE/HLT
2022-09-21,0.0,0.0,0.0,0,0.5888144968506636,0.30051584442087576,CBOE/HLT
2022-09-22,0.0,0.0,0.0,0,0.7046561129131738,0.3009666300859203,CBOE/HLT
2022-09-23,0.0,0.0,0.0,0,0.5888584880288186,0.3014164837928589,CBOE/HLT
2022-09-26,0.0,0.0,0.0,0,0.6427102676489703,0.301792317970926,CBOE/HLT
2022-09-27,0.0,0.0,0.0,0,0.6765241683594455,0.30216204616109943,CBOE/HLT
2022-09-28,0.0,0.0,0.0,0,0.6430688852029876,0.30257909418683276,CBOE/HLT
2022-09-29,0.0,0.0,0.0,0,0.6357166030849029,0.3029984364133021,CBOE/HLT
2022-09-30,0.0,0.0,0.0,0,0.6377285386101635,0.30342120604402284,CBOE/HLT
2022-10-03,0.0,0.0,0.0,0,0.6769114820488038,0.30386555913399865,CBOE/HLT
2022-10-04,0.0,0.0,0.0,0,0.7281093625447355,0.3043297291454759,CBOE/HLT
2022-10-05,0.0,0.0,0.0,0,0.7084581516258542,0.3048160994918315,CBOE/HLT
2022-10-06,0.0,0.0,0.0,0,0.9791419699173364,0.3052894285324054,CBOE/HLT
2022-10-07,0.0,0.0,0.0,0,0.76621840519281,0.30581777060531934,CBOE/HLT
2022-10-10,0.0,0.0,0.0,0,0.7750789225797408,0.30624972256904803,CBOE/HLT
2022-10-11,0.0,0.0,0.0,0,0.7867350079362422,0.3067135271972041,CBOE/HLT
2022-10-12,0.0,0.0,0.0,0,0.6951242384928534,0.3071962278537165,CBOE/HLT
2022-10-13,0.0,0.0,0.0,0,0.8205497068173476,0.30765681549714285,CBOE/HLT
2022-10-14,0.0,0.0,0.0,0,0.44013469857063925,0.308145734660999,CBOE/HLT
2022-10-17,0.0,0.0,0.0,0,0.7215442327289525,0.3085721693344118,CBOE/HLT
2022-10-18,0.0,0.0,0.0,0,0.8344687927860348,0.3091308535806674,CBOE/HLT
2022-10-19,0.0,0.0,0.0,0,0.6057660738834293,0.30972590786921445,CBOE/HLT
2022-10-20,0.0,0.0,0.0,0,0.5965503406919865,0.31029892960034733,CBOE/HLT
2022-10-21,0.0,0.0,0.0,0,0.5344435472057129,0.3108364353109945,CBOE/HLT
2022-10-24,0.0,0.0,0.0,0,0.7748275265952327,0.31148730761728577,CBOE/HLT
2022-10-25,0.0,0.0,0.0,0,1.0053092083162922,0.3121806186112081,CBOE/HLT
2022-10-26,0.0,0.0,0.0,0,0.9792749458294453,0.3129286263613185,CBOE/HLT
2022-10-27,0.0,0.0,0.0,0,0.865776665364932,0.31364567654533465,CBOE/HLT
2022-10-28,0.0,0.0,0.0,0,0.9736909108007562,0.3143540173434565,CBOE/HLT
2022-10-31,0.0,0.0,0.0,0,0.8559009712110027,0.31516329247384445,CBOE/HLT
2022-11-01,0.0,0.0,0.0,0,1.1899614338501552,0.31592917561235384,CBOE/HLT
2022-11-02,0.0,0.0,0.0,0,1.1923334397937355,0.31685215649100856,CBOE/HLT
2022-11-03,0.0,0.0,0.0,0,1.1103294836397848,0.31774217085254375,CBOE/HLT
2022-11-04,0.0,0.0,0.0,0,1.3994573037207088,0.3185407655274905,CBOE/HLT
2022-11-07,0.0,0.0,0.0,0,1.3360373303772408,0.3194517125217203,CBOE/HLT
2022-11-08,0.0,0.0,0.0,0,1.1122780030856552,0.32033761909051445,CBOE/HLT
2022-11-09,0.0,0.0,0.0,0,0.8861032382654649,0.3212648581317681,CBOE/HLT
2022-11-10,0.0,0.0,0.0,0,0.4293580407192759,0.3220822099828241,CBOE/HLT
2022-11-11,0.0,0.0,0.0,0,-0.2946707928486665,0.32277555823280285,CBOE/HLT
2022-11-14,0.0,0.0,0.0,0,0.12160036296163022,0.32318439228828905,CBOE/HLT
2022-11-15,0.0,0.0,0.0,0,0.5316720106510481,0.3237848354778456,CBOE/HLT
2022-11-16,0.0,0.0,0.0,0,0.5235859181676248,0.32462579560928756,CBOE/HLT
2022-11-17,0.0,0.0,0.0,0,0.6574887209850274,0.3253948359724341,CBOE/HLT
2022-11-18,0.0,0.0,0.0,0,0.38113213423929737,0.3262698357038463,CBOE/HLT
2022-11-21,0.0,0.0,0.0,0,0.6895968518433544,0.32707274397133934,CBOE/HLT
2022-11-22,0.0,0.0,0.0,0,0.7515147921180951,0.3279495342024861,CBOE/HLT
2022-11-23,0.0,0.0,0.0,0,0.74706794688561,0.3288912873849005,CBOE/HLT
2022-11-25,0.0,0.0,0.0,0,0.8581173580284538,0.3298377745911736,CBOE/HLT
2022-11-28,0.0,0.0,0.0,0,0.7799899229840449,0.33083415551579537,CBOE/HLT
2022-11-29,0.0,0.0,0.0,0,0.6236445077353315,0.33178205456012827,CBOE/HLT
2022-11-30,0.0,0.0,0.0,0,0.8544894251836003,0.33274566341061096,CBOE/HLT
2022-12-01,0.0,0.0,0.0,0,0.861850520941276,0.3338997084399705,CBOE/HLT
2022-12-02,0.0,0.0,0.0,0,1.046386490104696,0.33502286481232596,CBOE/HLT
2022-12-05,0.0,0.0,0.0,0,1.0132099034382973,0.33623961586184564,CBOE/HLT
2022-12-06,0.0,0.0,0.0,0,1.1865329654979029,0.337385753910264,CBOE/HLT
2022-12-07,0.0,0.0,0.0,0,1.3132496332493453,0.3385288407308036,CBOE/HLT
2022-12-08,0.0,0.0,0.0,0,1.035129852844488,0.3396496676799329,CBOE/HLT
2022-12-09,0.0,0.0,0.0,0,0.7720683730434824,0.34067530704120574,CBOE/HLT
2022-12-12,0.0,0.0,0.0,0,0.8576888181664402,0.3415796206818277,CBOE/HLT
2022-12-13,0.0,0.0,0.0,0,0.5971704247583239,0.34252673944485057,CBOE/HLT
2022-12-14,0.0,0.0,0.0,0,0.5376937657199057,0.3433530427787132,CBOE/HLT
2022-12-15,0.0,0.0,0.0,0,0.8967964685727075,0.34413855190743114,CBOE/HLT
2022-12-16,0.0,0.0,0.0,0,0.9674526890713117,0.34502104715040033,CBOE/HLT
2022-12-19,0.0,0.0,0.0,0,0.9281815497960815,0.3459159731820596,CBOE/HLT
2022-12-20,0.0,0.0,0.0,0,0.9346325658085012,0.3467428982146412,CBOE/HLT
2022-12-21,0.0,0.0,0.0,0,1.3335529564568265,0.34755340167079424,CBOE/HLT
2022-12-22,0.0,0.0,0.0,0,1.179948170287851,0.3484792048693933,CBOE/HLT
2022-12-23,0.0,0.0,0.0,0,1.3638237231607424,0.3494819082161155,CBOE/HLT
2022-12-27,0.0,0.0,0.0,0,1.4109818551321014,0.350529809637063,CBOE/HLT
2022-12-28,0.0,0.0,0.0,0,1.451639981603915,0.3515745545058713,CBOE/HLT
2022-12-29,0.0,0.0,0.0,0,1.48834008534067,0.35265352979853226,CBOE/HLT
2022-12-30,0.0,0.0,0.0,0,1.2965918284081144,0.35371419071992416,CBOE/HLT
2023-01-03,0.0,0.0,0.0,0,1.4410427227441809,0.3546820706189654,CBOE/HLT
2023-01-04,0.0,0.0,0.0,0,1.1352724647827692,0.35566889440720273,CBOE/HLT
2023-01-05,0.0,0.0,0.0,0,1.1012832605669007,0.3566139863751559,CBOE/HLT
2023-01-06,0.0,0.0,0.0,0,0.9391789772006837,0.3575749366455696,CBOE/HLT
2023-01-09,0.0,0.0,0.0,0,0.8467505691754885,0.3584918744875457,CBOE/HLT
2023-01-10,0.0,0.0,0.0,0,0.8669838321514232,0.3593757395539338,CBOE/HLT
2023-01-11,0.0,0.0,0.0,0,0.7711814895982249,0.3602440510592019,CBOE/HLT
2023-01-12,0.0,0.0,0.0,0,0.7869688247845857,0.3611750245676438,CBOE/HLT
2023-01-13,0.0,0.0,0.0,0,0.7909067178169567,0.36211516731507265,CBOE/HLT
2023-01-17,0.0,0.0,0.0,0,0.7257179201772773,0.3630250819893926,CBOE/HLT
2023-01-18,0.0,0.0,0.0,0,0.6811948885587216,0.3638848163761343,CBOE/HLT
2023-01-19,0.0,0.0,0.0,0,0.6285707754140814,0.36471371202861397,CBOE/HLT
2023-01-20,0.0,0.0,0.0,0,0.4789290217132572,0.3655841698615057,CBOE/HLT
2023-01-23,0.0,0.0,0.0,0,0.5071398922712838,0.36646886028166453,CBOE/HLT
2023-01-24,0.0,0.0,0.0,0,0.3348991223899113,0.3674607060719431,CBOE/HLT
2023-01-25,0.0,0.0,0.0,0,0.33991099241361383,0.3683958008823041,CBOE/HLT
2023-01-26,0.0,0.0,0.0,0,0.3678838320998509,0.36893193372591343,CBOE/HLT
2023-01-27,0.0,0.0,0.0,0,0.2015864365364251,0.3693894033798633,CBOE/HLT
2023-01-30,0.0,0.0,0.0,0,0.33826323630358174,0.3697598900078326,CBOE/HLT
2023-01-31,0.0,0.0,0.0,0,0.27052479911605304,0.3700299287594845,CBOE/HLT
2023-02-01,0.0,0.0,0.0,0,0.19090879717544626,0.37035238454142594,CBOE/HLT
2023-02-02,0.0,0.0,0.0,0,-0.047047088647901,0.37065938732989456,CBOE/HLT
2023-02-03,0.0,0.0,0.0,0,0.3493773395306269,0.370873286720462,CBOE/HLT
2023-02-06,0.0,0.0,0.0,0,0.5963740737160319,0.3713471198051105,CBOE/HLT
2023-02-07,0.0,0.0,0.0,0,0.6381566898296581,0.37180467442414344,CBOE/HLT
2023-02-08,0.0,0.0,0.0,0,0.6179486408805152,0.37225740447784333,CBOE/HLT
2023-02-09,0.0,0.0,0.0,0,0.3257062248743118,0.3727079229704129,CBOE/HLT
2023-02-10,0.0,0.0,0.0,0,0.5433234774219765,0.3730262356458621,CBOE/HLT
2023-02-13,0.0,0.0,0.0,0,0.7294585705806044,0.37338884336206024,CBOE/HLT
2023-02-14,0.0,0.0,0.0,0,0.39713396408377727,0.3739399441751893,CBOE/HLT
2023-02-15,0.0,0.0,0.0,0,0.5583716607978485,0.37436646819871183,CBOE/HLT
2023-02-16,0.0,0.0,0.0,0,0.5468502929516552,0.3749082095215891,CBOE/HLT
2023-02-17,0.0,0.0,0.0,0,0.8936114664591738,0.37543687451055163,CBOE/HLT
2023-02-21,0.0,0.0,0.0,0,0.9183463915098014,0.37621772171314144,CBOE/HLT
2023-02-22,0.0,0.0,0.0,0,0.9018634918131259,0.3770170460695666,CBOE/HLT
2023-02-23,0.0,0.0,0.0,0,0.8866196714643277,0.37787336307695135,CBOE/HLT
2023-02-24,0.0,0.0,0.0,0,1.0186132609987366,0.37874801618528875,CBOE/HLT
2023-02-27,0.0,0.0,0.0,0,0.814306263670499,0.3797020866466633,CBOE/HLT
2023-02-28,0.0,0.0,0.0,0,0.6787809827257855,0.3806372722783424,CBOE/HLT
2023-03-01,0.0,0.0,0.0,0,0.6947643054084808,0.3815070006334874,CBOE/HLT
2023-03-02,0.0,0.0,0.0,0,0.6020057723780464,0.38227856843669505,CBOE/HLT
2023-03-03,0.0,0.0,0.0,0,0.5643010216701101,0.38300065552433904,CBOE/HLT
2023-03-06,0.0,0.0,0.0,0,0.39082266623313433,0.3836783467900644,CBOE/HLT
2023-03-07,0.0,0.0,0.0,0,0.25479034748870083,0.38431595957846343,CBOE/HLT
2023-03-08,0.0,0.0,0.0,0,0.20361225602379923,0.38487944448702666,CBOE/HLT
2023-03-09,0.0,0.0,0.0,0,0.19446979195448344,0.38546023603065827,CBOE/HLT
2023-03-10,0.0,0.0,0.0,0,-0.01039484144686799,0.3859442657299081,CBOE/HLT
2023-03-13,0.0,0.0,0.0,0,0.5395228144187344,0.3862602204463901,CBOE/HLT
2023-03-14,0.0,0.0,0.0,0,0.7381051714845404,0.38677509605948535,CBOE/HLT
2023-03-15,0.0,0.0,0.0,0,0.6137814945509336,0.3874040133179306,CBOE/HLT
2023-03-16,0.0,0.0,0.0,0,0.6969733197653574,0.3879286262185284,CBOE/HLT
2023-03-17,0.0,0.0,0.0,0,0.9576232081123297,0.38850258167348817,CBOE/HLT
2023-03-20,0.0,0.0,0.0,0,0.8991136442060644,0.3891982778618159,CBOE/HLT
2023-03-21,0.0,0.0,0.0,0,1.0807663063787512,0.3898848416191336,CBOE/HLT
2023-03-22,0.0,0.0,0.0,0,1.0746980685486842,0.3905987939036655,CBOE/HLT
2023-03-23,0.0,0.0,0.0,0,1.1770893381033845,0.39127201113951227,CBOE/HLT
2023-03-24,0.0,0.0,0.0,0,1.5935273294744947,0.39194179846088795,CBOE/HLT
2023-03-27,0.0,0.0,0.0,0,1.818561217041749,0.39263670287543606,CBOE/HLT
2023-03-28,0.0,0.0,0.0,0,1.8399287217523324,0.3934523712122975,CBOE/HLT
2023-03-29,0.0,0.0,0.0,0,1.7831211628246906,0.3943166847403762,CBOE/HLT
2023-03-30,0.0,0.0,0.0,0,1.6625139244213383,0.39505875668170615,CBOE/HLT
2023-03-31,0.0,0.0,0.0,0,1.7202410186710386,0.3958214542953237,CBOE/HLT
2023-04-03,0.0,0.0,0.0,0,1.8118010386339747,0.3966274189642812,CBOE/HLT
2023-04-04,0.0,0.0,0.0,0,1.9102402524382618,0.3974358923711216,CBOE/HLT
2023-04-05,0.0,0.0,0.0,0,1.9246122937205479,0.3982896822257255,CBOE/HLT
2023-04-06,0.0,0.0,0.0,0,1.910585621223854,0.3991153730662342,CBOE/HLT
2023-04-10,0.0,0.0,0.0,0,1.5647782295260213,0.39997771413669025,CBOE/HLT
2023-04-11,0.0,0.0,0.0,0,1.612687983938706,0.40073180433663846,CBOE/HLT
2023-04-12,0.0,0.0,0.0,0,1.8299836220195156,0.4014570557960543,CBOE/HLT
2023-04-13,0.0,0.0,0.0,0,1.7081228631095686,0.40212944625264657,CBOE/HLT
2023-04-14,0.0,0.0,0.0,0,1.793547781199755,0.40285653349109446,CBOE/HLT
2023-04-17,0.0,0.0,0.0,0,1.8370480501256532,0.4036622466989155,CBOE/HLT
2023-04-18,0.0,0.0,0.0,0,1.7026631740676514,0.40451137002422005,CBOE/HLT
2023-04-19,0.0,0.0,0.0,0,1.7857365214353713,0.40538589403508307,CBOE/HLT
2023-04-20,0.0,0.0,0.0,0,1.8613924754950302,0.40628001491084137,CBOE/HLT
2023-04-21,0.0,0.0,0.0,0,1.8954353343889916,0.40720475526548094,CBOE/HLT
2023-04-24,0.0,0.0,0.0,0,1.8909258997687342,0.40811276224660814,CBOE/HLT
2023-04-25,0.0,0.0,0.0,0,1.913391511385565,0.40891768026771025,CBOE/HLT
2023-04-26,0.0,0.0,0.0,0,1.9796682541094348,0.40970787287204313,CBOE/HLT
2023-04-27,0.0,0.0,0.0,0,2.014063543049304,0.41038773166399883,CBOE/HLT
2023-04-28,0.0,0.0,0.0,0,2.0667163121554974,0.4111240272903712,CBOE/HLT
2023-05-01,0.0,0.0,0.0,0,1.8839643267330632,0.4119654701133217,CBOE/HLT
2023-05-02,0.0,0.0,0.0,0,1.8513107864498888,0.4127751936115588,CBOE/HLT
2023-05-03,0.0,0.0,0.0,0,1.80840335445955,0.41364517477537,CBOE/HLT
2023-05-04,0.0,0.0,0.0,0,1.8109981806790025,0.4144937114051047,CBOE/HLT
2023-05-05,0.0,0.0,0.0,0,1.6560656430923124,0.41527462166944,CBOE/HLT
2023-05-08,0.0,0.0,0.0,0,1.5936917951494332,0.41604939251042,CBOE/HLT
2023-05-09,0.0,0.0,0.0,0,1.5346837555760118,0.41675788227533067,CBOE/HLT
2023-05-10,0.0,0.0,0.0,0,1.9518041946386027,0.4174434203994592,CBOE/HLT
2023-05-11,0.0,0.0,0.0,0,2.043743622792207,0.41818323057409357,CBOE/HLT
2023-05-12,0.0,0.0,0.0,0,2.0130661465100563,0.4189297549001498,CBOE/HLT
2023-05-15,0.0,0.0,0.0,0,1.9522927478482324,0.419638059762185,CBOE/HLT
2023-05-16,0.0,0.0,0.0,0,1.8735114032327054,0.4203708673473478,CBOE/HLT
2023-05-17,0.0,0.0,0.0,0,1.6239780140983662,0.4210512903811432,CBOE/HLT
2023-05-18,0.0,0.0,0.0,0,1.5887314513074609,0.42156805560448135,CBOE/HLT
2023-05-19,0.0,0.0,0.0,0,1.8709489279402411,0.42208249784281876,CBOE/HLT
2023-05-22,0.0,0.0,0.0,0,1.9283078017294115,0.4226699369241156,CBOE/HLT
2023-05-23,0.0,0.0,0.0,0,1.7910986527498618,0.42325038700178474,CBOE/HLT
2023-05-24,0.0,0.0,0.0,0,1.8244801441835217,0.4237117355261098,CBOE/HLT
2023-05-25,0.0,0.0,0.0,0,1.4888502028921593,0.42417792066115356,CBOE/HLT
2023-05-26,0.0,0.0,0.0,0,1.5635756683927027,0.424668934374476,CBOE/HLT
2023-05-30,0.0,0.0,0.0,0,1.5499631356870875,0.4251825257056867,CBOE/HLT
2023-05-31,0.0,0.0,0.0,0,1.5560969262956368,0.42568877437113295,CBOE/HLT
2023-06-01,0.0,0.0,0.0,0,1.6071260972722432,0.426218651665181,CBOE/HLT
2023-06-02,0.0,0.0,0.0,0,1.5305374527930302,0.42677480301924703,CBOE/HLT
2023-06-05,0.0,0.0,0.0,0,1.5237530906720733,0.42736543334426175,CBOE/HLT
2023-06-06,0.0,0.0,0.0,0,1.0584806012910357,0.42790921583296365,CBOE/HLT
2023-06-07,0.0,0.0,0.0,0,1.2922960506499102,0.4283283065505055,CBOE/HLT
2023-06-08,0.0,0.0,0.0,0,1.5607800630509931,0.42887232495831856,CBOE/HLT
2023-06-09,0.0,0.0,0.0,0,1.9237965404893818,0.4294998190926911,CBOE/HLT
2023-06-12,0.0,0.0,0.0,0,1.541309338055849,0.43023451435158655,CBOE/HLT
2023-06-13,0.0,0.0,0.0,0,1.5395125034566457,0.430895407939407,CBOE/HLT
2023-06-14,0.0,0.0,0.0,0,1.8517280411895103,0.4315700146044029,CBOE/HLT
2023-06-15,0.0,0.0,0.0,0,1.9042492405086382,0.43241213606519213,CBOE/HLT
2023-06-16,0.0,0.0,0.0,0,1.813335952458567,0.4331768045020598,CBOE/HLT
2023-06-20,0.0,0.0,0.0,0,1.8122364936775543,0.4339111574539291,CBOE/HLT
2023-06-21,0.0,0.0,0.0,0,1.6937546515101207,0.43461421533799405,CBOE/HLT
2023-06-22,0.0,0.0,0.0,0,1.7892923907521334,0.435294325304425,CBOE/HLT
2023-06-23,0.0,0.0,0.0,0,1.7498984865781364,0.43595835755385287,CBOE/HLT
2023-06-26,0.0,0.0,0.0,0,1.5160528549904222,0.4365512570654673,CBOE/HLT
2023-06-27,0.0,0.0,0.0,0,1.4039790535469079,0.4370143965111466,CBOE/HLT
2023-06-28,0.0,0.0,0.0,0,1.418865476882858,0.4375571237782648,CBOE/HLT
2023-06-29,0.0,0.0,0.0,0,1.451656662161828,0.43809758838850427,CBOE/HLT
2023-06-30,0.0,0.0,0.0,0,1.6098806566171853,0.43866669057233676,CBOE/HLT
2023-07-03,0.0,0.0,0.0,0,1.5426525980609433,0.4393423740951411,CBOE/HLT
2023-07-05,0.0,0.0,0.0,0,1.6324007718878,0.43998548453819986,CBOE/HLT
2023-07-06,0.0,0.0,0.0,0,1.468371700393386,0.4406959257075181,CBOE/HLT
2023-07-07,0.0,0.0,0.0,0,1.2243558295197645,0.4413751093487398,CBOE/HLT
2023-07-10,0.0,0.0,0.0,0,1.053275378532607,0.4419958531547279,CBOE/HLT
2023-07-11,0.0,0.0,0.0,0,1.2192939483660343,0.44256786325861003,CBOE/HLT
2023-07-12,0.0,0.0,0.0,0,1.14818325243791,0.4432107997659126,CBOE/HLT
2023-07-13,0.0,0.0,0.0,0,1.5308361720758914,0.4438055158300317,CBOE/HLT
2023-07-14,0.0,0.0,0.0,0,1.84641147716028,0.4445906590002447,CBOE/HLT
2023-07-17,0.0,0.0,0.0,0,1.7165723211287143,0.44547378499508217,CBOE/HLT
2023-07-18,0.0,0.0,0.0,0,1.5739769418918081,0.4462984154914098,CBOE/HLT
2023-07-19,0.0,0.0,0.0,0,1.6192122593801157,0.4470465757221678,CBOE/HLT
2023-07-20,0.0,0.0,0.0,0,1.8107775144314806,0.4476256030365965,CBOE/HLT
2023-07-21,0.0,0.0,0.0,0,1.8146391532410049,0.4482823690557772,CBOE/HLT
2023-07-24,0.0,0.0,0.0,0,1.7499447934556849,0.44896366872296134,CBOE/HLT
2023-07-25,0.0,0.0,0.0,0,1.7817669775086407,0.44957414675988666,CBOE/HLT
2023-07-26,0.0,0.0,0.0,0,1.895543866772749,0.45017267004186623,CBOE/HLT
2023-07-27,0.0,0.0,0.0,0,1.5498845229537672,0.45074389217635286,CBOE/HLT
2023-07-28,0.0,0.0,0.0,0,1.3399204696417615,0.4512402841494392,CBOE/HLT
2023-07-31,0.0,0.0,0.0,0,1.2001066891704817,0.4516417541979942,CBOE/HLT
2023-08-01,0.0,0.0,0.0,0,1.2591261446256015,0.4519810677643847,CBOE/HLT
2023-08-02,0.0,0.0,0.0,0,1.3157729113343628,0.4523550546350488,CBOE/HLT
2023-08-03,0.0,0.0,0.0,0,1.458258758872529,0.45275077245476286,CBOE/HLT
2023-08-04,0.0,0.0,0.0,0,2.003338669798635,0.45317747897686084,CBOE/HLT
2023-08-07,0.0,0.0,0.0,0,1.9670594015376657,0.4538891594057902,CBOE/HLT
2023-08-08,0.0,0.0,0.0,0,1.9122685196183664,0.45463098403445357,CBOE/HLT
2023-08-09,0.0,0.0,0.0,0,1.9049919859520614,0.45537767476419017,CBOE/HLT
2023-08-10,0.0,0.0,0.0,0,2.066112921321224,0.45625483809341777,CBOE/HLT
2023-08-11,0.0,0.0,0.0,0,2.279579297979849,0.45718714021083134,CBOE/HLT
2023-08-14,0.0,0.0,0.0,0,2.0662119462960225,0.4582424278095949,CBOE/HLT
2023-08-15,0.0,0.0,0.0,0,2.2214327287259668,0.4592554283311166,CBOE/HLT
2023-08-16,0.0,0.0,0.0,0,2.2760694727446897,0.4603860875039604,CBOE/HLT
2023-08-17,0.0,0.0,0.0,0,2.4340516272957795,0.46147629467933016,CBOE/HLT
2023-08-18,0.0,0.0,0.0,0,2.4081542494394115,0.4625107671389703,CBOE/HLT
2023-08-21,0.0,0.0,0.0,0,2.5326620232357544,0.4635670395642126,CBOE/HLT
2023-08-22,0.0,0.0,0.0,0,2.3898996039424527,0.4646462882849278,CBOE/HLT
2023-08-23,0.0,0.0,0.0,0,2.4182411218923825,0.4657013062553084,CBOE/HLT
2023-08-24,0.0,0.0,0.0,0,2.406629543856256,0.46689295175236256,CBOE/HLT
2023-08-25,0.0,0.0,0.0,0,2.6406078998289084,0.46802529174970403,CBOE/HLT
2023-08-28,0.0,0.0,0.0,0,2.590221812495483,0.4692299599080029,CBOE/HLT
2023-08-29,0.0,0.0,0.0,0,2.3802445523067735,0.4705003781457362,CBOE/HLT
2023-08-30,0.0,0.0,0.0,0,2.357527472534483,0.4716811989473867,CBOE/HLT
2023-08-31,0.0,0.0,0.0,0,2.414830013911379,0.47287256978831427,CBOE/HLT
2023-09-01,0.0,0.0,0.0,0,2.3544258441553283,0.47401046815144854,CBOE/HLT
2023-09-05,0.0,0.0,0.0,0,2.3245906172220088,0.4751830550575711,CBOE/HLT
2023-09-06,0.0,0.0,0.0,0,2.3825963231002825,0.47626288469628586,CBOE/HLT
2023-09-07,0.0,0.0,0.0,0,2.7723483378927414,0.4774252611653736,CBOE/HLT
2023-09-08,0.0,0.0,0.0,0,2.4258441845853085,0.4787613239188695,CBOE/HLT
2023-09-11,0.0,0.0,0.0,0,2.539065450355258,0.4801159528846367,CBOE/HLT
2023-09-12,0.0,0.0,0.0,0,2.330978347023571,0.48153198387303797,CBOE/HLT
2023-09-13,0.0,0.0,0.0,0,2.2812628675830116,0.4828815901153256,CBOE/HLT
2023-09-14,0.0,0.0,0.0,0,2.0376602765906844,0.48410763684331504,CBOE/HLT
2023-09-15,0.0,0.0,0.0,0,1.9768997225849956,0.4851760812421876,CBOE/HLT
2023-09-18,0.0,0.0,0.0,0,2.2616070455948236,0.48606185232031457,CBOE/HLT
2023-09-19,0.0,0.0,0.0,0,2.7226492505456426,0.48699181588568247,CBOE/HLT
2023-09-20,0.0,0.0,0.0,0,2.6063000961420766,0.4880490354502613,CBOE/HLT
2023-09-21,0.0,0.0,0.0,0,2.8581575422902525,0.48915119297729015,CBOE/HLT
2023-09-22,0.0,0.0,0.0,0,3.0230360179072067,0.4902165744326416,CBOE/HLT
2023-09-25,0.0,12.5,-12.5,-1,2.826254370895832,0.49131661654498177,CBOE/HLT
2023-09-26,-86.68767536634091,0.0,-86.68767536634091,-1,2.8888040073402967,0.4923657633876187,CBOE/HLT
2023-09-27,236.64747724828118,0.0,236.64747724828118,-1,2.6620647931744066,0.4935198480922406,CBOE/HLT
2023-09-28,57.45949833887886,0.0,57.45949833887886,-1,2.5956082161489156,0.4947463155101959,CBOE/HLT
2023-09-29,-169.69052082415013,0.0,-169.69052082415013,-1,2.7338318659582876,0.49612580791567595,CBOE/HLT
2023-10-02,-116.68501068176957,0.0,-116.68501068176957,-1,2.822932488804284,0.4975378323799744,CBOE/HLT
2023-10-03,-181.6259695153498,0.0,-181.6259695153498,-1,2.9694170497070074,0.49892053571126416,CBOE/HLT
2023-10-04,-65.716878746253,0.0,-65.716878746253,-1,3.006398974602545,0.50024118002639,CBOE/HLT
2023-10-05,-91.08579960132172,0.0,-91.08579960132172,-1,3.069234331362166,0.5017061155506036,CBOE/HLT
2023-10-06,-71.85511698935238,0.0,-71.85511698935238,-1,3.111400526611697,0.5032620178208372,CBOE/HLT
2023-10-09,-226.2768542459482,0.0,-226.2768542459482,-1,3.2905861150163114,0.5048932002039439,CBOE/HLT
2023-10-10,328.8284791510363,0.0,328.8284791510363,-1,2.9800400977509183,0.5066480305488958,CBOE/HLT
2023-10-11,30.554581515281566,0.0,30.554581515281566,-1,2.934787260290568,0.5085175571400549,CBOE/HLT
2023-10-12,41.93122363314534,0.0,41.93122363314534,-1,2.8826188860010165,0.5103910359111228,CBOE/HLT
2023-10-13,-298.8339332656217,0.0,-298.8339332656217,-1,3.128370802970803,0.5123828573874487,CBOE/HLT
2023-10-16,86.31788979693937,0.0,86.31788979693937,-1,3.0275549897608,0.5145536476202031,CBOE/HLT
2023-10-17,15.86145935525952,0.0,15.86145935525952,-1,2.9931735366957315,0.5167091464584856,CBOE/HLT
2023-10-18,-153.29053112579163,0.0,-153.29053112579163,-1,3.1119043730003395,0.5188744129489473,CBOE/HLT
2023-10-19,-1.7417577601917884,0.0,-1.7417577601917884,-1,3.100636746968585,0.5210922342663609,CBOE/HLT
2023-10-20,-66.63867579131076,0.0,-66.63867579131076,-1,3.1484726922578563,0.5233826044316896,CBOE/HLT
2023-10-23,96.48493552822745,0.0,96.48493552822745,-1,3.049798266393017,0.5255272306701481,CBOE/HLT
2023-10-24,-15.708108058647952,0.0,-15.708108058647952,-1,3.0406003744317434,0.5274820509697089,CBOE/HLT
2023-10-25,43.65683909866112,0.0,43.65683909866112,-1,2.983897636420477,0.5295751213378105,CBOE/HLT
2023-10-26,-284.62147676407363,0.0,-284.62147676407363,-1,3.214344565754497,0.5317048845372182,CBOE/HLT
2023-10-27,324.8752596697253,0.0,324.8752596697253,-1,2.92358397577863,0.5339510565928469,CBOE/HLT
2023-10-30,-129.0600738891501,0.0,-129.0600738891501,-1,3.00693661973191,0.5359499614230373,CBOE/HLT
2023-10-31,-28.87594520423029,0.0,-28.87594520423029,-1,3.0130473620822165,0.5380388527649544,CBOE/HLT
2023-11-01,-216.93603778035651,0.0,-216.93603778035651,-1,3.1769321738882,0.540143940417471,CBOE/HLT
2023-11-02,395.2185493343283,0.0,395.2185493343283,-1,2.8257118079050003,0.5422972768606829,CBOE/HLT
2023-11-03,-501.7353878584147,0.0,-501.7353878584147,-1,3.2016883210565275,0.5444138267147411,CBOE/HLT
2023-11-06,-525.974846753673,0.0,-525.974846753673,-1,3.613329001350837,0.5468721427902473,CBOE/HLT
2023-11-07,224.09616243867055,0.0,224.09616243867055,-1,3.394228449538007,0.5494550132456358,CBOE/HLT
2023-11-08,-182.09855550632065,0.0,-182.09855550632065,-1,3.523977683903668,0.5520210639762574,CBOE/HLT
2023-11-09,-183.60358994460591,0.0,-183.60358994460591,-1,3.638879517408141,0.5547372371051957,CBOE/HLT
2023-11-10,343.56014522953353,0.0,343.56014522953353,-1,3.312850510620562,0.5575302626839683,CBOE/HLT
2023-11-13,-335.1440513421232,0.0,-335.1440513421232,-1,3.551199472251929,0.5601657279756455,CBOE/HLT
2023-11-14,356.68055364958764,0.0,356.68055364958764,-1,3.209269286316591,0.5629393817307652,CBOE/HLT
2023-11-15,-34.958559605282666,0.0,-34.958559605282666,-1,3.2213985610777915,0.5656096750153381,CBOE/HLT
2023-11-16,7.264801506884439,0.0,7.264801506884439,-1,3.1787215782516114,0.5682605771295348,CBOE/HLT
2023-11-17,184.33456226716694,0.0,184.33456226716694,-1,3.000263551597116,0.5708224597919607,CBOE/HLT
2023-11-20,32.79216568994102,0.0,32.79216568994102,-1,2.9452921705733903,0.5733713573116029,CBOE/HLT
2023-11-21,21.32636524539594,0.0,21.32636524539594,-1,2.901133189858344,0.5759911587488971,CBOE/HLT
2023-11-22,-274.0214873643423,0.0,-274.0214873643423,-1,3.0843415179961715,0.5784157400845331,CBOE/HLT
2023-11-24,-67.16447699637038,0.0,-67.16447699637038,-1,3.121236559436692,0.5810708320027892,CBOE/HLT
2023-11-27,-94.39904944332861,0.0,-94.39904944332861,-1,3.177882883615847,0.583680358355578,CBOE/HLT
2023-11-28,-129.86188052819435,0.0,-129.86188052819435,-1,3.264405305991704,0.5864326358530159,CBOE/HLT
2023-11-29,53.07234904436071,0.0,53.07234904436071,-1,3.2033289620153864,0.5892522135521572,CBOE/HLT
2023-11-30,-247.15368235514265,0.0,-247.15368235514265,-1,3.3605992052175218,0.5919279318533014,CBOE/HLT
2023-12-01,392.3118268031802,0.0,392.3118268031802,-1,3.003076988543308,0.594787616424654,CBOE/HLT
2023-12-04,-126.33086636714734,0.0,-126.33086636714734,-1,3.0689975666255647,0.5974970702199616,CBOE/HLT
2023-12-05,-245.75222893413985,0.0,-245.75222893413985,-1,3.269260561399136,0.600213819828346,CBOE/HLT
2023-12-06,493.6221780965732,0.0,493.6221780965732,-1,2.8631843924314477,0.6029441257396451,CBOE/HLT
2023-12-07,184.0825891528096,0.0,184.0825891528096,-1,2.6805617561222834,0.605373797216976,CBOE/HLT
2023-12-08,-110.48689882590546,0.0,-110.48689882590546,-1,2.7355605628852526,0.6077534406509764,CBOE/HLT
2023-12-11,388.8820660367537,0.0,388.8820660367537,-1,2.3662861319114334,0.6102373959613105,CBOE/HLT
2023-12-12,39.81192991918013,0.0,39.81192991918013,-1,2.3023545531327585,0.6126501812482104,CBOE/HLT
2023-12-13,-32.22583926821235,0.0,-32.22583926821235,-1,2.3142465204506983,0.614811014655444,CBOE/HLT
2023-12-14,604.1728039009981,0.0,604.1728039009981,-1,1.8602482918245618,0.6169979092663295,CBOE/HLT
2023-12-15,-276.1090758955614,0.0,-276.1090758955614,-1,2.048557100745919,0.6188284400796212,CBOE/HLT
2023-12-18,74.27135535220563,0.0,74.27135535220563,-1,1.9654201821573034,0.6208260336029319,CBOE/HLT
2023-12-19,-150.41365740707818,0.0,-150.41365740707818,-1,2.0495863835872914,0.6228345629467269,CBOE/HLT
2023-12-20,202.94725443174775,0.0,202.94725443174775,-1,1.9071501756252114,0.6248892625721636,CBOE/HLT
2023-12-21,-9.533919771758178,0.0,-9.533919771758178,-1,1.8574474087914874,0.626914666611151,CBOE/HLT
2023-12-22,62.86796163216595,0.0,62.86796163216595,-1,1.7970649129036227,0.6290193757238908,CBOE/HLT
2023-12-26,184.79746876014235,0.0,184.79746876014235,-1,1.6508391305310406,0.6309527656813483,CBOE/HLT
2023-12-27,-192.9966537598188,0.0,-192.9966537598188,-1,1.7785840975231582,0.6325698788468366,CBOE/HLT
2023-12-28,-231.81008164264642,0.0,-231.81008164264642,-1,1.9346635704717303,0.6342979068143704,CBOE/HLT
2023-12-29,-59.607500691393696,0.0,-59.607500691393696,-1,1.9609142337991181,0.6360670745674496,CBOE/HLT
2024-01-02,-70.9412544508393,0.0,-70.9412544508393,-1,2.0237380636982367,0.637866426011959,CBOE/HLT
2024-01-03,300.2028727299996,0.0,300.2028727299996,-1,1.8033407629895324,0.6397366265024829,CBOE/HLT
2024-01-04,136.13018456742586,0.0,136.13018456742586,-1,1.6940421616926353,0.6413698443134004,CBOE/HLT
2024-01-05,141.48016399457123,0.0,141.48016399457123,-1,1.5579143876187909,0.6429407667393544,CBOE/HLT
2024-01-08,-264.6971529369596,0.0,-264.6971529369596,-1,1.7202090407064299,0.644467114552291,CBOE/HLT
2024-01-09,68.36957469334467,0.0,68.36957469334467,-1,1.6653580877290204,0.6461958816837752,CBOE/HLT
2024-01-10,35.47860958294272,0.0,35.47860958294272,-1,1.6165263725132926,0.6480516960530024,CBOE/HLT
2024-01-11,-259.65196550254063,0.0,-259.65196550254063,-1,1.799161508689327,0.6499440932773279,CBOE/HLT
2024-01-12,-314.34308644354644,0.0,-314.34308644354644,-1,2.0154053542304657,0.6518667945730131,CBOE/HLT
2024-01-16,-315.4527600324869,0.0,-315.4527600324869,-1,2.227323156866539,0.6539390030374401,CBOE/HLT
2024-01-17,-315.5123240085846,0.0,-315.5123240085846,-1,2.424525282977578,0.656205421552224,CBOE/HLT
2024-01-18,141.4616800291813,0.0,141.4616800291813,-1,2.2728718236081984,0.6585850517226118,CBOE/HLT
2024-01-19,260.6575702958678,0.0,260.6575702958678,-1,2.0434219304414607,0.6607749058023231,CBOE/HLT
2024-01-22,5.947889948826528,0.0,5.947889948826528,-1,2.0085316603442034,0.6627853035052885,CBOE/HLT
2024-01-23,-387.5310582472687,0.0,-387.5310582472687,-1,2.287328635086686,0.6648282089127767,CBOE/HLT
2024-01-24,18.027299856547604,0.0,18.027299856547604,-1,2.2532586074224907,0.6670642382893485,CBOE/HLT
2024-01-25,241.37250928285275,0.0,241.37250928285275,-1,2.0014097439909,0.6693405831014342,CBOE/HLT
2024-01-26,294.06323822808196,0.0,294.06323822808196,-1,1.7614043982074807,0.6714635200150257,CBOE/HLT
2024-01-29,349.8394810799105,0.0,349.8394810799105,-1,1.4884083349175066,0.6734091149762361,CBOE/HLT
2024-01-30,81.39600954002775,0.0,81.39600954002775,-1,1.4032360807925368,0.6751174826515715,CBOE/HLT
2024-01-31,-240.3406328919469,0.0,-240.3406328919469,-1,1.6117854025823197,0.676718484906743,CBOE/HLT
2024-02-01,54.499010195445976,0.0,54.499010195445976,-1,1.519163989127827,0.678448647259377,CBOE/HLT
2024-02-02,283.6460689989451,0.0,283.6460689989451,-1,1.2855443067075385,0.6800121923262995,CBOE/HLT
2024-02-05,39.44379217050131,0.0,39.44379217050131,-1,1.2684755481602337,0.68125605100995,CBOE/HLT
2024-02-06,198.38678680043617,0.0,198.38678680043617,-1,1.1036819793357742,0.6824475742308262,CBOE/HLT
2024-02-07,-365.81952301424093,0.0,-365.81952301424093,-1,1.335097922979175,0.6835267117490467,CBOE/HLT
2024-02-08,-48.013615726331494,0.0,-48.013615726331494,-1,1.3823659243520838,0.6848272849237677,CBOE/HLT
2024-02-09,-58.349248671991646,0.0,-58.349248671991646,-1,1.4512159350650349,0.6861342171052366,CBOE/HLT
2024-02-12,-25.77978405158865,0.0,-25.77978405158865,-1,1.4375949230050056,0.6874721468458513,CBOE/HLT
2024-02-13,-272.0297820008619,0.0,-272.0297820008619,-1,1.675271050435651,0.6888164666315232,CBOE/HLT
2024-02-14,189.53602525496666,0.0,189.53602525496666,-1,1.488488694324547,0.6902863472928001,CBOE/HLT
2024-02-15,46.798442044860764,0.0,46.798442044860764,-1,1.390189248241147,0.6916118543877833,CBOE/HLT
2024-02-16,8.110015814664138,0.0,8.110015814664138,-1,1.3516573597597366,0.6929838243861133,CBOE/HLT
2024-02-20,-576.1762646764818,0.0,-576.1762646764818,-1,1.757358108812393,0.6943299781601292,CBOE/HLT
2024-02-21,304.3781497785479,0.0,304.3781497785479,-1,1.4964676360578568,0.6961043818043,CBOE/HLT
2024-02-22,-418.8338024105358,0.0,-418.8338024105358,-1,1.72261121080839,0.6976243251432294,CBOE/HLT
2024-02-23,-64.00988019036525,0.0,-64.00988019036525,-1,1.7189153464793596,0.699359952286155,CBOE/HLT
2024-02-26,-20.193254357125795,0.0,-20.193254357125795,-1,1.743791786269696,0.7010841155642001,CBOE/HLT
2024-02-27,218.66351765813076,0.0,218.66351765813076,-1,1.565628050903933,0.7027923855150872,CBOE/HLT
2024-02-28,-140.9604702171748,0.0,-140.9604702171748,-1,1.6455567346413797,0.7043947306371132,CBOE/HLT
2024-02-29,434.1375061309156,0.0,434.1375061309156,-1,1.3203707572328078,0.70610113957398,CBOE/HLT
2024-03-01,576.6403492798788,0.0,576.6403492798788,-1,0.8950697296651501,0.7074813014939002,CBOE/HLT
2024-03-04,-391.5485291599201,0.0,-391.5485291599201,-1,1.2052904003741078,0.7083845931549398,CBOE/HLT
2024-03-05,-21.07924249888623,0.0,-21.07924249888623,-1,1.1868601719746916,0.7095956787249537,CBOE/HLT
2024-03-06,277.44185616764406,0.0,277.44185616764406,-1,0.9867159000184789,0.7107531217650332,CBOE/HLT
2024-03-07,490.42819462117643,0.0,490.42819462117643,-1,0.61261860973201,0.7117105394600074,CBOE/HLT
2024-03-08,-273.7020748923929,0.0,-273.7020748923929,-1,0.7866674444656395,0.7123050083324283,CBOE/HLT
2024-03-11,230.5260329595147,0.0,230.5260329595147,-1,0.6458438040666223,0.7130526300051894,CBOE/HLT
2024-03-12,388.74232035849684,0.0,388.74232035849684,-1,0.3191855622978899,0.7137011393039322,CBOE/HLT
2024-03-13,-115.38962810149971,0.0,-115.38962810149971,-1,0.37127681533474893,0.7140535347893712,CBOE/HLT
2024-03-14,171.87622291960014,0.0,171.87622291960014,-1,0.2760775711347363,0.7144596311715344,CBOE/HLT
2024-03-15,-385.55319323447384,0.0,-385.55319323447384,-1,0.5835843876807522,0.7147761382763228,CBOE/HLT
2024-03-18,80.81076918162614,0.0,80.81076918162614,-1,0.4904630236502546,0.7153494793761789,CBOE/HLT
2024-03-19,107.17131805357846,0.0,107.17131805357846,-1,0.3830180110983335,0.7158888090432447,CBOE/HLT
2024-03-20,166.78761612938547,0.0,166.78761612938547,-1,0.22078703328884536,0.7163479022461146,CBOE/HLT
2024-03-21,-107.4592160602073,0.0,-107.4592160602073,-1,0.29339849372252147,0.7166202504307041,CBOE/HLT
2024-03-22,400.6238774223643,0.0,400.6238774223643,-1,-0.002595377346842457,0.7168954213641917,CBOE/HLT
2024-03-25,80.25017324238779,15.58745940036392,64.66271384202386,0,-0.03778022126106036,0.71686901482121,CBOE/HLT
2024-03-26,0.0,0.0,0.0,0,-0.3152144998453525,0.7168087060595558,CBOE/HLT
2024-03-27,0.0,0.0,0.0,0,-0.22705490312916438,0.7164483544610258,CBOE/HLT
2024-03-28,0.0,0.0,0.0,0,0.10591620142746386,0.716176864101181,CBOE/HLT
2024-04-01,0.0,0.0,0.0,0,-0.0034715491694416695,0.7162530665613835,CBOE/HLT
2024-04-02,0.0,0.0,0.0,0,0.1869486685792869,0.7162040061264264,CBOE/HLT
2024-04-03,0.0,0.0,0.0,0,-0.20816474407026514,0.7163362646192054,CBOE/HLT
2024-04-04,0.0,0.0,0.0,0,0.19266135097295176,0.7161510985209938,CBOE/HLT
2024-04-05,0.0,0.0,0.0,0,-0.02019761435880426,0.7163745619782887,CBOE/HLT
2024-04-08,0.0,0.0,0.0,0,0.09613479787085807,0.7164669573507686,CBOE/HLT
2024-04-09,0.0,0.0,0.0,0,-0.060571476801730695,0.7166940442549333,CBOE/HLT
2024-04-10,0.0,0.0,0.0,0,0.024018571137804343,0.7167545312250374,CBOE/HLT
2024-04-11,0.0,0.0,0.0,0,-0.23415899686723596,0.7168926105693035,CBOE/HLT
2024-04-12,0.0,0.0,0.0,0,0.1611500850982519,0.7168148984623383,CBOE/HLT
2024-04-15,0.0,0.0,0.0,0,0.10953806900542055,0.7170911086238211,CBOE/HLT
2024-04-16,0.0,0.0,0.0,0,0.16577083759382663,0.7173079894845803,CBOE/HLT
2024-04-17,0.0,0.0,0.0,0,0.2966941266020214,0.7175711410571158,CBOE/HLT
2024-04-18,0.0,0.0,0.0,0,0.42980481793283765,0.717956635365343,CBOE/HLT
2024-04-19,0.0,0.0,0.0,0,0.9280001169345754,0.7182937413976717,CBOE/HLT
2024-04-22,0.0,0.0,0.0,0,0.8197166331947808,0.7189629017656677,CBOE/HLT
2024-04-23,0.0,0.0,0.0,0,0.6191725802004755,0.7195450088887543,CBOE/HLT
2024-04-24,0.0,0.0,0.0,0,0.22922157261099085,0.7200662308886822,CBOE/HLT
2024-04-25,0.0,0.0,0.0,0,0.44737514939660084,0.7203263647393423,CBOE/HLT
2024-04-26,0.0,0.0,0.0,0,0.29376992291330273,0.720774364941704,CBOE/HLT
2024-04-29,0.0,0.0,0.0,0,0.44300262400837376,0.7211093959979346,CBOE/HLT
2024-04-30,0.0,0.0,0.0,0,0.7724964968828304,0.7215448278924065,CBOE/HLT
2024-05-01,0.0,0.0,0.0,0,0.6463549799337229,0.7222368482836855,CBOE/HLT
2024-05-02,0.0,0.0,0.0,0,0.2111602075565672,0.7228336437979127,CBOE/HLT
2024-05-03,0.0,0.0,0.0,0,0.6351423158893599,0.7230466020129287,CBOE/HLT
2024-05-06,0.0,0.0,0.0,0,0.7327696076326743,0.7235808994598333,CBOE/HLT
2024-05-07,0.0,0.0,0.0,0,0.8564114497150318,0.7242380528032336,CBOE/HLT
2024-05-08,0.0,0.0,0.0,0,0.9087422247042338,0.7250606225326549,CBOE/HLT
2024-05-09,0.0,0.0,0.0,0,0.5307606794241762,0.7259015626242163,CBOE/HLT
2024-05-10,0.0,0.0,0.0,0,0.12416041375563058,0.7264953429938772,CBOE/HLT
2024-05-13,0.0,0.0,0.0,0,0.3189751778564711,0.7267815684263602,CBOE/HLT
2024-05-14,0.0,0.0,0.0,0,0.2430230179937319,0.7272541400995952,CBOE/HLT
2024-05-15,0.0,0.0,0.0,0,0.0660528427545018,0.7276460697221935,CBOE/HLT
2024-05-16,0.0,0.0,0.0,0,0.2790823475991304,0.7279578688935335,CBOE/HLT
2024-05-17,0.0,0.0,0.0,0,0.5141317145697186,0.7284025634633186,CBOE/HLT
2024-05-20,0.0,0.0,0.0,0,0.3696852065685196,0.7290737588009979,CBOE/HLT
2024-05-21,0.0,0.0,0.0,0,0.43313675073491015,0.7296871691801519,CBOE/HLT
2024-05-22,0.0,0.0,0.0,0,0.5277834217798235,0.7303145755934688,CBOE/HLT
2024-05-23,0.0,0.0,0.0,0,0.4994876933384482,0.7310392036942495,CBOE/HLT
2024-05-24,0.0,0.0,0.0,0,0.479295783389737,0.7316966513152989,CBOE/HLT
2024-05-28,0.0,0.0,0.0,0,0.37489581420114665,0.732318089085096,CBOE/HLT
2024-05-29,0.0,0.0,0.0,0,0.40113134701145825,0.7328347753915485,CBOE/HLT
2024-05-30,0.0,0.0,0.0,0,0.2516426696428215,0.7332602786814562,CBOE/HLT
2024-05-31,0.0,0.0,0.0,0,-0.07425986261144955,0.7335948471124832,CBOE/HLT
2024-06-03,0.0,0.0,0.0,0,0.21963572433756967,0.7337142601284302,CBOE/HLT
2024-06-04,0.0,0.0,0.0,0,0.14358472010749998,0.73403016827027,CBOE/HLT
2024-06-05,0.0,0.0,0.0,0,-0.05906603470438601,0.7342795315219758,CBOE/HLT
2024-06-06,0.0,0.0,0.0,0,-0.03213113075316922,0.7343422097002955,CBOE/HLT
2024-06-07,0.0,0.0,0.0,0,-0.19202511255464894,0.7344083549689338,CBOE/HLT
2024-06-10,0.0,0.0,0.0,0,-0.42856774274898046,0.7343620580437906,CBOE/HLT
2024-06-11,0.0,0.0,0.0,0,-0.3418274380966298,0.7341465905849688,CBOE/HLT
2024-06-12,0.0,0.0,0.0,0,-0.9307442838074523,0.7340223891288061,CBOE/HLT
2024-06-13,0.0,0.0,0.0,0,-1.032496191545945,0.7334978599963696,CBOE/HLT
2024-06-14,0.0,0.0,0.0,0,-1.0365799349028295,0.7328259068108501,CBOE/HLT
2024-06-17,0.0,0.0,0.0,0,-1.0709804125590916,0.7321310990435907,CBOE/HLT
2024-06-18,0.0,0.0,0.0,0,-1.209847687936474,0.731301183666815,CBOE/HLT
2024-06-20,0.0,0.0,0.0,0,-1.0788415852893976,0.7303902035037517,CBOE/HLT
2024-06-21,0.0,0.0,0.0,0,-0.6873739095648037,0.7295842633902511,CBOE/HLT
2024-06-24,0.0,0.0,0.0,0,-1.1015225540703397,0.7291268588390809,CBOE/HLT
2024-06-25,0.0,0.0,0.0,0,-1.1670013105944241,0.728352107708816,CBOE/HLT
2024-06-26,0.0,0.0,0.0,0,-0.9634194806632987,0.7275622557927162,CBOE/HLT
2024-06-27,0.0,0.0,0.0,0,-1.0518275883823631,0.7269751908171598,CBOE/HLT
2024-06-28,0.0,0.0,0.0,0,-1.2389894177335141,0.7263189419396255,CBOE/HLT
2024-07-01,0.0,0.0,0.0,0,-0.8643749225282621,0.7254900512277757,CBOE/HLT
2024-07-02,0.0,0.0,0.0,0,-0.9779429376116849,0.7250247679322133,CBOE/HLT
2024-07-03,0.0,0.0,0.0,0,-1.0381179011067148,0.7244755002122212,CBOE/HLT
2024-07-05,0.0,0.0,0.0,0,-1.0320075525303507,0.7238672516412364,CBOE/HLT
2024-07-08,0.0,0.0,0.0,0,-1.1025304891489611,0.7233285085494151,CBOE/HLT
2024-07-09,0.0,0.0,0.0,0,-1.1528649739033998,0.7227626204529567,CBOE/HLT
2024-07-10,0.0,0.0,0.0,0,-1.34741830986567,0.7222272001257769,CBOE/HLT
2024-07-11,0.0,0.0,0.0,0,-1.1388923216077407,0.7215280195816933,CBOE/HLT
2024-07-12,0.0,0.0,0.0,0,-1.3702065520552182,0.7209771794297335,CBOE/HLT
2024-07-15,0.0,0.0,0.0,0,-1.2576937857696775,0.720146664834494,CBOE/HLT
2024-07-16,0.0,0.0,0.0,0,-1.5149050828059731,0.7193490756407304,CBOE/HLT
2024-07-17,0.0,0.0,0.0,0,-0.4702959970743512,0.7182761242122996,CBOE/HLT
2024-07-18,0.0,0.0,0.0,0,-0.141971952563835,0.7180657024123946,CBOE/HLT
2024-07-19,0.0,0.0,0.0,0,-0.09955025343740227,0.7181027266148456,CBOE/HLT
2024-07-22,0.0,0.0,0.0,0,-0.04822452903461859,0.7181601817589381,CBOE/HLT
2024-07-23,0.0,0.0,0.0,0,-0.2902297309951709,0.7184037637137676,CBOE/HLT
2024-07-24,0.0,0.0,0.0,0,0.19704287073830054,0.7185350936949784,CBOE/HLT
2024-07-25,0.0,0.0,0.0,0,0.4178406577970943,0.7190402579290138,CBOE/HLT
2024-07-26,0.0,0.0,0.0,0,0.23325476161955316,0.7197413881314337,CBOE/HLT
2024-07-29,0.0,0.0,0.0,0,0.03936812307855072,0.720290822812334,CBOE/HLT
2024-07-30,0.0,0.0,0.0,0,0.09785889761154128,0.7206617195928877,CBOE/HLT
2024-07-31,0.0,0.0,0.0,0,0.053817720886629346,0.7210815582670371,CBOE/HLT
2024-08-01,0.0,0.0,0.0,0,0.5590152505336285,0.721522243569782,CBOE/HLT
2024-08-02,0.0,0.0,0.0,0,1.3844951504552885,0.7222596687230214,CBOE/HLT
2024-08-05,0.0,0.0,0.0,0,1.745102202581279,0.7235182418197393,CBOE/HLT
2024-08-06,0.0,0.0,0.0,0,1.5124772649953937,0.7250084988369027,CBOE/HLT
2024-08-07,0.0,0.0,0.0,0,2.0917355772138273,0.7263784893991949,CBOE/HLT
2024-08-08,0.0,0.0,0.0,0,2.143065081694778,0.7279922749004298,CBOE/HLT
2024-08-09,0.0,0.0,0.0,0,1.8004769433579249,0.7296596880591584,CBOE/HLT
2024-08-12,0.0,0.0,0.0,0,2.046826035002361,0.7311745191713764,CBOE/HLT
2024-08-13,0.0,0.0,0.0,0,1.9572324329335757,0.7328114276346451,CBOE/HLT
2024-08-14,0.0,0.0,0.0,0,2.0806955167520407,0.7344280514695538,CBOE/HLT
2024-08-15,0.0,0.0,0.0,0,1.5254812347713882,0.7361574310621476,CBOE/HLT
2024-08-16,0.0,0.0,0.0,0,1.5598163277744908,0.7375948621881185,CBOE/HLT
2024-08-19,0.0,0.0,0.0,0,1.5571016567916323,0.7390471778249005,CBOE/HLT
2024-08-20,0.0,0.0,0.0,0,1.779977247245203,0.740486464835114,CBOE/HLT
2024-08-21,0.0,0.0,0.0,0,1.6076694723538325,0.742043899563499,CBOE/HLT
2024-08-22,0.0,0.0,0.0,0,1.8508098205093155,0.7435727614833743,CBOE/HLT
2024-08-23,0.0,0.0,0.0,0,1.7445909196992708,0.7452176718051143,CBOE/HLT
2024-08-26,0.0,0.0,0.0,0,2.105795240745112,0.7467778372182853,CBOE/HLT
2024-08-27,0.0,0.0,0.0,0,1.7793839124435862,0.7485179031186922,CBOE/HLT
2024-08-28,0.0,0.0,0.0,0,1.6632209725153073,0.7501270528646866,CBOE/HLT
2024-08-29,0.0,0.0,0.0,0,1.4718686926526872,0.7515359701139859,CBOE/HLT
2024-08-30,0.0,0.0,0.0,0,1.2664903078465348,0.7527813017910472,CBOE/HLT
2024-09-03,0.0,0.0,0.0,0,2.059665843792414,0.7539241219968116,CBOE/HLT
2024-09-04,0.0,0.0,0.0,0,1.9439524263907522,0.7554004663154236,CBOE/HLT
2024-09-05,0.0,0.0,0.0,0,1.8441503294482864,0.7568371105279923,CBOE/HLT
2024-09-06,0.0,0.0,0.0,0,2.0423903947816764,0.7582597072045673,CBOE/HLT
2024-09-09,0.0,0.0,0.0,0,1.9367616127170966,0.7597912199545934,CBOE/HLT
2024-09-10,0.0,0.0,0.0,0,2.211653893044015,0.761289971552365,CBOE/HLT
2024-09-11,0.0,0.0,0.0,0,2.138433144733125,0.7628773372443449,CBOE/HLT
2024-09-12,0.0,0.0,0.0,0,1.7058116937749799,0.7644689633127278,CBOE/HLT
2024-09-13,0.0,0.0,0.0,0,1.6453106703819174,0.765975263284397,CBOE/HLT
2024-09-16,0.0,0.0,0.0,0,1.78892575038499,0.7674280657438386,CBOE/HLT
2024-09-17,0.0,0.0,0.0,0,1.7222556455907354,0.7690009475514924,CBOE/HLT
2024-09-18,0.0,0.0,0.0,0,1.4495333615486048,0.7705218732176229,CBOE/HLT
2024-09-19,0.0,0.0,0.0,0,0.8896858539464125,0.7718163894386482,CBOE/HLT
2024-09-20,0.0,0.0,0.0,0,1.0326754799296538,0.7728254621657376,CBOE/HLT
2024-09-23,0.0,0.0,0.0,0,1.1281081916144164,0.7738905439206234,CBOE/HLT
2024-09-24,0.0,0.0,0.0,0,0.6793857172890733,0.7750628257696773,CBOE/HLT
2024-09-25,0.0,0.0,0.0,0,0.46260709668173455,0.7759243955216248,CBOE/HLT
2024-09-26,0.0,0.0,0.0,0,0.30738284512128394,0.7767471041373621,CBOE/HLT
2024-09-27,0.0,0.0,0.0,0,0.0006064265180611438,0.7774461871787739,CBOE/HLT
2024-09-30,0.0,0.0,0.0,0,0.4012173554049154,0.7779224932681134,CBOE/HLT
2024-10-01,0.0,0.0,0.0,0,0.8223502209453095,0.7786661814985072,CBOE/HLT
2024-10-02,0.0,0.0,0.0,0,0.8636871285424165,0.7796015866839763,CBOE/HLT
2024-10-03,0.0,0.0,0.0,0,0.7625453895013667,0.7806151529752385,CBOE/HLT
2024-10-04,0.0,0.0,0.0,0,0.6062107069168763,0.7815488212529423,CBOE/HLT
2024-10-07,0.0,0.0,0.0,0,0.44295974983496916,0.7823830776255135,CBOE/HLT
2024-10-08,0.0,0.0,0.0,0,0.3472087744148658,0.7831225580768859,CBOE/HLT
2024-10-09,0.0,0.0,0.0,0,0.06677839290366691,0.7838384633211155,CBOE/HLT
2024-10-10,0.0,0.0,0.0,0,0.17929353140773485,0.7842969081339691,CBOE/HLT
2024-10-11,0.0,0.0,0.0,0,-0.017261286500651445,0.7848648427576324,CBOE/HLT
2024-10-14,0.0,0.0,0.0,0,-0.03976278435575212,0.7851518666889314,CBOE/HLT
2024-10-15,0.0,0.0,0.0,0,0.4460918724027026,0.7854295436841826,CBOE/HLT
2024-10-16,0.0,0.0,0.0,0,0.3743409535503344,0.7859839075705155,CBOE/HLT
2024-10-17,0.0,0.0,0.0,0,0.22337434532111283,0.7864865489163355,CBOE/HLT
2024-10-18,0.0,0.0,0.0,0,0.17943974070786117,0.78689733190486,CBOE/HLT
2024-10-21,0.0,0.0,0.0,0,0.5306382282547939,0.7873322517600898,CBOE/HLT
2024-10-22,0.0,0.0,0.0,0,0.5576109401244541,0.7879756382810161,CBOE/HLT
2024-10-23,0.0,0.0,0.0,0,0.8191096656040477,0.7886487788635624,CBOE/HLT
2024-10-24,0.0,0.0,0.0,0,0.8192787528908975,0.7894037827748328,CBOE/HLT
2024-10-25,0.0,0.0,0.0,0,0.5923775724503854,0.7901514593723803,CBOE/HLT
2024-10-28,0.0,0.0,0.0,0,0.5323148337124521,0.7907537326058539,CBOE/HLT
2024-10-29,0.0,0.0,0.0,0,0.35079548649195763,0.7913475524750613,CBOE/HLT
2024-10-30,0.0,0.0,0.0,0,0.19459465160229963,0.7918148721995328,CBOE/HLT
2024-10-31,0.0,0.0,0.0,0,0.7140320523910846,0.7922039102743242,CBOE/HLT
2024-11-01,0.0,0.0,0.0,0,0.33554783621691564,0.7929246805053772,CBOE/HLT
2024-11-04,0.0,0.0,0.0,0,0.49085704624744614,0.7934504244999864,CBOE/HLT
2024-11-05,0.0,0.0,0.0,0,0.5449964865027326,0.7940393068503954,CBOE/HLT
2024-11-06,0.0,0.0,0.0,0,-0.9545082140569169,0.7946835588331385,CBOE/HLT
2024-11-07,0.0,0.0,0.0,0,-1.0608231706958475,0.7943537163178344,CBOE/HLT
2024-11-08,0.0,0.0,0.0,0,-1.3667940280376574,0.7939922569979728,CBOE/HLT
2024-11-11,0.0,0.0,0.0,0,-1.282234213842292,0.7934564267785467,CBOE/HLT
2024-11-12,0.0,0.0,0.0,0,-1.335481450060488,0.792962604815254,CBOE/HLT
2024-11-13,0.0,0.0,0.0,0,-1.6541199372583582,0.7923947977350261,CBOE/HLT
2024-11-14,0.0,0.0,0.0,0,-1.3637863633761877,0.791552145844859,CBOE/HLT
2024-11-15,0.0,0.0,0.0,0,-1.0889140042255374,0.7908308657411997,CBOE/HLT
2024-11-18,0.0,0.0,0.0,0,-0.7323856714048966,0.7902731554771205,CBOE/HLT
2024-11-19,0.0,0.0,0.0,0,-0.8336392737637722,0.7899821629795268,CBOE/HLT
2024-11-20,0.0,0.0,0.0,0,-0.5821448323573309,0.7896343782631732,CBOE/HLT
2024-11-21,0.0,0.0,0.0,0,-0.4929008956369343,0.7894812077209548,CBOE/HLT
2024-11-22,0.0,0.0,0.0,0,-0.38755405173462665,0.7893819576674418,CBOE/HLT
2024-11-25,0.0,0.0,0.0,0,-0.3579523021951337,0.7893318860698496,CBOE/HLT
2024-11-26,0.0,0.0,0.0,0,-0.07406180664094893,0.7893021420127557,CBOE/HLT
2024-11-27,0.0,0.0,0.0,0,0.12565509113992068,0.7894612231609318,CBOE/HLT
2024-11-29,0.0,0.0,0.0,0,-0.16673777961500644,0.7896888670890011,CBOE/HLT
2024-12-02,0.0,0.0,0.0,0,-0.28774014414870036,0.7897113456126029,CBOE/HLT
2024-12-03,0.0,0.0,0.0,0,-0.3041529850384465,0.789643697147364,CBOE/HLT
2024-12-04,0.0,0.0,0.0,0,-0.49147517204763425,0.7895565582908116,CBOE/HLT
2024-12-05,0.0,0.0,0.0,0,-0.8448651796710597,0.7893478465111627,CBOE/HLT
2024-12-06,0.0,0.0,0.0,0,-1.380600312744331,0.7888984813470964,CBOE/HLT
2024-12-09,0.0,0.0,0.0,0,-1.0356615942530571,0.7880737528754349,CBOE/HLT
2024-12-10,0.0,0.0,0.0,0,-1.1496476382950929,0.7875290660683918,CBOE/HLT
2024-12-11,0.0,0.0,0.0,0,-1.3718115847107701,0.7868988216651941,CBOE/HLT
2024-12-12,0.0,0.0,0.0,0,-1.5092206341143242,0.7861025011139318,CBOE/HLT
2024-12-13,0.0,0.0,0.0,0,-1.2200226348506937,0.7852391269403287,CBOE/HLT
2024-12-16,0.0,0.0,0.0,0,-1.637203297350438,0.7845768185279774,CBOE/HLT
2024-12-17,0.0,0.0,0.0,0,-1.2730357147109976,0.7836542403161941,CBOE/HLT
2024-12-18,0.0,0.0,0.0,0,-0.6422369354718146,0.7829941796930354,CBOE/HLT
2024-12-19,0.0,0.0,0.0,0,-1.3167354600130092,0.7827516468185252,CBOE/HLT
2024-12-20,0.0,0.0,0.0,0,-1.700086049145746,0.782107452781215,CBOE/HLT
2024-12-23,0.0,0.0,0.0,0,-1.653273938569412,0.7812621915726731,CBOE/HLT
2024-12-24,0.0,0.0,0.0,0,-1.6965371547986228,0.7804304184616391,CBOE/HLT
2024-12-26,0.0,0.0,0.0,0,-1.4310885199034242,0.7795452640558824,CBOE/HLT
2024-12-27,0.0,0.0,0.0,0,-1.2606882027408768,0.7788036862263008,CBOE/HLT
2024-12-30,0.0,0.0,0.0,0,-1.2482248821529518,0.7781653888399133,CBOE/HLT
2024-12-31,0.0,0.0,0.0,0,-1.2193154887433713,0.7775532889984806,CBOE/HLT
2025-01-02,0.0,0.0,0.0,0,-1.0107777616248765,0.7769478554224201,CBOE/HLT
2025-01-03,0.0,0.0,0.0,0,-1.1811026813034535,0.7764783214152302,CBOE/HLT
2025-01-06,0.0,0.0,0.0,0,-1.262880636758416,0.7759221814821783,CBOE/HLT
2025-01-07,0.0,0.0,0.0,0,-1.1968243961833565,0.7753273135422493,CBOE/HLT
2025-01-08,0.0,0.0,0.0,0,-1.1412080264425788,0.7747450803570463,CBOE/HLT
2025-01-10,0.0,0.0,0.0,0,-1.1362466993941793,0.7742307168516375,CBOE/HLT
2025-01-13,0.0,0.0,0.0,0,-1.0416530666064872,0.7737502652611393,CBOE/HLT
2025-01-14,0.0,0.0,0.0,0,-1.1954846889395925,0.7733251514423959,CBOE/HLT
2025-01-15,0.0,0.0,0.0,0,-1.200468559758623,0.7728404164453442,CBOE/HLT
2025-01-16,0.0,0.0,0.0,0,-1.2423472428757305,0.7724172721302425,CBOE/HLT
2025-01-17,0.0,0.0,0.0,0,-1.1686061786852986,0.77193118295578,CBOE/HLT
2025-01-21,0.0,0.0,0.0,0,-1.0338555861906453,0.7714583692828927,CBOE/HLT
2025-01-22,0.0,0.0,0.0,0,-1.0162784707126171,0.7710895959863773,CBOE/HLT
2025-01-23,0.0,0.0,0.0,0,-0.8416565764423745,0.7707507633491097,CBOE/HLT
2025-01-24,0.0,0.0,0.0,0,-0.806220775110527,0.7705047454979437,CBOE/HLT
2025-01-27,0.0,0.0,0.0,0,-0.5201813779897435,0.7702240931038514,CBOE/HLT
2025-01-28,0.0,0.0,0.0,0,-0.8888679884951023,0.7700718964196115,CBOE/HLT
2025-01-29,0.0,0.0,0.0,0,-0.8711608313021817,0.7697669386314526,CBOE/HLT
2025-01-30,0.0,0.0,0.0,0,-0.8922368708250488,0.7694350115385137,CBOE/HLT
2025-01-31,0.0,0.0,0.0,0,-0.9655479230772605,0.7690881540383673,CBOE/HLT
2025-02-03,0.0,0.0,0.0,0,-0.5751266686453469,0.7686808501062481,CBOE/HLT
2025-02-04,0.0,0.0,0.0,0,-0.7456715877752285,0.7684807338630507,CBOE/HLT
2025-02-05,0.0,0.0,0.0,0,-0.7587312850817989,0.7681991124872048,CBOE/HLT
2025-02-06,0.0,0.0,0.0,0,-1.5925168632726838,0.7679278271475337,CBOE/HLT
2025-02-07,0.0,0.0,0.0,0,-1.2231077247862794,0.7671029081261428,CBOE/HLT
2025-02-10,0.0,0.0,0.0,0,-1.196015208170679,0.7664628573267236,CBOE/HLT
2025-02-11,0.0,0.0,0.0,0,-1.4150372731912508,0.7658921287252151,CBOE/HLT
2025-02-12,0.0,0.0,0.0,0,-1.3533500313815645,0.7652183422474067,CBOE/HLT
2025-02-13,0.0,0.0,0.0,0,-1.4043691175223525,0.764637401827846,CBOE/HLT
2025-02-14,0.0,0.0,0.0,0,-1.631854287050542,0.7641538804395923,CBOE/HLT
2025-02-18,0.0,0.0,0.0,0,-1.443795909021892,0.7636186245823742,CBOE/HLT
2025-02-19,0.0,0.0,0.0,0,-1.2294998883882027,0.7631704603484089,CBOE/HLT
2025-02-20,0.0,0.0,0.0,0,-1.2254210374513255,0.762702211816754,CBOE/HLT
2025-02-21,0.0,0.0,0.0,0,-0.5888060098029906,0.7623333024642326,CBOE/HLT
2025-02-24,0.0,0.0,0.0,0,-0.5642158913409876,0.7623937247173955,CBOE/HLT
2025-02-25,0.0,0.0,0.0,0,-0.7150075711255525,0.7623917579409915,CBOE/HLT
2025-02-26,0.0,0.0,0.0,0,-1.040980548891788,0.762411872205503,CBOE/HLT
2025-02-27,0.0,0.0,0.0,0,-0.7832396727673481,0.7622977390521616,CBOE/HLT
2025-02-28,0.0,0.0,0.0,0,-0.8638045959750487,0.7623223976116382,CBOE/HLT
2025-03-03,0.0,0.0,0.0,0,-0.4620801585364281,0.7621778401548636,CBOE/HLT
2025-03-04,0.0,0.0,0.0,0,-0.5049560103922944,0.7623660558587568,CBOE/HLT
2025-03-05,0.0,0.0,0.0,0,-0.4194769355871644,0.7623560787277749,CBOE/HLT
2025-03-06,0.0,0.0,0.0,0,0.1211544661763667,0.762378706116485,CBOE/HLT
2025-03-07,0.0,0.0,0.0,0,0.3536948049275343,0.7625802376651921,CBOE/HLT
2025-03-10,0.0,0.0,0.0,0,1.2958446827135341,0.7631516202156369,CBOE/HLT
2025-03-11,0.0,0.0,0.0,0,1.1038367371880862,0.7639574080365551,CBOE/HLT
2025-03-12,0.0,0.0,0.0,0,1.0969002114030246,0.7648215335328052,CBOE/HLT
2025-03-13,0.0,0.0,0.0,0,1.9898217402370433,0.7654793986511643,CBOE/HLT
2025-03-14,0.0,0.0,0.0,0,1.4435161714282965,0.7662687306347964,CBOE/HLT
2025-03-17,0.0,0.0,0.0,0,1.274641598346074,0.7668337151403789,CBOE/HLT
2025-03-18,0.0,0.0,0.0,0,2.004954282507991,0.7673542083551258,CBOE/HLT
2025-03-19,0.0,0.0,0.0,0,1.5060319066195085,0.7683331168870293,CBOE/HLT
2025-03-20,0.0,0.0,0.0,0,1.683556832740833,0.7692812244584977,CBOE/HLT
2025-03-21,0.0,0.0,0.0,0,1.4739529750197256,0.7703581767322187,CBOE/HLT
2025-03-24,0.0,0.0,0.0,0,1.138906815775051,0.7712555501894082,CBOE/HLT
2025-03-25,0.0,0.0,0.0,0,1.1043368450985185,0.7721642785150331,CBOE/HLT
2025-03-26,0.0,0.0,0.0,0,1.3708460072430164,0.7733526256365608,CBOE/HLT
2025-03-27,0.0,0.0,0.0,0,1.7071959428872148,0.7746295758547999,CBOE/HLT
2025-03-28,0.0,0.0,0.0,0,2.2598988743808963,0.7759209201260528,CBOE/HLT
2025-03-31,0.0,0.0,0.0,0,2.4139797288935756,0.7772568942672559,CBOE/HLT
2025-04-01,0.0,0.0,0.0,0,2.322560201817626,0.7786061900076848,CBOE/HLT
2025-04-02,0.0,0.0,0.0,0,2.0240246302174163,0.7799107119727706,CBOE/HLT
2025-04-03,0.0,0.0,0.0,0,2.9486967017327483,0.7812014575584807,CBOE/HLT
2025-04-04,0.0,0.0,0.0,0,2.6318550920698804,0.7827403819102684,CBOE/HLT
2025-04-07,0.0,0.0,0.0,0,2.3111312087676605,0.7840277095588007,CBOE/HLT
2025-04-08,0.0,0.0,0.0,0,2.5385888321396,0.7851731362862963,CBOE/HLT
2025-04-09,0.0,0.0,0.0,0,1.3193926176138913,0.786292407757602,CBOE/HLT
2025-04-10,0.0,0.0,0.0,0,2.1535699092699825,0.7873591619711753,CBOE/HLT
2025-04-11,0.0,0.0,0.0,0,2.3790613823667504,0.7885629633827211,CBOE/HLT
2025-04-14,0.0,0.0,0.0,0,2.661107230104176,0.789870642666039,CBOE/HLT
2025-04-15,0.0,0.0,0.0,0,2.6384463932956588,0.7911702130454744,CBOE/HLT
2025-04-16,0.0,0.0,0.0,0,2.7613906797141814,0.7924334817292843,CBOE/HLT
2025-04-17,0.0,0.0,0.0,0,2.599947309740386,0.7936160203640127,CBOE/HLT
2025-04-21,0.0,0.0,0.0,0,2.7384017018654445,0.794794781148963,CBOE/HLT
2025-04-22,0.0,0.0,0.0,0,2.341726344186845,0.7958668593756806,CBOE/HLT
2025-04-23,0.0,0.0,0.0,0,1.8543772744917821,0.797007935493315,CBOE/HLT
2025-04-24,0.0,0.0,0.0,0,1.7025764617414003,0.798024933684683,CBOE/HLT
2025-04-25,0.0,0.0,0.0,0,1.7482298128407565,0.7990611772344335,CBOE/HLT
2025-04-28,0.0,0.0,0.0,0,1.5197173493430904,0.8002263525288577,CBOE/HLT
2025-04-29,0.0,0.0,0.0,0,1.5867254089761804,0.8013266991554492,CBOE/HLT
2025-04-30,0.0,0.0,0.0,0,1.9884634259612881,0.8025071045360034,CBOE/HLT
2025-05-01,0.0,0.0,0.0,0,1.4196013423372,0.8038320718497116,CBOE/HLT
2025-05-02,0.0,0.0,0.0,0,1.3876107567728513,0.8051384320326015,CBOE/HLT
2025-05-05,0.0,0.0,0.0,0,1.8889952154408638,0.8064679026200194,CBOE/HLT
2025-05-06,0.0,0.0,0.0,0,2.1448382583924337,0.8080687416463707,CBOE/HLT
2025-05-07,0.0,0.0,0.0,0,1.895093090632909,0.8096780338756265,CBOE/HLT
2025-05-08,0.0,0.0,0.0,0,1.3400953244368303,0.811241380408785,CBOE/HLT
2025-05-09,0.0,0.0,0.0,0,1.608320861017347,0.8125181506369247,CBOE/HLT
2025-05-12,0.0,0.0,0.0,0,0.24072705735120437,0.8137415422505818,CBOE/HLT
2025-05-13,0.0,0.0,0.0,0,-0.03657766833985805,0.8143716837794046,CBOE/HLT
2025-05-14,0.0,0.0,0.0,0,-0.36467191544911914,0.8148133206075368,CBOE/HLT
2025-05-15,0.0,0.0,0.0,0,0.0828030784778801,0.8151178468297284,CBOE/HLT
2025-05-16,0.0,0.0,0.0,0,0.014495358618660067,0.8155920154140838,CBOE/HLT
2025-05-19,0.0,0.0,0.0,0,0.2283769871073683,0.8160268098158034,CBOE/HLT
2025-05-20,0.0,0.0,0.0,0,0.5343274743770083,0.8166405381098001,CBOE/HLT
2025-05-21,0.0,0.0,0.0,0,1.1001949865624179,0.8175239028145259,CBOE/HLT
2025-05-22,0.0,0.0,0.0,0,1.1157598070742805,0.8185250819400108,CBOE/HLT
2025-05-23,0.0,0.0,0.0,0,1.4520436033186308,0.8194308321181734,CBOE/HLT
2025-05-27,0.0,0.0,0.0,0,0.9077262691305745,0.8204333348346873,CBOE/HLT
2025-05-28,0.0,0.0,0.0,0,0.6509394224517977,0.8211729477733992,CBOE/HLT
2025-05-29,0.0,0.0,0.0,0,0.8965320787548126,0.82169861318579,CBOE/HLT
2025-05-30,0.0,0.0,0.0,0,1.0687723596380145,0.8223858487539094,CBOE/HLT
2025-06-02,0.0,0.0,0.0,0,1.16869545793108,0.8232258854369622,CBOE/HLT
2025-06-03,0.0,0.0,0.0,0,0.7538304447732914,0.8241594306162103,CBOE/HLT
2025-06-04,0.0,0.0,0.0,0,0.5872547433786918,0.8249597836151331,CBOE/HLT
2025-06-05,0.0,0.0,0.0,0,0.5682919036359536,0.8257618311086142,CBOE/HLT
2025-06-06,0.0,0.0,0.0,0,0.2819291197626487,0.8265845962697056,CBOE/HLT
2025-06-09,0.0,0.0,0.0,0,0.09514845307519108,0.8272801258030545,CBOE/HLT
2025-06-10,0.0,0.0,0.0,0,0.11636486005113283,0.8279394335497924,CBOE/HLT
2025-06-11,0.0,0.0,0.0,0,0.24802696836600163,0.8285390760246648,CBOE/HLT
2025-06-12,0.0,0.0,0.0,0,0.6892444228313584,0.8292190246778215,CBOE/HLT
2025-06-13,0.0,0.0,0.0,0,1.0671070372265696,0.8301214796706232,CBOE/HLT
2025-06-16,0.0,0.0,0.0,0,0.7431531753520838,0.8310546993116763,CBOE/HLT
2025-06-17,0.0,0.0,0.0,0,0.831826675379933,0.8318955947697405,CBOE/HLT
2025-06-18,0.0,0.0,0.0,0,0.9548052986891482,0.8328301999319968,CBOE/HLT
2025-06-20,0.0,0.0,0.0,0,0.7344682171642984,0.8337635037377001,CBOE/HLT
2025-06-23,0.0,0.0,0.0,0,0.8319608590523371,0.834565701697532,CBOE/HLT
2025-06-24,0.0,0.0,0.0,0,0.5340047605433477,0.835449583669763,CBOE/HLT
2025-06-25,0.0,0.0,0.0,0,0.7554066224268758,0.8362721161286504,CBOE/HLT
2025-06-26,0.0,0.0,0.0,0,0.1875181902321166,0.8371478416949871,CBOE/HLT
2025-06-27,0.0,0.0,0.0,0,-0.11111759677754826,0.837731143740488,CBOE/HLT
2025-06-30,0.0,0.0,0.0,0,0.1519942452491752,0.8382069061302181,CBOE/HLT
2025-07-01,0.0,0.0,0.0,0,-0.1112511376464049,0.8387649471934859,CBOE/HLT
2025-07-02,0.0,0.0,0.0,0,-0.23664149883630822,0.8391498082777471,CBOE/HLT
2025-07-03,0.0,0.0,0.0,0,-0.44923290587414255,0.8394775420432049,CBOE/HLT
2025-07-07,0.0,0.0,0.0,0,0.007528830794243178,0.8397427387774505,CBOE/HLT
2025-07-08,0.0,0.0,0.0,0,-0.33524074257153874,0.8402193526813568,CBOE/HLT
2025-07-09,0.0,0.0,0.0,0,-0.3448034038289515,0.8404055665733772,CBOE/HLT
2025-07-10,0.0,0.0,0.0,0,-0.4832096803992517,0.8405618954930075,CBOE/HLT
2025-07-11,0.0,0.0,0.0,0,-0.4279176188098099,0.840660393443962,CBOE/HLT
2025-07-14,0.0,0.0,0.0,0,-0.44248144444946946,0.8408530835774323,CBOE/HLT
2025-07-15,0.0,0.0,0.0,0,-0.3181266637688451,0.8409790486462316,CBOE/HLT
2025-07-16,0.0,0.0,0.0,0,-0.022315472834676813,0.8411532833808646,CBOE/HLT
2025-07-17,0.0,0.0,0.0,0,0.11337518878625176,0.8414847311398131,CBOE/HLT
2025-07-18,0.0,0.0,0.0,0,0.1398959297602509,0.8418771416243478,CBOE/HLT
2025-07-21,0.0,0.0,0.0,0,0.075443996953328,0.8422312570260861,CBOE/HLT
2025-07-22,0.0,0.0,0.0,0,0.25562354997132486,0.8425749768710084,CBOE/HLT
2025-07-23,0.0,0.0,0.0,0,0.6718741641734444,0.8430329421758891,CBOE/HLT
2025-07-24,0.0,0.0,0.0,0,1.0147624433145164,0.8436493414593542,CBOE/HLT
2025-07-25,0.0,0.0,0.0,0,0.6595169971865329,0.844476680445611,CBOE/HLT
2025-07-28,0.0,0.0,0.0,0,0.4742017810298641,0.8451323858396014,CBOE/HLT
2025-07-29,0.0,0.0,0.0,0,0.17283975956553063,0.8455783973871761,CBOE/HLT
2025-07-30,0.0,0.0,0.0,0,0.3025262355243858,0.8458711847864713,CBOE/HLT
2025-07-31,0.0,0.0,0.0,0,0.5901058236827255,0.8461200558980939,CBOE/HLT
2025-08-01,0.0,0.0,0.0,0,1.5733111348207434,0.8465423576499361,CBOE/HLT
2025-08-04,0.0,0.0,0.0,0,1.6977761033872856,0.847243959293633,CBOE/HLT
2025-08-05,0.0,0.0,0.0,0,1.6773563202915218,0.848066506298372,CBOE/HLT
2025-08-06,0.0,0.0,0.0,0,1.5639737443992934,0.8488432208956415,CBOE/HLT
2025-08-07,0.0,0.0,0.0,0,1.664441833144605,0.849573440622259,CBOE/HLT
2025-08-08,0.0,0.0,0.0,0,1.8001063123477967,0.8503813323156246,CBOE/HLT
2025-08-11,0.0,0.0,0.0,0,1.921205689878079,0.8513165555094957,CBOE/HLT
2025-08-12,0.0,0.0,0.0,0,1.050480230754698,0.8523237001116021,CBOE/HLT
2025-08-13,0.0,0.0,0.0,0,0.5450089444986801,0.8529657049706058,CBOE/HLT
2025-08-14,0.0,0.0,0.0,0,0.574215922511715,0.8533904911677913,CBOE/HLT
2025-08-15,0.0,0.0,0.0,0,1.0377237930604983,0.8538171719906206,CBOE/HLT
2025-08-18,0.0,0.0,0.0,0,0.8130026224970355,0.8544414319188343,CBOE/HLT
2025-08-19,0.0,0.0,0.0,0,0.6535133426810391,0.854923586538848,CBOE/HLT
2025-08-20,0.0,0.0,0.0,0,1.2082719024308786,0.8553934742227127,CBOE/HLT
2025-08-21,0.0,0.0,0.0,0,1.0447261071802132,0.8560960272621686,CBOE/HLT
2025-08-22,0.0,0.0,0.0,0,0.2841528485906505,0.8566438672328093,CBOE/HLT
2025-08-25,0.0,0.0,0.0,0,0.7063476894058424,0.8568964517945894,CBOE/HLT
2025-08-26,0.0,0.0,0.0,0,0.1413591319005779,0.8572723466970965,CBOE/HLT
2025-08-27,0.0,0.0,0.0,0,-0.29273879481932846,0.8573629049174183,CBOE/HLT
2025-08-28,0.0,0.0,0.0,0,-0.48878902394115564,0.8572819436358718,CBOE/HLT
2025-08-29,0.0,0.0,0.0,0,-0.428872059061495,0.8571452076458577,CBOE/HLT
2025-09-02,0.0,0.0,0.0,0,-0.7318781050186213,0.8569874527206574,CBOE/HLT
2025-09-03,0.0,0.0,0.0,0,-0.3957792927014091,0.8567285403062919,CBOE/HLT
2025-09-04,0.0,0.0,0.0,0,-0.6874061171989699,0.8565840460436073,CBOE/HLT
2025-09-05,0.0,0.0,0.0,0,-0.42979798362854854,0.8563824177694616,CBOE/HLT
2025-09-08,0.0,0.0,0.0,0,-0.6508856617715948,0.8562304157287676,CBOE/HLT
2025-09-09,0.0,0.0,0.0,0,-0.6104410608776822,0.8559677215160193,CBOE/HLT
2025-09-10,0.0,0.0,0.0,0,-0.32866952603569605,0.8557102769481649,CBOE/HLT
2025-09-11,0.0,0.0,0.0,0,-0.5198626314370082,0.8556037904682061,CBOE/HLT
2025-09-12,0.0,0.0,0.0,0,-0.4543985697912351,0.8554776590700314,CBOE/HLT
2025-09-15,0.0,0.0,0.0,0,-0.2361916130415942,0.855463529310569,CBOE/HLT
2025-09-16,0.0,0.0,0.0,0,-0.4338708775704655,0.8555518465780272,CBOE/HLT
2025-09-17,0.0,0.0,0.0,0,0.2964609214327222,0.8555669358395697,CBOE/HLT
2025-09-18,0.0,0.0,0.0,0,0.10989084255328714,0.8559169504482446,CBOE/HLT
2025-09-19,0.0,0.0,0.0,0,-0.1455167447411779,0.8561328814269119,CBOE/HLT
2025-09-22,0.0,0.0,0.0,0,0.2562022773977129,0.8561585667972736,CBOE/HLT
2025-09-23,0.0,0.0,0.0,0,0.7223441660329935,0.8563532963433146,CBOE/HLT
2025-09-24,0.0,0.0,0.0,0,0.9705773745162735,0.8567762879435616,CBOE/HLT
2025-09-25,0.0,0.0,0.0,0,1.1498803348666908,0.8572705571520927,CBOE/HLT
2025-09-26,0.0,0.0,0.0,0,1.0787414272226488,0.8577838146410914,CBOE/HLT
2025-09-29,0.0,0.0,0.0,0,1.245161207958977,0.8582510592378497,CBOE/HLT
2025-09-30,0.0,0.0,0.0,0,1.3502558564304754,0.8587553816290177,CBOE/HLT
2025-10-01,0.0,0.0,0.0,0,1.2426427937688487,0.8591981141704155,CBOE/HLT
2025-10-02,0.0,0.0,0.0,0,1.091389427335401,0.8595746734610242,CBOE/HLT
2025-10-03,0.0,0.0,0.0,0,0.9717075200273942,0.8599360993092845,CBOE/HLT
2025-10-06,0.0,0.0,0.0,0,0.6509070834514183,0.8602324765191196,CBOE/HLT
2025-10-07,0.0,0.0,0.0,0,1.0548921918232892,0.8604652513889204,CBOE/HLT
2025-10-08,0.0,0.0,0.0,0,0.9854897142146688,0.8608562406936336,CBOE/HLT
2025-10-09,0.0,0.0,0.0,0,0.9424007164279555,0.8612005206431147,CBOE/HLT
2025-10-10,0.0,0.0,0.0,0,1.272702897747655,0.8615153847315685,CBOE/HLT
2025-10-13,0.0,0.0,0.0,0,0.926495641949227,0.8619448096716017,CBOE/HLT
2025-10-14,0.0,0.0,0.0,0,0.1979343185989706,0.8622147898299409,CBOE/HLT
2025-10-15,0.0,0.0,0.0,0,0.6775283488883722,0.8621866442641738,CBOE/HLT
2025-10-16,0.0,0.0,0.0,0,0.7401119840311737,0.8622541427175018,CBOE/HLT
2025-10-17,0.0,0.0,0.0,0,0.8303216908717717,0.8623392707141241,CBOE/HLT
2025-10-20,0.0,0.0,0.0,0,0.587616025389388,0.8625181454787498,CBOE/HLT
2025-10-21,0.0,0.0,0.0,0,-0.020399826740201545,0.862679789837187,CBOE/HLT
2025-10-22,0.0,0.0,0.0,0,-0.30809527131186193,0.8626286298815763,CBOE/HLT
2025-10-23,0.0,0.0,0.0,0,0.1702259957556599,0.8624201230271837,CBOE/HLT
2025-10-24,0.0,0.0,0.0,0,0.2734852361186793,0.8624290594738537,CBOE/HLT
2025-10-27,0.0,0.0,0.0,0,0.33746973326327323,0.862522846860372,CBOE/HLT
2025-10-28,0.0,0.0,0.0,0,0.702448952767935,0.8626609906303346,CBOE/HLT
2025-10-29,0.0,0.0,0.0,0,0.29392047813121885,0.8628797183167828,CBOE/HLT
2025-10-30,0.0,0.0,0.0,0,0.6175467339689147,0.8628448289280963,CBOE/HLT
2025-10-31,0.0,0.0,0.0,0,1.4890207346177289,0.8629830000484446,CBOE/HLT
2025-11-03,0.0,0.0,0.0,0,1.4416803122631732,0.8632733625213658,CBOE/HLT
2025-11-04,0.0,0.0,0.0,0,1.71727276682839,0.8635357556650458,CBOE/HLT
2025-11-05,0.0,0.0,0.0,0,1.4175308179551878,0.8639362429117255,CBOE/HLT
2025-11-06,0.0,0.0,0.0,0,1.4529280297715779,0.8642529534831185,CBOE/HLT
2025-11-07,0.0,0.0,0.0,0,1.2221919396823027,0.8645602797823548,CBOE/HLT
2025-11-10,0.0,0.0,0.0,0,1.3274140954580669,0.864819357013321,CBOE/HLT
2025-11-11,0.0,0.0,0.0,0,1.3913671536648038,0.8651444493523682,CBOE/HLT
2025-11-12,0.0,0.0,0.0,0,1.4304426677152622,0.8655248789509636,CBOE/HLT
2025-11-13,0.0,0.0,0.0,0,1.6752078339652694,0.86595933926421,CBOE/HLT
2025-11-14,0.0,0.0,0.0,0,1.5620941677344309,0.8664771411851283,CBOE/HLT
2025-11-17,0.0,0.0,0.0,0,1.7551820147175332,0.8669476237775114,CBOE/HLT
2025-11-18,0.0,0.0,0.0,0,1.717845696238679,0.8673994035725806,CBOE/HLT
2025-11-19,0.0,0.0,0.0,0,1.4123997419556373,0.8678824326982546,CBOE/HLT
2025-11-20,0.0,0.0,0.0,0,1.6583804727007139,0.8682791556186377,CBOE/HLT
2025-11-21,0.0,0.0,0.0,0,0.7801347831133698,0.8687539486016812,CBOE/HLT
2025-11-24,0.0,0.0,0.0,0,0.9283694656524208,0.8689638729008052,CBOE/HLT
2025-11-25,0.0,0.0,0.0,0,0.4591985340315024,0.8692070953065292,CBOE/HLT
2025-11-26,0.0,0.0,0.0,0,0.4499724798919199,0.8692357916139603,CBOE/HLT
2025-11-28,0.0,0.0,0.0,0,0.5008306408359743,0.8692380566612953,CBOE/HLT
2025-12-01,0.0,0.0,0.0,0,0.4141343164033145,0.8692802678012284,CBOE/HLT
2025-12-02,0.0,0.0,0.0,0,0.46522676762361315,0.8692525081153072,CBOE/HLT
2025-12-03,0.0,0.0,0.0,0,0.4921191289507392,0.8692291554657593,CBOE/HLT
2025-12-04,0.0,0.0,0.0,0,1.0087908542186395,0.8691694053584257,CBOE/HLT
2025-12-05,0.0,0.0,0.0,0,0.9235471337693403,0.869312832393991,CBOE/HLT
2025-12-08,0.0,0.0,0.0,0,1.113037141244235,0.869487203474815,CBOE/HLT
2025-12-09,0.0,0.0,0.0,0,1.1316627123499223,0.8697411074976198,CBOE/HLT
2025-12-10,0.0,0.0,0.0,0,0.7051957115368013,0.8700003397810042,CBOE/HLT
2025-12-11,0.0,0.0,0.0,0,0.40317675806292086,0.8700859115139228,CBOE/HLT
2025-12-12,0.0,0.0,0.0,0,0.41105784910021226,0.870093726307315,CBOE/HLT
2025-12-15,0.0,0.0,0.0,0,-0.42029363034464656,0.8701068879623388,CBOE/HLT
2025-12-16,0.0,0.0,0.0,0,-0.2500807205914669,0.8697985598381685,CBOE/HLT
2025-12-17,0.0,0.0,0.0,0,-0.4710989034256611,0.8695149217352981,CBOE/HLT
2025-12-18,0.0,0.0,0.0,0,-0.3884124419553653,0.8691368004422781,CBOE/HLT
2025-12-19,0.0,0.0,0.0,0,-0.7873789066806411,0.868819919801803,CBOE/HLT
2025-12-22,0.0,0.0,0.0,0,-0.4632446169479202,0.8682804370002345,CBOE/HLT
2025-12-23,0.0,0.0,0.0,0,-0.1663738779288355,0.8678715719030369,CBOE/HLT
2025-12-24,0.0,0.0,0.0,0,-0.19987807372615124,0.8675898524215727,CBOE/HLT
2025-12-26,0.0,0.0,0.0,0,-0.1955660318528992,0.8673350249626404,CBOE/HLT
2025-12-29,0.0,0.0,0.0,0,-0.12401495627121283,0.8670737583746541,CBOE/HLT
2025-12-30,0.0,0.0,0.0,0,-0.11416771997164893,0.8668573150067111,CBOE/HLT
2025-12-31,0.0,0.0,0.0,0,-0.16988077934824053,0.8666351047297701,CBOE/HLT
2026-01-02,0.0,0.0,0.0,0,-0.7549711606557776,0.8664136626492861,CBOE/HLT
2026-01-05,0.0,0.0,0.0,0,0.013969883414420157,0.865964267228381,CBOE/HLT
2026-01-06,0.0,0.0,0.0,0,-0.6225293999203767,0.8658804960079989,CBOE/HLT
2026-01-07,0.0,0.0,0.0,0,-0.25598737472549216,0.8654657339062726,CBOE/HLT
2026-01-08,0.0,0.0,0.0,0,-0.16638248383339815,0.8651783866842659,CBOE/HLT
2026-01-09,0.0,0.0,0.0,0,-0.26584890230352204,0.8649934090546766,CBOE/HLT
2026-01-12,0.0,0.0,0.0,0,-0.04187458677005965,0.8647847752002087,CBOE/HLT
2026-01-13,0.0,0.0,0.0,0,0.1529544419419527,0.8646819138480587,CBOE/HLT
2026-01-14,0.0,0.0,0.0,0,0.3365076012538378,0.8646240003108453,CBOE/HLT
2026-01-15,0.0,0.0,0.0,0,0.37371734830529924,0.8646908393134709,CBOE/HLT
2026-01-16,0.0,0.0,0.0,0,0.6401362009400597,0.8647807816384706,CBOE/HLT
2026-01-20,0.0,0.0,0.0,0,1.2198218962030722,0.8649975542953849,CBOE/HLT
2026-01-21,0.0,0.0,0.0,0,0.8802839309545115,0.865445118212057,CBOE/HLT
2026-01-22,0.0,0.0,0.0,0,1.2128015160053427,0.8657028831591237,CBOE/HLT
2026-01-23,0.0,0.0,0.0,0,1.011189381798577,0.8661266857239528,CBOE/HLT
2026-01-26,0.0,0.0,0.0,0,0.6062022495673949,0.866526489021846,CBOE/HLT
2026-01-27,0.0,0.0,0.0,0,0.5092208583999912,0.8667320014958417,CBOE/HLT
2026-01-28,0.0,0.0,0.0,0,0.2430052787907586,0.866841034061501,CBOE/HLT
2026-01-29,0.0,0.0,0.0,0,0.11887501909399113,0.8667760417178798,CBOE/HLT
2026-01-30,0.0,0.0,0.0,0,0.1356760303481712,0.8665483111454796,CBOE/HLT
2026-02-02,0.0,0.0,0.0,0,-0.23461754853526154,0.866360983928958,CBOE/HLT
2026-02-03,0.0,0.0,0.0,0,0.013527879289708954,0.8660400250313517,CBOE/HLT
2026-02-04,0.0,0.0,0.0,0,-0.07035892795354035,0.8658079259386927,CBOE/HLT
2026-02-05,0.0,0.0,0.0,0,0.2412622827902842,0.8654947717829002,CBOE/HLT
2026-02-06,0.0,0.0,0.0,0,-0.26783897450953903,0.8653150096235118,CBOE/HLT
2026-02-09,0.0,0.0,0.0,0,0.3175366491231341,0.8650080074731482,CBOE/HLT
2026-02-10,0.0,0.0,0.0,0,-0.8170287669161242,0.8649893677448246,CBOE/HLT
2026-02-11,0.0,0.0,0.0,0,-1.3079060876266655,0.8644405466335253,CBOE/HLT
2026-02-12,0.0,0.0,0.0,0,-0.9603772941453733,0.8635558870410251,CBOE/HLT
2026-02-13,0.0,0.0,0.0,0,-0.12914059144374224,0.8628234866395094,CBOE/HLT
2026-02-17,0.0,0.0,0.0,0,0.3435943596212727,0.8625014833829405,CBOE/HLT
2026-02-18,0.0,0.0,0.0,0,0.5577994932816165,0.8623953396606047,CBOE/HLT
2026-02-19,0.0,0.0,0.0,0,0.8184889909030143,0.8624204466400762,CBOE/HLT
2026-02-20,0.0,0.0,0.0,0,0.7941799810888399,0.8625330979462905,CBOE/HLT
2026-02-23,0.0,0.0,0.0,0,1.1678215564452772,0.862660389874724,CBOE/HLT
2026-02-24,0.0,0.0,0.0,0,1.311532957241486,0.862895945822903,CBOE/HLT
2026-02-25,0.0,0.0,0.0,0,1.145019508651382,0.8631825472577502,CBOE/HLT
2026-02-26,0.0,0.0,0.0,0,0.9268814194188807,0.8634499536799077,CBOE/HLT
2026-02-27,0.0,0.0,0.0,0,1.915083457858888,0.8637055688098494,CBOE/HLT
2026-03-02,0.0,0.0,0.0,0,2.1905484150773105,0.8643509797178669,CBOE/HLT
2026-03-03,0.0,0.0,0.0,0,2.6224084697775387,0.86505133601992,CBOE/HLT
2026-03-04,0.0,0.0,0.0,0,2.3882444480349165,0.8659268093528585,CBOE/HLT
2026-03-05,0.0,0.0,0.0,0,1.9830684408065695,0.8666843036687956,CBOE/HLT
2026-03-06,0.0,0.0,0.0,0,2.8171524461195205,0.8673023691780161,CBOE/HLT
2026-03-09,0.0,0.0,0.0,0,2.3345423394767404,0.8681753226798709,CBOE/HLT
2026-03-10,0.0,0.0,0.0,0,1.6381570535368621,0.8689089983528628,CBOE/HLT
2026-03-11,0.0,0.0,0.0,0,1.6172549627269526,0.8693168483649593,CBOE/HLT
2026-03-12,0.0,0.0,0.0,0,2.239432817551008,0.8697011431622335,CBOE/HLT
2026-03-13,0.0,0.0,0.0,0,2.377176605490596,0.8703029771385081,CBOE/HLT
2026-03-16,0.0,0.0,0.0,0,2.217145365875596,0.8709311006916118,CBOE/HLT
2026-03-17,0.0,0.0,0.0,0,1.9457291738598734,0.8715864063859431,CBOE/HLT
2026-03-18,0.0,0.0,0.0,0,1.9350582682462794,0.8722008325441352,CBOE/HLT
2026-03-19,0.0,0.0,0.0,0,1.5291399566825252,0.8726838526699616,CBOE/HLT
2026-03-20,0.0,0.0,0.0,0,1.8270336440201602,0.8730095099678176,CBOE/HLT
2026-03-23,0.0,0.0,0.0,0,1.0566458639820637,0.8734556817416947,CBOE/HLT
2026-03-24,0.0,0.0,0.0,0,1.2833576900782275,0.8735964921219368,CBOE/HLT
2026-03-25,0.0,0.0,0.0,0,0.6277109025567393,0.8738510705663419,CBOE/HLT
2026-03-26,0.0,0.0,0.0,0,0.9212703252888399,0.8738893506602308,CBOE/HLT
2026-03-27,0.0,0.0,0.0,0,0.9137530854748487,0.8740077363686521,CBOE/HLT
2026-03-30,0.0,0.0,0.0,0,1.475319746778868,0.8740656349438825,CBOE/HLT
2026-03-31,0.0,0.0,0.0,0,0.8527373148887334,0.8743522238692808,CBOE/HLT
2026-04-01,0.0,0.0,0.0,0,0.5248457245991315,0.8744231697483681,CBOE/HLT
2026-04-02,0.0,0.0,0.0,0,1.4447357887288217,0.8743883936202641,CBOE/HLT
2026-04-06,0.0,0.0,0.0,0,1.7628353020644185,0.8747086266626299,CBOE/HLT
2026-04-07,0.0,0.0,0.0,0,2.028296298178556,0.8751457549358013,CBOE/HLT
2026-04-08,0.0,0.0,0.0,0,1.1480854857940859,0.8756609558652133,CBOE/HLT
2026-04-09,0.0,0.0,0.0,0,0.6465423700791068,0.875918811575227,CBOE/HLT
2026-04-10,0.0,0.0,0.0,0,0.668150394723053,0.8759863379072356,CBOE/HLT
2026-04-13,0.0,0.0,0.0,0,0.7379282747683913,0.8760691001380676,CBOE/HLT
2026-04-14,0.0,0.0,0.0,0,0.5027502315802304,0.8762349604119364,CBOE/HLT
2026-04-15,0.0,0.0,0.0,0,0.970478621169432,0.8762941858106928,CBOE/HLT
2026-04-16,0.0,0.0,0.0,0,1.1930745649018455,0.8765307430499414,CBOE/HLT
2026-04-17,0.0,0.0,0.0,0,-0.18913174240114722,0.8768525654090763,CBOE/HLT
2026-04-20,0.0,0.0,0.0,0,0.020092500047722884,0.8765578066838903,CBOE/HLT
2026-04-21,0.0,0.0,0.0,0,-0.1828982003475357,0.8763302683852454,CBOE/HLT
2026-04-22,0.0,0.0,0.0,0,0.10948490804476994,0.8759982402627607,CBOE/HLT
2026-04-23,0.0,0.0,0.0,0,0.2670627181723038,0.8757988299273868,CBOE/HLT
2026-04-24,0.0,0.0,0.0,0,0.45089171074232837,0.8756957401227246,CBOE/HLT
2026-04-27,0.0,0.0,0.0,0,0.26072249435484246,0.87570610242791,CBOE/HLT
2026-04-28,0.0,0.0,0.0,0,1.2294167531867277,0.8756469687187217,CBOE/HLT
2026-04-29,0.0,0.0,0.0,0,1.939369549517123,0.8760548146668128,CBOE/HLT
2026-04-30,0.0,0.0,0.0,0,0.907430502731751,0.8766842202270569,CBOE/HLT
2026-05-01,0.0,0.0,0.0,0,3.2254834112232666,0.8769309009370018,CBOE/HLT
2026-05-04,0.0,12.5,-12.5,-1,4.535875851382579,0.8781167406415427,CBOE/HLT
2026-05-05,-156.85094471433445,12.628329264535576,-169.47927397887003,0,4.759714022165828,0.8796950292978646,CBOE/HLT
2026-05-06,0.0,12.5,-12.5,-1,4.287764619081192,0.8814533474192969,CBOE/HLT
2026-05-07,249.2786508766607,12.332949605182712,236.945701271478,0,3.7898767390649866,0.88317032127704,CBOE/HLT
2026-05-08,0.0,12.5,-12.5,-1,4.675163371530927,0.8846380619967116,CBOE/HLT
2026-05-11,-120.2788194112151,12.516119114773305,-132.7949385259884,0,4.828219816817782,0.886419481856924,CBOE/HLT
2026-05-12,0.0,12.5,-12.5,-1,5.256106216596992,0.8882249353527454,CBOE/HLT
2026-05-13,-504.930374238131,12.676768830985644,-517.6071430691167,0,6.0613041140659725,0.8902035966089167,CBOE/HLT
2026-05-14,0.0,12.5,-12.5,-1,5.095368731723735,0.8924703257942481,CBOE/HLT
2026-05-15,-181.69918982523387,12.578660524770125,-194.277850350004,0,5.335645253125878,0.8944656343300187,CBOE/HLT
2026-05-18,0.0,12.5,-12.5,-1,5.35349483621664,0.8965148845922761,CBOE/HLT
2026-05-19,32.22848161242456,12.389191859952133,19.839289752472425,0,5.217078357932985,0.8986156951976729,CBOE/HLT
2026-05-20,0.0,12.5,-12.5,-1,4.509711888261878,0.9006135043863531,CBOE/HLT
2026-05-21,305.4110518603367,12.308961943962624,293.1020899163741,0,3.9400770991747582,0.9024656470071765,CBOE/HLT
2026-05-22,0.0,12.5,-12.5,-1,4.334632077112464,0.9040897635956373,CBOE/HLT
2026-05-26,205.68659662465683,12.49257031189525,193.1940263127616,0,3.944665803485407,0.9058433101472073,CBOE/HLT
2026-05-27,0.0,12.5,-12.5,-1,2.7293639243070187,0.9075191151378972,CBOE/HLT
2026-05-28,160.73302244707216,0.0,160.73302244707216,-1,2.4420950070997596,0.9087978198355638,CBOE/HLT
2026-05-29,37.553826121264876,0.0,37.553826121264876,-1,2.36467095450777,0.9099199252894956,CBOE/HLT
2026-06-01,1421.0747602542356,0.0,1421.0747602542356,-1,0.014523079182256796,0.910924443755565,CBOE/HLT
2026-06-02,979.8583616622119,0.0,979.8583616622119,-1,-1.593685843202286,0.9108428944604189,CBOE/HLT
2026-06-03,-415.73406206175446,11.222198640711255,-426.9562607024657,0,-0.9018372968251566,0.9100518210373575,CBOE/HLT
2026-06-04,0.0,0.0,0.0,0,-1.226689137755323,0.9095767028655445,CBOE/HLT
2026-06-05,0.0,0.0,0.0,0,-1.760865904249839,0.9089110266397749,CBOE/HLT
2026-06-08,0.0,0.0,0.0,0,-1.7075388790541197,0.9079752312081737,CBOE/HLT
2026-06-09,0.0,0.0,0.0,0,-1.1629419906599738,0.907072484057413,CBOE/HLT
2026-06-10,0.0,0.0,0.0,0,-0.25264993072582,0.9064761814070013,CBOE/HLT
2026-06-11,0.0,0.0,0.0,0,-0.7824605556028101,0.9063495174445713,CBOE/HLT
2026-06-12,0.0,0.0,0.0,0,-1.072304025677376,0.9059439260681448,CBOE/HLT
2026-06-15,0.0,0.0,0.0,0,-1.256812742682234,0.9054109784825415,CBOE/HLT
2026-06-16,0.0,0.0,0.0,0,-3.1549783423255886,0.904818741484868,CBOE/HLT
2026-06-17,0.0,12.5,-12.5,1,-3.7296920455786027,0.9032531551985634,CBOE/HLT
2026-06-18,-226.29185514098225,0.0,-226.29185514098225,1,-4.00926101928604,0.9014594800350447,CBOE/HLT
2026-06-22,535.4499119511777,12.40185353477461,523.048058416403,0,-3.211143895876666,0.8995392820910929,CBOE/HLT
2026-06-23,0.0,12.5,-12.5,1,-3.1435911591383916,0.8980927167293733,CBOE/HLT
2026-06-24,-328.69287314939015,0.0,-328.69287314939015,1,-3.571513039091009,0.8967033363330088,CBOE/HLT
2026-06-25,-89.1001027403434,0.0,-89.1001027403434,1,-3.659460230514645,0.8950749647717038,CBOE/HLT
2026-06-26,183.44000740595823,0.0,183.44000740595823,1,-3.3735561776303156,0.893387040896268,CBOE/HLT
2026-06-29,-458.7168930593127,0.0,-458.7168930593127,1,-3.9694983782640123,0.8918678085574165,CBOE/HLT
2026-06-30,574.3212186894074,0.0,574.3212186894074,1,-3.1491183171363875,0.8900885312283652,CBOE/HLT
2026-07-01,156.55336355088454,0.0,156.55336355088454,1,-2.910489614605971,0.8887064860097668,CBOE/HLT
2026-07-02,-182.39211493217095,0.0,-182.39211493217095,1,-3.1292375305223312,0.887416075025517,CBOE/HLT
2026-07-06,-223.51482503351497,0.0,-223.51482503351497,1,-3.4012061952356336,0.8859646928315993,CBOE/HLT
2026-07-07,529.5066923435916,0.0,529.5066923435916,1,-2.6608184160933663,0.8843674366437397,CBOE/HLT
2026-07-08,596.7296470766512,0.0,596.7296470766512,1,-1.8535635240371398,0.8831053018704091,CBOE/HLT
2026-07-09,-53.107197096070195,0.0,-53.107197096070195,1,-1.908899174021184,0.8822675518610058,CBOE/HLT
2026-07-10,95.89463142756264,0.0,95.89463142756264,1,-1.7723870484948454,0.8814033185515626,CBOE/HLT
2026-07-13,916.7792180704425,0.0,916.7792180704425,1,-0.5610304960331441,0.8806508233913256,CBOE/HLT
2026-07-14,-230.18485685430983,0.0,-230.18485685430983,1,-0.8606178905350376,0.8804945594844434,CBOE/HLT
2026-07-15,-10.234998027185057,0.0,-10.234998027185057,1,-0.8676412059529274,0.880153172869706,CBOE/HLT
2026-07-16,244.11245502673464,0.0,244.11245502673464,1,-0.5464359202233008,0.8797882668633449,CBOE/HLT
2026-07-17,-122.70025000470314,0.0,-122.70025000470314,1,-0.7091333514068324,0.8795746622399621,CBOE/HLT
2026-07-20,127.66166844882758,0.0,127.66166844882758,1,-0.534831442342135,0.8793164285853046,CBOE/HLT
2026-07-21,-188.12216082939983,0.0,-188.12216082939983,1,-0.7812836370556576,0.8790792781685751,CBOE/HLT
2026-07-22,314.51189095688017,0.0,314.51189095688017,1,-0.36094386650198623,0.8786895862444353,CBOE/HLT
2026-07-23,295.7038537355078,0.0,295.7038537355078,1,0.027365770149887784,0.8784752343537605,CBOE/HLT
2026-07-24,-181.0274492996319,12.734508307180079,-193.761957606812,0,-0.20617845787343314,0.8783597317374063,CBOE/HLT
2026-07-27,0.0,0.0,0.0,0,-0.2854461048007091,0.8782085535177874,CBOE/HLT
2026-07-28,0.0,0.0,0.0,0,0.6455011617376157,0.878087071107438,CBOE/HLT
2026-07-29,0.0,0.0,0.0,0,1.2874033896641481,0.8783864646499892,CBOE/HLT
2026-07-30,0.0,0.0,0.0,0,0.6078170728493906,0.8789707096636777,CBOE/HLT
2026-07-31,0.0,0.0,0.0,0,1.4835043371551921,0.8792310880720496,CBOE/HLT
2026-08-03,0.0,0.0,0.0,0,1.0703811672935177,0.879846856137272,CBOE/HLT
2026-08-04,0.0,0.0,0.0,0,0.6349243299702927,0.8802843452381713,CBOE/HLT
2026-08-05,0.0,0.0,0.0,0,-0.22225918037078074,0.8805518382967501,CBOE/HLT
2026-08-06,0.0,0.0,0.0,0,0.16755459660741912,0.8805567834784718,CBOE/HLT
2026-08-07,0.0,0.0,0.0,0,0.2407744710446218,0.8807630685682409,CBOE/HLT
2026-08-10,0.0,0.0,0.0,0,0.488000686600146,0.881013941011834,CBOE/HLT
2026-08-11,0.0,0.0,0.0,0,0.16431316499654053,0.8813400030755071,CBOE/HLT
2026-08-12,0.0,0.0,0.0,0,0.2387540926508106,0.8815542257738611,CBOE/HLT
2026-08-13,0.0,0.0,0.0,0,0.44772218221522986,0.8817951780638165,CBOE/HLT
2026-08-14,0.0,0.0,0.0,0,0.29446821813757323,0.882182297954059,CBOE/HLT
2026-08-17,0.0,0.0,0.0,0,0.28230856535860926,0.8825080498959619,CBOE/HLT
2026-08-18,0.0,0.0,0.0,0,-0.03658915648493792,0.882762292880515,CBOE/HLT
2026-08-19,0.0,0.0,0.0,0,-0.9942709367807824,0.8828284105790829,CBOE/HLT
2026-08-20,0.0,0.0,0.0,0,0.052209150536319034,0.8824889725623262,CBOE/HLT
2026-08-21,0.0,0.0,0.0,0,0.5839710608260221,0.8826004308005753,CBOE/HLT
2026-08-24,0.0,0.0,0.0,0,0.832332098238555,0.8828970075466884,CBOE/HLT
2026-08-25,0.0,0.0,0.0,0,0.9103893581218877,0.8833108243760966,CBOE/HLT
2026-08-26,0.0,0.0,0.0,0,0.934785175569663,0.8837932988079636,CBOE/HLT
2026-08-27,0.0,0.0,0.0,0,1.3881166440816273,0.8843030652222679,CBOE/HLT
2026-08-28,0.0,0.0,0.0,0,1.3758494147767746,0.8849859156564086,CBOE/HLT
2026-08-31,0.0,0.0,0.0,0,1.109873757367342,0.8856451188511392,CBOE/HLT
2026-09-01,0.0,0.0,0.0,0,1.7597429005326757,0.8861433826214191,CBOE/HLT
2026-09-02,0.0,0.0,0.0,0,0.9908230685740266,0.8868766585529156,CBOE/HLT
2026-09-03,0.0,0.0,0.0,0,1.0956024911331759,0.8872979799772659,CBOE/HLT
2026-09-04,0.0,0.0,0.0,0,1.2483128981380749,0.8877660060790247,CBOE/HLT
2026-09-08,0.0,0.0,0.0,0,1.2967569594356403,0.8882155096861044,CBOE/HLT
2026-09-09,0.0,0.0,0.0,0,1.077468194848314,0.8886325175136617,CBOE/HLT
2026-09-10,0.0,0.0,0.0,0,0.8583223344981168,0.8889890806582434,CBOE/HLT
2026-09-11,0.0,0.0,0.0,0,0.48379542830822,0.8892646419455207,CBOE/HLT
2026-09-14,0.0,0.0,0.0,0,0.4555774485045814,0.8894297348008959,CBOE/HLT
2026-09-15,0.0,0.0,0.0,0,-0.2169719015192435,0.8895968831461721,CBOE/HLT
2022-01-03,0.0,0.0,0.0,0,2.056171570231252,0.0716798421200359,ED/LMT
2022-01-04,0.0,0.0,0.0,0,1.897570644588945,0.07167966118479557,ED/LMT
2022-01-05,0.0,0.0,0.0,0,2.0754654635409397,0.07168897602750403,ED/LMT
2022-01-06,0.0,0.0,0.0,0,2.034800229190983,0.07166789679455988,ED/LMT
2022-01-07,0.0,0.0,0.0,0,2.0597835181187376,0.071630880868341,ED/LMT
2022-01-10,0.0,0.0,0.0,0,1.8199499457726627,0.07159882130858822,ED/LMT
2022-01-11,0.0,0.0,0.0,0,1.4443414991188692,0.07155661628497942,ED/LMT
2022-01-12,0.0,0.0,0.0,0,1.5117320258594789,0.07148710334974893,ED/LMT
2022-01-13,0.0,0.0,0.0,0,1.6063734740531788,0.07141957764106044,ED/LMT
2022-01-14,0.0,0.0,0.0,0,1.4005574344621952,0.07137241063698768,ED/LMT
2022-01-18,0.0,0.0,0.0,0,1.017901667381652,0.07133070758819048,ED/LMT
2022-01-19,0.0,0.0,0.0,0,1.0379644687606062,0.07129400325102955,ED/LMT
2022-01-20,0.0,0.0,0.0,0,1.0481295152774484,0.071229257741079,ED/LMT
2022-01-21,0.0,0.0,0.0,0,1.2372030887084537,0.07119397309275168,ED/LMT
2022-01-24,0.0,0.0,0.0,0,1.0626514674803835,0.07115669581098083,ED/LMT
2022-01-25,0.0,0.0,0.0,0,0.8104121239273488,0.07110901056185294,ED/LMT
2022-01-26,0.0,0.0,0.0,0,0.657203612152649,0.0710618848151744,ED/LMT
2022-01-27,0.0,0.0,0.0,0,0.9783733994181774,0.07102204411953679,ED/LMT
2022-01-28,0.0,0.0,0.0,0,1.3053195365357273,0.07099109479474783,ED/LMT
2022-01-31,0.0,0.0,0.0,0,1.744721956543095,0.07101662020065516,ED/LMT
2022-02-01,0.0,0.0,0.0,0,1.6890930240093078,0.07109209548964678,ED/LMT
2022-02-02,0.0,0.0,0.0,0,1.9093337266134829,0.07113511957568115,ED/LMT
2022-02-03,0.0,0.0,0.0,0,1.834329803689258,0.07120419256595525,ED/LMT
2022-02-04,0.0,0.0,0.0,0,1.6474875218641736,0.07128695554575012,ED/LMT
2022-02-07,0.0,0.0,0.0,0,1.7034321798258363,0.0713233389852364,ED/LMT
2022-02-08,0.0,0.0,0.0,0,1.6043224971497532,0.0714033844871537,ED/LMT
2022-02-09,0.0,0.0,0.0,0,1.6145034210320153,0.07149459275766488,ED/LMT
2022-02-10,0.0,0.0,0.0,0,1.2625823711999726,0.07160896061100035,ED/LMT
2022-02-11,0.0,0.0,0.0,0,1.1413236588979216,0.07167453045165319,ED/LMT
2022-02-14,0.0,0.0,0.0,0,1.023840947722391,0.07173771174799538,ED/LMT
2022-02-15,0.0,0.0,0.0,0,0.9130209473413935,0.0717867871934069,ED/LMT
2022-02-16,0.0,0.0,0.0,0,0.7808241955225337,0.0717889288002274,ED/LMT
2022-02-17,0.0,0.0,0.0,0,0.8278853085138604,0.07181229951115327,ED/LMT
2022-02-18,0.0,0.0,0.0,0,1.5225990262479907,0.07182832491429574,ED/LMT
2022-02-22,0.0,0.0,0.0,0,1.5517158192397622,0.07192039447191165,ED/LMT
2022-02-23,0.0,0.0,0.0,0,1.4327188682599041,0.07201325658518971,ED/LMT
2022-02-24,0.0,0.0,0.0,0,1.0967621635819997,0.07206971516930238,ED/LMT
2022-02-25,0.0,0.0,0.0,0,1.4301145470889673,0.07208756400459743,ED/LMT
2022-02-28,0.0,0.0,0.0,0,0.9675556242952327,0.07220868593112997,ED/LMT
2022-03-01,0.0,0.0,0.0,0,0.5265603201726152,0.07231232149794987,ED/LMT
2022-03-02,0.0,0.0,0.0,0,0.9464454074954011,0.0723513818499723,ED/LMT
2022-03-03,0.0,0.0,0.0,0,1.2621025316516818,0.07251370520958435,ED/LMT
2022-03-04,0.0,0.0,0.0,0,1.4237585663361993,0.07271039888783298,ED/LMT
2022-03-07,0.0,0.0,0.0,0,1.3418057579813865,0.07297474285474216,ED/LMT
2022-03-08,0.0,0.0,0.0,0,1.3133090347590277,0.07322145156068444,ED/LMT
2022-03-09,0.0,0.0,0.0,0,1.2320979873265496,0.07345627097026665,ED/LMT
2022-03-10,0.0,0.0,0.0,0,1.519240008466318,0.07369139836593086,ED/LMT
2022-03-11,0.0,0.0,0.0,0,1.566640796683875,0.07397316418436713,ED/LMT
2022-03-14,0.0,0.0,0.0,0,1.5074598723988741,0.07426780866867702,ED/LMT
2022-03-15,0.0,0.0,0.0,0,1.61172085618964,0.07456877520651983,ED/LMT
2022-03-16,0.0,0.0,0.0,0,1.880977691523478,0.07489974552973325,ED/LMT
2022-03-17,0.0,0.0,0.0,0,1.8304009749324752,0.07519165736973064,ED/LMT
2022-03-18,0.0,0.0,0.0,0,1.5883355348522608,0.07548270890171328,ED/LMT
2022-03-21,0.0,0.0,0.0,0,1.5359914287844323,0.07572444304370711,ED/LMT
2022-03-22,0.0,0.0,0.0,0,1.4591660116534009,0.07599695403008751,ED/LMT
2022-03-23,0.0,0.0,0.0,0,1.5081802208828115,0.07625673541006908,ED/LMT
2022-03-24,0.0,0.0,0.0,0,1.7269352038503898,0.07655928387744318,ED/LMT
2022-03-25,0.0,0.0,0.0,0,1.9104086590850753,0.0769165300206209,ED/LMT
2022-03-28,0.0,0.0,0.0,0,2.1135673077104298,0.07730770883063777,ED/LMT
2022-03-29,0.0,0.0,0.0,0,2.322663724378586,0.07771992953777612,ED/LMT
2022-03-30,0.0,0.0,0.0,0,2.407472256500697,0.07813947101695994,ED/LMT
2022-03-31,0.0,0.0,0.0,0,2.452591432184133,0.07863512653147615,ED/LMT
2022-04-01,0.0,0.0,0.0,0,2.6472856148729904,0.07912100207091513,ED/LMT
2022-04-04,0.0,0.0,0.0,0,2.5228957103518823,0.07967384672251823,ED/LMT
2022-04-05,0.0,0.0,0.0,0,2.588764900128048,0.08020046370411656,ED/LMT
2022-04-06,0.0,0.0,0.0,0,2.895998692655327,0.08074601929329786,ED/LMT
2022-04-07,0.0,0.0,0.0,0,2.5130301103386237,0.08137763245485022,ED/LMT
2022-04-08,0.0,0.0,0.0,0,2.6251212510580375,0.08198881573600977,ED/LMT
2022-04-11,0.0,0.0,0.0,0,2.2897475693165528,0.08260967742988788,ED/LMT
2022-04-12,0.0,0.0,0.0,0,2.4498810404841636,0.08317556449351315,ED/LMT
2022-04-13,0.0,0.0,0.0,0,2.415958437589087,0.08378625699195227,ED/LMT
2022-04-14,0.0,0.0,0.0,0,2.442808530136386,0.08440439420491379,ED/LMT
2022-04-18,0.0,0.0,0.0,0,2.205246314364854,0.08501866130197878,ED/LMT
2022-04-19,0.0,0.0,0.0,0,2.527344611322604,0.08556454343444198,ED/LMT
2022-04-20,0.0,0.0,0.0,0,2.6878302479773626,0.08616401316108337,ED/LMT
2022-04-21,0.0,0.0,0.0,0,2.872628600428894,0.0867595003035499,ED/LMT
2022-04-22,0.0,0.0,0.0,0,2.403939564648881,0.08732603278841743,ED/LMT
2022-04-25,0.0,0.0,0.0,0,2.349757766120505,0.08784550811794517,ED/LMT
2022-04-26,0.0,0.0,0.0,0,2.100619670732258,0.08833327153154982,ED/LMT
2022-04-27,0.0,0.0,0.0,0,2.0210599025875906,0.08876506573772064,ED/LMT
2022-04-28,0.0,0.0,0.0,0,2.203168367180508,0.08918786015286471,ED/LMT
2022-04-29,0.0,0.0,0.0,0,1.8354074200971886,0.08964537604102221,ED/LMT
2022-05-02,0.0,0.0,0.0,0,1.7061551880452308,0.09001353490680393,ED/LMT
2022-05-03,0.0,0.0,0.0,0,1.6764906351706086,0.090362060741507,ED/LMT
2022-05-04,0.0,0.0,0.0,0,1.7028803970379545,0.09070724374029623,ED/LMT
2022-05-05,0.0,0.0,0.0,0,1.5754777452386335,0.09110312238890211,ED/LMT
2022-05-06,0.0,0.0,0.0,0,1.7043949463537142,0.0914873517604857,ED/LMT
2022-05-09,0.0,0.0,0.0,0,1.9629167288198848,0.0919102576363882,ED/LMT
2022-05-10,0.0,0.0,0.0,0,1.6106545873292584,0.09235259535802806,ED/LMT
2022-05-11,0.0,0.0,0.0,0,1.8899630867766748,0.09273346468778854,ED/LMT
2022-05-12,0.0,0.0,0.0,0,1.9980822941257628,0.09317009251448563,ED/LMT
2022-05-13,0.0,0.0,0.0,0,2.175465541018334,0.0936151774948139,ED/LMT
2022-05-16,0.0,0.0,0.0,0,2.047038357489515,0.094091541015835,ED/LMT
2022-05-17,0.0,0.0,0.0,0,2.2092723238643486,0.09456128497362262,ED/LMT
2022-05-18,0.0,0.0,0.0,0,2.2641904967510054,0.09508519149838672,ED/LMT
2022-05-19,0.0,0.0,0.0,0,2.3356967274715457,0.0956093850067669,ED/LMT
2022-05-20,0.0,0.0,0.0,0,2.538344498315834,0.09611134642296264,ED/LMT
2022-05-23,0.0,0.0,0.0,0,2.710638660505145,0.09663623292200599,ED/LMT
2022-05-24,0.0,0.0,0.0,0,3.0212433693000773,0.09724103446745706,ED/LMT
2022-05-25,0.0,12.5,-12.5,-1,2.889334420253461,0.09797307129274072,ED/LMT
2022-05-26,85.33332605360214,0.0,85.33332605360214,-1,2.7687613021908506,0.09868663565409055,ED/LMT
2022-05-27,-78.1744421875002,0.0,-78.1744421875002,-1,2.828529754273955,0.0993865755499473,ED/LMT
2022-05-31,95.08031380227138,0.0,95.08031380227138,-1,2.7024332639439255,0.1001142498438241,ED/LMT
2022-06-01,94.58755235102855,0.0,94.58755235102855,-1,2.577207995478275,0.10076453433052016,ED/LMT
2022-06-02,39.968242464035946,0.0,39.968242464035946,-1,2.511509314219067,0.10139700389979908,ED/LMT
2022-06-03,142.88687105374595,0.0,142.88687105374595,-1,2.334540313979836,0.10203877339822218,ED/LMT
2022-06-06,-20.288769241786433,0.0,-20.288769241786433,-1,2.3372159032447457,0.10266593511784884,ED/LMT
2022-06-07,157.74731285257306,0.0,157.74731285257306,-1,2.1327859242472065,0.10328980085495466,ED/LMT
2022-06-08,25.010183737840066,0.0,25.010183737840066,-1,2.103311539431262,0.10392367273573641,ED/LMT
2022-06-09,251.03610296392287,0.0,251.03610296392287,-1,1.8311857830465101,0.10449583657780506,ED/LMT
2022-06-10,-154.16551426193493,0.0,-154.16551426193493,-1,1.9894338873962105,0.10498028297150479,ED/LMT
2022-06-13,581.2130456386852,0.0,581.2130456386852,-1,1.3605614774477919,0.10547579871102944,ED/LMT
2022-06-14,274.20393269631927,0.0,274.20393269631927,-1,1.07062339299923,0.10585541751678332,ED/LMT
2022-06-15,55.52080764179708,0.0,55.52080764179708,-1,1.0092477765982002,0.10614877671260997,ED/LMT
2022-06-16,-61.25458404472306,0.0,-61.25458404472306,-1,1.087066440340331,0.1064010343099568,ED/LMT
2022-06-17,122.69025786858447,0.0,122.69025786858447,-1,0.9523820639574453,0.10663612826306271,ED/LMT
2022-06-21,29.642719537573413,0.0,29.642719537573413,-1,0.8894870506920964,0.10684954978311463,ED/LMT
2022-06-22,-179.7570336475902,0.0,-179.7570336475902,-1,1.0853371433106886,0.10706820074498011,ED/LMT
2022-06-23,-499.17239396071096,0.0,-499.17239396071096,-1,1.6268198616519256,0.10729629614006501,ED/LMT
2022-06-24,-133.46008718625652,0.0,-133.46008718625652,-1,1.7465270738420426,0.10759437801934088,ED/LMT
2022-06-27,-104.99088323103028,0.0,-104.99088323103028,-1,1.8502086775301023,0.10792476049508812,ED/LMT
2022-06-28,-71.25966518650249,0.0,-71.25966518650249,-1,1.9142343933976347,0.10826755141321967,ED/LMT
2022-06-29,-134.9679445929167,0.0,-134.9679445929167,-1,2.052718985664482,0.10862389957984533,ED/LMT
2022-06-30,126.22467056291256,0.0,126.22467056291256,-1,1.8822023518835933,0.10901183900643259,ED/LMT
2022-07-01,-307.29206989077875,0.0,-307.29206989077875,-1,2.1910706437374605,0.10939247101196788,ED/LMT
2022-07-05,468.0124302957061,0.0,468.0124302957061,-1,1.7222182847261769,0.10984539971636838,ED/LMT
2022-07-06,113.61142509669595,0.0,113.61142509669595,-1,1.5674172872740573,0.11016560274687127,ED/LMT
2022-07-07,73.83647945316181,0.0,73.83647945316181,-1,1.4901258944870022,0.11050133502652974,ED/LMT
2022-07-08,25.025668306381576,0.0,25.025668306381576,-1,1.4611120839101654,0.11081315362149678,ED/LMT
2022-07-11,-187.6801892575072,0.0,-187.6801892575072,-1,1.6567696524790119,0.1111337060047815,ED/LMT
2022-07-12,-69.03012109496835,0.0,-69.03012109496835,-1,1.7356510289563924,0.1114948064157817,ED/LMT
2022-07-13,-53.758054169564076,0.0,-53.758054169564076,-1,1.8012679985715907,0.11183128223377846,ED/LMT
2022-07-14,-186.64377874884093,0.0,-186.64377874884093,-1,2.012802335938278,0.11214637110959702,ED/LMT
2022-07-15,-129.9846054954578,0.0,-129.9846054954578,-1,2.1475040882846037,0.11247556020543141,ED/LMT
2022-07-18,112.90901242236785,0.0,112.90901242236785,-1,2.0519713249245464,0.11282466674293194,ED/LMT
2022-07-19,-48.028741108493485,0.0,-48.028741108493485,-1,2.0862121525211936,0.11311589050484976,ED/LMT
2022-07-20,356.2404150454118,0.0,356.2404150454118,-1,1.689332856840037,0.11342691748835694,ED/LMT
2022-07-21,-31.375017743188142,0.0,-31.375017743188142,-1,1.7167174968944354,0.1137086884901767,ED/LMT
2022-07-22,-287.2759172911925,0.0,-287.2759172911925,-1,2.0138962898115005,0.11398571594601736,ED/LMT
2022-07-25,-196.834844935232,0.0,-196.834844935232,-1,2.19658761415941,0.11429921580424947,ED/LMT
2022-07-26,-270.74913713594594,0.0,-270.74913713594594,-1,2.480187400274044,0.11464295159589563,ED/LMT
2022-07-27,-26.931793554633717,0.0,-26.931793554633717,-1,2.4912349047744873,0.11502148000741665,ED/LMT
2022-07-28,-350.4296191411554,0.0,-350.4296191411554,-1,2.8191777295423215,0.11541053475452388,ED/LMT
2022-07-29,-2.3103771171405185,0.0,-2.3103771171405185,-1,2.778859627234495,0.11584494177888839,ED/LMT
2022-08-01,256.8161417972264,0.0,256.8161417972264,-1,2.4769233948568963,0.11632837055805012,ED/LMT
2022-08-02,212.82455784118602,0.0,212.82455784118602,-1,2.2086685701372675,0.11677757386390752,ED/LMT
2022-08-03,0.3868136574694159,0.0,0.3868136574694159,-1,2.193350565509876,0.1172191112631099,ED/LMT
2022-08-04,95.24497201809805,0.0,95.24497201809805,-1,2.0867413893373947,0.11767387795894586,ED/LMT
2022-08-05,11.589547218968953,0.0,11.589547218968953,-1,2.069565706371754,0.11811442680469596,ED/LMT
2022-08-08,-270.0288857314098,0.0,-270.0288857314098,-1,2.345019194928547,0.1185531792353552,ED/LMT
2022-08-09,10.549166146089746,0.0,10.549166146089746,-1,2.3019175775410337,0.11904618846199017,ED/LMT
2022-08-10,11.150942648813329,0.0,11.150942648813329,-1,2.270772111481159,0.1195467944032065,ED/LMT
2022-08-11,68.179322032775,0.0,68.179322032775,-1,2.192198717865567,0.12004100517844882,ED/LMT
2022-08-12,-15.256547954685942,0.0,-15.256547954685942,-1,2.1721274340821553,0.1205310932049497,ED/LMT
2022-08-15,-138.14146974753154,0.0,-138.14146974753154,-1,2.2828640030996166,0.12104012701184776,ED/LMT
2022-08-16,-53.1254603111229,0.0,-53.1254603111229,-1,2.312161336105879,0.12158951896737792,ED/LMT
2022-08-17,-72.54998276744688,0.0,-72.54998276744688,-1,2.3634570058605564,0.12215269815047099,ED/LMT
2022-08-18,-99.6238919460667,0.0,-99.6238919460667,-1,2.4580539062630367,0.12271136436132402,ED/LMT
2022-08-19,77.81718869613239,0.0,77.81718869613239,-1,2.359324339149093,0.12327213090138847,ED/LMT
2022-08-22,64.73621985857017,0.0,64.73621985857017,-1,2.314802112925228,0.12382411316058985,ED/LMT
2022-08-23,126.6410217543069,0.0,126.6410217543069,-1,2.1693597005994447,0.12434191250705572,ED/LMT
2022-08-24,-10.635808778030224,0.0,-10.635808778030224,-1,2.164111174606828,0.12484484510518981,ED/LMT
2022-08-25,-15.395457911724094,0.0,-15.395457911724094,-1,2.141759345956901,0.1253463837780978,ED/LMT
2022-08-26,31.531422891242386,0.0,31.531422891242386,-1,2.134951907699161,0.1258733603496084,ED/LMT
2022-08-29,-143.284432361823,0.0,-143.284432361823,-1,2.273406768072754,0.12638234020750463,ED/LMT
2022-08-30,78.98150673859757,0.0,78.98150673859757,-1,2.2055470816844744,0.12691251622643085,ED/LMT
2022-08-31,58.95529821571462,0.0,58.95529821571462,-1,2.14671646635747,0.12738142602906907,ED/LMT
2022-09-01,-251.8354080440284,0.0,-251.8354080440284,-1,2.372351191586882,0.12783824732959576,ED/LMT
2022-09-02,96.3878601123902,0.0,96.3878601123902,-1,2.2855362604155376,0.12835233261947748,ED/LMT
2022-09-06,113.08454404673128,0.0,113.08454404673128,-1,2.1658597525552903,0.1288303030369199,ED/LMT
2022-09-07,-563.607315747324,0.0,-563.607315747324,-1,2.69912845743952,0.12926442295829704,ED/LMT
2022-09-08,90.51334602480513,0.0,90.51334602480513,-1,2.596129302612737,0.12978267170234198,ED/LMT
2022-09-09,-0.23781301190228277,0.0,-0.23781301190228277,-1,2.570152837454671,0.130260140967676,ED/LMT
2022-09-12,-236.3340652884465,0.0,-236.3340652884465,-1,2.8039507052716846,0.13073988935060837,ED/LMT
2022-09-13,376.38648129377464,0.0,376.38648129377464,-1,2.473662514455383,0.13122566358131282,ED/LMT
2022-09-14,-72.56402827685363,0.0,-72.56402827685363,-1,2.488083235529485,0.13163495847433973,ED/LMT
2022-09-15,351.90660072789615,0.0,351.90660072789615,-1,2.150231442899234,0.13206495683959915,ED/LMT
2022-09-16,52.17268565493666,0.0,52.17268565493666,-1,2.085207601985739,0.1324086133248032,ED/LMT
2022-09-19,-145.3267510787107,0.0,-145.3267510787107,-1,2.2029177539544587,0.1327504490207523,ED/LMT
2022-09-20,261.95083266841823,0.0,261.95083266841823,-1,1.9130788768486489,0.13311520465512325,ED/LMT
2022-09-21,189.74536961392974,0.0,189.74536961392974,-1,1.722988957690602,0.13345561755538937,ED/LMT
2022-09-22,1.49940125007328,0.0,1.49940125007328,-1,1.7021555441117295,0.13375651992828455,ED/LMT
2022-09-23,7.99316650947199,0.0,7.99316650947199,-1,1.744282735780281,0.1340747173276633,ED/LMT
2022-09-26,305.1897055360784,0.0,305.1897055360784,-1,1.4778944092371653,0.13436478489819445,ED/LMT
2022-09-27,279.1552822293704,0.0,279.1552822293704,-1,1.2550645584713178,0.13459231566842114,ED/LMT
2022-09-28,-4.156254925643883,0.0,-4.156254925643883,-1,1.2539384085926741,0.13476761596163567,ED/LMT
2022-09-29,371.1251687834638,0.0,371.1251687834638,-1,0.9598385539616537,0.13495685604765903,ED/LMT
2022-09-30,269.1528112051375,0.0,269.1528112051375,-1,0.7218226798203122,0.1350968521853998,ED/LMT
2022-10-03,-95.66403775615194,0.0,-95.66403775615194,-1,0.7244893665777121,0.1352116079156319,ED/LMT
2022-10-04,-140.916484437465,0.0,-140.916484437465,-1,0.8163976152793752,0.1353437303006646,ED/LMT
2022-10-05,425.55125390365924,0.0,425.55125390365924,-1,0.4287640558651453,0.13549443573025266,ED/LMT
2022-10-06,349.1293716058669,0.0,349.1293716058669,-1,0.11114550534694442,0.13560529941543087,ED/LMT
2022-10-07,496.3962226794255,0.0,496.3962226794255,-1,-0.39547098380264034,0.1356893504590224,ED/LMT
2022-10-10,120.78033651535254,10.65495048912141,110.12538602623114,0,-0.5511938752748017,0.13572415832355328,ED/LMT
2022-10-11,0.0,0.0,0.0,0,-0.5568972876009475,0.13572266365825106,ED/LMT
2022-10-12,0.0,0.0,0.0,0,-0.5926734324937024,0.13572084421975222,ED/LMT
2022-10-13,0.0,0.0,0.0,0,-0.3440453619238732,0.13576940458441644,ED/LMT
2022-10-14,0.0,0.0,0.0,0,0.0038109713855159636,0.13583606970413192,ED/LMT
2022-10-17,0.0,0.0,0.0,0,0.0037346255774992577,0.1359700343382042,ED/LMT
2022-10-18,0.0,0.0,0.0,0,-0.4770505756488787,0.13611196921974344,ED/LMT
2022-10-19,0.0,0.0,0.0,0,-0.7448608994294328,0.13616623970554445,ED/LMT
2022-10-20,0.0,0.0,0.0,0,-1.0342010359551008,0.13616716307833118,ED/LMT
2022-10-21,0.0,0.0,0.0,0,-1.0301746276019261,0.1361072510239481,ED/LMT
2022-10-24,0.0,0.0,0.0,0,-1.1240957912944043,0.1360278282481478,ED/LMT
2022-10-25,0.0,0.0,0.0,0,-0.9892672618128264,0.13593118965546155,ED/LMT
2022-10-26,0.0,0.0,0.0,0,-1.0609528552671532,0.1358470285871878,ED/LMT
2022-10-27,0.0,0.0,0.0,0,-1.1632370122722588,0.13575263645095162,ED/LMT
2022-10-28,0.0,0.0,0.0,0,-1.12134080079035,0.13560787030883312,ED/LMT
2022-10-31,0.0,0.0,0.0,0,-1.2405063316511709,0.13546500021281527,ED/LMT
2022-11-01,0.0,0.0,0.0,0,-1.1992149261841383,0.13527890667562073,ED/LMT
2022-11-02,0.0,0.0,0.0,0,-1.0781244396038336,0.13511934662582523,ED/LMT
2022-11-03,0.0,0.0,0.0,0,-1.0513948205849584,0.13502001180764867,ED/LMT
2022-11-04,0.0,0.0,0.0,0,-0.7541895011112263,0.134922372779343,ED/LMT
2022-11-07,0.0,0.0,0.0,0,-1.3154367822731199,0.1348869360472634,ED/LMT
2022-11-08,0.0,0.0,0.0,0,-1.3289702617619763,0.13469259330669156,ED/LMT
2022-11-09,0.0,0.0,0.0,0,-1.2164097832928629,0.13445290734401982,ED/LMT
2022-11-10,0.0,0.0,0.0,0,-0.7896453626180084,0.13426374489782159,ED/LMT
2022-11-11,0.0,0.0,0.0,0,-0.4684379207007461,0.13418844265798838,ED/LMT
2022-11-14,0.0,0.0,0.0,0,-0.3905142812297794,0.13422104531449003,ED/LMT
2022-11-15,0.0,0.0,0.0,0,-0.3153314579312119,0.13427828572816886,ED/LMT
2022-11-16,0.0,0.0,0.0,0,-0.014316913030152924,0.1343468694498827,ED/LMT
2022-11-17,0.0,0.0,0.0,0,-0.2583296466717573,0.1344808195756663,ED/LMT
2022-11-18,0.0,0.0,0.0,0,0.10780276633870019,0.1345676106649177,ED/LMT
2022-11-21,0.0,0.0,0.0,0,0.11337162889637134,0.13475919907094244,ED/LMT
2022-11-22,0.0,0.0,0.0,0,0.32547042916057983,0.134955422426235,ED/LMT
2022-11-23,0.0,0.0,0.0,0,0.5304901053935589,0.13520078453002946,ED/LMT
2022-11-25,0.0,0.0,0.0,0,0.6094876854626444,0.1354940764535818,ED/LMT
2022-11-28,0.0,0.0,0.0,0,0.4455407252030349,0.13579691104542227,ED/LMT
2022-11-29,0.0,0.0,0.0,0,0.3782401806313001,0.136060513436533,ED/LMT
2022-11-30,0.0,0.0,0.0,0,0.5721610137318673,0.1363184914953646,ED/LMT
2022-12-01,0.0,0.0,0.0,0,0.5695259877742169,0.13660198787729827,ED/LMT
2022-12-02,0.0,0.0,0.0,0,0.1766202296759463,0.13687297922612185,ED/LMT
2022-12-05,0.0,0.0,0.0,0,0.31015882166775927,0.13705137468050366,ED/LMT
2022-12-06,0.0,0.0,0.0,0,0.4995029520032125,0.13724707708999706,ED/LMT
2022-12-07,0.0,0.0,0.0,0,0.39645187209005506,0.1374702482949221,ED/LMT
2022-12-08,0.0,0.0,0.0,0,0.46231657019502514,0.1376518247517921,ED/LMT
2022-12-09,0.0,0.0,0.0,0,0.32009453329461107,0.13784907738486246,ED/LMT
2022-12-12,0.0,0.0,0.0,0,0.5614712411778108,0.13801205746593287,ED/LMT
2022-12-13,0.0,0.0,0.0,0,0.7322542460835416,0.13822835964141672,ED/LMT
2022-12-14,0.0,0.0,0.0,0,0.5933328782943901,0.13846636711209162,ED/LMT
2022-12-15,0.0,0.0,0.0,0,0.49460632876257066,0.1386816457520067,ED/LMT
2022-12-16,0.0,0.0,0.0,0,0.10720310881314685,0.13886650323739616,ED/LMT
2022-12-19,0.0,0.0,0.0,0,0.05046752399198683,0.13896985986758556,ED/LMT
2022-12-20,0.0,0.0,0.0,0,-0.10235604290107157,0.13904898096463084,ED/LMT
2022-12-21,0.0,0.0,0.0,0,0.05426911028578502,0.13907493560537443,ED/LMT
2022-12-22,0.0,0.0,0.0,0,0.16240978839505946,0.13910863569743254,ED/LMT
2022-12-23,0.0,0.0,0.0,0,0.18158814920784494,0.13915677460774012,ED/LMT
2022-12-27,0.0,0.0,0.0,0,0.24568568836119542,0.13922778340042535,ED/LMT
2022-12-28,0.0,0.0,0.0,0,0.20055350156572216,0.1392968570681638,ED/LMT
2022-12-29,0.0,0.0,0.0,0,0.19432969889777452,0.1393408582954776,ED/LMT
2022-12-30,0.0,0.0,0.0,0,0.004798248525410032,0.13937790428214783,ED/LMT
2023-01-03,0.0,0.0,0.0,0,0.3023471180751575,0.13935560548386725,ED/LMT
2023-01-04,0.0,0.0,0.0,0,0.4684882680444188,0.13939605356585388,ED/LMT
2023-01-05,0.0,0.0,0.0,0,0.22953826049065312,0.1394648053507351,ED/LMT
2023-01-06,0.0,0.0,0.0,0,0.7581034476600799,0.13947724047206853,ED/LMT
2023-01-09,0.0,0.0,0.0,0,1.086318809526932,0.1395903309785903,ED/LMT
2023-01-10,0.0,0.0,0.0,0,1.0636856876160086,0.1397495943844361,ED/LMT
2023-01-11,0.0,0.0,0.0,0,1.1302120185508475,0.13992428093913217,ED/LMT
2023-01-12,0.0,0.0,0.0,0,0.9712290256983874,0.14010515736767576,ED/LMT
2023-01-13,0.0,0.0,0.0,0,1.0829509982523566,0.14026065733332904,ED/LMT
2023-01-17,0.0,0.0,0.0,0,0.9737901791967076,0.1404029647996823,ED/LMT
2023-01-18,0.0,0.0,0.0,0,0.7485412365742975,0.1405085687135944,ED/LMT
2023-01-19,0.0,0.0,0.0,0,0.6477566271574223,0.14057803736418806,ED/LMT
2023-01-20,0.0,0.0,0.0,0,0.7714934429983894,0.14063532686602534,ED/LMT
2023-01-23,0.0,0.0,0.0,0,0.7776001044284745,0.14070119654546348,ED/LMT
2023-01-24,0.0,0.0,0.0,0,0.6640226156655309,0.14075938429875232,ED/LMT
2023-01-25,0.0,0.0,0.0,0,0.6083615085260191,0.14080910771682972,ED/LMT
2023-01-26,0.0,0.0,0.0,0,0.5402420299905443,0.1408400714265263,ED/LMT
2023-01-27,0.0,0.0,0.0,0,0.5491584575755367,0.14085586988379267,ED/LMT
2023-01-30,0.0,0.0,0.0,0,0.5472130677967811,0.14087015989796325,ED/LMT
2023-01-31,0.0,0.0,0.0,0,0.5237976512079482,0.14090386667889523,ED/LMT
2023-02-01,0.0,0.0,0.0,0,0.5711227627570944,0.14093825804984664,ED/LMT
2023-02-02,0.0,0.0,0.0,0,0.6451995066776574,0.14098102832649836,ED/LMT
2023-02-03,0.0,0.0,0.0,0,0.2146220316594619,0.14102149584549528,ED/LMT
2023-02-06,0.0,0.0,0.0,0,0.07121222799508008,0.1410054107772844,ED/LMT
2023-02-07,0.0,0.0,0.0,0,0.03886066054837301,0.14097170800411932,ED/LMT
2023-02-08,0.0,0.0,0.0,0,-0.24746670114328942,0.14092201005168667,ED/LMT
2023-02-09,0.0,0.0,0.0,0,-0.5280235412397644,0.1408160289862121,ED/LMT
2023-02-10,0.0,0.0,0.0,0,-0.41992748020628845,0.140663726746382,ED/LMT
2023-02-13,0.0,0.0,0.0,0,-0.3703596595529319,0.14053816978943934,ED/LMT
2023-02-14,0.0,0.0,0.0,0,-0.5126808771387357,0.14041680419201852,ED/LMT
2023-02-15,0.0,0.0,0.0,0,-0.46601462463770466,0.14026021660301927,ED/LMT
2023-02-16,0.0,0.0,0.0,0,-0.15416246009270348,0.14010604388529635,ED/LMT
2023-02-17,0.0,0.0,0.0,0,0.014470935709683079,0.14000728104402077,ED/LMT
2023-02-21,0.0,0.0,0.0,0,-0.16322349560758964,0.13993420914333904,ED/LMT
2023-02-22,0.0,0.0,0.0,0,-0.22580592504821406,0.1398461860752747,ED/LMT
2023-02-23,0.0,0.0,0.0,0,-0.35700421712037844,0.1397387670296433,ED/LMT
2023-02-24,0.0,0.0,0.0,0,-0.4428873676342963,0.1396013877067639,ED/LMT
2023-02-27,0.0,0.0,0.0,0,-0.4888839291169068,0.13945650707269114,ED/LMT
2023-02-28,0.0,0.0,0.0,0,-0.6912453320328367,0.13930412899177658,ED/LMT
2023-03-01,0.0,0.0,0.0,0,-0.897708569403398,0.1391277783434513,ED/LMT
2023-03-02,0.0,0.0,0.0,0,-0.7376376329341836,0.13891407502002495,ED/LMT
2023-03-03,0.0,0.0,0.0,0,-0.5352230572760255,0.13873095173681474,ED/LMT
2023-03-06,0.0,0.0,0.0,0,-0.4250511171226018,0.1385893065485937,ED/LMT
2023-03-07,0.0,0.0,0.0,0,-0.5537873320834185,0.13847746972320052,ED/LMT
2023-03-08,0.0,0.0,0.0,0,-0.39226681678331926,0.1383360501583253,ED/LMT
2023-03-09,0.0,0.0,0.0,0,-0.3693304943363225,0.13822035810595898,ED/LMT
2023-03-10,0.0,0.0,0.0,0,-0.47496476647441865,0.13810838357638483,ED/LMT
2023-03-13,0.0,0.0,0.0,0,-0.14004799045677135,0.13798877643912094,ED/LMT
2023-03-14,0.0,0.0,0.0,0,0.03557104081518388,0.1379028559110744,ED/LMT
2023-03-15,0.0,0.0,0.0,0,0.4564930321415466,0.13785124359056616,ED/LMT
2023-03-16,0.0,0.0,0.0,0,0.5715526676082399,0.13788194351363386,ED/LMT
2023-03-17,0.0,0.0,0.0,0,0.634508548382619,0.13793329549531297,ED/LMT
2023-03-20,0.0,0.0,0.0,0,0.6128257118331544,0.13798983083135813,ED/LMT
2023-03-21,0.0,0.0,0.0,0,-0.01342331812978426,0.13804596848248146,ED/LMT
2023-03-22,0.0,0.0,0.0,0,-0.058134293430985313,0.13800482359344515,ED/LMT
2023-03-23,0.0,0.0,0.0,0,-0.09729706733726358,0.13795677146340224,ED/LMT
2023-03-24,0.0,0.0,0.0,0,0.3210859000159532,0.13790515672922365,ED/LMT
2023-03-27,0.0,0.0,0.0,0,0.26135722203616324,0.13792682179092827,ED/LMT
2023-03-28,0.0,0.0,0.0,0,0.277342160314471,0.13793593918721672,ED/LMT
2023-03-29,0.0,0.0,0.0,0,0.3342340627002745,0.13793452771326886,ED/LMT
2023-03-30,0.0,0.0,0.0,0,0.2903293037839924,0.1379418147299657,ED/LMT
2023-03-31,0.0,0.0,0.0,0,0.46630658504346084,0.1379278681282199,ED/LMT
2023-04-03,0.0,0.0,0.0,0,0.021378911222883445,0.13794424957710544,ED/LMT
2023-04-04,0.0,0.0,0.0,0,0.1364803605094959,0.1379013247265028,ED/LMT
2023-04-05,0.0,0.0,0.0,0,0.5344307313017097,0.1378823553894304,ED/LMT
2023-04-06,0.0,0.0,0.0,0,0.6080386566234834,0.1379277572003003,ED/LMT
2023-04-10,0.0,0.0,0.0,0,0.48489369719175324,0.13798570118956793,ED/LMT
2023-04-11,0.0,0.0,0.0,0,0.6856191674282558,0.13802221732968903,ED/LMT
2023-04-12,0.0,0.0,0.0,0,0.6031603555052597,0.1380869475789315,ED/LMT
2023-04-13,0.0,0.0,0.0,0,0.39436527566091956,0.13815332060173094,ED/LMT
2023-04-14,0.0,0.0,0.0,0,0.25124847952014073,0.1381958443923248,ED/LMT
2023-04-17,0.0,0.0,0.0,0,0.4169350167486474,0.13822323486439517,ED/LMT
2023-04-18,0.0,0.0,0.0,0,0.06227700666112299,0.13830522940923193,ED/LMT
2023-04-19,0.0,0.0,0.0,0,0.3246064879851116,0.1383276030019818,ED/LMT
2023-04-20,0.0,0.0,0.0,0,0.525947490449228,0.13842091140981522,ED/LMT
2023-04-21,0.0,0.0,0.0,0,0.7886600515556712,0.13854246928420197,ED/LMT
2023-04-24,0.0,0.0,0.0,0,0.9646406632966357,0.1386853378561377,ED/LMT
2023-04-25,0.0,0.0,0.0,0,1.1901203684440496,0.13885337959111296,ED/LMT
2023-04-26,0.0,0.0,0.0,0,1.312315862719483,0.13902215498134984,ED/LMT
2023-04-27,0.0,0.0,0.0,0,1.2306022572831026,0.1391485273033418,ED/LMT
2023-04-28,0.0,0.0,0.0,0,1.1165735036167859,0.13925687732852776,ED/LMT
2023-05-01,0.0,0.0,0.0,0,1.1001413774168274,0.13936484661794898,ED/LMT
2023-05-02,0.0,0.0,0.0,0,1.2645850045136449,0.13948067745189163,ED/LMT
2023-05-03,0.0,0.0,0.0,0,1.3130327581814922,0.13960781311441056,ED/LMT
2023-05-04,0.0,0.0,0.0,0,1.4206449158377386,0.13971707784796927,ED/LMT
2023-05-05,0.0,0.0,0.0,0,1.4945125677864726,0.13983285670298037,ED/LMT
2023-05-08,0.0,0.0,0.0,0,1.520431541592889,0.1399536828430007,ED/LMT
2023-05-09,0.0,0.0,0.0,0,1.4471021718470118,0.14006929255976927,ED/LMT
2023-05-10,0.0,0.0,0.0,0,1.5258782782689948,0.14017183690435284,ED/LMT
2023-05-11,0.0,0.0,0.0,0,1.5042413783051831,0.1402982333743628,ED/LMT
2023-05-12,0.0,0.0,0.0,0,1.5937221232159096,0.14041873658154957,ED/LMT
2023-05-15,0.0,0.0,0.0,0,1.3804686821674217,0.14055754610695048,ED/LMT
2023-05-16,0.0,0.0,0.0,0,1.276795672357748,0.14068226998396802,ED/LMT
2023-05-17,0.0,0.0,0.0,0,0.9299828696282977,0.14079562119209046,ED/LMT
2023-05-18,0.0,0.0,0.0,0,0.8719693360199359,0.14087949794286764,ED/LMT
2023-05-19,0.0,0.0,0.0,0,0.8712267778329154,0.14096801216284285,ED/LMT
2023-05-22,0.0,0.0,0.0,0,0.7692731364099973,0.14103493524428962,ED/LMT
2023-05-23,0.0,0.0,0.0,0,0.6857486761494557,0.14107959021661728,ED/LMT
2023-05-24,0.0,0.0,0.0,0,0.6160769336136314,0.14109757988109892,ED/LMT
2023-05-25,0.0,0.0,0.0,0,0.8133751460486031,0.14108638715776634,ED/LMT
2023-05-26,0.0,0.0,0.0,0,0.5795765944015745,0.14109076543700955,ED/LMT
2023-05-30,0.0,0.0,0.0,0,0.5681521306972946,0.14107397481341014,ED/LMT
2023-05-31,0.0,0.0,0.0,0,0.7203844199995005,0.1410404831710061,ED/LMT
2023-06-01,0.0,0.0,0.0,0,0.3195535319636768,0.1410413660673048,ED/LMT
2023-06-02,0.0,0.0,0.0,0,0.18781195838731993,0.14100186257753997,ED/LMT
2023-06-05,0.0,0.0,0.0,0,0.38983073578041705,0.1409654652066852,ED/LMT
2023-06-06,0.0,0.0,0.0,0,0.19625986133860124,0.14096056003469123,ED/LMT
2023-06-07,0.0,0.0,0.0,0,0.31435915572196277,0.14093704529238094,ED/LMT
2023-06-08,0.0,0.0,0.0,0,0.3327726351764151,0.14095761150453354,ED/LMT
2023-06-09,0.0,0.0,0.0,0,0.2803563420049147,0.1409832824695087,ED/LMT
2023-06-12,0.0,0.0,0.0,0,0.2008041682572176,0.14101411281918827,ED/LMT
2023-06-13,0.0,0.0,0.0,0,0.2843740038859233,0.14104166696108403,ED/LMT
2023-06-14,0.0,0.0,0.0,0,0.3413704598890491,0.14110589297958556,ED/LMT
2023-06-15,0.0,0.0,0.0,0,0.3641227201220047,0.14117693206780835,ED/LMT
2023-06-16,0.0,0.0,0.0,0,0.27272132261999676,0.14127187199882174,ED/LMT
2023-06-20,0.0,0.0,0.0,0,0.12597004448062146,0.14135656833092242,ED/LMT
2023-06-21,0.0,0.0,0.0,0,0.08843458581614923,0.14142363030611668,ED/LMT
2023-06-22,0.0,0.0,0.0,0,0.014231239805643432,0.14148212037737282,ED/LMT
2023-06-23,0.0,0.0,0.0,0,-0.12377710477915967,0.14153214004652337,ED/LMT
2023-06-26,0.0,0.0,0.0,0,0.20515007190959528,0.14157519440168265,ED/LMT
2023-06-27,0.0,0.0,0.0,0,0.2473234990565371,0.14166511893102576,ED/LMT
2023-06-28,0.0,0.0,0.0,0,0.009377366744706172,0.14169736403797917,ED/LMT
2023-06-29,0.0,0.0,0.0,0,-0.2814011020574126,0.14171233437425854,ED/LMT
2023-06-30,0.0,0.0,0.0,0,-0.2108494654749653,0.1417170532851039,ED/LMT
2023-07-03,0.0,0.0,0.0,0,-0.15294356668387948,0.14171480819278562,ED/LMT
2023-07-05,0.0,0.0,0.0,0,0.15609184570206117,0.14171067918661706,ED/LMT
2023-07-06,0.0,0.0,0.0,0,0.06548368455072727,0.14173961798263393,ED/LMT
2023-07-07,0.0,0.0,0.0,0,0.11490726266394237,0.1417574378797253,ED/LMT
2023-07-10,0.0,0.0,0.0,0,-0.03902836211129674,0.14177017250668292,ED/LMT
2023-07-11,0.0,0.0,0.0,0,0.011751020698696437,0.14176831680878477,ED/LMT
2023-07-12,0.0,0.0,0.0,0,0.217053680285641,0.14175687828978487,ED/LMT
2023-07-13,0.0,0.0,0.0,0,0.22309675305258328,0.14177033408061837,ED/LMT
2023-07-14,0.0,0.0,0.0,0,0.15484483291907153,0.14177957223549223,ED/LMT
2023-07-17,0.0,0.0,0.0,0,-0.10338642144437407,0.14177370625163638,ED/LMT
2023-07-18,0.0,0.0,0.0,0,0.20914620294552572,0.14174983049204984,ED/LMT
2023-07-19,0.0,0.0,0.0,0,0.5495512591328127,0.14176393603987983,ED/LMT
2023-07-20,0.0,0.0,0.0,0,0.8519603129714597,0.14181604567961292,ED/LMT
2023-07-21,0.0,0.0,0.0,0,1.0968154701260207,0.14190352707658666,ED/LMT
2023-07-24,0.0,0.0,0.0,0,1.0419378882829176,0.14200398324902808,ED/LMT
2023-07-25,0.0,0.0,0.0,0,1.2066273895872441,0.14211148985897115,ED/LMT
2023-07-26,0.0,0.0,0.0,0,1.200184462072636,0.14224918795313835,ED/LMT
2023-07-27,0.0,0.0,0.0,0,0.9981698277781027,0.14238981924056637,ED/LMT
2023-07-28,0.0,0.0,0.0,0,0.9671379751590397,0.1424968139349035,ED/LMT
2023-07-31,0.0,0.0,0.0,0,0.8957534236186021,0.14260562741868935,ED/LMT
2023-08-01,0.0,0.0,0.0,0,0.505156902817102,0.1427097481544683,ED/LMT
2023-08-02,0.0,0.0,0.0,0,0.5710038551043713,0.14277994468837943,ED/LMT
2023-08-03,0.0,0.0,0.0,0,0.06550534435957453,0.14285965799067443,ED/LMT
2023-08-04,0.0,0.0,0.0,0,-0.05573223160463435,0.14287853430304204,ED/LMT
2023-08-07,0.0,0.0,0.0,0,0.0682106260058379,0.1429057213693327,ED/LMT
2023-08-08,0.0,0.0,0.0,0,0.17458745025470995,0.14293845957042256,ED/LMT
2023-08-09,0.0,0.0,0.0,0,0.0491882472879282,0.14298976901582985,ED/LMT
2023-08-10,0.0,0.0,0.0,0,0.023667088556606767,0.14301923337634148,ED/LMT
2023-08-11,0.0,0.0,0.0,0,-0.005348343341131538,0.14303641905622744,ED/LMT
2023-08-14,0.0,0.0,0.0,0,-0.12471973190727345,0.14304671557997486,ED/LMT
2023-08-15,0.0,0.0,0.0,0,-0.14652852927507634,0.1430504760663651,ED/LMT
2023-08-16,0.0,0.0,0.0,0,0.015510615451549978,0.14305625813022066,ED/LMT
2023-08-17,0.0,0.0,0.0,0,-0.12547424511832056,0.14306331450960666,ED/LMT
2023-08-18,0.0,0.0,0.0,0,-0.023873047463936467,0.14305019307061068,ED/LMT
2023-08-21,0.0,0.0,0.0,0,-0.16699359404369718,0.14305733517817154,ED/LMT
2023-08-22,0.0,0.0,0.0,0,-0.08633419826465998,0.143057751747286,ED/LMT
2023-08-23,0.0,0.0,0.0,0,-0.012143324301803343,0.14305870471255364,ED/LMT
2023-08-24,0.0,0.0,0.0,0,-0.062365585943199825,0.1430727737035699,ED/LMT
2023-08-25,0.0,0.0,0.0,0,0.04818735762441983,0.1430986847295383,ED/LMT
2023-08-28,0.0,0.0,0.0,0,-0.013118802848413259,0.14312699251989336,ED/LMT
2023-08-29,0.0,0.0,0.0,0,0.15135073966030493,0.14313370096608985,ED/LMT
2023-08-30,0.0,0.0,0.0,0,0.005032704214606808,0.14317526342080886,ED/LMT
2023-08-31,0.0,0.0,0.0,0,-0.12026478752406315,0.1431995746549103,ED/LMT
2023-09-01,0.0,0.0,0.0,0,-0.2224980358316635,0.1432034905130884,ED/LMT
2023-09-05,0.0,0.0,0.0,0,-0.46746420110846165,0.14319201330296805,ED/LMT
2023-09-06,0.0,0.0,0.0,0,0.1286708620206165,0.14314324299519435,ED/LMT
2023-09-07,0.0,0.0,0.0,0,0.3765080363307656,0.14314405804804362,ED/LMT
2023-09-08,0.0,0.0,0.0,0,0.5783892850029575,0.14315478467626794,ED/LMT
2023-09-11,0.0,0.0,0.0,0,0.7236941244645604,0.14316446398115545,ED/LMT
2023-09-12,0.0,0.0,0.0,0,0.8772092036328336,0.1431927754987588,ED/LMT
2023-09-13,0.0,0.0,0.0,0,1.0151991588072387,0.1432151707122257,ED/LMT
2023-09-14,0.0,0.0,0.0,0,1.0488157843152275,0.14323529137371124,ED/LMT
2023-09-15,0.0,0.0,0.0,0,0.9385025689245675,0.14324765688478633,ED/LMT
2023-09-18,0.0,0.0,0.0,0,0.8023259359891952,0.1432359573726386,ED/LMT
2023-09-19,0.0,0.0,0.0,0,0.847686784553528,0.14322624746628546,ED/LMT
2023-09-20,0.0,0.0,0.0,0,0.8620428320159492,0.14322560124851144,ED/LMT
2023-09-21,0.0,0.0,0.0,0,0.9897641194427036,0.14322179528616624,ED/LMT
2023-09-22,0.0,0.0,0.0,0,1.0825109727939235,0.14322874344717132,ED/LMT
2023-09-25,0.0,0.0,0.0,0,0.9950656248234431,0.14322757324361446,ED/LMT
2023-09-26,0.0,0.0,0.0,0,0.6801182449513768,0.1432237746448924,ED/LMT
2023-09-27,0.0,0.0,0.0,0,0.4700765022872367,0.14321055844733774,ED/LMT
2023-09-28,0.0,0.0,0.0,0,0.21266477199479555,0.14318734720418172,ED/LMT
2023-09-29,0.0,0.0,0.0,0,0.2704948487985391,0.14315534133067997,ED/LMT
2023-10-02,0.0,0.0,0.0,0,-0.38459373907682276,0.14313294133135163,ED/LMT
2023-10-03,0.0,0.0,0.0,0,-0.009226489935681788,0.1430698996582051,ED/LMT
2023-10-04,0.0,0.0,0.0,0,0.23308134671962175,0.14301293713388152,ED/LMT
2023-10-05,0.0,0.0,0.0,0,0.4324862941222403,0.142962151551289,ED/LMT
2023-10-06,0.0,0.0,0.0,0,0.6236778466119789,0.14292097282364807,ED/LMT
2023-10-09,0.0,0.0,0.0,0,-0.08240799628115227,0.14289409290846233,ED/LMT
2023-10-10,0.0,0.0,0.0,0,0.05422186967215307,0.14284425062680253,ED/LMT
2023-10-11,0.0,0.0,0.0,0,0.07238292491075979,0.14281931209863663,ED/LMT
2023-10-12,0.0,0.0,0.0,0,-0.05248856488451368,0.14279064217838522,ED/LMT
2023-10-13,0.0,0.0,0.0,0,-0.11526774912865848,0.14275366754517227,ED/LMT
2023-10-16,0.0,0.0,0.0,0,0.013467128599922877,0.14276338215411588,ED/LMT
2023-10-17,0.0,0.0,0.0,0,0.0369872356866616,0.1427741224665459,ED/LMT
2023-10-18,0.0,0.0,0.0,0,-0.19786550181320994,0.14278251663163882,ED/LMT
2023-10-19,0.0,0.0,0.0,0,-0.3844585189187775,0.14284598088758102,ED/LMT
2023-10-20,0.0,0.0,0.0,0,-0.36284027814644065,0.14287262346076668,ED/LMT
2023-10-23,0.0,0.0,0.0,0,-0.4954810341156781,0.1428710715770187,ED/LMT
2023-10-24,0.0,0.0,0.0,0,-0.11842309831020045,0.142832373377745,ED/LMT
2023-10-25,0.0,0.0,0.0,0,-0.23213786394912486,0.14281109046355242,ED/LMT
2023-10-26,0.0,0.0,0.0,0,-0.014421835575737948,0.14279389256215902,ED/LMT
2023-10-27,0.0,0.0,0.0,0,-0.2688958541892569,0.14280943171834126,ED/LMT
2023-10-30,0.0,0.0,0.0,0,-0.3293705070929629,0.1428100079505769,ED/LMT
2023-10-31,0.0,0.0,0.0,0,-0.4994922055744011,0.14280622250726682,ED/LMT
2023-11-01,0.0,0.0,0.0,0,-0.2009566589597016,0.1427821275450592,ED/LMT
2023-11-02,0.0,0.0,0.0,0,-0.17063544566773206,0.14282039663932802,ED/LMT
2023-11-03,0.0,0.0,0.0,0,-0.06642061951252656,0.14286694957266666,ED/LMT
2023-11-06,0.0,0.0,0.0,0,0.07109509427425206,0.1429389954738028,ED/LMT
2023-11-07,0.0,0.0,0.0,0,-0.08897963798648223,0.14296721022133127,ED/LMT
2023-11-08,0.0,0.0,0.0,0,-0.0886672076529749,0.1430007470082777,ED/LMT
2023-11-09,0.0,0.0,0.0,0,0.06709357087725097,0.1430671251195496,ED/LMT
2023-11-10,0.0,0.0,0.0,0,0.02204006505454192,0.143162887902135,ED/LMT
2023-11-13,0.0,0.0,0.0,0,-0.15429967410937406,0.14323390833399025,ED/LMT
2023-11-14,0.0,0.0,0.0,0,0.3860325476368761,0.14328960519203068,ED/LMT
2023-11-15,0.0,0.0,0.0,0,0.36983109432434125,0.14341205572928079,ED/LMT
2023-11-16,0.0,0.0,0.0,0,0.4593235939358808,0.14355150732839528,ED/LMT
2023-11-17,0.0,0.0,0.0,0,0.5218696240769763,0.14367873579015017,ED/LMT
2023-11-20,0.0,0.0,0.0,0,0.4683585654783864,0.14381038479136982,ED/LMT
2023-11-21,0.0,0.0,0.0,0,0.2751765067305967,0.143957115282818,ED/LMT
2023-11-22,0.0,0.0,0.0,0,0.22076566896991795,0.14411943139101638,ED/LMT
2023-11-24,0.0,0.0,0.0,0,0.25491689217846175,0.14433786073771954,ED/LMT
2023-11-27,0.0,0.0,0.0,0,0.3705635325770999,0.14455570568215073,ED/LMT
2023-11-28,0.0,0.0,0.0,0,0.31908531300629606,0.14480584211369163,ED/LMT
2023-11-29,0.0,0.0,0.0,0,0.2496218719973545,0.14500229129220377,ED/LMT
2023-11-30,0.0,0.0,0.0,0,0.12241005274688432,0.1452274547671656,ED/LMT
2023-12-01,0.0,0.0,0.0,0,0.35643620035722123,0.14542555457664805,ED/LMT
2023-12-04,0.0,0.0,0.0,0,0.37528561836748164,0.14567985231788858,ED/LMT
2023-12-05,0.0,0.0,0.0,0,0.34807043291937395,0.1459587782033428,ED/LMT
2023-12-06,0.0,0.0,0.0,0,0.3433434111534227,0.14620776798287766,ED/LMT
2023-12-07,0.0,0.0,0.0,0,0.543043330746206,0.14644854977709268,ED/LMT
2023-12-08,0.0,0.0,0.0,0,0.3568657451032004,0.14673559748561713,ED/LMT
2023-12-11,0.0,0.0,0.0,0,0.32386410601930066,0.14707116450243882,ED/LMT
2023-12-12,0.0,0.0,0.0,0,0.28495588706564806,0.14744101036234422,ED/LMT
2023-12-13,0.0,0.0,0.0,0,0.6949665527003585,0.14775238072737784,ED/LMT
2023-12-14,0.0,0.0,0.0,0,0.4815812592896499,0.1480920786617202,ED/LMT
2023-12-15,0.0,0.0,0.0,0,0.20304768083356037,0.14838122946957671,ED/LMT
2023-12-18,0.0,0.0,0.0,0,0.0888939110051647,0.14862779617427174,ED/LMT
2023-12-19,0.0,0.0,0.0,0,0.11824261246560926,0.14886300561237278,ED/LMT
2023-12-20,0.0,0.0,0.0,0,0.08562258070625488,0.14905278640055658,ED/LMT
2023-12-21,0.0,0.0,0.0,0,-0.09006577929470991,0.14928248120601945,ED/LMT
2023-12-22,0.0,0.0,0.0,0,-0.012979428638937389,0.14949084989389805,ED/LMT
2023-12-26,0.0,0.0,0.0,0,0.037677035896875516,0.14966328126957676,ED/LMT
2023-12-27,0.0,0.0,0.0,0,-0.015478062145241299,0.14984483622555717,ED/LMT
2023-12-28,0.0,0.0,0.0,0,0.07378236035803527,0.1500036547143905,ED/LMT
2023-12-29,0.0,0.0,0.0,0,0.07424102422572483,0.1501688568636284,ED/LMT
2024-01-02,0.0,0.0,0.0,0,0.25253944569684605,0.15031916508191306,ED/LMT
2024-01-03,0.0,0.0,0.0,0,0.2741088446222707,0.15045489094206627,ED/LMT
2024-01-04,0.0,0.0,0.0,0,0.3514773681124738,0.15063592479565563,ED/LMT
2024-01-05,0.0,0.0,0.0,0,0.43536609826513917,0.1508605525009561,ED/LMT
2024-01-08,0.0,0.0,0.0,0,0.4265141462908753,0.15107795812270894,ED/LMT
2024-01-09,0.0,0.0,0.0,0,0.4684684995089751,0.1512636582124471,ED/LMT
2024-01-10,0.0,0.0,0.0,0,0.6024683992084235,0.15147607322740228,ED/LMT
2024-01-11,0.0,0.0,0.0,0,0.10866122153390957,0.1516898855320856,ED/LMT
2024-01-12,0.0,0.0,0.0,0,-0.1075502696768582,0.1518588177042166,ED/LMT
2024-01-16,0.0,0.0,0.0,0,0.030189180458188355,0.15195500599656417,ED/LMT
2024-01-17,0.0,0.0,0.0,0,-0.11501291056630174,0.15205567723377517,ED/LMT
2024-01-18,0.0,0.0,0.0,0,-0.4103963911899206,0.15212927980774268,ED/LMT
2024-01-19,0.0,0.0,0.0,0,-0.27646131645157856,0.15217806096261305,ED/LMT
2024-01-22,0.0,0.0,0.0,0,-0.42471497527487684,0.15228691939549466,ED/LMT
2024-01-23,0.0,0.0,0.0,0,0.09717514059819053,0.15235248627930928,ED/LMT
2024-01-24,0.0,0.0,0.0,0,0.1772728848833918,0.15245824438185274,ED/LMT
2024-01-25,0.0,0.0,0.0,0,0.4378521314938678,0.15256725867806267,ED/LMT
2024-01-26,0.0,0.0,0.0,0,0.5318778839931341,0.1526876939395976,ED/LMT
2024-01-29,0.0,0.0,0.0,0,0.6872725056426722,0.15283273401769015,ED/LMT
2024-01-30,0.0,0.0,0.0,0,0.5983903087510097,0.15300040259663195,ED/LMT
2024-01-31,0.0,0.0,0.0,0,0.7008367563101348,0.1531731591978643,ED/LMT
2024-02-01,0.0,0.0,0.0,0,1.0292450663542496,0.1533414588081758,ED/LMT
2024-02-02,0.0,0.0,0.0,0,0.8306849767062097,0.15351767789124576,ED/LMT
2024-02-05,0.0,0.0,0.0,0,0.6914044175160248,0.15369596397194368,ED/LMT
2024-02-06,0.0,0.0,0.0,0,0.5591794645086632,0.15384376908488687,ED/LMT
2024-02-07,0.0,0.0,0.0,0,0.4141052211771037,0.15400501615469436,ED/LMT
2024-02-08,0.0,0.0,0.0,0,0.3564592581076152,0.15415252218382242,ED/LMT
2024-02-09,0.0,0.0,0.0,0,0.44029782071295287,0.15432963440470043,ED/LMT
2024-02-12,0.0,0.0,0.0,0,0.46498024275782746,0.15454681769942893,ED/LMT
2024-02-13,0.0,0.0,0.0,0,0.1513697002084129,0.15476339925587212,ED/LMT
2024-02-14,0.0,0.0,0.0,0,0.4204718365036681,0.15495317350487173,ED/LMT
2024-02-15,0.0,0.0,0.0,0,0.5308839513494359,0.1551561401046185,ED/LMT
2024-02-16,0.0,0.0,0.0,0,0.33762521294898173,0.1553668929115314,ED/LMT
2024-02-20,0.0,0.0,0.0,0,0.3786801070418507,0.1555709530684906,ED/LMT
2024-02-21,0.0,0.0,0.0,0,0.47191340476521715,0.15581654762456876,ED/LMT
2024-02-22,0.0,0.0,0.0,0,0.30332329203899483,0.15606005598781378,ED/LMT
2024-02-23,0.0,0.0,0.0,0,0.24101710479417812,0.15631644540909526,ED/LMT
2024-02-26,0.0,0.0,0.0,0,-0.02028554822141405,0.15657279476215433,ED/LMT
2024-02-27,0.0,0.0,0.0,0,0.06543652733379215,0.15683461773162885,ED/LMT
2024-02-28,0.0,0.0,0.0,0,-0.03824582747193141,0.15709451336653882,ED/LMT
2024-02-29,0.0,0.0,0.0,0,0.09597775908294592,0.15737888996477306,ED/LMT
2024-03-01,0.0,0.0,0.0,0,0.11042494018224706,0.15767188127445403,ED/LMT
2024-03-04,0.0,0.0,0.0,0,0.33837949621996055,0.15799472342622475,ED/LMT
2024-03-05,0.0,0.0,0.0,0,0.30924350063664213,0.1583514729200765,ED/LMT
2024-03-06,0.0,0.0,0.0,0,0.42214558462755314,0.1586951578140923,ED/LMT
2024-03-07,0.0,0.0,0.0,0,0.5420608740911018,0.15903619277790704,ED/LMT
2024-03-08,0.0,0.0,0.0,0,0.48572600743626276,0.1593918559984316,ED/LMT
2024-03-11,0.0,0.0,0.0,0,0.5545091508704189,0.15974126212567438,ED/LMT
2024-03-12,0.0,0.0,0.0,0,0.38461606904500123,0.16014760352946844,ED/LMT
2024-03-13,0.0,0.0,0.0,0,0.32432115228165714,0.16054699466938285,ED/LMT
2024-03-14,0.0,0.0,0.0,0,0.11700562128766516,0.1609534756486435,ED/LMT
2024-03-15,0.0,0.0,0.0,0,0.16375322389537625,0.16133973845349972,ED/LMT
2024-03-18,0.0,0.0,0.0,0,0.2521643680052513,0.16169828468669697,ED/LMT
2024-03-19,0.0,0.0,0.0,0,0.26182069479468884,0.1620481469294824,ED/LMT
2024-03-20,0.0,0.0,0.0,0,0.03246993368554347,0.16236294082347102,ED/LMT
2024-03-21,0.0,0.0,0.0,0,-0.1299322081930089,0.16267897866033182,ED/LMT
2024-03-22,0.0,0.0,0.0,0,-0.22783972778838857,0.16301471252535218,ED/LMT
2024-03-25,0.0,0.0,0.0,0,-0.26304283623089086,0.16331466738090833,ED/LMT
2024-03-26,0.0,0.0,0.0,0,-0.45537549184308923,0.16361398493564377,ED/LMT
2024-03-27,0.0,0.0,0.0,0,-0.3048942469805867,0.16385100306780045,ED/LMT
2024-03-28,0.0,0.0,0.0,0,-0.10188484134446865,0.16412925904726322,ED/LMT
2024-04-01,0.0,0.0,0.0,0,-0.13039918600383762,0.16445051680095063,ED/LMT
2024-04-02,0.0,0.0,0.0,0,-0.09597522562796339,0.1647417411559705,ED/LMT
2024-04-03,0.0,0.0,0.0,0,-0.06265809333059343,0.16501321018754944,ED/LMT
2024-04-04,0.0,0.0,0.0,0,-0.2059471482788461,0.16529870725168794,ED/LMT
2024-04-05,0.0,0.0,0.0,0,-0.35546740636169927,0.16553742446437875,ED/LMT
2024-04-08,0.0,0.0,0.0,0,-0.07730831698520554,0.16576493535983572,ED/LMT
2024-04-09,0.0,0.0,0.0,0,0.17942670507840647,0.1659944715338258,ED/LMT
2024-04-10,0.0,0.0,0.0,0,-0.39005311864441283,0.16625106824210503,ED/LMT
2024-04-11,0.0,0.0,0.0,0,-0.47610172624807473,0.16635798540958302,ED/LMT
2024-04-12,0.0,0.0,0.0,0,-0.39834286097807564,0.1664741691648808,ED/LMT
2024-04-15,0.0,0.0,0.0,0,-0.35365293599695063,0.16661122661971806,ED/LMT
2024-04-16,0.0,0.0,0.0,0,-0.7626658624312118,0.1667647185405192,ED/LMT
2024-04-17,0.0,0.0,0.0,0,-0.2568371717568424,0.16686316169775406,ED/LMT
2024-04-18,0.0,0.0,0.0,0,-0.14899524986189092,0.16702432952160826,ED/LMT
2024-04-19,0.0,0.0,0.0,0,-0.23844307868507428,0.16718765866078383,ED/LMT
2024-04-22,0.0,0.0,0.0,0,0.03047346832178029,0.16733430679501907,ED/LMT
2024-04-23,0.0,0.0,0.0,0,0.09138858050774286,0.16752307129101005,ED/LMT
2024-04-24,0.0,0.0,0.0,0,0.23553172516093632,0.16769884850804284,ED/LMT
2024-04-25,0.0,0.0,0.0,0,0.17804719489911172,0.16791316662087757,ED/LMT
2024-04-26,0.0,0.0,0.0,0,0.06271257613248568,0.16808012114609844,ED/LMT
2024-04-29,0.0,0.0,0.0,0,0.05516942843406489,0.1682096857630578,ED/LMT
2024-04-30,0.0,0.0,0.0,0,0.22488461765219417,0.16835417366674693,ED/LMT
2024-05-01,0.0,0.0,0.0,0,0.40766583087058494,0.16856413415072752,ED/LMT
2024-05-02,0.0,0.0,0.0,0,0.44375307443322437,0.16878269446335822,ED/LMT
2024-05-03,0.0,0.0,0.0,0,0.5449117744831552,0.16903025063645843,ED/LMT
2024-05-06,0.0,0.0,0.0,0,0.6243227878526169,0.1692776224133172,ED/LMT
2024-05-07,0.0,0.0,0.0,0,0.7576552662660353,0.16955432581917618,ED/LMT
2024-05-08,0.0,0.0,0.0,0,0.7855518014244119,0.1698305126316155,ED/LMT
2024-05-09,0.0,0.0,0.0,0,0.8142799210826873,0.1700939286793368,ED/LMT
2024-05-10,0.0,0.0,0.0,0,0.7114741470757144,0.1703935330773033,ED/LMT
2024-05-13,0.0,0.0,0.0,0,0.6387324418150766,0.17070511626600435,ED/LMT
2024-05-14,0.0,0.0,0.0,0,0.7171582033391775,0.1710129775081888,ED/LMT
2024-05-15,0.0,0.0,0.0,0,0.8737364195108854,0.17130603291025048,ED/LMT
2024-05-16,0.0,0.0,0.0,0,0.8443507778080483,0.17158450819701473,ED/LMT
2024-05-17,0.0,0.0,0.0,0,0.8314291463300254,0.17184045650726262,ED/LMT
2024-05-20,0.0,0.0,0.0,0,0.6800463529148074,0.17212359115180276,ED/LMT
2024-05-21,0.0,0.0,0.0,0,0.6005129986860104,0.1723778628935643,ED/LMT
2024-05-22,0.0,0.0,0.0,0,0.5073003390929426,0.17260258384779453,ED/LMT
2024-05-23,0.0,0.0,0.0,0,0.1454559762545903,0.17283062875658678,ED/LMT
2024-05-24,0.0,0.0,0.0,0,0.24609660897071087,0.17301863551295707,ED/LMT
2024-05-28,0.0,0.0,0.0,0,0.3105141331100352,0.17318641645896693,ED/LMT
2024-05-29,0.0,0.0,0.0,0,0.25057849134619375,0.17335802086103122,ED/LMT
2024-05-30,0.0,0.0,0.0,0,0.06886145910087049,0.17355092350835613,ED/LMT
2024-05-31,0.0,0.0,0.0,0,0.15769831788997754,0.17373803221014672,ED/LMT
2024-06-03,0.0,0.0,0.0,0,-0.03332983037492706,0.17391972216366228,ED/LMT
2024-06-04,0.0,0.0,0.0,0,-0.07278645923975327,0.17408658194229462,ED/LMT
2024-06-05,0.0,0.0,0.0,0,-0.1693014701478419,0.1742496749069614,ED/LMT
2024-06-06,0.0,0.0,0.0,0,-0.4341375098256296,0.17437708652939035,ED/LMT
2024-06-07,0.0,0.0,0.0,0,-0.545026625995329,0.17447459430842044,ED/LMT
2024-06-10,0.0,0.0,0.0,0,-0.3061994864938735,0.17452559402876527,ED/LMT
2024-06-11,0.0,0.0,0.0,0,-0.2549573630468133,0.17462784327339517,ED/LMT
2024-06-12,0.0,0.0,0.0,0,-0.24649529149127045,0.17474208806340902,ED/LMT
2024-06-13,0.0,0.0,0.0,0,-0.33436089605116526,0.17484560827085102,ED/LMT
2024-06-14,0.0,0.0,0.0,0,-0.27400509041793136,0.1749204392347507,ED/LMT
2024-06-17,0.0,0.0,0.0,0,-0.3429053534366598,0.1750031395130201,ED/LMT
2024-06-18,0.0,0.0,0.0,0,-0.4311742498076827,0.1750662810173922,ED/LMT
2024-06-20,0.0,0.0,0.0,0,-0.6312127298247654,0.17512379189261532,ED/LMT
2024-06-21,0.0,0.0,0.0,0,-0.7143369921853545,0.17514544395574075,ED/LMT
2024-06-24,0.0,0.0,0.0,0,-0.6658570795894161,0.17515668438425808,ED/LMT
2024-06-25,0.0,0.0,0.0,0,-0.9218146143159676,0.17516668015090367,ED/LMT
2024-06-26,0.0,0.0,0.0,0,-0.8243370421488962,0.17515400610603807,ED/LMT
2024-06-27,0.0,0.0,0.0,0,-0.8259378552238194,0.17515029558173828,ED/LMT
2024-06-28,0.0,0.0,0.0,0,-0.8763786693915975,0.17515819680392483,ED/LMT
2024-07-01,0.0,0.0,0.0,0,-0.9750052961070419,0.17516237775071697,ED/LMT
2024-07-02,0.0,0.0,0.0,0,-0.9139787071026523,0.175148026710339,ED/LMT
2024-07-03,0.0,0.0,0.0,0,-0.9771585398577861,0.17514331026341984,ED/LMT
2024-07-05,0.0,0.0,0.0,0,-0.7217430220481232,0.17513070467398031,ED/LMT
2024-07-08,0.0,0.0,0.0,0,-0.8794556216660664,0.17517661557289493,ED/LMT
2024-07-09,0.0,0.0,0.0,0,-0.7386426378099252,0.17522948373812647,ED/LMT
2024-07-10,0.0,0.0,0.0,0,-0.5563586230496456,0.17527788538077596,ED/LMT
2024-07-11,0.0,0.0,0.0,0,-0.2096811118237518,0.17533538250950945,ED/LMT
2024-07-12,0.0,0.0,0.0,0,-0.18307463279195701,0.17542384052054782,ED/LMT
2024-07-15,0.0,0.0,0.0,0,-0.5816528242892188,0.17547105391213974,ED/LMT
2024-07-16,0.0,0.0,0.0,0,-0.48852889776207026,0.17546491305641082,ED/LMT
2024-07-17,0.0,0.0,0.0,0,-0.30962123159156935,0.1754722679868874,ED/LMT
2024-07-18,0.0,0.0,0.0,0,-0.23546841809030092,0.17550080429497025,ED/LMT
2024-07-19,0.0,0.0,0.0,0,-0.21036401676967442,0.17553386901044174,ED/LMT
2024-07-22,0.0,0.0,0.0,0,-0.07613676661747519,0.1755779584803912,ED/LMT
2024-07-23,0.0,0.0,0.0,0,-1.3321967328763118,0.1756495614670429,ED/LMT
2024-07-24,0.0,0.0,0.0,0,-1.2968334105295878,0.17553229168742218,ED/LMT
2024-07-25,0.0,0.0,0.0,0,-1.5082154898617082,0.17540153938305353,ED/LMT
2024-07-26,0.0,0.0,0.0,0,-1.5173412845848715,0.17520786865096674,ED/LMT
2024-07-29,0.0,0.0,0.0,0,-1.5239070372963637,0.17500374162223092,ED/LMT
2024-07-30,0.0,0.0,0.0,0,-1.613895916902931,0.17477370806459383,ED/LMT
2024-07-31,0.0,0.0,0.0,0,-1.8858778639096907,0.17450479599349572,ED/LMT
2024-08-01,0.0,0.0,0.0,0,-1.5742335155568241,0.17417623895044118,ED/LMT
2024-08-02,0.0,0.0,0.0,0,-1.2299535974351448,0.17389796250707373,ED/LMT
2024-08-05,0.0,0.0,0.0,0,-1.3293760832565171,0.1737102560738896,ED/LMT
2024-08-06,0.0,0.0,0.0,0,-1.1453405936342713,0.17350699616235782,ED/LMT
2024-08-07,0.0,0.0,0.0,0,-1.325440349998169,0.17333921110954562,ED/LMT
2024-08-08,0.0,0.0,0.0,0,-1.5666864054110166,0.17312646932219955,ED/LMT
2024-08-09,0.0,0.0,0.0,0,-1.4476642531372945,0.17285245916275502,ED/LMT
2024-08-12,0.0,0.0,0.0,0,-1.4397475183871447,0.17260695997489373,ED/LMT
2024-08-13,0.0,0.0,0.0,0,-1.5856860745093757,0.17234720835831868,ED/LMT
2024-08-14,0.0,0.0,0.0,0,-1.6885071954118072,0.1720645875871668,ED/LMT
2024-08-15,0.0,0.0,0.0,0,-1.9023073887927562,0.17175460501917555,ED/LMT
2024-08-16,0.0,0.0,0.0,0,-1.7033236692591505,0.1714120096970198,ED/LMT
2024-08-19,0.0,0.0,0.0,0,-1.5651177756153272,0.17110766322446452,ED/LMT
2024-08-20,0.0,0.0,0.0,0,-1.552939127982022,0.17083189129863185,ED/LMT
2024-08-21,0.0,0.0,0.0,0,-1.3767476693216678,0.17056574734720084,ED/LMT
2024-08-22,0.0,0.0,0.0,0,-1.4305006738348756,0.1703577291539791,ED/LMT
2024-08-23,0.0,0.0,0.0,0,-1.3639201632441897,0.17012526489205496,ED/LMT
2024-08-26,0.0,0.0,0.0,0,-1.40113229952364,0.16992209131944497,ED/LMT
2024-08-27,0.0,0.0,0.0,0,-1.7365909559770227,0.1697068387962485,ED/LMT
2024-08-28,0.0,0.0,0.0,0,-1.6850751346575215,0.16943421483421187,ED/LMT
2024-08-29,0.0,0.0,0.0,0,-1.6856544901127355,0.16915262002609704,ED/LMT
2024-08-30,0.0,0.0,0.0,0,-1.5636123563254578,0.1688730216913171,ED/LMT
2024-09-03,0.0,0.0,0.0,0,-1.2819260782108444,0.16860664258784994,ED/LMT
2024-09-04,0.0,0.0,0.0,0,-1.306465191847616,0.16839694556841472,ED/LMT
2024-09-05,0.0,0.0,0.0,0,-1.2051500444700494,0.16815545847680044,ED/LMT
2024-09-06,0.0,0.0,0.0,0,-1.2311586181611567,0.16795077334962685,ED/LMT
2024-09-09,0.0,0.0,0.0,0,-1.2659112845176979,0.16774284001756873,ED/LMT
2024-09-10,0.0,0.0,0.0,0,-1.0611734541037947,0.16752741920950215,ED/LMT
2024-09-11,0.0,0.0,0.0,0,-1.1068924229582475,0.16737915883603646,ED/LMT
2024-09-12,0.0,0.0,0.0,0,-1.231415520204599,0.16723429812943902,ED/LMT
2024-09-13,0.0,0.0,0.0,0,-1.0435783099567435,0.1670715220883243,ED/LMT
2024-09-16,0.0,0.0,0.0,0,-1.0814693684384546,0.16694145693617354,ED/LMT
2024-09-17,0.0,0.0,0.0,0,-0.9353796184514792,0.16680051329912488,ED/LMT
2024-09-18,0.0,0.0,0.0,0,-1.1071209621009095,0.16670999785715018,ED/LMT
2024-09-19,0.0,0.0,0.0,0,-1.3511009255845436,0.16658251179178427,ED/LMT
2024-09-20,0.0,0.0,0.0,0,-1.324785526394393,0.16642656495913632,ED/LMT
2024-09-23,0.0,0.0,0.0,0,-1.47449980398672,0.16627323041024292,ED/LMT
2024-09-24,0.0,0.0,0.0,0,-1.6433843142489333,0.16607793177920152,ED/LMT
2024-09-25,0.0,0.0,0.0,0,-1.5396966911366257,0.1658502227938019,ED/LMT
2024-09-26,0.0,0.0,0.0,0,-1.5192593406620085,0.16564666217963223,ED/LMT
2024-09-27,0.0,0.0,0.0,0,-1.489322505801672,0.1654467953821427,ED/LMT
2024-09-30,0.0,0.0,0.0,0,-1.5373584640495472,0.16524306417709736,ED/LMT
2024-10-01,0.0,0.0,0.0,0,-2.040424995338278,0.1650196356918289,ED/LMT
2024-10-02,0.0,0.0,0.0,0,-2.0721917582786173,0.16466748245472057,ED/LMT
2024-10-03,0.0,0.0,0.0,0,-2.226501446802182,0.16430501554996155,ED/LMT
2024-10-04,0.0,0.0,0.0,0,-2.3552971781984144,0.16390325610093504,ED/LMT
2024-10-07,0.0,0.0,0.0,0,-2.748437812990038,0.16348041464361412,ED/LMT
2024-10-08,0.0,0.0,0.0,0,-2.6065766587002575,0.16299950766047774,ED/LMT
2024-10-09,0.0,0.0,0.0,0,-2.4301786652071447,0.16256030875127084,ED/LMT
2024-10-10,0.0,0.0,0.0,0,-2.314640775119504,0.16217462687853176,ED/LMT
2024-10-11,0.0,0.0,0.0,0,-2.366686076179765,0.1618389573488415,ED/LMT
2024-10-14,0.0,0.0,0.0,0,-2.421656406464963,0.16148777363371578,ED/LMT
2024-10-15,0.0,0.0,0.0,0,-1.7267314099812057,0.16111460711251277,ED/LMT
2024-10-16,0.0,0.0,0.0,0,-1.8322009238664012,0.16089671525658555,ED/LMT
2024-10-17,0.0,0.0,0.0,0,-1.8079467190111997,0.16062112894231775,ED/LMT
2024-10-18,0.0,0.0,0.0,0,-1.6448740061580571,0.16036382889556997,ED/LMT
2024-10-21,0.0,0.0,0.0,0,-1.821619430857727,0.1601184841416345,ED/LMT
2024-10-22,0.0,0.0,0.0,0,-0.701364522378778,0.1598473189839122,ED/LMT
2024-10-23,0.0,0.0,0.0,0,-0.1690487239590539,0.15980394312847715,ED/LMT
2024-10-24,0.0,0.0,0.0,0,-0.02656414126014633,0.1598487063546982,ED/LMT
2024-10-25,0.0,0.0,0.0,0,-0.4449393162949271,0.15990225249999496,ED/LMT
2024-10-28,0.0,0.0,0.0,0,-0.1707939327424169,0.15988308461346573,ED/LMT
2024-10-29,0.0,0.0,0.0,0,-0.2791407025603746,0.1598946792295527,ED/LMT
2024-10-30,0.0,0.0,0.0,0,-0.2885033863804028,0.1598933569821821,ED/LMT
2024-10-31,0.0,0.0,0.0,0,-0.49914138275785125,0.15988844019271276,ED/LMT
2024-11-01,0.0,0.0,0.0,0,-0.8102164414002948,0.15984424675395845,ED/LMT
2024-11-04,0.0,0.0,0.0,0,-0.9037311737738448,0.15976704941015035,ED/LMT
2024-11-05,0.0,0.0,0.0,0,-0.883818211092316,0.1596736865480516,ED/LMT
2024-11-06,0.0,0.0,0.0,0,-1.2153283602386942,0.15957881729013385,ED/LMT
2024-11-07,0.0,0.0,0.0,0,-1.4851022875420594,0.15943597216395544,ED/LMT
2024-11-08,0.0,0.0,0.0,0,-1.7767309023133175,0.15925669419758665,ED/LMT
2024-11-11,0.0,0.0,0.0,0,-1.8885221763289706,0.15902113865915526,ED/LMT
2024-11-12,0.0,0.0,0.0,0,-2.013640883074618,0.15876130747079126,ED/LMT
2024-11-13,0.0,0.0,0.0,0,-1.8969004012589834,0.15848643437161206,ED/LMT
2024-11-14,0.0,0.0,0.0,0,-1.3222196977109693,0.15824204963764654,ED/LMT
2024-11-15,0.0,0.0,0.0,0,-0.943746906296147,0.15809570796790628,ED/LMT
2024-11-18,0.0,0.0,0.0,0,-0.814932415408672,0.15799763626055763,ED/LMT
2024-11-19,0.0,0.0,0.0,0,-0.7807987068878649,0.15791964338906844,ED/LMT
2024-11-20,0.0,0.0,0.0,0,-0.6425163622750273,0.15784501418159358,ED/LMT
2024-11-21,0.0,0.0,0.0,0,-0.7070587637385197,0.15779506385587572,ED/LMT
2024-11-22,0.0,0.0,0.0,0,-0.7788325432881812,0.15773281202672018,ED/LMT
2024-11-25,0.0,0.0,0.0,0,0.08956449193055434,0.15765922934429816,ED/LMT
2024-11-26,0.0,0.0,0.0,0,0.5485326556467561,0.15768676594128084,ED/LMT
2024-11-27,0.0,0.0,0.0,0,0.3863413885166687,0.15776472638355563,ED/LMT
2024-11-29,0.0,0.0,0.0,0,0.0710649437441729,0.15782766417790609,ED/LMT
2024-12-02,0.0,0.0,0.0,0,-0.16294457239437207,0.15786123670216864,ED/LMT
2024-12-03,0.0,0.0,0.0,0,-0.24994686826824278,0.15787395615844696,ED/LMT
2024-12-04,0.0,0.0,0.0,0,-0.4471802771116115,0.1578768283448146,ED/LMT
2024-12-05,0.0,0.0,0.0,0,-0.46938117882597097,0.15786434634631633,ED/LMT
2024-12-06,0.0,0.0,0.0,0,-0.6619664255377358,0.15785056349256715,ED/LMT
2024-12-09,0.0,0.0,0.0,0,-0.5721112140225014,0.1578368562348416,ED/LMT
2024-12-10,0.0,0.0,0.0,0,-0.682459948064279,0.15783384288992455,ED/LMT
2024-12-11,0.0,0.0,0.0,0,-0.7912074444239527,0.1578200053927669,ED/LMT
2024-12-12,0.0,0.0,0.0,0,-0.5727323925184844,0.1577847737817615,ED/LMT
2024-12-13,0.0,0.0,0.0,0,-0.49390745329258895,0.15777455004981525,ED/LMT
2024-12-16,0.0,0.0,0.0,0,-0.6831650589887642,0.15776764946165195,ED/LMT
2024-12-17,0.0,0.0,0.0,0,-0.73250257603938,0.1577475857933143,ED/LMT
2024-12-18,0.0,0.0,0.0,0,-0.8803073331608111,0.15772945358489435,ED/LMT
2024-12-19,0.0,0.0,0.0,0,-0.7339186909899147,0.15771283312141793,ED/LMT
2024-12-20,0.0,0.0,0.0,0,-0.8389105660989886,0.1576801678715282,ED/LMT
2024-12-23,0.0,0.0,0.0,0,-0.8282279618920061,0.1576174811482387,ED/LMT
2024-12-24,0.0,0.0,0.0,0,-0.8965498620313134,0.15755644997393076,ED/LMT
2024-12-26,0.0,0.0,0.0,0,-0.9513466715609913,0.15748522953635288,ED/LMT
2024-12-27,0.0,0.0,0.0,0,-0.9228947183266613,0.1574075909735795,ED/LMT
2024-12-30,0.0,0.0,0.0,0,-0.8226860743733485,0.15733002881149932,ED/LMT
2024-12-31,0.0,0.0,0.0,0,-0.8885850909838671,0.15726715611736916,ED/LMT
2025-01-02,0.0,0.0,0.0,0,-0.8094671210333416,0.15719647213357624,ED/LMT
2025-01-03,0.0,0.0,0.0,0,-0.75224440160185,0.15713533838653165,ED/LMT
2025-01-06,0.0,0.0,0.0,0,-0.4228187232323258,0.1570807595151796,ED/LMT
2025-01-07,0.0,0.0,0.0,0,-0.4314792499188036,0.1570520032656989,ED/LMT
2025-01-08,0.0,0.0,0.0,0,-0.3842886285740999,0.15702735114881594,ED/LMT
2025-01-10,0.0,0.0,0.0,0,-0.5299120147511839,0.15700550318689746,ED/LMT
2025-01-13,0.0,0.0,0.0,0,-0.9437025165761886,0.1569782160270068,ED/LMT
2025-01-14,0.0,0.0,0.0,0,-0.8031116039977169,0.15691948119560767,ED/LMT
2025-01-15,0.0,0.0,0.0,0,-0.6142464953063321,0.156869464226322,ED/LMT
2025-01-16,0.0,0.0,0.0,0,-0.3075075212652513,0.15683212489274675,ED/LMT
2025-01-17,0.0,0.0,0.0,0,-0.13106096603871406,0.1568139464512647,ED/LMT
2025-01-21,0.0,0.0,0.0,0,-0.723246826308177,0.1568104429664021,ED/LMT
2025-01-22,0.0,0.0,0.0,0,-0.9878219947462058,0.156754561473505,ED/LMT
2025-01-23,0.0,0.0,0.0,0,-0.9219291080213733,0.15668578720740595,ED/LMT
2025-01-24,0.0,0.0,0.0,0,-0.941189555838658,0.15662741922234635,ED/LMT
2025-01-27,0.0,0.0,0.0,0,-0.2964631662031331,0.15655781816499634,ED/LMT
2025-01-28,0.0,0.0,0.0,0,0.8635038150473971,0.15653605917342786,ED/LMT
2025-01-29,0.0,0.0,0.0,0,0.796313963272919,0.15657597630336034,ED/LMT
2025-01-30,0.0,0.0,0.0,0,0.8850707055047761,0.1566093198668985,ED/LMT
2025-01-31,0.0,0.0,0.0,0,0.7556706089381723,0.1566505326848515,ED/LMT
2025-02-03,0.0,0.0,0.0,0,1.365812444879184,0.15668778129017435,ED/LMT
2025-02-04,0.0,0.0,0.0,0,1.2767635228215042,0.1567474864406067,ED/LMT
2025-02-05,0.0,0.0,0.0,0,1.6488205176740507,0.1568044609777415,ED/LMT
2025-02-06,0.0,0.0,0.0,0,1.5349626547428918,0.15687186935781994,ED/LMT
2025-02-07,0.0,0.0,0.0,0,1.7929699942024628,0.15693666344177168,ED/LMT
2025-02-10,0.0,0.0,0.0,0,1.7913993196900986,0.15700484304572968,ED/LMT
2025-02-11,0.0,0.0,0.0,0,1.6748663142615017,0.15708848051357566,ED/LMT
2025-02-12,0.0,0.0,0.0,0,1.5592565136872134,0.1571517940260796,ED/LMT
2025-02-13,0.0,0.0,0.0,0,1.9987901622349773,0.15720166303787167,ED/LMT
2025-02-14,0.0,0.0,0.0,0,2.2095776062787698,0.15727059890617343,ED/LMT
2025-02-18,0.0,0.0,0.0,0,2.201373021956017,0.15732041963627685,ED/LMT
2025-02-19,0.0,0.0,0.0,0,2.1266186952338555,0.1573672132890115,ED/LMT
2025-02-20,0.0,0.0,0.0,0,2.115386661601313,0.15739649333887723,ED/LMT
2025-02-21,0.0,0.0,0.0,0,2.4651522131067845,0.15746719569843298,ED/LMT
2025-02-24,0.0,0.0,0.0,0,2.750385965750339,0.15755680043140713,ED/LMT
2025-02-25,0.0,0.0,0.0,0,2.738592158479923,0.15765114304956368,ED/LMT
2025-02-26,0.0,0.0,0.0,0,2.7456673727335623,0.157786537780663,ED/LMT
2025-02-27,0.0,0.0,0.0,0,2.5743076168595835,0.15791382865954193,ED/LMT
2025-02-28,0.0,0.0,0.0,0,2.758878021961766,0.15813337493018523,ED/LMT
2025-03-03,0.0,0.0,0.0,0,3.0844996211417786,0.1583318421539048,ED/LMT
2025-03-04,0.0,12.5,-12.5,-1,2.8050738748329933,0.15855253762707283,ED/LMT
2025-03-05,546.9298702596232,0.0,546.9298702596232,-1,2.059168257714685,0.15887834115241917,ED/LMT
2025-03-06,-77.2467218629375,0.0,-77.2467218629375,-1,2.1600277880345025,0.15919036281205134,ED/LMT
2025-03-07,-113.20652531187437,0.0,-113.20652531187437,-1,2.304463071100379,0.15954421316371414,ED/LMT
2025-03-10,-307.27896834523136,0.0,-307.27896834523136,-1,2.717355923394358,0.16003453150974895,ED/LMT
2025-03-11,178.95987086629736,0.0,178.95987086629736,-1,2.4737897083844382,0.16046678994092195,ED/LMT
2025-03-12,-7.17007290213553,0.0,-7.17007290213553,-1,2.478038799487157,0.1607528698901589,ED/LMT
2025-03-13,-129.66954432383875,0.0,-129.66954432383875,-1,2.639670196405334,0.1609779701584852,ED/LMT
2025-03-14,-304.960669668201,0.0,-304.960669668201,-1,3.038268671191682,0.16113289351492846,ED/LMT
2025-03-17,-140.85228468287193,0.0,-140.85228468287193,-1,3.209874115287538,0.16136894419019293,ED/LMT
2025-03-18,11.06984670759551,0.0,11.06984670759551,-1,3.1762415856255677,0.1615273930492536,ED/LMT
2025-03-19,75.19059119064926,0.0,75.19059119064926,-1,3.0581790524733505,0.16169113770896373,ED/LMT
2025-03-20,-229.88569913815144,0.0,-229.88569913815144,-1,3.348173396225241,0.16188185490820328,ED/LMT
2025-03-21,-523.707447950613,0.0,-523.707447950613,-1,4.036783874718914,0.1621157154830105,ED/LMT
2025-03-24,30.963367311628772,12.677346157962045,18.286021153666727,0,3.969856335008664,0.16228407875751655,ED/LMT
2025-03-25,0.0,12.5,-12.5,-1,3.485303951909758,0.16243010727262314,ED/LMT
2025-03-26,-196.921172098098,0.0,-196.921172098098,-1,3.725120925749471,0.16256353775718585,ED/LMT
2025-03-27,-126.91178308351853,0.0,-126.91178308351853,-1,3.867668526302357,0.16271090255487133,ED/LMT
2025-03-28,-141.78571916098176,0.0,-141.78571916098176,-1,4.026116753237328,0.16285550211252586,ED/LMT
2025-03-31,-135.48628846815694,12.907348472065575,-148.3936369402225,0,4.171460285583333,0.1630174190900741,ED/LMT
2025-04-01,0.0,12.5,-12.5,-1,3.9850449352265898,0.16323781338525958,ED/LMT
2025-04-02,159.89946829564997,0.0,159.89946829564997,-1,3.7448061596800617,0.16347997603925518,ED/LMT
2025-04-03,-384.1028287909618,0.0,-384.1028287909618,-1,4.2261305115802195,0.16369652311645896,ED/LMT
2025-04-04,-44.18576910111432,12.265212425487057,-56.450981526601375,0,4.254405472770219,0.16396556081115518,ED/LMT
2025-04-07,0.0,12.5,-12.5,-1,3.5671399472126013,0.1641379505001223,ED/LMT
2025-04-08,201.74634072251177,0.0,201.74634072251177,-1,3.2956014174161314,0.1642933016428381,ED/LMT
2025-04-09,481.7933227185986,0.0,481.7933227185986,-1,2.679937004741037,0.16444251050043732,ED/LMT
2025-04-10,-323.6984584735025,0.0,-323.6984584735025,-1,3.0682958749168376,0.16461433129774328,ED/LMT
2025-04-11,44.46111650131567,0.0,44.46111650131567,-1,2.9961591377867176,0.16481235836411806,ED/LMT
2025-04-14,-330.61257517354363,0.0,-330.61257517354363,-1,3.385778517054889,0.16503140166914865,ED/LMT
2025-04-15,-72.66116693321709,0.0,-72.66116693321709,-1,3.4546940486775437,0.1652625766330023,ED/LMT
2025-04-16,227.99382343261567,0.0,227.99382343261567,-1,3.1540828303735187,0.1654801712787802,ED/LMT
2025-04-17,-397.8323932963399,0.0,-397.8323932963399,-1,3.621483255558285,0.16570765338787083,ED/LMT
2025-04-21,26.596227450109808,0.0,26.596227450109808,-1,3.567426507935438,0.165917480218879,ED/LMT
2025-04-22,-243.18942761814048,0.0,-243.18942761814048,-1,3.8348205219428526,0.1660838602939066,ED/LMT
2025-04-23,144.77030677485095,0.0,144.77030677485095,-1,3.6350221600556845,0.16625624881667928,ED/LMT
2025-04-24,250.34587488134946,0.0,250.34587488134946,-1,3.3138256676855384,0.1664138795430032,ED/LMT
2025-04-25,372.47167217881554,0.0,372.47167217881554,-1,2.8509818441788135,0.16656499041102274,ED/LMT
2025-04-28,-127.81076217905155,0.0,-127.81076217905155,-1,2.9890043121301697,0.16671376507176838,ED/LMT
2025-04-29,-151.0628206417237,0.0,-151.0628206417237,-1,3.1524505831456677,0.16684766915628763,ED/LMT
2025-04-30,-43.90714620042242,0.0,-43.90714620042242,-1,3.1868601842658952,0.16699071564298573,ED/LMT
2025-05-01,26.173999837301206,0.0,26.173999837301206,-1,3.1398943399884094,0.16714202820273052,ED/LMT
2025-05-02,242.6638252005153,0.0,242.6638252005153,-1,2.8454488762704995,0.16727545812652375,ED/LMT
2025-05-05,43.102815114108004,0.0,43.102815114108004,-1,2.7843894330516354,0.1673739946692668,ED/LMT
2025-05-06,-212.8465184109055,0.0,-212.8465184109055,-1,3.020782572943079,0.167470233096996,ED/LMT
2025-05-07,-7.793237336330051,0.0,-7.793237336330051,-1,3.013531711942564,0.16758517192974667,ED/LMT
2025-05-08,540.5854155560542,0.0,540.5854155560542,-1,2.377253299332948,0.16768730380787036,ED/LMT
2025-05-09,-13.755436254874958,0.0,-13.755436254874958,-1,2.3858278848396344,0.16776828940724384,ED/LMT
2025-05-12,577.2145411027731,0.0,577.2145411027731,-1,1.7182570496479515,0.16782770219339305,ED/LMT
2025-05-13,106.52384532379915,0.0,106.52384532379915,-1,1.6012780733655354,0.167845953189519,ED/LMT
2025-05-14,-183.80334972155902,0.0,-183.80334972155902,-1,1.8155504555044757,0.16781747784563983,ED/LMT
2025-05-15,-17.110341788551523,0.0,-17.110341788551523,-1,1.8218214687208967,0.1677834473698372,ED/LMT
2025-05-16,-250.7990833593315,0.0,-250.7990833593315,-1,2.102467999946597,0.16778820601981834,ED/LMT
2025-05-19,-44.49251561392899,0.0,-44.49251561392899,-1,2.1461642251224604,0.16781083911778255,ED/LMT
2025-05-20,17.562373599052435,0.0,17.562373599052435,-1,2.119222176773941,0.16786200459541412,ED/LMT
2025-05-21,-59.84587751624238,0.0,-59.84587751624238,-1,2.1849578309769626,0.1679346152466638,ED/LMT
2025-05-22,260.7808083747835,0.0,260.7808083747835,-1,1.8819251195804279,0.1679989909559323,ED/LMT
2025-05-23,-133.78366537947747,0.0,-133.78366537947747,-1,2.0306899692450844,0.16804048878858907,ED/LMT
2025-05-27,205.20882791569437,0.0,205.20882791569437,-1,1.7873426477929124,0.16809312491383968,ED/LMT
2025-05-28,104.45962028081516,0.0,104.45962028081516,-1,1.6697210250308077,0.16813831381900537,ED/LMT
2025-05-29,-94.29548624392935,0.0,-94.29548624392935,-1,1.771421676885509,0.1681682792668416,ED/LMT
2025-05-30,45.16721566485714,0.0,45.16721566485714,-1,1.7102446839783776,0.16822730469035715,ED/LMT
2025-06-02,83.74692067107358,0.0,83.74692067107358,-1,1.6115739902623474,0.1682892424635935,ED/LMT
2025-06-03,120.28900051478878,0.0,120.28900051478878,-1,1.470569814571858,0.16834385259747683,ED/LMT
2025-06-04,195.05226858706385,0.0,195.05226858706385,-1,1.2448390658620252,0.1683765058156723,ED/LMT
2025-06-05,-107.13226269634296,0.0,-107.13226269634296,-1,1.3670047813703146,0.16840175853450354,ED/LMT
2025-06-06,180.4678764052822,0.0,180.4678764052822,-1,1.156841826581375,0.1684416844292746,ED/LMT
2025-06-09,51.05417016517205,0.0,51.05417016517205,-1,1.0973882603056009,0.16846742148764857,ED/LMT
2025-06-10,-276.7163087425486,0.0,-276.7163087425486,-1,1.412066083844048,0.16847685669218188,ED/LMT
2025-06-11,-500.1161900500932,0.0,-500.1161900500932,-1,1.9909665043246747,0.1685042217264608,ED/LMT
2025-06-12,126.15878680080513,0.0,126.15878680080513,-1,1.8344402141594631,0.1685009338092224,ED/LMT
2025-06-13,376.60827917826,0.0,376.60827917826,-1,1.3919252539013747,0.16851018400501053,ED/LMT
2025-06-16,-124.8456765989265,0.0,-124.8456765989265,-1,1.5453170923628996,0.1685114153921593,ED/LMT
2025-06-17,329.5348910880814,0.0,329.5348910880814,-1,1.1606431180709065,0.1685130239968856,ED/LMT
2025-06-18,-164.81992151437845,0.0,-164.81992151437845,-1,1.3534369946042744,0.16848887282343109,ED/LMT
2025-06-20,11.981548597190354,0.0,11.981548597190354,-1,1.3362148030358507,0.1684800181322839,ED/LMT
2025-06-23,19.12651562669623,0.0,19.12651562669623,-1,1.3109763103650325,0.16847644097702116,ED/LMT
2025-06-24,-152.15734503166908,0.0,-152.15734503166908,-1,1.489842391881369,0.16846690505320305,ED/LMT
2025-06-25,262.62181190198544,0.0,262.62181190198544,-1,1.1917204156920922,0.1684709446999347,ED/LMT
2025-06-26,-62.91436107765809,0.0,-62.91436107765809,-1,1.2612386861832876,0.16846175061222998,ED/LMT
2025-06-27,53.36261903399712,0.0,53.36261903399712,-1,1.1985149590511037,0.16844553896093084,ED/LMT
2025-06-30,-206.56448321294556,0.0,-206.56448321294556,-1,1.4264570422488492,0.16843300936850117,ED/LMT
2025-07-01,4.6831579713375575,0.0,4.6831579713375575,-1,1.4164576890259504,0.16844421035017174,ED/LMT
2025-07-02,42.74931450638536,0.0,42.74931450638536,-1,1.3679716743278745,0.1684690446248321,ED/LMT
2025-07-03,-56.34817281067021,0.0,-56.34817281067021,-1,1.4289805671289697,0.16847767635984093,ED/LMT
2025-07-07,239.82665098091286,0.0,239.82665098091286,-1,1.1516182639312331,0.1684780214513916,ED/LMT
2025-07-08,-85.60459445037236,0.0,-85.60459445037236,-1,1.2506328380181304,0.16846510431058606,ED/LMT
2025-07-09,-92.97915456238347,0.0,-92.97915456238347,-1,1.3535454738854076,0.16842932663989513,ED/LMT
2025-07-10,-127.4558466349379,0.0,-127.4558466349379,-1,1.4940585601851606,0.1684019355192896,ED/LMT
2025-07-11,143.94313992267337,0.0,143.94313992267337,-1,1.3270528343086128,0.1684088408417723,ED/LMT
2025-07-14,82.9853002014484,0.0,82.9853002014484,-1,1.2271858167010952,0.1684034205267955,ED/LMT
2025-07-15,69.87007305999121,0.0,69.87007305999121,-1,1.1491374669340357,0.1684000298508886,ED/LMT
2025-07-16,-40.924607504071986,0.0,-40.924607504071986,-1,1.192528051762102,0.1683883835559508,ED/LMT
2025-07-17,-73.50353696902798,0.0,-73.50353696902798,-1,1.2748524194979414,0.16838906851865773,ED/LMT
2025-07-18,-192.0531261084596,0.0,-192.0531261084596,-1,1.492440019002539,0.1683862570894206,ED/LMT
2025-07-21,-222.12414701983113,0.0,-222.12414701983113,-1,1.7419020671612535,0.16838365600003363,ED/LMT
2025-07-22,-1391.0004055671886,0.0,-1391.0004055671886,-1,3.335892895071093,0.16840232643464356,ED/LMT
2025-07-23,352.3559090942581,0.0,352.3559090942581,-1,2.9189573070254418,0.16833586471825585,ED/LMT
2025-07-24,98.68818455994125,0.0,98.68818455994125,-1,2.7961527385383937,0.16830226529304035,ED/LMT
2025-07-25,-15.337321631030246,0.0,-15.337321631030246,-1,2.8020184123956606,0.16827200800894135,ED/LMT
2025-07-28,186.6195111202856,0.0,186.6195111202856,-1,2.5842741090852255,0.1682351137251686,ED/LMT
2025-07-29,-208.29376278407568,0.0,-208.29376278407568,-1,2.806811153831756,0.16819388360780205,ED/LMT
2025-07-30,-84.12612711724599,0.0,-84.12612711724599,-1,2.8906861021083112,0.168122750054476,ED/LMT
2025-07-31,-75.5873101813813,0.0,-75.5873101813813,-1,2.961366999625373,0.1680528067447019,ED/LMT
2025-08-01,-133.39760186090402,0.0,-133.39760186090402,-1,3.0959339582693732,0.16799915936559046,ED/LMT
2025-08-04,-67.81472306157194,0.0,-67.81472306157194,-1,3.155241564780131,0.1679476159167326,ED/LMT
2025-08-05,275.40596906960917,0.0,275.40596906960917,-1,2.839181031265804,0.1678843995989614,ED/LMT
2025-08-06,160.15718403326258,0.0,160.15718403326258,-1,2.6509868241018237,0.1678389821281283,ED/LMT
2025-08-07,-217.9513130485098,0.0,-217.9513130485098,-1,2.881893810393167,0.16780455952612586,ED/LMT
2025-08-08,-46.554810118120514,0.0,-46.554810118120514,-1,2.925247140150766,0.1677603703481396,ED/LMT
2025-08-11,66.21729426125086,0.0,66.21729426125086,-1,2.8423121812473773,0.1677092300915287,ED/LMT
2025-08-12,186.3292615988892,0.0,186.3292615988892,-1,2.6283899511165694,0.16765455955290182,ED/LMT
2025-08-13,141.6865298364498,0.0,141.6865298364498,-1,2.4615724475821734,0.1676117979855099,ED/LMT
2025-08-14,-8.728622428701442,0.0,-8.728622428701442,-1,2.467198332641601,0.16758506068970772,ED/LMT
2025-08-15,306.2953347024543,0.0,306.2953347024543,-1,2.131903659027641,0.16754082576333357,ED/LMT
2025-08-18,220.79175775068757,0.0,220.79175775068757,-1,1.8887760612163476,0.16750533462784234,ED/LMT
2025-08-19,-184.78022720646484,0.0,-184.78022720646484,-1,2.083241172401546,0.16745567661692107,ED/LMT
2025-08-20,20.614323665161052,0.0,20.614323665161052,-1,2.0551421307509288,0.16739269227603484,ED/LMT
2025-08-21,65.69766283046093,0.0,65.69766283046093,-1,1.980731916600372,0.16734219235678602,ED/LMT
2025-08-22,-45.15748947330056,0.0,-45.15748947330056,-1,2.0265857751487237,0.16728935889124016,ED/LMT
2025-08-25,280.37911184393386,0.0,280.37911184393386,-1,1.7222139755903716,0.16723905846453316,ED/LMT
2025-08-26,215.6074971658381,0.0,215.6074971658381,-1,1.4856230298612014,0.1671608182580414,ED/LMT
2025-08-27,-73.69050371315888,0.0,-73.69050371315888,-1,1.5634698231282786,0.16711199198616367,ED/LMT
2025-08-28,313.6313562093386,0.0,313.6313562093386,-1,1.2244927662520284,0.16706590201137125,ED/LMT
2025-08-29,-21.601219357945904,0.0,-21.601219357945904,-1,1.246463321363757,0.1670111654864199,ED/LMT
2025-09-02,152.19840061547862,0.0,152.19840061547862,-1,1.0817393526921275,0.1669558412362783,ED/LMT
2025-09-03,-175.21187533755577,0.0,-175.21187533755577,-1,1.2700391032166378,0.1668904108347582,ED/LMT
2025-09-04,192.2362887098239,0.0,192.2362887098239,-1,1.0588467765151115,0.16683065145644974,ED/LMT
2025-09-05,131.5036470481294,0.0,131.5036470481294,-1,0.9136746300400843,0.1667654976826925,ED/LMT
2025-09-08,87.60091468113012,0.0,87.60091468113012,-1,0.8207306237974031,0.1667128220382326,ED/LMT
2025-09-09,-96.16416344418673,0.0,-96.16416344418673,-1,0.9240515822092051,0.16665157143826026,ED/LMT
2025-09-10,147.38111072718203,0.0,147.38111072718203,-1,0.7617632105911805,0.1666047097979186,ED/LMT
2025-09-11,73.77060147055923,0.0,73.77060147055923,-1,0.6787831289939416,0.16655629502368963,ED/LMT
2025-09-12,35.35170361550726,0.0,35.35170361550726,-1,0.6399267102930882,0.16648837810401843,ED/LMT
2025-09-15,125.197441228614,0.0,125.197441228614,-1,0.5038873665644579,0.16641127908597989,ED/LMT
2025-09-16,231.11544313750784,0.0,231.11544313750784,-1,0.254023510585608,0.16633026865162753,ED/LMT
2025-09-17,-147.89564866245,0.0,-147.89564866245,-1,0.4138938700779538,0.16622810636014987,ED/LMT
2025-09-18,19.069945815390557,0.0,19.069945815390557,-1,0.3928678181485885,0.1661468404408044,ED/LMT
2025-09-19,-13.276215097053294,0.0,-13.276215097053294,-1,0.4070570401263985,0.16607862620917502,ED/LMT
2025-09-22,135.25283967299708,0.0,135.25283967299708,-1,0.2581079559685569,0.16601423183639594,ED/LMT
2025-09-23,-128.4446778331173,0.0,-128.4446778331173,-1,0.39477263354423164,0.1659484090399933,ED/LMT
2025-09-24,-47.37526091526355,0.0,-47.37526091526355,-1,0.44567594770941443,0.16591008468658863,ED/LMT
2025-09-25,20.797265304366107,0.0,20.797265304366107,-1,0.4231394374007971,0.1658926417487464,ED/LMT
2025-09-26,-109.0462503682653,0.0,-109.0462503682653,-1,0.5395041784064941,0.1658807833207368,ED/LMT
2025-09-29,115.03704094561361,0.0,115.03704094561361,-1,0.41288256925181266,0.16587791070436356,ED/LMT
2025-09-30,35.08972334025205,0.0,35.08972334025205,-1,0.3720436006401231,0.16588662177783745,ED/LMT
2025-10-01,333.0466383502767,0.0,333.0466383502767,-1,0.01132935239492251,0.16588464146844367,ED/LMT
2025-10-02,84.78818389550035,0.0,84.78818389550035,-1,-0.08035543767524088,0.16585249277473346,ED/LMT
2025-10-03,-46.43844562765754,13.09850343575488,-59.53694906341242,0,-0.03132287589089535,0.16581770598354204,ED/LMT
2025-10-06,0.0,0.0,0.0,0,-0.2034770019814387,0.16578679965290122,ED/LMT
2025-10-07,0.0,0.0,0.0,0,-0.00992445810477307,0.165728761732288,ED/LMT
2025-10-08,0.0,0.0,0.0,0,0.03663482100263369,0.1656906965876199,ED/LMT
2025-10-09,0.0,0.0,0.0,0,0.1946341825079875,0.16565918580757621,ED/LMT
2025-10-10,0.0,0.0,0.0,0,0.5121492775222561,0.16564401345587235,ED/LMT
2025-10-13,0.0,0.0,0.0,0,0.3047347603627174,0.16565661291323186,ED/LMT
2025-10-14,0.0,0.0,0.0,0,0.4294060225221582,0.16566337460382619,ED/LMT
2025-10-15,0.0,0.0,0.0,0,0.6405470544031534,0.16569086679733078,ED/LMT
2025-10-16,0.0,0.0,0.0,0,0.6092481530675057,0.16574766806440755,ED/LMT
2025-10-17,0.0,0.0,0.0,0,0.5773331125282641,0.16578766334227926,ED/LMT
2025-10-20,0.0,0.0,0.0,0,0.37914936984981906,0.16585321757524088,ED/LMT
2025-10-21,0.0,0.0,0.0,0,0.7793674065263949,0.1659242961094272,ED/LMT
2025-10-22,0.0,0.0,0.0,0,0.8980377783816152,0.16601396523593548,ED/LMT
2025-10-23,0.0,0.0,0.0,0,0.6905165434442843,0.16610142759638177,ED/LMT
2025-10-24,0.0,0.0,0.0,0,0.6443348144650829,0.16615796412567527,ED/LMT
2025-10-27,0.0,0.0,0.0,0,0.6319807650349231,0.1662223625859147,ED/LMT
2025-10-28,0.0,0.0,0.0,0,0.40091378833001373,0.16628047302260976,ED/LMT
2025-10-29,0.0,0.0,0.0,0,0.17096785810750537,0.16627504983524954,ED/LMT
2025-10-30,0.0,0.0,0.0,0,0.24142712497761537,0.16626747036205405,ED/LMT
2025-10-31,0.0,0.0,0.0,0,0.06380537100265946,0.16624698721126754,ED/LMT
2025-11-03,0.0,0.0,0.0,0,0.04666919909993327,0.16622592056876245,ED/LMT
2025-11-04,0.0,0.0,0.0,0,0.32869848730853907,0.1662248608789149,ED/LMT
2025-11-05,0.0,0.0,0.0,0,0.34870243976606435,0.16624698659166878,ED/LMT
2025-11-06,0.0,0.0,0.0,0,0.5947179446418757,0.16625264176696303,ED/LMT
2025-11-07,0.0,0.0,0.0,0,1.1064890995925636,0.16627189812522847,ED/LMT
2025-11-10,0.0,0.0,0.0,0,1.2237184295104446,0.16632037143670553,ED/LMT
2025-11-11,0.0,0.0,0.0,0,1.3019685263594318,0.16633397664306554,ED/LMT
2025-11-12,0.0,0.0,0.0,0,1.3935815243102736,0.16633564745448948,ED/LMT
2025-11-13,0.0,0.0,0.0,0,1.5398211560755615,0.16633571869812605,ED/LMT
2025-11-14,0.0,0.0,0.0,0,1.38926302247949,0.1663590972747573,ED/LMT
2025-11-17,0.0,0.0,0.0,0,1.5956133689457233,0.16638792648019338,ED/LMT
2025-11-18,0.0,0.0,0.0,0,1.3445189833178495,0.16643607882634948,ED/LMT
2025-11-19,0.0,0.0,0.0,0,1.2046229993311655,0.16647710559682594,ED/LMT
2025-11-20,0.0,0.0,0.0,0,1.3340328816416998,0.1664961617593187,ED/LMT
2025-11-21,0.0,0.0,0.0,0,1.402286563136374,0.16651186781746022,ED/LMT
2025-11-24,0.0,0.0,0.0,0,1.4582926356487964,0.166528704000455,ED/LMT
2025-11-25,0.0,0.0,0.0,0,1.4097773929016588,0.1665407073460507,ED/LMT
2025-11-26,0.0,0.0,0.0,0,1.5624948078631196,0.166534602967452,ED/LMT
2025-11-28,0.0,0.0,0.0,0,1.4981739924056898,0.1665213460653713,ED/LMT
2025-12-01,0.0,0.0,0.0,0,1.5063818861747624,0.1665120033678872,ED/LMT
2025-12-02,0.0,0.0,0.0,0,1.2787815406675072,0.16647635576886957,ED/LMT
2025-12-03,0.0,0.0,0.0,0,1.0824611155939303,0.16642786667285903,ED/LMT
2025-12-04,0.0,0.0,0.0,0,1.0051557374667524,0.16637530534953285,ED/LMT
2025-12-05,0.0,0.0,0.0,0,0.9629741386260172,0.1663066971500565,ED/LMT
2025-12-08,0.0,0.0,0.0,0,0.4419881613081358,0.16623517653185207,ED/LMT
2025-12-09,0.0,0.0,0.0,0,0.4599094523052284,0.1661539631327006,ED/LMT
2025-12-10,0.0,0.0,0.0,0,0.36891758693376525,0.16605955188384575,ED/LMT
2025-12-11,0.0,0.0,0.0,0,0.22471274275399103,0.16596027000001012,ED/LMT
2025-12-12,0.0,0.0,0.0,0,0.3791360453529303,0.1658389563298582,ED/LMT
2025-12-15,0.0,0.0,0.0,0,0.5601268662155079,0.1657224672371368,ED/LMT
2025-12-16,0.0,0.0,0.0,0,0.6745653925711257,0.16562024525109942,ED/LMT
2025-12-17,0.0,0.0,0.0,0,0.936610494218622,0.16552190352690155,ED/LMT
2025-12-18,0.0,0.0,0.0,0,1.0219699419921346,0.1654461655166972,ED/LMT
2025-12-19,0.0,0.0,0.0,0,0.6178059927556147,0.16538010428214883,ED/LMT
2025-12-22,0.0,0.0,0.0,0,0.45275391632771844,0.16528034600894806,ED/LMT
2025-12-23,0.0,0.0,0.0,0,0.5383013205533802,0.16517658129028515,ED/LMT
2025-12-24,0.0,0.0,0.0,0,0.5455993146434597,0.1650979293009089,ED/LMT
2025-12-26,0.0,0.0,0.0,0,0.579985300115518,0.16501375332942106,ED/LMT
2025-12-29,0.0,0.0,0.0,0,0.4664608705520787,0.1649078915982862,ED/LMT
2025-12-30,0.0,0.0,0.0,0,0.543432681612291,0.1648223875227571,ED/LMT
2025-12-31,0.0,0.0,0.0,0,0.5664695285215394,0.16472780985991062,ED/LMT
2026-01-02,0.0,0.0,0.0,0,0.32477796078979304,0.1646463095566484,ED/LMT
2026-01-05,0.0,0.0,0.0,0,-0.28098002785025905,0.16452195080220636,ED/LMT
2026-01-06,0.0,0.0,0.0,0,-0.420776051698042,0.16430637789221064,ED/LMT
2026-01-07,0.0,0.0,0.0,0,0.23839272117897078,0.16409207414226915,ED/LMT
2026-01-08,0.0,0.0,0.0,0,-0.18978068020645145,0.16393217123205833,ED/LMT
2026-01-09,0.0,0.0,0.0,0,-0.9693356706707026,0.16374390651606072,ED/LMT
2026-01-12,0.0,0.0,0.0,0,-1.236493457277199,0.1634358962879536,ED/LMT
2026-01-13,0.0,0.0,0.0,0,-1.1939606970212628,0.1630811816072885,ED/LMT
2026-01-14,0.0,0.0,0.0,0,-1.3569991831392614,0.16271196787221187,ED/LMT
2026-01-15,0.0,0.0,0.0,0,-1.3050279565770353,0.1622836403978277,ED/LMT
2026-01-16,0.0,0.0,0.0,0,-1.2176957796673693,0.1618834649889584,ED/LMT
2026-01-20,0.0,0.0,0.0,0,-0.852231825544388,0.16151687421797062,ED/LMT
2026-01-21,0.0,0.0,0.0,0,-1.291651520626121,0.1612508853985804,ED/LMT
2026-01-22,0.0,0.0,0.0,0,-1.5773377554490104,0.16086912181138446,ED/LMT
2026-01-23,0.0,0.0,0.0,0,-1.3780257169062968,0.1604436300588222,ED/LMT
2026-01-26,0.0,0.0,0.0,0,-1.0241278430548,0.16005824521483591,ED/LMT
2026-01-27,0.0,0.0,0.0,0,-1.229589641773469,0.1597244054459197,ED/LMT
2026-01-28,0.0,0.0,0.0,0,-1.3024398966994155,0.15933605106945822,ED/LMT
2026-01-29,0.0,0.0,0.0,0,-1.7967922339725773,0.1589187568510745,ED/LMT
2026-01-30,0.0,0.0,0.0,0,-1.9622880311995368,0.15836035467441642,ED/LMT
2026-02-02,0.0,0.0,0.0,0,-2.169493996935471,0.157729996840506,ED/LMT
2026-02-03,0.0,0.0,0.0,0,-1.6373705297460206,0.15703567561189072,ED/LMT
2026-02-04,0.0,0.0,0.0,0,-0.852049215867823,0.15651207969151795,ED/LMT
2026-02-05,0.0,0.0,0.0,0,-0.9236985731851995,0.15620507393051072,ED/LMT
2026-02-06,0.0,0.0,0.0,0,-1.5006000238392618,0.15586476500408084,ED/LMT
2026-02-09,0.0,0.0,0.0,0,-1.942004623886438,0.1553737613896544,ED/LMT
2026-02-10,0.0,0.0,0.0,0,-1.4367034861909205,0.15474462611012296,ED/LMT
2026-02-11,0.0,0.0,0.0,0,-1.1765028569084626,0.15425397428618967,ED/LMT
2026-02-12,0.0,0.0,0.0,0,-1.0846479727102543,0.1537978852102475,ED/LMT
2026-02-13,0.0,0.0,0.0,0,-1.1219713650452137,0.1533412220986842,ED/LMT
2026-02-17,0.0,0.0,0.0,0,-1.002474733707869,0.15284406109002002,ED/LMT
2026-02-18,0.0,0.0,0.0,0,-1.2139642568712121,0.1523651589322002,ED/LMT
2026-02-19,0.0,0.0,0.0,0,-1.5430092238720565,0.15184888967268412,ED/LMT
2026-02-20,0.0,0.0,0.0,0,-1.6534294150039217,0.15120832451941957,ED/LMT
2026-02-23,0.0,0.0,0.0,0,-1.3213817997964974,0.1505766376984201,ED/LMT
2026-02-24,0.0,0.0,0.0,0,-1.5667416905180076,0.15002321994712103,ED/LMT
2026-02-25,0.0,0.0,0.0,0,-1.1508274506960585,0.14940556829217014,ED/LMT
2026-02-26,0.0,0.0,0.0,0,-1.035682410663212,0.14891469914336888,ED/LMT
2026-02-27,0.0,0.0,0.0,0,-1.127674360958493,0.14848015012248858,ED/LMT
2026-03-02,0.0,0.0,0.0,0,-1.6955527533351216,0.1480254717342163,ED/LMT
2026-03-03,0.0,0.0,0.0,0,-1.4173444444778962,0.1474020932420062,ED/LMT
2026-03-04,0.0,0.0,0.0,0,-1.2994605854197727,0.1468764532653445,ED/LMT
2026-03-05,0.0,0.0,0.0,0,-1.3409760716376544,0.14638037128663756,ED/LMT
2026-03-06,0.0,0.0,0.0,0,-1.4616348947985398,0.14590740664938864,ED/LMT
2026-03-09,0.0,0.0,0.0,0,-1.3420631419059044,0.14538783032632227,ED/LMT
2026-03-10,0.0,0.0,0.0,0,-1.1083961139480427,0.14491496862449518,ED/LMT
2026-03-11,0.0,0.0,0.0,0,-0.9858670660134763,0.14450632621044185,ED/LMT
2026-03-12,0.0,0.0,0.0,0,-0.8320615076396279,0.14412756471095467,ED/LMT
2026-03-13,0.0,0.0,0.0,0,-0.39341292198529626,0.14378732547488426,ED/LMT
2026-03-16,0.0,0.0,0.0,0,-0.27742749281973217,0.14354505921730018,ED/LMT
2026-03-17,0.0,0.0,0.0,0,-0.15957348730411663,0.1433514141103124,ED/LMT
2026-03-18,0.0,0.0,0.0,0,-0.5029850083209382,0.14318496043658654,ED/LMT
2026-03-19,0.0,0.0,0.0,0,-0.6765659402502788,0.14295060926880723,ED/LMT
2026-03-20,0.0,0.0,0.0,0,-0.7929811045071681,0.1426818416839274,ED/LMT
2026-03-23,0.0,0.0,0.0,0,-0.5877928539402625,0.14240347976111128,ED/LMT
2026-03-24,0.0,0.0,0.0,0,-0.3248642850137436,0.14216027214945512,ED/LMT
2026-03-25,0.0,0.0,0.0,0,-0.6104358316447729,0.14197393657672283,ED/LMT
2026-03-26,0.0,0.0,0.0,0,-0.43965786682930985,0.14172128675702267,ED/LMT
2026-03-27,0.0,0.0,0.0,0,-0.152608245123215,0.14150738051812134,ED/LMT
2026-03-30,0.0,0.0,0.0,0,0.5045793589541011,0.14135506858931282,ED/LMT
2026-03-31,0.0,0.0,0.0,0,0.34186065571507773,0.1413069039127475,ED/LMT
2026-04-01,0.0,0.0,0.0,0,0.16206457899904247,0.14122902083075667,ED/LMT
2026-04-02,0.0,0.0,0.0,0,0.2885386979514899,0.14112338619975975,ED/LMT
2026-04-06,0.0,0.0,0.0,0,-0.17691930441357728,0.14104255422175327,ED/LMT
2026-04-07,0.0,0.0,0.0,0,0.031244061153030352,0.1408810314390945,ED/LMT
2026-04-08,0.0,0.0,0.0,0,-0.12470191199704479,0.1407623282114331,ED/LMT
2026-04-09,0.0,0.0,0.0,0,0.20483850845287715,0.1406252307972696,ED/LMT
2026-04-10,0.0,0.0,0.0,0,0.20776642532893014,0.1405577322961659,ED/LMT
2026-04-13,0.0,0.0,0.0,0,-0.18908234941666086,0.14049010090087408,ED/LMT
2026-04-14,0.0,0.0,0.0,0,-0.041594583221675654,0.14036826010398692,ED/LMT
2026-04-15,0.0,0.0,0.0,0,-0.2475067059843817,0.14026141401836334,ED/LMT
2026-04-16,0.0,0.0,0.0,0,-0.12573569261979844,0.14012334313504549,ED/LMT
2026-04-17,0.0,0.0,0.0,0,0.1593468439735137,0.14000003657482574,ED/LMT
2026-04-20,0.0,0.0,0.0,0,0.32760431893753944,0.13991720540370564,ED/LMT
2026-04-21,0.0,0.0,0.0,0,0.3012147715891837,0.13984562781267007,ED/LMT
2026-04-22,0.0,0.0,0.0,0,0.6607731308461463,0.1397680615894884,ED/LMT
2026-04-23,0.0,0.0,0.0,0,1.5694339448458874,0.13972591267904505,ED/LMT
2026-04-24,0.0,0.0,0.0,0,1.741374696793451,0.13975610094256924,ED/LMT
2026-04-27,0.0,0.0,0.0,0,1.7034218610965033,0.13977635165887142,ED/LMT
2026-04-28,0.0,0.0,0.0,0,1.8490059156427194,0.13979593732428874,ED/LMT
2026-04-29,0.0,0.0,0.0,0,1.782964934307636,0.13981105781937173,ED/LMT
2026-04-30,0.0,0.0,0.0,0,2.011595564990272,0.13982712004796377,ED/LMT
2026-05-01,0.0,0.0,0.0,0,1.9637054798514535,0.13987409964623915,ED/LMT
2026-05-04,0.0,0.0,0.0,0,1.7027875851118424,0.13992485611275807,ED/LMT
2026-05-05,0.0,0.0,0.0,0,1.8279273244362109,0.13996259341722264,ED/LMT
2026-05-06,0.0,0.0,0.0,0,1.344952216482893,0.1399836517183363,ED/LMT
2026-05-07,0.0,0.0,0.0,0,1.3078607696169007,0.1399876822815684,ED/LMT
2026-05-08,0.0,0.0,0.0,0,1.4242202724105182,0.13998101991157025,ED/LMT
2026-05-11,0.0,0.0,0.0,0,1.278681292167846,0.13997195872530607,ED/LMT
2026-05-12,0.0,0.0,0.0,0,1.191548030886826,0.13995929546715097,ED/LMT
2026-05-13,0.0,0.0,0.0,0,1.2368452035393813,0.1399531147866689,ED/LMT
2026-05-14,0.0,0.0,0.0,0,1.3789952037809832,0.13995184889359455,ED/LMT
2026-05-15,0.0,0.0,0.0,0,1.192092067265654,0.13996868603381526,ED/LMT
2026-05-18,0.0,0.0,0.0,0,1.1005102776273816,0.13995882119822528,ED/LMT
2026-05-19,0.0,0.0,0.0,0,1.3959039828062316,0.13994861583322254,ED/LMT
2026-05-20,0.0,0.0,0.0,0,1.1898760504414931,0.1399644883847562,ED/LMT
2026-05-21,0.0,0.0,0.0,0,1.3591562993621191,0.13994311023168024,ED/LMT
2026-05-22,0.0,0.0,0.0,0,1.3066592354785111,0.1399408405765334,ED/LMT
2026-05-26,0.0,0.0,0.0,0,1.178406945499542,0.13993677703960045,ED/LMT
2026-05-27,0.0,0.0,0.0,0,1.2652981006475972,0.13992263191999071,ED/LMT
2026-05-28,0.0,0.0,0.0,0,0.8561671710752903,0.13991768672051763,ED/LMT
2026-05-29,0.0,0.0,0.0,0,0.8987178282925813,0.13987811288539836,ED/LMT
2026-06-01,0.0,0.0,0.0,0,0.8087713364625377,0.13983819312915238,ED/LMT
2026-06-02,0.0,0.0,0.0,0,0.9073265141912155,0.1397724362347786,ED/LMT
2026-06-03,0.0,0.0,0.0,0,0.888396846143155,0.13971850539123398,ED/LMT
2026-06-04,0.0,0.0,0.0,0,0.8265936094135313,0.1396628283736537,ED/LMT
2026-06-05,0.0,0.0,0.0,0,1.0692137768032899,0.13960948342263768,ED/LMT
2026-06-08,0.0,0.0,0.0,0,0.8385946581008379,0.13958414778104322,ED/LMT
2026-06-09,0.0,0.0,0.0,0,0.9472752552444447,0.13953616618615408,ED/LMT
2026-06-10,0.0,0.0,0.0,0,1.2530307727609757,0.13949062278069507,ED/LMT
2026-06-11,0.0,0.0,0.0,0,0.6002718636322213,0.13946660645400677,ED/LMT
2026-06-12,0.0,0.0,0.0,0,0.9318305195569266,0.13938108933329263,ED/LMT
2026-06-15,0.0,0.0,0.0,0,1.1513979883506749,0.13932918458504642,ED/LMT
2026-06-16,0.0,0.0,0.0,0,1.1297461973249614,0.13927874197589155,ED/LMT
2026-06-17,0.0,0.0,0.0,0,0.9969052544332117,0.13922140384496928,ED/LMT
2026-06-18,0.0,0.0,0.0,0,1.3663921176219795,0.13914717017739403,ED/LMT
2026-06-22,0.0,0.0,0.0,0,1.8443909975678086,0.13908242133934698,ED/LMT
2026-06-23,0.0,0.0,0.0,0,1.9105974242570838,0.13902143634561806,ED/LMT
2026-06-24,0.0,0.0,0.0,0,2.494350502142669,0.13896070600461366,ED/LMT
2026-06-25,0.0,0.0,0.0,0,2.196360664864539,0.138902913957516,ED/LMT
2026-06-26,0.0,0.0,0.0,0,2.3482019709089936,0.1388649038435959,ED/LMT
2026-06-29,0.0,0.0,0.0,0,2.4995187765740696,0.13883958206206432,ED/LMT
2026-06-30,0.0,0.0,0.0,0,2.062545500500216,0.13881801688219603,ED/LMT
2026-07-01,0.0,0.0,0.0,0,1.83502788782802,0.13878631718560738,ED/LMT
2026-07-02,0.0,0.0,0.0,0,1.7828788356137888,0.1387601446266911,ED/LMT
2026-07-06,0.0,0.0,0.0,0,1.6278269908540188,0.1387660547823863,ED/LMT
2026-07-07,0.0,0.0,0.0,0,1.8526827692361845,0.1387459919360448,ED/LMT
2026-07-08,0.0,0.0,0.0,0,1.8711439229458526,0.1387327542951095,ED/LMT
2026-07-09,0.0,0.0,0.0,0,1.792651493584672,0.13871536335550516,ED/LMT
2026-07-10,0.0,0.0,0.0,0,1.8157455107046179,0.1386892442272921,ED/LMT
2026-07-13,0.0,0.0,0.0,0,1.9814191730886743,0.13868011878728254,ED/LMT
2026-07-14,0.0,0.0,0.0,0,2.126887970361399,0.1386667079931818,ED/LMT
2026-07-15,0.0,0.0,0.0,0,1.870528157374083,0.1386461487925381,ED/LMT
2026-07-16,0.0,0.0,0.0,0,2.222509189900476,0.13859529831173703,ED/LMT
2026-07-17,0.0,0.0,0.0,0,2.320802296293741,0.1385701735380273,ED/LMT
2026-07-20,0.0,0.0,0.0,0,2.087390007196457,0.13855525791683815,ED/LMT
2026-07-21,0.0,0.0,0.0,0,1.9393260805304589,0.13853030873373623,ED/LMT
2026-07-22,0.0,0.0,0.0,0,2.1387198760605175,0.13850686257837438,ED/LMT
2026-07-23,0.0,0.0,0.0,0,1.0445007280083276,0.13849838887913882,ED/LMT
2026-07-24,0.0,0.0,0.0,0,0.7684333285989912,0.1384626334137826,ED/LMT
2026-07-27,0.0,0.0,0.0,0,0.5850241560286219,0.13839320446179715,ED/LMT
2026-07-28,0.0,0.0,0.0,0,0.6334529407326557,0.13831001529085024,ED/LMT
2026-07-29,0.0,0.0,0.0,0,0.945684112897102,0.13823709761195915,ED/LMT
2026-07-30,0.0,0.0,0.0,0,0.42123194945561704,0.1382014005338758,ED/LMT
2026-07-31,0.0,0.0,0.0,0,0.10087062723855032,0.13811217511840176,ED/LMT
2026-08-03,0.0,0.0,0.0,0,-0.1202481693765012,0.13798527110947842,ED/LMT
2026-08-04,0.0,0.0,0.0,0,-0.11122391576805443,0.1378379906454118,ED/LMT
2026-08-05,0.0,0.0,0.0,0,0.13670899305492504,0.1376946138857836,ED/LMT
2026-08-06,0.0,0.0,0.0,0,0.12300878980199176,0.1375922194986411,ED/LMT
2026-08-07,0.0,0.0,0.0,0,-0.14434570817630424,0.13749480345332593,ED/LMT
2026-08-10,0.0,0.0,0.0,0,-0.7485912682771784,0.13737177375504575,ED/LMT
2026-08-11,0.0,0.0,0.0,0,-0.4312867804180951,0.13716226992477173,ED/LMT
2026-08-12,0.0,0.0,0.0,0,-0.5801080486960642,0.13699555811620437,ED/LMT
2026-08-13,0.0,0.0,0.0,0,-0.2851679028755956,0.13680031072567375,ED/LMT
2026-08-14,0.0,0.0,0.0,0,-0.45115100105276723,0.13665604145081123,ED/LMT
2026-08-17,0.0,0.0,0.0,0,-0.08760655915197157,0.13648326728323315,ED/LMT
2026-08-18,0.0,0.0,0.0,0,-0.35311190361469724,0.13634727772862143,ED/LMT
2026-08-19,0.0,0.0,0.0,0,0.0029486597955597346,0.1361566595232981,ED/LMT
2026-08-20,0.0,0.0,0.0,0,0.4437493983192153,0.13602202591203535,ED/LMT
2026-08-21,0.0,0.0,0.0,0,0.2995704654199785,0.13593331814779888,ED/LMT
2026-08-24,0.0,0.0,0.0,0,0.5092679400441569,0.13583118313117312,ED/LMT
2026-08-25,0.0,0.0,0.0,0,0.5761204950379049,0.1357520858956891,ED/LMT
2026-08-26,0.0,0.0,0.0,0,0.5329591500822508,0.13567145103206932,ED/LMT
2026-08-27,0.0,0.0,0.0,0,0.305642191445279,0.1356091770666877,ED/LMT
2026-08-28,0.0,0.0,0.0,0,0.4814285491637124,0.1355303572993592,ED/LMT
2026-08-31,0.0,0.0,0.0,0,0.4626415152404863,0.1354592129072229,ED/LMT
2026-09-01,0.0,0.0,0.0,0,0.8673378058681317,0.13537104389841345,ED/LMT
2026-09-02,0.0,0.0,0.0,0,1.1473613549584212,0.13534411815961,ED/LMT
2026-09-03,0.0,0.0,0.0,0,1.2910010455426888,0.13532454111016934,ED/LMT
2026-09-04,0.0,0.0,0.0,0,1.2204686094615396,0.13529411105990768,ED/LMT
2026-09-08,0.0,0.0,0.0,0,1.1392971619622074,0.13524337961072358,ED/LMT
2026-09-09,0.0,0.0,0.0,0,1.268713650498841,0.13519593574614677,ED/LMT
2026-09-10,0.0,0.0,0.0,0,1.0188178832354005,0.13514088854051948,ED/LMT
2026-09-11,0.0,0.0,0.0,0,1.1047874340351311,0.1350710607394663,ED/LMT
2026-09-14,0.0,0.0,0.0,0,0.8789998394583675,0.1349916325836202,ED/LMT
2026-09-15,0.0,0.0,0.0,0,0.7009332887294236,0.13490663822764365,ED/LMT
